experiment,fold,epoch,train_loss,best_so_far,epochs_since_improvement,lr_group_0,lr_head,train_seconds,train_batch_avg_seconds,train_eval_seconds,val_loss_seconds,val_seconds,total_seconds,data_wait_seconds,to_device_seconds,forward_seconds,backward_seconds,optimizer_seconds,train_pm25_rmse,train_pm25_mae,train_pm25_r2,train_pm25_n,val_pm25_rmse,val_pm25_mae,val_pm25_r2,val_pm25_n,val_loss
resnet_frozen,fold6_balkan_e,1,0.7752639973466313,True,0,1e-05,1e-05,0.7889083884656429,0.1127011983522347,0.5218610223382711,0.09794397838413715,0.24605579860508442,1.6559715997427702,0.596620723605156,0.01968778297305107,0.11778484471142292,0.046402959153056145,0.007338719442486763,4.791645729132626,3.3390770035142054,-0.04050363573341631,827,8.92000512147743,6.804207492176292,-1.0861603935552977,146,0.7343186140060425
resnet_frozen,fold6_balkan_e,2,0.8425515854084794,False,1,1e-05,1e-05,0.7738080359995365,0.11054400514279093,0.5310002528131008,0.09152042306959629,0.24619132466614246,1.6438049003481865,0.5823374427855015,0.019640536978840828,0.11747175827622414,0.046245865523815155,0.007065892219543457,4.807177754448607,3.343068319166282,-0.04726011261718677,827,8.94262745709607,6.840669476506669,-1.0967553797419005,146,0.7420306205749512
resnet_frozen,fold6_balkan_e,3,0.8025981852336547,False,2,1e-05,1e-05,3.639274090528488,0.5198962986469269,1.5302930492907763,0.11697561107575893,0.25138350017368793,5.539207484573126,3.4526135995984077,0.0198533833026886,0.117606982588768,0.04111763276159763,0.006990665569901466,4.8337720213213045,3.357491908938942,-0.058879468218382636,827,8.98064301280446,6.89840366263137,-1.1146200946659586,146,0.7550410032272339
resnet_frozen,fold6_balkan_e,4,0.799259416425675,False,3,1e-05,1e-05,0.838727779686451,0.11981825424092156,0.5393027700483799,0.09338163398206234,0.25064583122730255,1.7233570534735918,0.6523040346801281,0.019389042630791664,0.11722016334533691,0.041868122294545174,0.006930064409971237,4.852117900024527,3.3722880828583492,-0.066932367121876,827,8.99566235780726,6.924821092896529,-1.1216990458726546,146,0.7614763379096985
resnet_frozen,fold6_balkan_e,5,0.7848013309354217,False,4,1e-05,1e-05,0.8285103216767311,0.11835861738239016,0.5408853311091661,0.09357680380344391,0.25114587135612965,1.7153965178877115,0.6415742784738541,0.019484275951981544,0.11735398694872856,0.04213084280490875,0.006929140537977219,4.861979896804893,3.378959802603362,-0.07127388434247206,827,9.015456466700279,6.950140930568775,-1.1310465170560406,146,0.7676743865013123
resnet_frozen,fold6_balkan_e,6,0.775676902577263,False,5,1e-05,1e-05,0.8271601479500532,0.11816573542143617,0.5393201634287834,0.09389756433665752,0.25051242858171463,1.712197694927454,0.640528067946434,0.019434122368693352,0.11724620498716831,0.04198930412530899,0.006925985217094421,4.863395624621049,3.377429241418403,-0.0718978495081215,827,9.037287576357889,6.970967298400553,-1.1413797572410886,146,0.7726466655731201
resnet_frozen,fold6_balkan_e,7,0.7677655341114934,False,6,1e-05,1e-05,0.8679967410862446,0.12399953444089208,0.5764810889959335,0.0965485256165266,0.25509645231068134,1.7974212635308504,0.6788317412137985,0.019636256620287895,0.11746325716376305,0.04317728988826275,0.007766664028167725,4.858306297169915,3.3687743927377456,-0.06965563635564576,827,9.052780739498672,6.980736111847487,-1.148728241857881,146,0.7751787304878235
resnet_frozen,fold6_balkan_e,8,0.7381311575763891,False,7,1e-05,1e-05,0.822569215670228,0.11750988795288972,0.5411031227558851,0.09386887401342392,0.25047351978719234,1.709313452243805,0.6361643206328154,0.019375966861844063,0.11731787957251072,0.04182009771466255,0.006894487887620926,4.850856810975722,3.3592084106790248,-0.06637783736759584,827,9.064538559200681,6.986817261641072,-1.1543134353478712,146,0.7770292162895203
resnet_frozen,fold6_balkan_e,9,0.767224026994809,False,8,1e-05,1e-05,0.827480198815465,0.11821145697363786,0.5405121631920338,0.09345012530684471,0.25098741985857487,1.713706597685814,0.6405942495912313,0.01953073777258396,0.11734814196825027,0.0420111920684576,0.006928132846951485,4.839720509707465,3.3448418294765667,-0.06148720719854062,827,9.069798950085683,6.985336780581869,-1.1568145707268003,146,0.7771469950675964
resnet_frozen,fold6_balkan_e,10,0.7648965450411408,False,9,1e-05,1e-05,0.7661096919327974,0.10944424170468535,0.5069760754704475,0.08573462814092636,0.24490979313850403,1.6050100922584534,0.5795017629861832,0.019438568502664566,0.11733536794781685,0.04178129322826862,0.006989350542426109,4.822452449324636,3.330396925067863,-0.053925975155151074,827,9.06896029374475,6.979184971443961,-1.156415721182809,146,0.7758973240852356
resnet_frozen,fold6_balkan_e,11,0.7352142241730512,False,10,1e-05,1e-05,0.723151596263051,0.10330737089472157,0.5451234560459852,0.10341832041740417,0.2609684504568577,1.633956404402852,0.5360959339886904,0.0197179913520813,0.11725743487477303,0.04195532947778702,0.007049441337585449,4.812231692081598,3.3188089121379205,-0.049463305343695696,827,9.076059644451602,6.984243029488738,-1.1597932072721888,146,0.777599573135376
resnet_frozen,fold6_balkan_e,12,0.7702527121159878,False,11,1e-05,1e-05,0.8160234615206718,0.11657478021723884,0.6426321044564247,0.08895980007946491,0.24769214913249016,1.7966541536152363,0.6271549724042416,0.019525514915585518,0.11768362112343311,0.04299887828528881,0.007579497992992401,4.798798272846964,3.309078725838763,-0.043612297234774555,827,9.062865644015728,6.967250875593049,-1.1535183256868198,146,0.7740727066993713
resnet_frozen,fold6_balkan_e,13,0.7676975107250652,False,12,1e-05,1e-05,0.7713916730135679,0.1101988104305097,0.5392429083585739,0.09580568596720695,0.2533173020929098,1.6610518470406532,0.5845771469175816,0.01946895569562912,0.11726385727524757,0.04291245527565479,0.006185393780469894,4.782054924337586,3.2977395514089562,-0.036342526698499356,827,9.050278408366724,6.949659619579812,-1.1475405213975676,146,0.7704071402549744
resnet_frozen,fold6_balkan_e,14,0.7397209637975174,False,13,1e-05,1e-05,0.8430876526981592,0.12044109324259418,0.5503057092428207,0.09592718631029129,0.2525021992623806,1.7431007120758295,0.6564032528549433,0.019277183338999748,0.11730350367724895,0.042955175042152405,0.006190937012434006,4.7563517932725485,3.284186761668777,-0.025231963661329182,827,9.00488166504662,6.897404470413647,-1.1260501693463092,146,0.7589625120162964
resnet_frozen,fold6_balkan_e,15,0.7470525813073893,False,14,1e-05,1e-05,0.8413390833884478,0.12019129762692111,0.5670037120580673,0.10177348181605339,0.2615749891847372,1.7729667574167252,0.6543597113341093,0.019261354580521584,0.11757929436862469,0.04302341490983963,0.006153350695967674,4.741347462458954,3.2718372653204573,-0.01877379705656934,827,8.997240049972435,6.887434905840257,-1.1224433338120963,146,0.7566894888877869
resnet_frozen,fold6_balkan_e,16,0.815038807879336,False,15,1e-05,1e-05,0.8360121753066778,0.11943031075809683,0.5842383671551943,0.10172475129365921,0.2628799993544817,1.7868554089218378,0.6491672284901142,0.019479326903820038,0.11720960587263107,0.04293891228735447,0.00612092949450016,4.726309006554037,3.2598010110348743,-0.012321417029628412,827,8.986594267020342,6.87172080768393,-1.1174236381324532,146,0.7534894943237305
resnet_frozen,fold6_balkan_e,17,0.7259392144458038,False,16,1e-05,1e-05,0.9433203153312206,0.13476004504731723,0.5924870409071445,0.10305766388773918,0.2610815092921257,1.9013034980744123,0.7480475697666407,0.019390016794204712,0.11793775856494904,0.04776439256966114,0.008955949917435646,4.717819533204794,3.249927387499022,-0.008687986684998705,827,8.98892104932501,6.8709156094624575,-1.1185202541630441,146,0.7536183595657349
resnet_frozen,fold6_balkan_e,18,0.7890025811155013,False,17,1e-05,1e-05,0.9541129320859909,0.13630184744085586,0.5957420468330383,0.10575434379279613,0.2616636473685503,1.9186321124434471,0.7589378971606493,0.01941804774105549,0.11788832396268845,0.04769979417324066,0.008931851014494896,4.707238305820902,3.2421656766552642,-0.004168446300632178,827,8.977595611198769,6.857353385395479,-1.1131852300744005,146,0.7506321668624878
resnet_frozen,fold6_balkan_e,19,0.7665870786433929,False,18,1e-05,1e-05,0.9554737340658903,0.13649624772369862,0.5949089769273996,0.10534762404859066,0.2631879486143589,1.9203108754009008,0.7583163343369961,0.02076338417828083,0.11773545295000076,0.04796983860433102,0.009460212662816048,4.6940132380893145,3.232391921267956,0.0014660847702314683,827,8.966866988720925,6.845338153808079,-1.1081375489847622,146,0.7479044795036316
resnet_frozen,fold6_balkan_e,20,0.7511195606014893,False,19,1e-05,1e-05,0.9595407787710428,0.13707725411014898,0.5968008693307638,0.10552956536412239,0.26333330012857914,1.9265684802085161,0.7630589194595814,0.01947038061916828,0.1182043831795454,0.04812487214803696,0.009411560371518135,4.678413175464374,3.223469740597517,0.008092102311050176,827,8.952586724587235,6.828415310602845,-1.1014282291600295,146,0.7439517974853516
resnet_frozen,fold6_balkan_e,21,0.7041057231492547,False,20,1e-05,1e-05,0.9536164924502373,0.13623092749289104,0.5959209855645895,0.10557393543422222,0.26212524995207787,1.9186347536742687,0.7582880444824696,0.01953934319317341,0.11768609657883644,0.047999950125813484,0.008853055536746979,4.657587905982494,3.2120350445729966,0.016903112905469864,827,8.932591095418221,6.804472149130298,-1.092051619766134,146,0.738770067691803
resnet_frozen,fold6_balkan_e,22,0.7322257617364627,False,21,1e-05,1e-05,0.9539806339889765,0.13628294771271093,0.5935745630413294,0.10495446436107159,0.26236660964787006,1.9162450321018696,0.7589811310172081,0.019487112760543823,0.11760466732084751,0.04782356694340706,0.008875051513314247,4.653380223712269,3.204528197982986,0.01867857734485001,827,8.94482878843903,6.8160691018023645,-1.097787788048378,146,0.7416010499000549
resnet_frozen,fold6_balkan_e,23,0.7495222541412391,False,22,1e-05,1e-05,0.9498177375644445,0.13568824822349207,0.5927345920354128,0.10522228479385376,0.2614615112543106,1.9105828776955605,0.754626739770174,0.019331177696585655,0.11763525195419788,0.048002976924180984,0.008962735533714294,4.6429796264489935,3.194349590862083,0.023060305258519764,827,8.93429948730471,6.803857444401587,-1.092851921884494,146,0.7391537427902222
resnet_frozen,fold6_balkan_e,24,0.7110445144819377,False,23,1e-05,1e-05,0.9469062983989716,0.13527232834271022,0.5921580642461777,0.10513422451913357,0.26453692093491554,1.9100823979824781,0.7516909874975681,0.01949775405228138,0.11764395795762539,0.04806029796600342,0.008795248344540596,4.632886104329139,3.183800895208506,0.027303289246172757,827,8.935080341412027,6.803898139951175,-1.09321776666869,146,0.7390677332878113
resnet_frozen,fold6_balkan_e,25,0.7712413829356035,False,24,1e-05,1e-05,0.9489642009139061,0.1355663144162723,0.5926193743944168,0.10607532411813736,0.27580985985696316,1.924844279885292,0.7538920063525438,0.019448375329375267,0.11765351891517639,0.047991346567869186,0.008762763813138008,4.618354200197622,3.174901937379177,0.03339580535760922,827,8.920112538610232,6.786621432689868,-1.0862106380819005,146,0.7352487444877625
resnet_frozen,fold6_balkan_e,26,0.7496381111560162,True,0,1e-05,1e-05,2.615169143304229,0.3735955919006041,2.234513495117426,0.10331110469996929,0.26189531944692135,5.2165024019777775,2.426170004531741,0.01911657676100731,0.11762118898332119,0.042655494064092636,0.00844026543200016,4.59940031192704,3.166143521246738,0.041313480048190354,827,8.896973254442674,6.76105305628583,-1.0754011760787128,146,0.7295932769775391
resnet_frozen,fold6_balkan_e,27,0.7173149357972151,False,1,1e-05,1e-05,0.965360613539815,0.1379086590771164,0.5991920493543148,0.10409573465585709,0.26160567067563534,1.931626234203577,0.7707682102918625,0.01955302059650421,0.11767140217125416,0.047587377950549126,0.008592415601015091,4.593333814952036,3.1593270676237917,0.04384078055886986,827,8.89751011440168,6.758494610776961,-1.0756516507907055,146,0.7293740510940552
resnet_frozen,fold6_balkan_e,28,0.7353956875230265,True,0,1e-05,1e-05,0.9664978515356779,0.138071121647954,0.5999443903565407,0.10172821208834648,0.260315477848053,1.9298327956348658,0.7714405506849289,0.01957862637937069,0.11759934201836586,0.04806006886065006,0.008635345846414566,4.583028175219892,3.151041897715427,0.04812646009831778,827,8.893082642950521,6.750033302907819,-1.0735864433725202,146,0.727915346622467
resnet_frozen,fold6_balkan_e,29,0.6952936064087062,True,0,1e-05,1e-05,0.9395830016583204,0.13422614309404576,0.5957396980375051,0.10293187387287617,0.2608854379504919,1.9005970228463411,0.7443172298371792,0.019358964636921883,0.11770853213965893,0.04823136888444424,0.008766133338212967,4.567892331088057,3.1425300458891243,0.05440336616549257,827,8.875150576758283,6.730385509611401,-1.0652324895996754,146,0.723701536655426
resnet_frozen,fold6_balkan_e,30,0.7962447861806369,True,0,1e-05,1e-05,0.9351504202932119,0.13359291718474456,0.6000688411295414,0.1032240130007267,0.2611981686204672,1.9010549318045378,0.7401489354670048,0.019544752314686775,0.11773465014994144,0.04795360006392002,0.008594183251261711,4.557511090276549,3.1361918695903905,0.05869651098490636,827,8.86178159036284,6.714654150800315,-1.059015294802156,146,0.7205402851104736
resnet_frozen,fold6_balkan_e,31,0.7200204833098738,True,0,1e-05,1e-05,0.9483191892504692,0.13547416989292418,0.5973173696547747,0.10319172218441963,0.26128427870571613,1.9114911798387766,0.752756355330348,0.01948653534054756,0.11803333275020123,0.048156362026929855,0.008711179718375206,4.540634428986723,3.1256336144604187,0.06565497864673697,827,8.839414451003787,6.688361727655087,-1.0486345014906795,146,0.7153141498565674
resnet_frozen,fold6_balkan_e,32,0.7173921246050059,True,0,1e-05,1e-05,0.9520468730479479,0.13600669614970684,0.5989762991666794,0.10379796475172043,0.2611897084861994,1.9178089462220669,0.7564014047384262,0.019819630309939384,0.11764295399188995,0.04821978323161602,0.00873490422964096,4.53390048735098,3.1217850564882363,0.06842426537369095,827,8.837932740302605,6.684355722074874,-1.0479477525508352,146,0.714656412601471
resnet_frozen,fold6_balkan_e,33,0.7067330347727692,True,0,1e-05,1e-05,0.9580624382942915,0.1368660626134702,0.5999843999743462,0.10420358180999756,0.26147996075451374,1.9251155909150839,0.7626412101089954,0.019611062481999397,0.1176641397178173,0.048108089715242386,0.00884859636425972,4.522177531695533,3.1119114992181176,0.0732354439587557,827,8.829002264824895,6.673100042085507,-1.0438110596400065,146,0.7124446630477905
resnet_frozen,fold6_balkan_e,34,0.702145453087508,True,0,1e-05,1e-05,0.9544416144490242,0.13634880206414632,0.5994168594479561,0.10392085276544094,0.2605413571000099,1.9197333473712206,0.7589957006275654,0.019596297293901443,0.11783509701490402,0.048138098791241646,0.008677888661623001,4.513571122831762,3.1071790107715054,0.07675964208632302,827,8.816300470926457,6.659022751725353,-1.0379346553946531,146,0.7096108198165894
resnet_frozen,fold6_balkan_e,35,0.6992895363896473,False,1,1e-05,1e-05,0.9454296082258224,0.13506137260368892,0.5964291077107191,0.1037029530853033,0.26135843992233276,1.9083485882729292,0.7503367960453033,0.01980620063841343,0.11759274639189243,0.047847894951701164,0.008645223453640938,4.505562340806893,3.09895416000879,0.08003309039529283,827,8.821019207159738,6.6642960999856475,-1.0401167610607995,146,0.7107620239257812
resnet_frozen,fold6_balkan_e,36,0.7153890625885637,True,0,1e-05,1e-05,0.9495490901172161,0.13564987001674517,0.5938191059976816,0.10232841968536377,0.261433731764555,1.9084761179983616,0.7545350827276707,0.01953073777258396,0.11776280775666237,0.04786401242017746,0.008690766990184784,4.491686604809349,3.0890985391086616,0.08569079105150157,827,8.80985141355247,6.649217565370621,-1.0349542781612895,146,0.7078275680541992
resnet_frozen,fold6_balkan_e,37,0.7094028892655471,True,0,1e-05,1e-05,0.9345798492431641,0.1335114070347377,0.5831519085913897,0.10409786179661751,0.2603748310357332,1.8836188986897469,0.7396107371896505,0.019489942118525505,0.11763114668428898,0.04794441908597946,0.008721916005015373,4.4844757461434375,3.08181517414684,0.088624059984726,827,8.808757780633975,6.648474992828625,-1.0344490812520108,146,0.7078403830528259
resnet_frozen,fold6_balkan_e,38,0.7165799584901895,True,0,1e-05,1e-05,0.9405680559575558,0.1343668651367937,0.5903215035796165,0.10443095304071903,0.2607024908065796,1.8973922803997993,0.745622955262661,0.019440684467554092,0.11770114675164223,0.0478239580988884,0.008770564571022987,4.474200909699318,3.075519096309394,0.09279556701230385,827,8.79977755662635,6.637272391190466,-1.0303030946742329,146,0.7053492665290833
resnet_frozen,fold6_balkan_e,39,0.7146876195610075,True,0,1e-05,1e-05,0.9424530528485775,0.13463615040693963,0.5930362660437822,0.09964781999588013,0.2536281645298004,1.890163904055953,0.7469350956380367,0.019573844969272614,0.11801628954708576,0.048029130324721336,0.008704444393515587,4.463011481513953,3.0681068424923037,0.09732750723128225,827,8.788532844246022,6.623529091780646,-1.025117602759992,146,0.7028055191040039
resnet_frozen,fold6_balkan_e,40,0.7164373570803143,False,1,1e-05,1e-05,1.0461909677833319,0.14945585254047597,0.6299616247415543,0.12418131716549397,0.2552988436073065,2.0569480396807194,0.8566446993499994,0.01932932622730732,0.11784916743636131,0.04426876828074455,0.007044939324259758,4.459487510908559,3.063276285527636,0.09875243544260182,827,8.797069364559883,6.631163539710582,-1.029053607490011,146,0.7046905159950256
resnet_frozen,fold6_balkan_e,41,0.7260821110680429,False,2,1e-05,1e-05,0.891227213665843,0.1273181733808347,0.5897091031074524,0.12784233875572681,0.27761876210570335,1.8877340406179428,0.7027179375290871,0.019413316622376442,0.11739613860845566,0.0438825897872448,0.006728135049343109,4.452485005386895,3.0585021322418577,0.10158057931262476,827,8.793117743444402,6.628430555339998,-1.0272311255011677,146,0.7037416100502014
resnet_frozen,fold6_balkan_e,42,0.7426271357876502,False,3,1e-05,1e-05,1.0472007617354393,0.14960010881934846,0.586586931720376,0.11627533286809921,0.25444592349231243,2.005803909152746,0.8573479279875755,0.019367892295122147,0.11754911951720715,0.044829802587628365,0.0070236362516880035,4.451977431201866,3.0568149196576346,0.10178540359046373,827,8.792751869312363,6.629031805655648,-1.0270624262936439,146,0.7037933468818665
resnet_frozen,fold6_balkan_e,43,0.7449981108253784,True,0,1e-05,1e-05,0.8905365541577339,0.12721950773681914,0.5694633349776268,0.09679006598889828,0.25322817265987396,1.8113390151411295,0.7033344581723213,0.019303757697343826,0.11751960776746273,0.04266750626266003,0.006637562066316605,4.433736925483421,3.0475243952802753,0.10913060016954002,827,8.7632609178628,6.595221985386811,-1.0134876662601338,146,0.6970003247261047
resnet_frozen,fold6_balkan_e,44,0.6910045859026649,False,1,1e-05,1e-05,0.906251585111022,0.12946451215871743,0.5563745889812708,0.09779016859829426,0.2542523629963398,1.8160065952688456,0.7176567818969488,0.019444221630692482,0.11739793606102467,0.04392625764012337,0.006758192554116249,4.425704780913946,3.043447069590964,0.11235546912669192,827,8.76478460518226,6.593702655081569,-1.014187906129103,146,0.6967495679855347
resnet_frozen,fold6_balkan_e,45,0.7128938538852309,True,0,1e-05,1e-05,0.879315584897995,0.125616512128285,0.5581269878894091,0.097876638174057,0.25415434315800667,1.790764458477497,0.6915313377976418,0.01927981711924076,0.11725198850035667,0.04326721467077732,0.00694769062101841,4.411732892122853,3.0317819431699764,0.11795118538051075,827,8.75872946290779,6.582766648293825,-1.011405868229878,146,0.6950366497039795
resnet_frozen,fold6_balkan_e,46,0.7271633586399212,False,1,1e-05,1e-05,0.8819715678691864,0.12599593826702662,0.5613547004759312,0.09337033703923225,0.2498462926596403,1.7879162933677435,0.6940546408295631,0.019184540957212448,0.11781352385878563,0.043136660009622574,0.006702568382024765,4.414595660651816,3.0300337336137866,0.1168060930020457,827,8.763375746289986,6.588093085442695,-1.013540433634934,146,0.6963033080101013
resnet_frozen,fold6_balkan_e,47,0.6779351424709629,True,0,1e-05,1e-05,0.8047934845089912,0.11497049778699875,0.5482374206185341,0.09628830663859844,0.25317116267979145,1.7037856578826904,0.6213818043470383,0.019487014040350914,0.11735904589295387,0.03886088915169239,0.006623268127441406,4.404951346173409,3.023572483572974,0.1206608041754812,827,8.752160829984062,6.574664083540018,-1.0083900809270978,146,0.6936408877372742
resnet_frozen,fold6_balkan_e,48,0.7124473082831866,True,0,1e-05,1e-05,2.921721253544092,0.41738875050629887,1.7103522531688213,0.1911828238517046,0.26932504400610924,5.093913367018104,2.7071013431996107,0.019171733409166336,0.11793192848563194,0.06898658350110054,0.007383160293102264,4.397465956828053,3.0207419562505655,0.12364680929836036,827,8.744085050089808,6.565127102634642,-1.0046854338988997,146,0.6914776563644409
resnet_frozen,fold6_balkan_e,49,0.7163713079265701,False,1,1e-05,1e-05,0.8696663696318865,0.12423805280455522,0.5657191835343838,0.09800851717591286,0.2530374825000763,1.7877770438790321,0.6827555876225233,0.019318679347634315,0.1174353864043951,0.0418218057602644,0.007230374962091446,4.394813094389512,3.0137544088316104,0.12470384679678925,827,8.751493683887778,6.572813928982005,-1.008083907729227,146,0.6935141682624817
resnet_frozen,fold6_balkan_e,50,0.6614319641039478,True,0,1e-05,1e-05,0.8745212722569704,0.12493161032242435,0.562297822907567,0.09879213757812977,0.25379249453544617,1.7907199077308178,0.6875147726386786,0.019366074353456497,0.11740738153457642,0.04193766042590141,0.007198028266429901,4.382103268082859,3.007516347692609,0.12975924972336594,827,8.730889960170561,6.549127924336747,-0.9986397365001349,146,0.6886465549468994
resnet_frozen,fold6_balkan_e,51,0.7098571888048386,True,0,1e-05,1e-05,0.878312336280942,0.12547319089727743,0.5704729575663805,0.09663236699998379,0.2533343732357025,1.8000975362956524,0.6910267360508442,0.01940831169486046,0.11747459508478642,0.041976073756814,0.007335864007472992,4.369692639748635,3.001055667420453,0.13468151653924276,827,8.715454290938519,6.5283214022282205,-0.9915790425075399,146,0.6850135326385498
resnet_frozen,fold6_balkan_e,52,0.6864288034865761,True,0,1e-05,1e-05,0.8726613093167543,0.1246659013309649,0.5685341265052557,0.0956236869096756,0.25020357221364975,1.7883378453552723,0.6856903191655874,0.019267188385128975,0.11746376939117908,0.04196222126483917,0.007194334641098976,4.359457320543168,2.9944640348972174,0.13873051438746664,827,8.706485120536103,6.5157956233124255,-0.9874820396898889,146,0.6826320886611938
resnet_frozen,fold6_balkan_e,53,0.6883350358476373,False,1,1e-05,1e-05,0.7713093683123589,0.11018705261605126,0.5497402641922235,0.10736999660730362,0.249447138980031,1.6792316678911448,0.583750244230032,0.019400304183363914,0.11761322617530823,0.04195527359843254,0.007428677752614021,4.356748638509812,2.9899792017656073,0.13980045509458916,827,8.71442741702112,6.523994683195882,-0.9911097657433443,146,0.6845853328704834
resnet_frozen,fold6_balkan_e,54,0.7283271503563804,True,0,1e-05,1e-05,0.8308436553925276,0.11869195077036108,0.548220869153738,0.0953232292085886,0.25215084105730057,1.7278438974171877,0.6434608921408653,0.01931683160364628,0.11751354485750198,0.04192234203219414,0.007539516314864159,4.347226193091394,2.9860716036803363,0.1435565825335854,827,8.696729906608654,6.5044879922545515,-0.9830307713876683,146,0.6805920004844666
resnet_frozen,fold6_balkan_e,55,0.7027773828287367,False,1,1e-05,1e-05,0.854599766433239,0.12208568091903414,0.5593559816479683,0.09401490539312363,0.2512784320861101,1.7606653030961752,0.6674217730760574,0.019413696601986885,0.11735227704048157,0.04201538860797882,0.00729738362133503,4.344112563420103,2.9827756861529164,0.14478297037108023,827,8.704151707879609,6.5125901278183065,-0.9864168579956973,146,0.6823683381080627
resnet_frozen,fold6_balkan_e,56,0.6856997857791481,False,2,1e-05,1e-05,0.8458680771291256,0.12083829673273223,0.5562224164605141,0.09373246692121029,0.2514803409576416,1.748599175363779,0.6580262240022421,0.01944073475897312,0.11736220121383667,0.04256258346140385,0.00740390457212925,4.340661086506368,2.979735812144778,0.1461414016624103,827,8.703436108320794,6.513262157358998,-0.9860902505002256,146,0.6826217770576477
resnet_frozen,fold6_balkan_e,57,0.7019646493526583,False,3,1e-05,1e-05,0.8416782263666391,0.12023974662380559,0.5530369337648153,0.0939794760197401,0.2514773327857256,1.7414748668670654,0.6546257119625807,0.01934310980141163,0.11739357747137547,0.04198680445551872,0.007262848317623138,4.337618293342418,2.976011202966248,0.1473380877975251,827,8.709673791561878,6.51953884034715,-0.9889381007337792,146,0.6840364933013916
resnet_frozen,fold6_balkan_e,58,0.6927312461179574,False,4,1e-05,1e-05,0.8693966995924711,0.12419952851321016,0.6105043608695269,0.09803158976137638,0.25688462518155575,1.8361189756542444,0.6811230387538671,0.01944652572274208,0.11754217743873596,0.04255650378763676,0.0076156798750162125,4.3314164452339,2.9682958919659472,0.1497745858523316,827,8.712444176644073,6.519227548983038,-0.9902035903283544,146,0.6841281056404114
resnet_frozen,fold6_balkan_e,59,0.7128625336984914,False,5,1e-05,1e-05,0.8426999393850565,0.12038570562643665,0.554214695468545,0.09382809698581696,0.2512281723320484,1.7432668190449476,0.6554524376988411,0.019370555877685547,0.11732527799904346,0.04229736141860485,0.007188083603978157,4.327222938011689,2.965479305155867,0.1514200985879045,827,8.711108592569907,6.519281981980215,-0.9895934560356867,146,0.6840701699256897
resnet_frozen,fold6_balkan_e,60,0.7333135731707461,True,0,1e-05,1e-05,0.845677649602294,0.12081109280032772,0.5736531503498554,0.09763821959495544,0.25627219676971436,1.774552257731557,0.6583541445434093,0.019483596086502075,0.11742646247148514,0.042099254205822945,0.007218744605779648,4.311728337438002,2.9575835832985575,0.15748628301757928,827,8.690096585677654,6.490774699980454,-0.9800068616860151,146,0.6789140701293945
resnet_frozen,fold6_balkan_e,61,0.6855097797213904,True,0,1e-05,1e-05,0.8909299559891224,0.12727570799844606,0.5945075992494822,0.09723966754972935,0.2559955772012472,1.8400053270161152,0.7041442636400461,0.019359340891242027,0.11737762205302715,0.04175184853374958,0.007192930206656456,4.30443557688492,2.954429562526845,0.16033389037881907,827,8.676530732384853,6.475375610957804,-0.9738298263017815,146,0.6760433912277222
resnet_frozen,fold6_balkan_e,62,0.6616587241010193,True,0,1e-05,1e-05,0.893635768443346,0.12766225263476372,0.5723239295184612,0.09718833677470684,0.2714439071714878,1.835960565134883,0.7064638156443834,0.019259925931692123,0.11735972575843334,0.042068950831890106,0.007376587018370628,4.295158218614381,2.951265661847899,0.16394945781494097,827,8.663189171762916,6.458696838925552,-0.9677643319837068,146,0.6730636358261108
resnet_frozen,fold6_balkan_e,63,0.6974621810820832,True,0,1e-05,1e-05,0.8837325796484947,0.12624751137835638,0.574112081900239,0.0972013995051384,0.2533609252423048,1.8097258545458317,0.6966782100498676,0.019324302673339844,0.11738806776702404,0.04195874743163586,0.007277587428689003,4.290286254302235,2.9487951177311102,0.1658450332947191,827,8.660714476186424,6.454986061756532,-0.9666402835362742,146,0.6723229289054871
resnet_frozen,fold6_balkan_e,64,0.6717553467387299,False,1,1e-05,1e-05,0.8860151618719101,0.12657359455313003,0.5712189767509699,0.09781540744006634,0.25440289452672005,1.810786597430706,0.6989477444440126,0.019396696239709854,0.11729206331074238,0.041998883709311485,0.007265044376254082,4.287423979737492,2.9413455344115254,0.16695767891451851,827,8.669007665421148,6.460658762601957,-0.9704084550593115,146,0.6740047335624695
resnet_frozen,fold6_balkan_e,65,0.6908030804007921,True,0,1e-05,1e-05,0.8914721459150314,0.12735316370214736,0.5711433608084917,0.0966899860650301,0.2542490866035223,1.814849078655243,0.7037448864430189,0.019220296293497086,0.11747781001031399,0.042434222996234894,0.007484098896384239,4.279626870971125,2.9385343075554515,0.16998486513151434,827,8.655993201799467,6.444070954111687,-0.9644966918929649,146,0.6704496741294861
resnet_frozen,fold6_balkan_e,66,0.6876337358135699,True,0,1e-05,1e-05,0.8868979550898075,0.1266997078699725,0.5714352782815695,0.09738011844456196,0.2542728465050459,1.8112920261919498,0.69941645860672,0.01938691735267639,0.11741556786000729,0.04216296784579754,0.007397286593914032,4.276856003909239,2.935869096775476,0.17105931257219587,827,8.655069919668527,6.445557641894739,-0.9640776324235447,146,0.6707064509391785
resnet_frozen,fold6_balkan_e,67,0.6656006947970592,True,0,1e-05,1e-05,0.8934058304876089,0.1276294043553727,0.5624525025486946,0.09836925752460957,0.2535931561142206,1.8091340232640505,0.7057581022381783,0.01945451833307743,0.11760881915688515,0.04208556190133095,0.007376857101917267,4.265553861510349,2.9312482587979187,0.17543468856971178,827,8.636426008692768,6.423277656809021,-0.9556250955167274,146,0.6665307283401489
resnet_frozen,fold6_balkan_e,68,0.6603682124773277,True,0,1e-05,1e-05,0.8687001913785934,0.12410002733979907,0.5624056309461594,0.09746165946125984,0.2539133559912443,1.7838165443390608,0.6812263187021017,0.019363513216376305,0.11768489889800549,0.04199605993926525,0.007328316569328308,4.264585259201958,2.928253067028886,0.17580912303247165,827,8.635928823920903,6.42076811482851,-0.9553999377885336,146,0.6661637425422668
resnet_frozen,fold6_balkan_e,69,0.7262670154871358,True,0,1e-05,1e-05,0.8821963910013437,0.12602805585733481,0.7399206962436438,0.09817292913794518,0.2536368742585182,1.975235616788268,0.6952453423291445,0.019278189167380333,0.11728567630052567,0.04197726398706436,0.007336355745792389,4.256243941521864,2.924088173578354,0.17903012301020504,827,8.627472753412166,6.408901129267864,-0.9515724619561237,146,0.6638861298561096
resnet_frozen,fold6_balkan_e,70,0.7175770290240988,True,0,1e-05,1e-05,0.8824496269226074,0.12606423241751535,0.5740860998630524,0.09725150838494301,0.2541371751576662,1.8092420361936092,0.6949139833450317,0.01945335790514946,0.11756940558552742,0.042138075456023216,0.007266158238053322,4.254803806756762,2.9207703026139504,0.17958559269453522,827,8.625966614972945,6.407535398874496,-0.9508911310916088,146,0.6638273596763611
resnet_frozen,fold6_balkan_e,71,0.6621952172202096,True,0,1e-05,1e-05,0.897853484377265,0.12826478348246642,2.1886210329830647,0.19190003164112568,0.5016729161143303,3.7813828513026237,0.7111227195709944,0.019400805234909058,0.11738960072398186,0.04152952507138252,0.007290920242667198,4.246048250107361,2.9188828737643773,0.18295862437738164,827,8.61537487782437,6.395125020978775,-0.9461031135062785,146,0.6614754796028137
resnet_frozen,fold6_balkan_e,72,0.6555393915510812,True,0,1e-05,1e-05,1.3496268261224031,0.19280383230320045,0.5021134223788977,0.08713886886835098,0.24460260942578316,2.188255002722144,1.16448725014925,0.019120266661047935,0.11744472570717335,0.040244489908218384,0.0071673933416605,4.2350217672276,2.9144799653646873,0.18719663319809776,827,8.604345322055957,6.381390722112936,-0.9411234316210397,146,0.658886730670929
resnet_frozen,fold6_balkan_e,73,0.6810357348662334,False,1,1e-05,1e-05,0.7561776209622622,0.1080253744231803,0.5322427172213793,0.09073439426720142,0.24692119844257832,1.6274325102567673,0.5716042723506689,0.019467530772089958,0.11747577413916588,0.03974798135459423,0.006812684237957001,4.236595834923217,2.9109654552698263,0.186592317396567,827,8.620322994978475,6.396531111691537,-0.9483391883450765,146,0.662280261516571
resnet_frozen,fold6_balkan_e,74,0.6526548115777566,False,2,1e-05,1e-05,0.7928265873342752,0.11326094104775361,0.5496569629758596,0.09009683318436146,0.2468747477978468,1.6807617340236902,0.6056414283812046,0.019693545997142792,0.11718586273491383,0.04214697331190109,0.00711401179432869,4.233765528987198,2.9090685938742453,0.18767876683814855,827,8.615022029714307,6.391700387675699,-0.9459437090105614,146,0.6615413427352905
resnet_frozen,fold6_balkan_e,75,0.6689967809305802,False,3,1e-05,1e-05,0.842531606554985,0.12036165807928358,0.5712297279387712,0.09220444411039352,0.2501234617084265,1.757419502362609,0.653206055983901,0.019747458398342133,0.11738352291285992,0.043248919770121574,0.007790425792336464,4.230211089881412,2.9045726635048448,0.18904215567412674,827,8.616290219517039,6.391237079424751,-0.9465166634615945,146,0.6614290475845337
resnet_frozen,fold6_balkan_e,76,0.6982941725522172,True,0,1e-05,1e-05,0.7971194721758366,0.11387421031083379,0.5463290102779865,0.09406760521233082,0.2510405723005533,1.6898521687835455,0.6096478626132011,0.01983620785176754,0.1172802597284317,0.04210692085325718,0.007190302014350891,4.221025017906347,2.9023019474284326,0.19256038609191928,827,8.60326699322649,6.374903529376171,-0.9406369243697346,146,0.6583211421966553
resnet_frozen,fold6_balkan_e,77,0.6651779737553256,True,0,1e-05,1e-05,0.8548856880515814,0.12212652686451163,0.5571816805750132,0.09420823492109776,0.2520144246518612,1.7596378084272146,0.6679546646773815,0.01953923888504505,0.11724366620182991,0.041915226727724075,0.0071540698409080505,4.21423055015256,2.894907912574539,0.1951577206097057,827,8.59644839011125,6.365142160201947,-0.9375620019613993,146,0.6569458246231079
resnet_frozen,fold6_balkan_e,78,0.6814931710368921,True,0,1e-05,1e-05,0.8460422307252884,0.12086317581789834,0.5615502819418907,0.09425038285553455,0.25152464397251606,1.7547417730093002,0.6584414634853601,0.01939629763364792,0.11784221418201923,0.04204379953444004,0.007248345762491226,4.209636617209848,2.8905712881267434,0.19691148142259352,827,8.594877926784557,6.359974003994599,-0.9368541300631223,146,0.6561245322227478
resnet_frozen,fold6_balkan_e,79,0.695684287683563,True,0,1e-05,1e-05,0.8361882213503122,0.11945546019290175,0.5461993925273418,0.09523599781095982,0.2512879017740488,1.730237253010273,0.6493021044880152,0.01944590173661709,0.11733320914208889,0.041895583271980286,0.007169462740421295,4.199974674491407,2.8866331555855216,0.20059374253021123,827,8.576714263440342,6.336477548174518,-0.9286764239665615,146,0.6517145037651062
resnet_frozen,fold6_balkan_e,80,0.6338799417811697,True,0,1e-05,1e-05,0.8428635708987713,0.12040908155696732,0.5560161378234625,0.0941254161298275,0.250511622056365,1.7448165751993656,0.6554782874882221,0.019573407247662544,0.1174025610089302,0.042215537279844284,0.0071183498948812485,4.198323994655758,2.883853197160709,0.2012219865476429,827,8.576020064524512,6.334804672431443,-0.9283642226137518,146,0.6516716480255127
resnet_frozen,fold6_balkan_e,81,0.654923186480927,False,1,1e-05,1e-05,0.8330389000475407,0.11900555714964867,0.5476320199668407,0.09524095803499222,0.25107226334512234,1.7283030729740858,0.6459909807890654,0.019563354551792145,0.11733470112085342,0.04188871942460537,0.0071920305490493774,4.195779160278732,2.883174747985332,0.20219005936330292,827,8.576198368750132,6.332587054405469,-0.9284444087749755,146,0.6512947082519531
resnet_frozen,fold6_balkan_e,82,0.6619005583794259,True,0,1e-05,1e-05,0.8375679645687342,0.11965256636696202,0.5570081975311041,0.0945415161550045,0.2511397022753954,1.7415565010160208,0.6508150640875101,0.01921645551919937,0.11741184256970882,0.04191352427005768,0.0071779582649469376,4.186197167414298,2.8773401717118525,0.20582985058485703,827,8.563269915226854,6.315622991808312,-0.9226346057052981,146,0.6484207510948181
resnet_frozen,fold6_balkan_e,83,0.6665926360161446,True,0,1e-05,1e-05,0.8376715071499348,0.1196673581642764,0.5492667816579342,0.09472812712192535,0.2516620010137558,1.7346360068768263,0.6499780938029289,0.01960805058479309,0.11774228513240814,0.04207122512161732,0.00723031722009182,4.184506856887752,2.8784088566989467,0.2064710641218871,827,8.555827835217485,6.308581123500922,-0.9192942501621462,146,0.6468336582183838
resnet_frozen,fold6_balkan_e,84,0.6901366846160704,False,1,1e-05,1e-05,0.8354858625680208,0.11935512322400298,0.5451863296329975,0.09493747539818287,0.251105273142457,1.728007711470127,0.6483478341251612,0.019664905965328217,0.11735901236534119,0.041876696050167084,0.007162686437368393,4.188366920828812,2.875089594829109,0.20500638246358593,827,8.573124700891228,6.325326108408566,-0.9270623662505697,146,0.6504160165786743
resnet_frozen,fold6_balkan_e,85,0.6880053666655646,False,2,1e-05,1e-05,0.8361338935792446,0.11944769908274923,0.5552361086010933,0.09466017596423626,0.25101806223392487,1.7383779715746641,0.648586418479681,0.01956629380583763,0.11752337776124477,0.04227178916335106,0.007144855335354805,4.18201005566356,2.872189211855472,0.20741774338061147,827,8.562762783752502,6.313257024035128,-0.9224068890362085,146,0.6481074094772339
resnet_frozen,fold6_balkan_e,86,0.666226927862202,False,3,1e-05,1e-05,0.8347017429769039,0.1192431061395577,0.560262780636549,0.09446709603071213,0.25095233507454395,1.741693016141653,0.6475591603666544,0.019472554326057434,0.11740963533520699,0.042131492868065834,0.007087951526045799,4.185771041274766,2.869170593678299,0.20599152449658265,827,8.577182551421418,6.327157918830553,-0.9288870409039234,146,0.6508132219314575
resnet_frozen,fold6_balkan_e,87,0.6639784244412811,False,4,1e-05,1e-05,0.8428981211036444,0.12041401730052062,0.5609321519732475,0.09429706633090973,0.2509723026305437,1.7503769900649786,0.6560940332710743,0.01935669407248497,0.11733857169747353,0.04198087751865387,0.00708787702023983,4.184679525032191,2.86649547287378,0.20640557492542055,827,8.578353913729387,6.328374824213048,-0.9294139225096905,146,0.6511546969413757
resnet_frozen,fold6_balkan_e,88,0.6870633947517736,False,5,1e-05,1e-05,0.8372938428074121,0.11961340611534459,0.5593615397810936,0.09447911567986012,0.25137713365256786,1.743815315887332,0.6499884482473135,0.019528523087501526,0.11746764741837978,0.042077627032995224,0.007161613553762436,4.179826940567581,2.8633196999836414,0.20824502339020257,827,8.571213036316792,6.319078017715818,-0.9262030561943502,146,0.6489446759223938
resnet_frozen,fold6_balkan_e,89,0.7130260259958103,False,6,1e-05,1e-05,0.84910037368536,0.12130005338362285,0.5580740682780743,0.09499559737741947,0.25305086374282837,1.7565140146762133,0.6618092153221369,0.019567474722862244,0.11741673573851585,0.04205543361604214,0.007186535745859146,4.171994016293958,2.860313903362084,0.21120971349341955,827,8.563305530557258,6.308602117087598,-0.9226505985234159,146,0.6471409201622009
resnet_frozen,fold6_balkan_e,90,0.6593067210703691,False,7,1e-05,1e-05,0.8481673039495945,0.12116675770708493,0.5545791778713465,0.09443777427077293,0.2507766541093588,1.7492722123861313,0.6608895566314459,0.01952386274933815,0.11739869602024555,0.042131317779421806,0.007159767672419548,4.170922002760075,2.857781957633942,0.2116150281796647,827,8.566526310602645,6.31236710152183,-0.9240971425456765,146,0.6481776833534241
resnet_frozen,fold6_balkan_e,91,0.660430709857318,False,8,1e-05,1e-05,0.8394523467868567,0.11992176382669381,0.5549749881029129,0.09468028880655766,0.2509718406945467,1.7413893844932318,0.652623163536191,0.01931040547788143,0.11729052849113941,0.04210358485579491,0.007080644369125366,4.165156594759901,2.854299165202099,0.2137930691623514,827,8.5637714015518,6.30865175324159,-0.9228598008011937,146,0.6473854780197144
resnet_frozen,fold6_balkan_e,92,0.6823596239378259,True,0,1e-05,1e-05,0.7962673399597406,0.1137524771371058,0.5387626755982637,0.09167750366032124,0.2490892931818962,1.6771210450679064,0.608576038852334,0.019525200128555298,0.11764558777213097,0.04223649948835373,0.007228249683976173,4.1546181546466245,2.8525968202526246,0.21776646745077055,827,8.542892364991262,6.284263222493492,-0.9134951138821708,146,0.6427705883979797
resnet_frozen,fold6_balkan_e,93,0.706743491748224,True,0,1e-05,1e-05,0.8076920807361603,0.11538458296230861,0.5314044784754515,0.09169223345816135,0.24797243997454643,1.6800952460616827,0.6202667858451605,0.019697468727827072,0.11758194118738174,0.041942084208130836,0.007152734324336052,4.144402540694996,2.848682184178764,0.22160853963721538,827,8.52426698376943,6.264145681662913,-0.9051605303733445,146,0.6389934420585632
resnet_frozen,fold6_balkan_e,94,0.644297248074625,True,0,1e-05,1e-05,0.8168117702007294,0.11668739574296134,0.5801173578947783,0.09608715586364269,0.25551745668053627,1.7498891614377499,0.6293041687458754,0.0197956170886755,0.11731207557022572,0.0419077817350626,0.007397225126624107,4.139669882382938,2.846656674406934,0.22338527701013322,827,8.512738058224993,6.252881062943391,-0.9000106211383967,146,0.6367490291595459
resnet_frozen,fold6_balkan_e,95,0.7117827852518988,True,0,1e-05,1e-05,0.7994054444134235,0.11420077777334622,0.535618532449007,0.0909312255680561,0.2480730190873146,1.6753681004047394,0.612448189407587,0.019722387194633484,0.11732183583080769,0.041779639199376106,0.007071282714605331,4.134751369954742,2.846111310052622,0.22522963660929307,827,8.501073609720146,6.240486336527465,-0.8948072677795069,146,0.6342641711235046
resnet_frozen,fold6_balkan_e,96,0.6757852261415271,False,1,1e-05,1e-05,1.3840272165834904,0.19771817379764148,1.140209760516882,0.24371550790965557,0.5652290750294924,3.334485439583659,1.1959201712161303,0.023859331384301186,0.11750444211065769,0.03901824913918972,0.006671644747257233,4.135329960538408,2.8436382689078297,0.22501278864867724,827,8.506164972833167,6.243958997255055,-0.8970775788371188,146,0.6350057721138
resnet_frozen,fold6_balkan_e,97,0.6579628774880498,False,2,1e-05,1e-05,1.7914174273610115,0.25591677533728735,0.5550424288958311,0.0939035564661026,0.2515248227864504,2.693238204345107,1.6059783902019262,0.019121874123811722,0.11781951040029526,0.04086405597627163,0.006607275456190109,4.133723795587248,2.8403929998397213,0.22561468285110264,827,8.509726162023226,6.245506796186134,-0.8986663715280303,146,0.6356333494186401
resnet_frozen,fold6_balkan_e,98,0.6941298515937925,False,3,1e-05,1e-05,0.8430044390261173,0.12042920557515961,0.5564721003174782,0.09358946606516838,0.2521810717880726,1.7465318199247122,0.6554288864135742,0.01952209696173668,0.117554547265172,0.04306059516966343,0.0064269062131643295,4.134857491803866,2.8391857433067735,0.22518986584129463,827,8.517123826245577,6.252686565619592,-0.9019688988039078,146,0.6370997428894043
resnet_frozen,fold6_balkan_e,99,0.6574746977172999,False,4,1e-05,1e-05,0.8508923053741455,0.12155604362487793,0.55464599840343,0.09409518353641033,0.25166686438024044,1.752610294148326,0.6636586990207434,0.019395548850297928,0.11738634668290615,0.04295406863093376,0.006462451070547104,4.131473084087854,2.834585515213308,0.2264577210105635,827,8.521630214275893,6.258640016525092,-0.9039820848286748,146,0.6384661793708801
resnet_frozen,fold6_balkan_e,100,0.6824098930681776,False,5,1e-05,1e-05,0.8484913054853678,0.12121304364076682,0.553119994699955,0.09406559728085995,0.251061761751771,1.748045388609171,0.6613734345883131,0.01932920329272747,0.11724919266998768,0.04301080480217934,0.006515407934784889,4.131184231243027,2.834686551899194,0.2265658819848252,827,8.528219504463301,6.266508410907886,-0.9069277045430804,146,0.6398749351501465
resnet_frozen,fold6_balkan_e,101,0.6447564140052288,True,0,1e-05,1e-05,0.8523303084075451,0.1217614726296493,0.5556194595992565,0.09437152743339539,0.25219953432679176,1.7558353058993816,0.6652351431548595,0.019284944981336594,0.11730941757559776,0.0430512186139822,0.006429295986890793,4.116893828959687,2.8316264921786414,0.2319074826491897,827,8.49861786448626,6.230118793891835,-0.8937127020717213,146,0.6329240202903748
resnet_frozen,fold6_balkan_e,102,0.6822887775831672,True,0,1e-05,1e-05,0.8502035457640886,0.1214576493948698,0.5550199802964926,0.09431363642215729,0.25112017430365086,1.7519827336072922,0.662865286692977,0.019373327493667603,0.11743881180882454,0.04306001588702202,0.006440293043851852,4.109193600537766,2.8249680175480973,0.23477807239781023,827,8.493662305386435,6.222144295889624,-0.8915048915003638,146,0.6318251490592957
resnet_frozen,fold6_balkan_e,103,0.6905654805747312,True,0,1e-05,1e-05,0.8536519687622786,0.12195028125175408,0.5566514804959297,0.09484224766492844,0.2517465017735958,1.7582241520285606,0.666082052513957,0.019458886235952377,0.11750100180506706,0.04309612512588501,0.006489438936114311,4.1018243907285905,2.8245559810672027,0.23752022819209895,827,8.473921808791891,6.197738227348838,-0.8827228482236082,146,0.6274539232254028
resnet_frozen,fold6_balkan_e,104,0.6388365389213885,False,1,1e-05,1e-05,0.8520857878029346,0.12172654111470495,0.5575531404465437,0.09500986710190773,0.25144755467772484,1.757412750273943,0.664751686155796,0.019307512789964676,0.11753182113170624,0.0430429857224226,0.006411977112293243,4.106536919037108,2.821786893743777,0.2357672172098595,827,8.494266254250645,6.219437131215267,-0.8917738950949157,146,0.631874144077301
resnet_frozen,fold6_balkan_e,105,0.6304702020758153,False,2,1e-05,1e-05,0.8529597111046314,0.12185138730066163,0.5588989593088627,0.09512482583522797,0.2514156140387058,1.7597242016345263,0.6655053179711103,0.019491491839289665,0.11743585392832756,0.04303226061165333,0.006463473662734032,4.106802589059606,2.8209245013146558,0.23566833081863725,827,8.499503845498545,6.226403997987772,-0.8941075617956225,146,0.633094847202301
resnet_frozen,fold6_balkan_e,106,0.677283839418349,False,3,1e-05,1e-05,0.8505410384386778,0.12150586263409682,0.5592790599912405,0.0949806235730648,0.25232379510998726,1.7584273479878902,0.6632006280124187,0.019432973116636276,0.1174033097922802,0.04302317090332508,0.006443556398153305,4.105466121208304,2.8196789059163425,0.23616571946511566,827,8.4979472745578,6.221757546149008,-0.8934138641702523,146,0.632391631603241
resnet_frozen,fold6_balkan_e,107,0.6518085484349021,False,4,1e-05,1e-05,0.8507535271346569,0.12153621816209384,0.560156773775816,0.09499131515622139,0.2513808608055115,1.758600289002061,0.6601187400519848,0.01950913853943348,0.11764207668602467,0.04549487680196762,0.006930030882358551,4.106561147101461,2.818734884039962,0.2357581994238136,827,8.50940960313418,6.2352179177015925,-0.898525114682261,146,0.6352407336235046
resnet_frozen,fold6_balkan_e,108,0.6157134908286375,False,5,1e-05,1e-05,0.8613246660679579,0.12304638086685113,0.5766354948282242,0.09744701907038689,0.25408912636339664,1.7908107582479715,0.6699939128011465,0.019306117668747902,0.11724186316132545,0.046316299587488174,0.007412383332848549,4.1063520259934645,2.81513067753169,0.2358360334153714,827,8.519426068272876,6.244832026159946,-0.9029972705014282,146,0.637420654296875
resnet_frozen,fold6_balkan_e,109,0.6017945553688502,False,6,1e-05,1e-05,0.8940571434795856,0.12772244906851224,0.5739696510136127,0.09776917845010757,0.2536920253187418,1.8207561410963535,0.7032683156430721,0.019086334854364395,0.11720345728099346,0.04625013470649719,0.007183849811553955,4.102839827450734,2.81335977613929,0.23714266654047655,827,8.510717908917849,6.232443820838525,-0.8991089489193187,146,0.6351244449615479
resnet_frozen,fold6_balkan_e,110,0.6305808605853707,False,7,1e-05,1e-05,0.8979344163089991,0.12827634518699987,0.5737442150712013,0.10023192875087261,0.25607670471072197,1.8292948585003614,0.7065470833331347,0.01918337307870388,0.11766807362437248,0.04634074680507183,0.0071313343942165375,4.098640862891808,2.8129150087316623,0.23870332789318127,827,8.5009130825656,6.223735530487976,-0.894735708547991,146,0.6328777074813843
resnet_frozen,fold6_balkan_e,111,0.651696662948959,False,8,1e-05,1e-05,0.9103743862360716,0.13005348374801023,0.58479805290699,0.10428688488900661,0.26646964624524117,1.8672381900250912,0.718610854819417,0.019223198294639587,0.11758383922278881,0.046586768701672554,0.007304558530449867,4.093365038314963,2.8102824734967333,0.24066196872176338,827,8.495030840245265,6.21716530799734,-0.892114475170849,146,0.6315481066703796
resnet_frozen,fold6_balkan_e,112,0.6543322728075168,False,9,1e-05,1e-05,0.9349968861788511,0.13357098373983586,0.581863408908248,0.10005386173725128,0.2542912233620882,1.8726331926882267,0.741045331582427,0.019149767234921455,0.11747412569820881,0.04850162751972675,0.0076883044093847275,4.094661528103506,2.8103985757729375,0.24018088291563222,827,8.494074556030357,6.217684153683564,-0.8916885091213913,146,0.6317646503448486
resnet_frozen,fold6_balkan_e,113,0.6234977657590264,True,0,1e-05,1e-05,0.9036287497729063,0.12908982139612948,0.6298401486128569,0.11471754312515259,0.25864943861961365,1.9081069137901068,0.7123274374753237,0.019239110872149467,0.11739642731845379,0.04633840173482895,0.007263891398906708,4.078450721809824,2.8074486145549233,0.2461852367905476,827,8.457596220643822,6.176803006544599,-0.8754754483837808,146,0.6239985823631287
resnet_frozen,fold6_balkan_e,114,0.6278661707148154,False,1,1e-05,1e-05,0.9948317836970091,0.14211882624242986,0.5665650591254234,0.10429559648036957,0.2517256122082472,1.9187256917357445,0.8024743497371674,0.019479814916849136,0.11749631725251675,0.046896301209926605,0.0074149854481220245,4.080779022278017,2.803965737089933,0.2453243176021106,827,8.473521352549193,6.193754398356194,-0.8825449069303075,146,0.6271241307258606
resnet_frozen,fold6_balkan_e,115,0.6453088716555391,False,2,1e-05,1e-05,0.8500203862786293,0.1214314837540899,0.5535038597881794,0.10433656349778175,0.25999810732901096,1.7691740803420544,0.6579024735838175,0.01960797607898712,0.11742754094302654,0.04673050343990326,0.007294952869415283,4.077645304628787,2.796350693364023,0.2464829358209487,827,8.481822174710954,6.196473098204551,-0.8862350668826595,146,0.6279359459877014
resnet_frozen,fold6_balkan_e,116,0.6482423185004865,False,3,1e-05,1e-05,0.8557529002428055,0.12225041432040078,0.5612415913492441,0.09435280784964561,0.25262196362018585,1.7652682792395353,0.6637876313179731,0.019499914720654488,0.11730523034930229,0.04668717086315155,0.00742209330201149,4.068849912088438,2.796327723889062,0.24973006999134761,827,8.464885766490077,6.179097180161255,-0.8787097611924333,146,0.624492883682251
resnet_frozen,fold6_balkan_e,117,0.6120606668050229,False,4,1e-05,1e-05,0.8454394433647394,0.12077706333781991,0.5645305179059505,0.09358688443899155,0.251473193988204,1.7563303988426924,0.653688408434391,0.019581716507673264,0.11733955517411232,0.046517228707671165,0.00726204551756382,4.071657815559664,2.795227358125541,0.2486941937630982,827,8.471945054780466,6.188040744650404,-0.8818445663750922,146,0.6261589527130127
resnet_frozen,fold6_balkan_e,118,0.6392838917447405,False,5,1e-05,1e-05,0.8480917550623417,0.12115596500890595,0.556676909327507,0.09402672946453094,0.25161744095385075,1.7517106868326664,0.6559192184358835,0.019517997279763222,0.11737987026572227,0.04684486426413059,0.007380789145827293,4.075913859095252,2.7956141994560033,0.2471227152343879,827,8.47973383542153,6.197415965700704,-0.8853063480794494,146,0.6277825832366943
resnet_frozen,fold6_balkan_e,119,0.620165962117759,False,6,1e-05,1e-05,0.8770468588918447,0.12529240841312067,0.5635563563555479,0.09916429966688156,0.2537515740841627,1.7948395516723394,0.6845778990536928,0.019551120698451996,0.11750049330294132,0.04706430062651634,0.007285475730895996,4.081660894156929,2.7935769901042313,0.24499810578330894,827,8.495916373496168,6.212493561145502,-0.8925089687621117,146,0.6312195062637329
resnet_frozen,fold6_balkan_e,120,0.6271518674986538,False,7,1e-05,1e-05,2.039985828101635,0.29142654687166214,1.1427981536835432,0.5762526169419289,0.26228818111121655,4.022610144689679,1.8504295852035284,0.01910225674510002,0.11745074577629566,0.04472046159207821,0.007166001945734024,4.0710969451874774,2.79006515041748,0.24890116407513285,827,8.484536048589815,6.197158336136653,-0.8874423129010951,146,0.6282467246055603
resnet_frozen,fold6_balkan_e,121,0.6549914059068156,False,8,1e-05,1e-05,1.4599786922335625,0.20856838460479463,0.5323302019387484,0.09261804446578026,0.24798460118472576,2.3342475164681673,1.2683935333043337,0.019443437457084656,0.117789376527071,0.04606246575713158,0.00721428357064724,4.070819575249947,2.7882075824441404,0.2490035075678133,827,8.489885112858769,6.201377114024528,-0.8898229339977384,146,0.6290401220321655
resnet_frozen,fold6_balkan_e,122,0.5977676188643062,False,9,1e-05,1e-05,0.8292714804410934,0.11846735434872764,0.5364321433007717,0.09459260664880276,0.25126132369041443,1.7128443866968155,0.638119013980031,0.01948687434196472,0.11733601801097393,0.04603417031466961,0.007212875410914421,4.0620123614106936,2.7849009854403417,0.25224955258960136,827,8.478713738331429,6.187607314369358,-0.8848527772767738,146,0.626580536365509
resnet_frozen,fold6_balkan_e,123,0.642168988339702,False,10,1e-05,1e-05,0.8403913602232933,0.12005590860332761,0.5437088217586279,0.09434522688388824,0.24965164251625538,1.7293970100581646,0.649086557328701,0.019595058634877205,0.11733299866318703,0.04615376144647598,0.007151614874601364,4.058009640859147,2.7778245677749998,0.2537224980871676,827,8.478795912042367,6.185021751840803,-0.8848893125585671,146,0.6266986131668091
resnet_frozen,fold6_balkan_e,124,0.6058707323731649,False,11,1e-05,1e-05,0.8410984817892313,0.12015692596989018,0.556681090965867,0.09278913587331772,0.2500101011246443,1.7418876104056835,0.6495490055531263,0.019601859152317047,0.11749756522476673,0.046192580834031105,0.00718696229159832,4.0618219537056115,2.7788721089260817,0.25231965287340685,827,8.48637476755792,6.195508552503235,-0.8882604724357288,146,0.628634512424469
resnet_frozen,fold6_balkan_e,125,0.6511871264087534,False,12,1e-05,1e-05,0.8807164616882801,0.12581663738404,0.5604101028293371,0.09864334017038345,0.2527996450662613,1.7938955817371607,0.6895619798451662,0.019397439435124397,0.11728362552821636,0.04621979035437107,0.00716150738298893,4.06360982924128,2.779644257160525,0.2516613012202218,827,8.490417636930015,6.200642520240169,-0.8900600179515505,146,0.6292192935943604
resnet_frozen,fold6_balkan_e,126,0.6246834723808169,False,13,1e-05,1e-05,0.8805181439965963,0.12578830628522805,0.5593300107866526,0.09804409183561802,0.25260962545871735,1.7917967196553946,0.6894314885139465,0.0196077898144722,0.11728614754974842,0.04595772549510002,0.007173309102654457,4.054507108139442,2.7761761064383714,0.25501019011699644,827,8.475309234183394,6.180352013181882,-0.8833394107515273,146,0.6257364749908447
resnet_frozen,fold6_balkan_e,127,0.6338539677058339,False,14,1e-05,1e-05,0.8796750605106354,0.12566786578723363,0.5768622159957886,0.09746160730719566,0.25319752655923367,1.808493323624134,0.6885414700955153,0.019590286538004875,0.11730583943426609,0.04602999985218048,0.007152091711759567,4.056856059899123,2.7758584715189714,0.2541467302745428,827,8.477169988776524,6.1819785314245115,-0.8841664760682733,146,0.626160204410553
resnet_frozen,fold6_balkan_e,128,0.6248991942030919,False,15,1e-05,1e-05,0.8861098792403936,0.1265871256057705,0.5908501297235489,0.10437315702438354,0.27265433967113495,1.8552799206227064,0.6949369423091412,0.01950371079146862,0.11740216240286827,0.04606167785823345,0.007150046527385712,4.05267834523508,2.773237738372083,0.2556820855846542,827,8.470188829648688,6.1694043786145265,-0.8810644385190547,146,0.6237640380859375
resnet_frozen,fold6_balkan_e,129,0.5877809074798547,False,16,1e-05,1e-05,0.9159875102341175,0.13085535860487393,0.5603620037436485,0.09761339984834194,0.25189743377268314,1.827263468876481,0.7227110844105482,0.01958567649126053,0.11739527061581612,0.04786813445389271,0.007324744015932083,4.04974567572457,2.770899988347477,0.2567589283420152,827,8.471650730731909,6.171594483296608,-0.8817138142309486,146,0.6240789294242859
resnet_frozen,fold6_balkan_e,130,0.6919258053098076,False,17,1e-05,1e-05,0.8773418311029673,0.1253345473004239,0.5421860590577126,0.0914206225425005,0.24773475900292397,1.7599830962717533,0.6863245107233524,0.01946178451180458,0.11725045554339886,0.046030107885599136,0.007191713899374008,4.050897035096763,2.7734637706540934,0.25633625527212833,827,8.469479751926416,6.1701380649613204,-0.8807495069197115,146,0.6238752007484436
resnet_frozen,fold6_balkan_e,131,0.588748175403083,False,18,1e-05,1e-05,0.9528622794896364,0.13612318278423377,0.5513213351368904,0.09277916327118874,0.24937539361417294,1.8476568665355444,0.7614571880549192,0.01957782544195652,0.11739008873701096,0.046159423887729645,0.007223566994071007,4.04153880170901,2.770277784604805,0.25976825572750295,827,8.45869049161814,6.155045420371341,-0.8759607898585575,146,0.6206924319267273
resnet_frozen,fold6_balkan_e,132,0.6888002075047707,False,19,1e-05,1e-05,0.8453860636800528,0.12076943766857896,0.5311442725360394,0.08875048346817493,0.246572807431221,1.71313844807446,0.6522156335413456,0.019532669335603714,0.11746969074010849,0.047708261758089066,0.007392674684524536,4.042913997384611,2.7702140101830275,0.2592644195737611,827,8.464425704590626,6.161092801941508,-0.8785055530513286,146,0.6226165890693665
resnet_frozen,fold6_balkan_e,133,0.6332951906658574,False,20,1e-05,1e-05,0.7705025225877762,0.11007178894111089,0.5184762384742498,0.09001209400594234,0.24616129137575626,1.6264737471938133,0.5789435915648937,0.019577540457248688,0.11741570197045803,0.046167707070708275,0.007307885214686394,4.045359997312251,2.7673046770734246,0.2583678448423038,827,8.47436504315744,6.173291957817495,-0.8829198076268678,146,0.6250633001327515
resnet_frozen,fold6_balkan_e,134,0.6346348136339107,False,21,1e-05,1e-05,0.7851797956973314,0.11216854224247592,0.5342364832758904,0.08931460417807102,0.2472334485501051,1.6572797503322363,0.59387999586761,0.019752701744437218,0.11730623990297318,0.04606423154473305,0.0071470364928245544,4.036708914234189,2.7618724204676823,0.26153644348565397,827,8.467026824651832,6.1630063856914425,-0.8796602608644142,146,0.6233029961585999
resnet_frozen,fold6_balkan_e,135,0.6241024529342928,True,0,1e-05,1e-05,0.7947060242295265,0.1135294320327895,0.5224935915321112,0.09061175398528576,0.24707756005227566,1.656185682862997,0.603061543777585,0.01988678053021431,0.11738084815442562,0.04607930779457092,0.007219741120934486,4.027696423357925,2.759993684386323,0.26483019920460016,827,8.446455734230002,6.141812534049188,-0.8705378875362044,146,0.6191651821136475
resnet_frozen,fold6_balkan_e,136,0.5999601887676419,True,0,1e-05,1e-05,0.9240439981222153,0.13200628544603074,0.5769903268665075,0.1011303048580885,0.2542866747826338,1.8578227031975985,0.7330068349838257,0.01935080997645855,0.11740144714713097,0.046033648774027824,0.007189834490418434,4.025847470965516,2.7588091493706806,0.26550501767190515,827,8.444999254312329,6.141180300154934,-0.86989284396748,146,0.619220495223999
resnet_frozen,fold6_balkan_e,137,0.6398801284660883,True,0,1e-05,1e-05,0.9157405924052,0.1308200846293143,0.6130611374974251,0.10318196378648281,0.251528674736619,1.8848444484174252,0.7242086865007877,0.019467948004603386,0.11738318018615246,0.046415768563747406,0.007222402840852737,4.0146028219009295,2.7554653267043734,0.2696023432759913,827,8.424256950323993,6.118342957912145,-0.8607185972023839,146,0.6147145628929138
resnet_frozen,fold6_balkan_e,138,0.6963006864868312,True,0,1e-05,1e-05,0.9594220574945211,0.13706029392778873,0.6376071646809578,0.11702830344438553,0.25379129499197006,1.9691852070391178,0.7676198557019234,0.019422605633735657,0.1175083052366972,0.046426134184002876,0.007382150739431381,4.005002800897827,2.7514961306167924,0.2730913306274848,827,8.406488992434177,6.098213463103341,-0.8528778334373339,146,0.6106582880020142
resnet_frozen,fold6_balkan_e,139,0.6440813186811565,False,1,1e-05,1e-05,0.9111327677965164,0.13016182397093093,0.577043728902936,0.0956895761191845,0.2537135686725378,1.8389671798795462,0.7197216879576445,0.0193246491253376,0.11760767549276352,0.04625627584755421,0.007148154079914093,4.009175201715598,2.749636626742169,0.2715759588092378,827,8.418476869846659,6.109906185931754,-0.8581661077338216,146,0.6131703853607178
resnet_frozen,fold6_balkan_e,140,0.6567660127614401,False,2,1e-05,1e-05,0.8832879960536957,0.12618399943624223,0.5722581651061773,0.09775295667350292,0.25394351594150066,1.8085433449596167,0.6920756623148918,0.019341466948390007,0.11755037680268288,0.04611613228917122,0.007143756374716759,4.010338680898558,2.7513808813277927,0.27115311413892806,827,8.416968606423476,6.108441120376422,-0.8575003452784415,146,0.6125739812850952
resnet_frozen,fold6_balkan_e,141,0.6255921983084627,False,3,1e-05,1e-05,0.8821485470980406,0.12602122101400579,0.5767245776951313,0.09876052848994732,0.25408407486975193,1.8130099810659885,0.6901278272271156,0.0194277074187994,0.11758401244878769,0.046638619154691696,0.0072901081293821335,4.014256889886105,2.7509640886927063,0.26972821228880406,827,8.425177750849201,6.1168991536016355,-0.8611253854352827,146,0.6142303943634033
resnet_frozen,fold6_balkan_e,142,0.6386383499459171,False,4,1e-05,1e-05,0.8408309631049633,0.12011870901499476,0.5561734419316053,0.09470308758318424,0.2511937636882067,1.744207814335823,0.6495666243135929,0.019434994086623192,0.11737815476953983,0.0460355244576931,0.00731421634554863,4.018141130445059,2.74987776670149,0.26831429000412743,827,8.438248719021532,6.132602466378801,-0.8669046299426348,146,0.6174732446670532
resnet_frozen,fold6_balkan_e,143,0.628872798749008,False,5,1e-05,1e-05,0.8511567208915949,0.12159381727022785,0.5588828735053539,0.09502376616001129,0.25262884609401226,1.758981665596366,0.6598106510937214,0.01948689855635166,0.11738231591880322,0.04619009234011173,0.00722423754632473,4.011871380668973,2.752259727514875,0.27059589590136535,827,8.419411453333634,6.112996807760727,-0.858578702026779,146,0.6128899455070496
resnet_frozen,fold6_balkan_e,144,0.6552466746541292,False,6,1e-05,1e-05,1.762663597241044,0.2518090853201492,2.755701484158635,0.11404689215123653,0.24716193042695522,4.880863036960363,1.577464597299695,0.019298596307635307,0.11797509714961052,0.039972832426428795,0.006922591477632523,4.011271351341145,2.7481739034050467,0.2708140639748223,827,8.428287294593153,6.119949301318774,-0.8624994380528679,146,0.6149313449859619
resnet_frozen,fold6_balkan_e,145,0.6390149671192469,True,0,1e-05,1e-05,0.7927735522389412,0.11325336460556303,0.5501946061849594,0.10181222297251225,0.25629822723567486,1.7023744080215693,0.6049538888037205,0.019751379266381264,0.11748348735272884,0.04217677749693394,0.007342733442783356,3.997673498652069,2.7489878209514083,0.2757494353198644,827,8.387615540461947,6.077573227125858,-0.8445673616240079,146,0.6060637831687927
resnet_frozen,fold6_balkan_e,146,0.6000016845555519,False,1,1e-05,1e-05,0.8102523479610682,0.11575033542300973,0.5216211825609207,0.08909434452652931,0.24733025021851063,1.6697256155312061,0.6227536667138338,0.01968822255730629,0.11744529753923416,0.04191568307578564,0.007338607683777809,3.9946460193135045,2.7422761863059137,0.276845984781275,827,8.39799527437509,6.084893983892398,-0.8491355169084225,146,0.6080073118209839
resnet_frozen,fold6_balkan_e,147,0.6350095995680453,False,2,1e-05,1e-05,0.7875484172254801,0.11250691674649715,0.5434144902974367,0.09428036585450172,0.25199410505592823,1.6785445716232061,0.6001743618398905,0.019632048904895782,0.11749136447906494,0.04198986850678921,0.007216179743409157,3.996595439968697,2.7415762642505266,0.2761400021496807,827,8.408897549604728,6.096539083655939,-0.8539397277698224,146,0.6101247668266296
resnet_frozen,fold6_balkan_e,148,0.6384523846073912,False,3,1e-05,1e-05,0.8365890588611364,0.11951272269444806,0.5478552132844925,0.09444653615355492,0.25144556537270546,1.7316331844776869,0.649365933611989,0.019417403265833855,0.11745857447385788,0.04206107556819916,0.007231166586279869,3.989520192210364,2.7433230687613364,0.2787006593741622,827,8.389135555381815,6.076934040842275,-0.8452359721363305,146,0.6063180565834045
resnet_frozen,fold6_balkan_e,149,0.6238847753301064,True,0,1e-05,1e-05,0.8308366443961859,0.11869094919945512,0.5491680260747671,0.09458981640636921,0.25060667283833027,1.7265152726322412,0.6437351237982512,0.019487986341118813,0.11737149767577648,0.04198877327144146,0.0071927569806575775,3.9844348320823375,2.7401001331283115,0.2805383385563661,827,8.384551076682316,6.071064180928005,-0.8432197611683854,146,0.6052663922309875
resnet_frozen,fold6_balkan_e,150,0.6298234240752177,True,0,1e-05,1e-05,0.8343939669430256,0.11919913813471794,0.5448943395167589,0.09392595663666725,0.25087165273725986,1.7254128865897655,0.647094089537859,0.019462114199995995,0.11733444221317768,0.042191166430711746,0.007222268730401993,3.981722413249376,2.740312152977143,0.2815175575438563,827,8.369096815203148,6.056407378974878,-0.8364312407559484,146,0.6021001935005188
resnet_frozen,fold6_balkan_e,151,0.6149026716202317,False,1,1e-05,1e-05,0.8329984452575445,0.11899977789393493,0.5489411354064941,0.09405356831848621,0.25115663558244705,1.728451183065772,0.6457028388977051,0.019631382077932358,0.11726720258593559,0.04210464470088482,0.007231505587697029,3.9900170017348193,2.73808255094042,0.27852100333661434,827,8.398908309362024,6.087326452020724,-0.8495376169680733,146,0.6082216501235962
resnet_frozen,fold6_balkan_e,152,0.6541557957788765,False,2,1e-05,1e-05,0.8311703372746706,0.11873861961066723,0.5529726073145866,0.09512386471033096,0.2504549119621515,1.7310187723487616,0.6438605058938265,0.019663145765662193,0.11739731207489967,0.04205848090350628,0.007152015343308449,3.981941060392081,2.7334501465453975,0.28143864775052874,827,8.387113735408182,6.072300213208016,-0.8443466587242807,146,0.6054978370666504
resnet_frozen,fold6_balkan_e,153,0.6462018798311503,False,3,1e-05,1e-05,0.8331791777163744,0.11902559681662492,0.5449116509407759,0.09467888623476028,0.25115046463906765,1.725232519209385,0.645897900685668,0.019502125680446625,0.1174249928444624,0.04209364764392376,0.007209649309515953,3.9782791461669316,2.731340099224912,0.2827596618394601,827,8.391768664935736,6.076679561575225,-0.8463944874422655,146,0.6064521074295044
resnet_frozen,fold6_balkan_e,154,0.6354757122145887,False,4,1e-05,1e-05,0.8389156516641378,0.11984509309487683,0.5491788648068905,0.09578059613704681,0.2528035156428814,1.737987918779254,0.6515775825828314,0.019563859328627586,0.11734517477452755,0.04222180135548115,0.0071539077907800674,3.978308823482778,2.7318805914968087,0.28274896080684486,827,8.392304312500606,6.078000152951848,-0.8466302061125495,146,0.6064268350601196
resnet_frozen,fold6_balkan_e,155,0.6482538317826811,False,5,1e-05,1e-05,0.8194050658494234,0.11705786654991764,0.515082648023963,0.08845941163599491,0.24584224075078964,1.670093435794115,0.632252661511302,0.01948452554643154,0.11735685542225838,0.04197213239967823,0.0072577279061079025,3.978571883533136,2.7278616313119115,0.2826541032475334,827,8.395360147923167,6.07984906726163,-0.8479752539468999,146,0.6074374914169312
resnet_frozen,fold6_balkan_e,156,0.5924007457285723,False,6,1e-05,1e-05,0.760611267760396,0.10865875253719944,0.5237124040722847,0.08981531299650669,0.24649569019675255,1.6219466254115105,0.5730876475572586,0.0198107548058033,0.1173599399626255,0.04197864606976509,0.007275324314832687,3.9832810693099265,2.7261416662460856,0.2809549436373222,827,8.41040187297717,6.095247107034487,-0.8546031142153698,146,0.6106494069099426
resnet_frozen,fold6_balkan_e,157,0.6667351866863948,False,7,1e-05,1e-05,0.7915644813328981,0.11308064019041401,0.5184179618954659,0.08920254372060299,0.24674899876117706,1.6472389176487923,0.6041337959468365,0.019881419837474823,0.11726371943950653,0.04209626279771328,0.007129698991775513,3.975273883549395,2.7273482497956474,0.28384288468386376,827,8.388274716838852,6.070631613381439,-0.8448572993310164,146,0.6055905818939209
resnet_frozen,fold6_balkan_e,158,0.6618956689246477,False,8,1e-05,1e-05,0.7861783392727375,0.11231119132467679,0.5341975949704647,0.0898787621408701,0.24709042347967625,1.6586397774517536,0.5988042950630188,0.019752146676182747,0.11733568459749222,0.04202724248170853,0.007202509790658951,3.9719910817556787,2.7257618737271097,0.285025208818913,827,8.390915378623788,6.0741140904602435,-0.8460190187881944,146,0.6064164638519287
resnet_frozen,fold6_balkan_e,159,0.5918068291918975,False,9,1e-05,1e-05,0.7857830170542002,0.1122547167220286,0.5228428039699793,0.0894043818116188,0.2469974420964718,1.6463205553591251,0.5987800024449825,0.01960265077650547,0.11736740358173847,0.041949544101953506,0.0070627611130476,3.972591240308303,2.7211776541831303,0.28480913046179956,827,8.400923972273393,6.081634821413744,-0.850425468481397,146,0.6085872650146484
resnet_frozen,fold6_balkan_e,160,0.6552037120297858,False,10,1e-05,1e-05,0.7885829787701368,0.1126547112528767,0.53850057721138,0.09466581791639328,0.24967036210000515,1.672723026946187,0.6007867604494095,0.01990489847958088,0.11737817525863647,0.04216464050114155,0.007301148027181625,3.9748534228394656,2.7240055573045994,0.2839943711039611,827,8.404736826880722,6.087276227565579,-0.8521055228143959,146,0.6096078157424927
resnet_frozen,fold6_balkan_e,161,0.5985871399184092,False,11,1e-05,1e-05,0.8247149214148521,0.11781641734497887,0.5446137320250273,0.09442265890538692,0.2501985616981983,1.7152398526668549,0.6375473290681839,0.019570326432585716,0.11738402955234051,0.041993506252765656,0.007191890850663185,3.9683640703883856,2.7201264100467255,0.2863303666832717,827,8.396635577013551,6.07512988832125,-0.8485367880303194,146,0.6073504090309143
resnet_frozen,fold6_balkan_e,162,0.601769485381379,False,12,1e-05,1e-05,0.8259786311537027,0.11799694730767182,0.5415150802582502,0.09367664530873299,0.2504043411463499,1.7128669489175081,0.6389765609055758,0.01965598203241825,0.11729190684854984,0.04188859649002552,0.007108965888619423,3.9731580993794777,2.7199137330178575,0.2846050111189552,827,8.404819259303824,6.083806067850487,-0.8521418533498861,146,0.6094340085983276
resnet_frozen,fold6_balkan_e,163,0.6022552296501261,False,13,1e-05,1e-05,0.8300631642341614,0.11858045203345162,0.5442033521831036,0.09450886771082878,0.2503118943423033,1.7203873489052057,0.6428615748882294,0.01957400143146515,0.11732210405170918,0.04195117577910423,0.007314728572964668,3.9610396302237514,2.7186273744676455,0.2889623865605149,827,8.376352445938057,6.051180751449999,-0.8396168277085823,146,0.6032416820526123
resnet_frozen,fold6_balkan_e,164,0.6148078069721484,False,14,1e-05,1e-05,0.780292795971036,0.11147039942443371,0.5214384719729424,0.09043014422059059,0.24847436137497425,1.6419778540730476,0.5930607803165913,0.019716283306479454,0.11750445514917374,0.04180340841412544,0.00713609904050827,3.9662313527848116,2.7191472054758896,0.2870972553880158,827,8.392593356898525,6.0694667465407495,-0.8467574101051525,146,0.6066730618476868
resnet_frozen,fold6_balkan_e,165,0.6414492075503809,False,15,1e-05,1e-05,0.832089576870203,0.11886993955288615,0.549228023737669,0.09413779899477959,0.2514858338981867,1.728265592828393,0.643498782068491,0.019681254401803017,0.11732285469770432,0.042766278609633446,0.00765608623623848,3.9621855187369746,2.714688529279979,0.2885509351426555,827,8.394191973759526,6.07238355988135,-0.8474610159110492,146,0.6073879599571228
resnet_frozen,fold6_balkan_e,166,0.656314217914549,False,16,1e-05,1e-05,0.791046503931284,0.11300664341875485,0.5268212389200926,0.09001202322542667,0.24718336015939713,1.6563801653683186,0.6041890569031239,0.019773824140429497,0.11722163297235966,0.04174133203923702,0.007085030898451805,3.950491122738582,2.7108820415424923,0.29274442323688343,827,8.372824334277258,6.045323257932248,-0.8380674643661157,146,0.6021904349327087
resnet_frozen,fold6_balkan_e,167,0.6297165202979165,False,17,1e-05,1e-05,0.7851678356528282,0.11216683366468974,0.5226649232208729,0.08976644091308117,0.2469772920012474,1.6458802968263626,0.5977083537727594,0.019922127947211266,0.11730972677469254,0.04214617609977722,0.00705297477543354,3.956410722778473,2.7080753579519543,0.2906232657599568,827,8.392254567336908,6.0652880200978245,-0.8466083144732044,146,0.6063326597213745
resnet_frozen,fold6_balkan_e,168,0.586830577366009,False,18,1e-05,1e-05,0.7849100679159164,0.11213000970227378,0.5282895304262638,0.09115814417600632,0.25391292572021484,1.6595791187137365,0.5977937243878841,0.019743075594305992,0.11720956116914749,0.04197588376700878,0.00713590532541275,3.950753449594137,2.7059835289829812,0.2926504914771285,827,8.376089855096572,6.044435690509208,-0.8395014889708503,146,0.6021454930305481
resnet_frozen,fold6_balkan_e,169,0.6076766893970347,False,19,1e-05,1e-05,3.9488632399588823,0.564123319994126,0.759402196854353,0.09451539814472198,0.2502401936799288,5.054303426295519,3.750412728637457,0.026620667427778244,0.12105421908199787,0.0395575687289238,0.01011817529797554,3.9473456387350176,2.704062615698054,0.29387024550427776,827,8.371345606507697,6.038334075699161,-0.8374182780749106,146,0.6012547612190247
resnet_frozen,fold6_balkan_e,170,0.607020755200461,True,0,1e-05,1e-05,0.9286978337913752,0.1326711191130536,0.5646199285984039,0.1090695708990097,0.24572226963937283,1.8494429308921099,0.7412381693720818,0.019770294427871704,0.11728515662252903,0.04204513691365719,0.0073135606944561005,3.9455242093319667,2.7085766553186303,0.294521756102178,827,8.358982406695901,6.025334420245728,-0.8319951128941994,146,0.5984653830528259
resnet_frozen,fold6_balkan_e,171,0.6343804651188879,False,1,1e-05,1e-05,0.7904265448451042,0.11291807783501488,0.5305711794644594,0.09067023359239101,0.24650776013731956,1.659546310082078,0.6033691987395287,0.019596965983510017,0.11742932349443436,0.04187534190714359,0.007152870297431946,3.9466603399155646,2.708250292990922,0.29411540664577085,827,8.363152875911869,6.029725073333634,-0.8338236094257083,146,0.5993468761444092
resnet_frozen,fold6_balkan_e,172,0.6009451740454013,False,2,1e-05,1e-05,0.8027301914989948,0.11467574164271355,0.540093220770359,0.09450739622116089,0.24566908925771713,1.6843166779726744,0.6153636835515499,0.019498346373438835,0.11749057844281197,0.04214143194258213,0.007232800126075745,3.9563544885506543,2.705323762956604,0.2906434309916184,827,8.3980003278248,6.067499196233379,-0.849137742324334,146,0.6071004867553711
resnet_frozen,fold6_balkan_e,173,0.6381983820443574,False,3,1e-05,1e-05,0.8759638722985983,0.1251376960426569,0.5712164044380188,0.11910338886082172,0.24659192003309727,1.8141664750874043,0.6885146703571081,0.01969284936785698,0.11742310225963593,0.04208897985517979,0.007215335965156555,3.9503921275572558,2.7034129955485775,0.29277986896484,827,8.386845653925304,6.056790129419006,-0.84422875707161,146,0.60491943359375
resnet_frozen,fold6_balkan_e,174,0.6124014110634376,False,4,1e-05,1e-05,0.8423106055706739,0.12033008651009627,0.5278895776718855,0.08934738114476204,0.24657672084867954,1.7074196003377438,0.6545925512909889,0.01958867907524109,0.11747760884463787,0.04228938743472099,0.007312482222914696,3.9547361451548952,2.7059903580750375,0.291223635688333,827,8.394060205661011,6.065891626743794,-0.8474030152088416,146,0.6065463423728943
resnet_frozen,fold6_balkan_e,175,0.592998656857547,False,5,1e-05,1e-05,0.782106377184391,0.111729482454913,0.5284207593649626,0.08924897201359272,0.24624324031174183,1.6473332699388266,0.5943278037011623,0.01974351890385151,0.11761228553950787,0.04219908267259598,0.007194476202130318,3.9442293237174377,2.7006404678565197,0.2949847433644238,827,8.381514380116531,6.051409740460925,-0.8418848571384923,146,0.6036261320114136
resnet_frozen,fold6_balkan_e,176,0.6181493480087336,False,6,1e-05,1e-05,0.7894974425435066,0.11278534893478666,0.5286719109863043,0.08970658108592033,0.2471819519996643,1.656333316117525,0.6023801993578672,0.019761133939027786,0.11732401140034199,0.041864797472953796,0.007132934406399727,3.934571718003546,2.69583116791616,0.29843303353762773,827,8.366106606078338,6.031417908573261,-0.8351191917800627,146,0.5999122262001038
resnet_frozen,fold6_balkan_e,177,0.6064913610160856,False,7,1e-05,1e-05,0.8014626409858465,0.11449466299797807,0.5295112319290638,0.09124836325645447,0.24725215137004852,1.6707634888589382,0.6137978732585907,0.019756870344281197,0.11740812100470066,0.042101478204131126,0.007291076704859734,3.937300493895445,2.696489279431281,0.2974595690676525,827,8.36763151437314,6.035721936297325,-0.8357882350144905,146,0.6000077724456787
resnet_frozen,fold6_balkan_e,178,0.6322390015497173,False,8,1e-05,1e-05,0.8015806209295988,0.11451151727565698,0.5570751633495092,0.09513950906693935,0.24687952175736427,1.7019694335758686,0.6140862498432398,0.01968090981245041,0.11724958010017872,0.04225805774331093,0.007274353876709938,3.9400516358360886,2.698069182630246,0.2964774425045341,827,8.375850071629987,6.043464335410845,-0.8393961711583668,146,0.6014266610145569
resnet_frozen,fold6_balkan_e,179,0.565841960791665,False,9,1e-05,1e-05,0.8254815526306629,0.1179259360900947,0.5561781600117683,0.09674789011478424,0.2474716529250145,1.7271712124347687,0.6379015445709229,0.019732195883989334,0.11734867468476295,0.04229264333844185,0.0071821194142103195,3.948726131186272,2.6973201187787996,0.2933762541779864,827,8.391129808841686,6.060347743535077,-0.8461133701909824,146,0.6051013469696045
resnet_frozen,fold6_balkan_e,180,0.6112452994811347,False,10,1e-05,1e-05,0.835446348413825,0.11934947834483214,0.5357518661767244,0.09439127705991268,0.24698291905224323,1.7138721738010645,0.6480098161846399,0.019644996151328087,0.11742845550179482,0.04210053011775017,0.007240543141961098,3.9385897338818547,2.6954480597029344,0.2969994103845661,827,8.37221364647575,6.037634683660917,-0.8377993482803778,146,0.6008239984512329
resnet_frozen,fold6_balkan_e,181,0.6044582011765984,False,11,1e-05,1e-05,0.7854923605918884,0.11221319437026978,0.5278982203453779,0.0899877231568098,0.24698743037879467,1.6516618113964796,0.5982515905052423,0.01961815357208252,0.11738235503435135,0.042074186727404594,0.007127240300178528,3.943103901157456,2.697369757779924,0.2953870155510232,827,8.37320270596774,6.040644458209023,-0.8382335943075325,146,0.6011881828308105
resnet_frozen,fold6_balkan_e,182,0.6096701201101024,False,12,1e-05,1e-05,0.786873759701848,0.11241053710026401,0.5291189607232809,0.09067339636385441,0.24841233156621456,1.6564029213041067,0.5993763115257025,0.019765356555581093,0.11746121756732464,0.042021000757813454,0.007190937176346779,3.9378740585596357,2.6929282296342065,0.2972548695701491,827,8.37302224274321,6.0400015548829655,-0.8381543582019038,146,0.6010528802871704
resnet_frozen,fold6_balkan_e,183,0.6029482914141617,False,13,1e-05,1e-05,0.893181037157774,0.12759729102253914,0.5533741097897291,0.09940642677247524,0.24690242111682892,1.7941780295222998,0.7022904809564352,0.019816767424345016,0.11758673936128616,0.04394393041729927,0.008430128917098045,3.936233875380428,2.68576350190653,0.29784015527564955,827,8.38355687038475,6.049396386843227,-0.8427826639332574,146,0.603347659111023
resnet_frozen,fold6_balkan_e,184,0.5820963812278,False,14,1e-05,1e-05,0.799047090113163,0.11414958430188042,0.5326292552053928,0.08964863419532776,0.24706712178885937,1.669693036004901,0.6115700602531433,0.019732946529984474,0.11733479239046574,0.04225211217999458,0.007110085338354111,3.9356605215900187,2.6839734282841463,0.29804469428463687,827,8.379475168542797,6.04311115094985,-0.8409887097756794,146,0.6021616458892822
resnet_frozen,fold6_balkan_e,185,0.5961830249864792,False,15,1e-05,1e-05,0.7841770686209202,0.11202529551727432,0.5326834134757519,0.0890928115695715,0.24618151038885117,1.6534433644264936,0.5971099566668272,0.019711684435606003,0.11719435453414917,0.042025111615657806,0.0071159470826387405,3.933130163218337,2.685043480590959,0.2989470218548326,827,8.371491615034099,6.034113713480265,-0.8374823731648431,146,0.6002148985862732
resnet_frozen,fold6_balkan_e,186,0.631718258471414,False,16,1e-05,1e-05,0.7904881611466408,0.11292688016380582,0.5330648440867662,0.08896034024655819,0.24653025344014168,1.6603722125291824,0.6034277081489563,0.01972678303718567,0.11730530671775341,0.04187287017703056,0.007121346890926361,3.936213682667862,2.6865209609433833,0.29784735935752116,827,8.380416065906457,6.044308621877999,-0.841402167334425,146,0.6020317673683167
resnet_frozen,fold6_balkan_e,187,0.6139663179667425,False,17,1e-05,1e-05,0.7844539470970631,0.11206484958529472,0.5269872974604368,0.08876942098140717,0.2466950509697199,1.6482108011841774,0.5971104446798563,0.019739948213100433,0.11735499277710915,0.04210467264056206,0.007124846801161766,3.929167703537431,2.686037285992322,0.3003588718269119,827,8.365660881179549,6.027822287778008,-0.8349236560153002,146,0.598846435546875
resnet_frozen,fold6_balkan_e,188,0.6087836019938052,False,18,1e-05,1e-05,0.7643834315240383,0.10919763307486262,0.5216685850173235,0.08877553232014179,0.24622328765690327,1.6223582196980715,0.5772332418709993,0.019505508244037628,0.11736639402806759,0.04203934408724308,0.007197536528110504,3.9276166893158773,2.6879047604025876,0.30091112067089887,827,8.359329913696854,6.02397455815227,-0.832147438698887,146,0.5976347923278809
resnet_frozen,fold6_balkan_e,189,0.5932260257301192,True,0,1e-05,1e-05,0.7485107574611902,0.10693010820874146,0.5346201322972775,0.09414778836071491,0.25064223259687424,1.6292173359543085,0.561147702857852,0.019617928192019463,0.11734434403479099,0.04208727739751339,0.007217966020107269,3.9190109943685494,2.682969332372539,0.3039712740436754,827,8.34692705670674,6.008772685389011,-0.8267147054434985,146,0.5951964855194092
resnet_frozen,fold6_balkan_e,190,0.5968464086825499,False,1,1e-05,1e-05,0.7850677575916052,0.11215253679880074,0.5218425244092941,0.08965418115258217,0.2470606118440628,1.6449488699436188,0.5979191139340401,0.019821947440505028,0.11738302372395992,0.041802965104579926,0.007088024169206619,3.920452759536478,2.679665646507082,0.30345905574927734,827,8.353644119695922,6.017030155344483,-0.8296559303441191,146,0.5969011187553406
resnet_frozen,fold6_balkan_e,191,0.6072480225937831,True,0,1e-05,1e-05,0.7763224020600319,0.11090320029429027,0.5322078540921211,0.0899002943187952,0.24842354282736778,1.648174449801445,0.5894622877240181,0.019725792109966278,0.11721051670610905,0.04173501394689083,0.0071604494005441666,3.912730781121339,2.678713214897191,0.3062002580406269,827,8.338822144800769,6.000721797768041,-0.8231689277888652,146,0.5933927297592163
resnet_frozen,fold6_balkan_e,192,0.6067308335955803,False,1,1e-05,1e-05,0.7760626915842295,0.11086609879774707,0.6690020356327295,0.0894243624061346,0.24722804129123688,1.78305627964437,0.5890364404767752,0.019747696816921234,0.11733002588152885,0.04181542433798313,0.00709865428507328,3.91540769260245,2.674586258067439,0.30525060118035074,827,8.353003312940762,6.0143284278160944,-0.8293752358607234,146,0.5962724685668945
resnet_frozen,fold6_balkan_e,193,0.5903354999952766,False,2,1e-05,1e-05,0.7747662495821714,0.11068089279745306,0.5215750429779291,0.08950188383460045,0.24722695164382458,1.6343828588724136,0.5872878506779671,0.019744034856557846,0.1173437349498272,0.04210990481078625,0.007233431562781334,3.9200937262623126,2.6732580175418548,0.30358662771097367,827,8.364995007473762,6.027232400039235,-0.8346315622272082,146,0.5991123914718628
resnet_frozen,fold6_balkan_e,194,0.6029370456681719,True,0,1e-05,1e-05,2.1488874200731516,0.30698391715330736,2.7065713964402676,0.09083267115056515,0.24794495292007923,5.195556687191129,1.9636231381446123,0.019343996420502663,0.11754939332604408,0.04029505513608456,0.006965773180127144,3.905201339818146,2.6757090790609857,0.3088679080326714,827,8.322163181290284,5.985251506384302,-0.8158916970169319,146,0.5902754664421082
resnet_frozen,fold6_balkan_e,195,0.5696925586483643,False,1,1e-05,1e-05,0.851418374106288,0.12163119630089828,0.5372527204453945,0.09613540768623352,0.24977407604455948,1.7359080649912357,0.6599074434489012,0.01953551545739174,0.11734418384730816,0.04645177163183689,0.007122764363884926,3.9097424674432992,2.6704100957278976,0.3072596202332657,827,8.349467008742463,6.012926961665509,-0.827826605341256,146,0.5960375666618347
resnet_frozen,fold6_balkan_e,196,0.5663033546530782,False,2,1e-05,1e-05,0.9611577522009611,0.137308250314423,0.6032312829047441,0.1166674867272377,0.2494656816124916,1.9318309742957354,0.769574137404561,0.019534924998879433,0.11738367937505245,0.0463727954775095,0.007253916934132576,3.9068580197859775,2.672650956833353,0.30828139406977817,827,8.34089383724623,6.004868474559621,-0.8240749345155811,146,0.5941854119300842
resnet_frozen,fold6_balkan_e,197,0.610909536931362,False,3,1e-05,1e-05,0.8335944786667824,0.11908492552382606,0.5414491891860962,0.09495235793292522,0.24967126362025738,1.7209721114486456,0.6412785276770592,0.019695447757840157,0.11735235713422298,0.04700806736946106,0.007182605564594269,3.912093356582365,2.6750409463731333,0.30642629401511245,827,8.346666615630374,6.011370158842127,-0.8266007128043726,146,0.5952726602554321
resnet_frozen,fold6_balkan_e,198,0.6263181185924156,False,4,1e-05,1e-05,0.8168019838631153,0.11668599769473076,0.5399060808122158,0.09260440431535244,0.25010284408926964,1.7007215954363346,0.6258315350860357,0.01961440220475197,0.11712309345602989,0.046156564727425575,0.0070214346051216125,3.899726625851677,2.672481962182248,0.310804350208995,827,8.322431186586916,5.98587745520934,-0.8160086561340745,146,0.5904760360717773
resnet_frozen,fold6_balkan_e,199,0.5843688245263613,False,5,1e-05,1e-05,0.9177742190659046,0.13111060272370065,0.6284199990332127,0.12161736935377121,0.25335004925727844,1.9224543552845716,0.7260666750371456,0.019348561763763428,0.11736358143389225,0.04659789986908436,0.007384611293673515,3.9030574453483213,2.6726383696698703,0.3096265411591129,827,8.327723080033193,5.99408527379007,-0.8183188415673108,146,0.5918573141098022
resnet_frozen,fold6_balkan_e,200,0.615268222942606,False,6,1e-05,1e-05,0.8250167313963175,0.11785953305661678,0.5544291120022535,0.10050948150455952,0.26281173527240753,1.7440641727298498,0.633439015597105,0.019642455503344536,0.11757484637200832,0.046247679740190506,0.007076794281601906,3.8991423960005593,2.6684221984780323,0.3110108357139999,827,8.330492361480683,5.994656514219511,-0.8195283615816773,146,0.5922165513038635
resnet_frozen,fold6_balkan_e,201,0.5879223234275809,False,7,1e-05,1e-05,0.8590812776237726,0.12272589680339609,0.5496540479362011,0.09373857639729977,0.250069884583354,1.7542775869369507,0.6657687891274691,0.019703829661011696,0.11741039343178272,0.047371745109558105,0.007730187848210335,3.904127721540911,2.666512281203134,0.3092478679806252,827,8.344895999658517,6.008454913400409,-0.825825824935569,146,0.594927191734314
resnet_frozen,fold6_balkan_e,202,0.5907881297396345,False,8,1e-05,1e-05,0.8183953240513802,0.11691361772162574,0.5363753773272038,0.09268921613693237,0.25024843215942383,1.6990262046456337,0.6263478081673384,0.019353626295924187,0.11723950132727623,0.04723181948065758,0.007171954959630966,3.900518840404236,2.6650121989268425,0.310524306845094,827,8.337743395125141,6.001531663766921,-0.8226972507002512,146,0.5935810804367065
resnet_frozen,fold6_balkan_e,203,0.6311739837388174,True,0,1e-05,1e-05,0.8157586921006441,0.11653695601437773,0.5395092405378819,0.09270756505429745,0.2500174529850483,1.6993016246706247,0.6241817232221365,0.019561074674129486,0.11765002459287643,0.04624803736805916,0.007076157256960869,3.8975294021250617,2.6672943437656986,0.3115807586977314,827,8.318746823451965,5.979446513890325,-0.8144011080102509,146,0.5893628597259521
resnet_frozen,fold6_balkan_e,204,0.5891874375625851,True,0,1e-05,1e-05,0.8405097741633654,0.12007282488048077,0.5366695988923311,0.09311346523463726,0.248949671164155,1.7205817606300116,0.648850928992033,0.019483165815472603,0.117690559476614,0.04634431563317776,0.007093919441103935,3.8858174837852064,2.6626827136873983,0.31571188641908654,827,8.304050814767908,5.963751979441482,-0.8079960803984476,146,0.5862634778022766
resnet_frozen,fold6_balkan_e,205,0.5979502353875784,False,1,1e-05,1e-05,0.8176054544746876,0.11680077921066966,0.5425328835844994,0.09295146353542805,0.2494277637451887,1.7038471084088087,0.6263840440660715,0.0195617638528347,0.11738735251128674,0.04612121544778347,0.007100420072674751,3.8954335023234505,2.660214744387557,0.3123209557063714,827,8.33890302234243,5.998015956776503,-0.823204293487622,146,0.5935789942741394
resnet_frozen,fold6_balkan_e,206,0.5723762835095554,False,2,1e-05,1e-05,0.8115868903696537,0.11594098433852196,0.5384061392396688,0.09399807453155518,0.24939542450010777,1.694696631282568,0.6200929190963507,0.019614916294813156,0.11743470840156078,0.04623222537338734,0.007138736546039581,3.889824202548427,2.6580914752479394,0.3143000015000056,827,8.330959545666374,5.989974474888135,-0.8197324500497103,146,0.5919320583343506
resnet_frozen,fold6_balkan_e,207,0.5860257708031724,False,3,1e-05,1e-05,0.8190650381147861,0.11700929115925517,0.5340806674212217,0.08710495010018349,0.24485504999756813,1.6864099446684122,0.6280798446387053,0.019492648541927338,0.11727100796997547,0.04610937833786011,0.007077967748045921,3.8823372565541585,2.654958722450654,0.31693706577117586,827,8.318851915339149,5.97478841860872,-0.8144469514636061,146,0.5892326831817627
resnet_frozen,fold6_balkan_e,208,0.597740597707617,False,4,1e-05,1e-05,0.7788536511361599,0.1112648073051657,0.5431739632040262,0.0940747857093811,0.2499301228672266,1.667332986369729,0.5874368362128735,0.019757628440856934,0.11732611618936062,0.04610129073262215,0.0071637630462646484,3.8792785749039957,2.6500337508149143,0.3180129378106731,827,8.3207819221667,5.974540983509173,-0.8152889669885848,146,0.5894076228141785
resnet_frozen,fold6_balkan_e,209,0.631619675992622,False,5,1e-05,1e-05,0.8268177527934313,0.11811682182763304,0.540299329906702,0.09387499652802944,0.2508708257228136,1.7131642680615187,0.6356357783079147,0.019408371299505234,0.11741680093109608,0.04620576836168766,0.007118428125977516,3.887055143549122,2.652544105300518,0.31527591599951743,827,8.336482636129844,5.989107749464114,-0.82214606841855,146,0.592084527015686
resnet_frozen,fold6_balkan_e,210,0.5958672630743652,False,6,1e-05,1e-05,0.8253699149936438,0.11790998785623483,0.5445232912898064,0.09402336925268173,0.2502692323178053,1.7154907882213593,0.6339981649070978,0.01963699422776699,0.11746121756732464,0.046126946806907654,0.0071011073887348175,3.8880387098252847,2.6514761447556507,0.31492935198176375,827,8.33587617911396,5.989996786117771,-0.8218809654679315,146,0.592110276222229
resnet_frozen,fold6_balkan_e,211,0.5716130626821461,False,7,1e-05,1e-05,0.8254814241081476,0.11792591772973537,0.539528626948595,0.09363109432160854,0.2500537037849426,1.710016304627061,0.6342443339526653,0.019587360322475433,0.11732509918510914,0.046169210225343704,0.007092999294400215,3.87972181088783,2.650653309962916,0.3178570848758786,827,8.313386624259834,5.967888948453076,-0.8120636362199418,146,0.5875989198684692
resnet_frozen,fold6_balkan_e,212,0.6138350637821073,False,8,1e-05,1e-05,0.826238751411438,0.11803410734449114,0.5466860961169004,0.09384607523679733,0.2500458750873804,1.7181044202297926,0.6349377352744341,0.01960708387196064,0.11729134246706963,0.04617302492260933,0.007155826315283775,3.8755815016090254,2.649420679360631,0.3193122282024329,827,8.30481658793671,5.958061398483648,-0.8083295510759114,146,0.5856692790985107
resnet_frozen,fold6_balkan_e,213,0.5489215551005021,True,0,1e-05,1e-05,0.8454839885234833,0.12078342693192619,0.5402356795966625,0.09635442867875099,0.25144472531974316,1.73482009395957,0.6537776291370392,0.01948506198823452,0.11755205690860748,0.046474481001496315,0.007139958441257477,3.869954629861956,2.6459400351239766,0.3212873446281739,827,8.297995935611818,5.949932898047545,-0.805360449436205,146,0.5841397047042847
resnet_frozen,fold6_balkan_e,214,0.6093326739273164,False,1,1e-05,1e-05,0.8380975630134344,0.11972822328763348,0.5691980049014091,0.09676012769341469,0.2523464150726795,1.7577401418238878,0.6464080661535263,0.019571427255868912,0.11733549274504185,0.04646584764122963,0.007230957970023155,3.875314646253259,2.643388039697315,0.3194059632580848,827,8.316287376998964,5.970272042977641,-0.8133284073248908,146,0.5881724953651428
resnet_frozen,fold6_balkan_e,215,0.5856595806227918,False,2,1e-05,1e-05,0.9070265106856823,0.12957521581224032,0.6003294885158539,0.10932758636772633,0.2539092358201742,1.8719039149582386,0.7153248656541109,0.01961238496005535,0.11750849336385727,0.04630203917622566,0.0072366055101156235,3.8695121295675055,2.6402980923046786,0.3214425471606577,827,8.3082428895402,5.958933751800108,-0.8098219767029669,146,0.5861406922340393
resnet_frozen,fold6_balkan_e,216,0.5802911068825221,True,0,1e-05,1e-05,0.8783303759992123,0.12547576799988747,0.5604335367679596,0.10016457922756672,0.2503089737147093,1.7905397396534681,0.6867221854627132,0.01949050836265087,0.11743030697107315,0.04635855741798878,0.007284929975867271,3.8649665652084897,2.6415872726786613,0.32303583066136277,827,8.29370814512115,5.944145504604165,-0.8034951780050379,146,0.5830763578414917
resnet_frozen,fold6_balkan_e,217,0.585288092764286,True,0,1e-05,1e-05,0.856093717738986,0.12229910253414086,0.5495315082371235,0.09420536644756794,0.24898565374314785,1.7501921653747559,0.6573005616664886,0.019644232466816902,0.11766918562352657,0.04635169543325901,0.014037398621439934,3.8595311818964677,2.6421436153832984,0.3249385495418027,827,8.276102922758879,5.928268970192568,-0.795846672919513,146,0.5797313451766968
resnet_frozen,fold6_balkan_e,218,0.6027655549608667,False,1,1e-05,1e-05,0.9570738412439823,0.13672483446342604,1.8395694214850664,0.3974176459014416,0.4907038286328316,3.686162756755948,0.7704179156571627,0.019444188103079796,0.11738426052033901,0.04175930842757225,0.007006034255027771,3.8671641255001763,2.6445308925919697,0.32226578906576386,827,8.286951768678158,5.938575710308047,-0.8005579805782403,146,0.5817975997924805
resnet_frozen,fold6_balkan_e,219,0.5753988014599433,False,2,1e-05,1e-05,1.6868006270378828,0.24097151814826898,0.5003361273556948,0.08871632441878319,0.24532324075698853,2.5225470792502165,1.4944039210677147,0.021773384883999825,0.11768807843327522,0.044811127707362175,0.007070725783705711,3.869682906687374,2.6466521379974512,0.32138265090461693,827,8.291689381866291,5.945425001977246,-0.8026173109215589,146,0.5824998021125793
resnet_frozen,fold6_balkan_e,220,0.5853288136197405,False,3,1e-05,1e-05,0.7682894449681044,0.10975563499544348,0.5055020526051521,0.08653699234127998,0.24485372751951218,1.6064964719116688,0.5808962043374777,0.020011277869343758,0.11729662492871284,0.04197848215699196,0.007073281332850456,3.8745997364245444,2.6452230229283265,0.31965704918557847,827,8.303818091955268,5.956520265791238,-0.807894742859339,146,0.584827184677124
resnet_frozen,fold6_balkan_e,221,0.5735764809069928,False,4,1e-05,1e-05,0.7697697672992945,0.10996710961418492,0.5171798784285784,0.08652384020388126,0.24571461230516434,1.6205445118248463,0.5825768858194351,0.019730504602193832,0.11737710423767567,0.04199307598173618,0.007073709741234779,3.8722924187669547,2.6432133920374303,0.3204670941004,827,8.30140285642835,5.952849308003301,-0.80684321293706,146,0.5843288898468018
resnet_frozen,fold6_balkan_e,222,0.5921679431034259,False,5,1e-05,1e-05,0.7799138762056828,0.11141626802938324,0.5076415240764618,0.08752137050032616,0.24455091916024685,1.6209149919450283,0.5927681904286146,0.019793087616562843,0.11725014634430408,0.04199289157986641,0.007056925445795059,3.869238695097767,2.640552686176747,0.32153844268214704,827,8.297765108754652,5.948961634681913,-0.8052600107554049,146,0.5836101174354553
resnet_frozen,fold6_balkan_e,223,0.5744861662748214,False,6,1e-05,1e-05,0.7694523204118013,0.10992176005882877,0.5074296314269304,0.08953141234815121,0.24485591053962708,1.6125808265060186,0.5817182175815105,0.019925404340028763,0.11743173375725746,0.042318303138017654,0.007030243054032326,3.8649838962304544,2.6363663214452235,0.3230297594537622,827,8.297036271585078,5.945809194886485,-0.8049428933641405,146,0.5833317637443542
resnet_frozen,fold6_balkan_e,224,0.597597041470252,False,7,1e-05,1e-05,0.7810392286628485,0.1115770326661212,0.5144502595067024,0.0878919530659914,0.2454739212989807,1.6301663313061,0.5893397480249405,0.019830700010061264,0.11744227819144726,0.046273816376924515,0.007109653204679489,3.8671359805896866,2.6337236678607514,0.32227565402037717,827,8.313448639296967,5.961428066158593,-0.8120906710777935,146,0.5866590142250061
resnet_frozen,fold6_balkan_e,225,0.5832729362663075,False,8,1e-05,1e-05,0.7706327103078365,0.1100903871868338,0.5174864511936903,0.08717244118452072,0.2455090805888176,1.6221013441681862,0.5799530148506165,0.019699569791555405,0.11726017855107784,0.04556754417717457,0.007119813933968544,3.8658584221331993,2.6305209710225688,0.3227233700842723,827,8.321576372058471,5.970434937015154,-0.8156356231042696,146,0.5886940956115723
resnet_frozen,fold6_balkan_e,226,0.5681433625780542,False,9,1e-05,1e-05,0.7749681118875742,0.11070973026965346,0.50821946375072,0.08755441941320896,0.24597766250371933,1.6180162709206343,0.5834430959075689,0.019832095131278038,0.1173628568649292,0.04624638892710209,0.00705738365650177,3.868432239557493,2.6333441656007723,0.32182123322800416,827,8.322237341897724,5.97377427051479,-0.8159240607734186,146,0.5889244675636292
resnet_frozen,fold6_balkan_e,227,0.5852342764728735,False,10,1e-05,1e-05,0.7735301833599806,0.11050431190856866,0.5095545537769794,0.08772965148091316,0.24602635018527508,1.6181615889072418,0.5820671655237675,0.019827330484986305,0.11730821616947651,0.046207716688513756,0.007090812548995018,3.8610569955372807,2.632790845871836,0.3244046911414923,827,8.305728944733696,5.956110762475405,-0.8087268945607251,146,0.5851743221282959
resnet_frozen,fold6_balkan_e,228,0.5708439606709232,False,11,1e-05,1e-05,0.7726689595729113,0.11038127993898732,0.5127295199781656,0.08869004249572754,0.2457104418426752,1.62109169177711,0.5816489197313786,0.019749900326132774,0.11764911562204361,0.04559928923845291,0.007003165781497955,3.854854972093875,2.6308237533746666,0.32657336811232063,827,8.294448737952026,5.941298934695987,-0.803817281269382,146,0.5820052027702332
resnet_frozen,fold6_balkan_e,229,0.5846571086251606,False,12,1e-05,1e-05,0.7764700558036566,0.11092429368623666,0.5145391337573528,0.08833101205527782,0.24558445997536182,1.6262206267565489,0.5845114924013615,0.019816868007183075,0.11751188337802887,0.04646686837077141,0.00713811069726944,3.8560825639376413,2.633319449912739,0.3261443897573427,827,8.285760014756608,5.9339120554480695,-0.8000401381198945,146,0.5806720852851868
resnet_frozen,fold6_balkan_e,230,0.5707515453629223,True,0,1e-05,1e-05,0.7725741509348154,0.11036773584783077,0.519893690943718,0.08812409825623035,0.2471823524683714,1.629076048731804,0.5826403331011534,0.019624998793005943,0.11725648865103722,0.044943079352378845,0.0070936419069767,3.8475704319501243,2.6295013233519082,0.3291161191609867,827,8.266922265411871,5.909513285923855,-0.7918646276053742,146,0.5762792229652405
resnet_frozen,fold6_balkan_e,231,0.5819532770343674,False,1,1e-05,1e-05,0.7769481837749481,0.11099259768213544,0.5192319229245186,0.08837094344198704,0.24499292112886906,1.6308463290333748,0.5851084366440773,0.01986878365278244,0.11728944443166256,0.04635029286146164,0.007291439920663834,3.8488915269077584,2.6283224363744684,0.3286553330689653,827,8.272752669825064,5.915992152268128,-0.7943930122143414,146,0.5775569677352905
resnet_frozen,fold6_balkan_e,232,0.5876157361622156,True,0,1e-05,1e-05,0.7763913441449404,0.11091304916356291,0.5208446830511093,0.08796284161508083,0.2454822901636362,1.6320058815181255,0.5841089114546776,0.019628237932920456,0.11735407263040543,0.04702378064393997,0.007256763055920601,3.8428543860637383,2.625303133953063,0.3307597434595584,827,8.26377067623193,5.905331416044584,-0.7904986670824077,146,0.575692892074585
resnet_frozen,fold6_balkan_e,233,0.5663606443024605,False,1,1e-05,1e-05,0.7798121050000191,0.11140172928571701,0.523100808262825,0.08907323144376278,0.2464865893125534,1.6397947389632463,0.5873501058667898,0.01978212036192417,0.1174304261803627,0.04689612612128258,0.007300516590476036,3.8398575391453607,2.621395187129965,0.33180314940844213,827,8.267747806305813,5.907621867050622,-0.7922225192944143,146,0.5760248899459839
resnet_frozen,fold6_balkan_e,234,0.5590628332209558,False,2,1e-05,1e-05,0.7880194038152695,0.1125742005450385,0.5165499988943338,0.08907869085669518,0.24588284268975258,1.6408546306192875,0.5957856066524982,0.019685644656419754,0.11741559952497482,0.04649820178747177,0.007570788264274597,3.83541805050778,2.6169312557918323,0.33334734080059225,827,8.266355310907688,5.902762098257021,-0.7916188599900678,146,0.575282633304596
resnet_frozen,fold6_balkan_e,235,0.5957781550673793,False,3,1e-05,1e-05,0.7817948497831821,0.11168497854045459,0.5185552835464478,0.08952125161886215,0.24704378098249435,1.6382346991449594,0.5897955484688282,0.019614649936556816,0.11725876852869987,0.0468501802533865,0.007235437631607056,3.8363070618789465,2.618610283990849,0.33303825820601396,827,8.264454204539119,5.898421500478363,-0.7907948774168494,146,0.5744878053665161
resnet_frozen,fold6_balkan_e,236,0.5556003473690083,False,4,1e-05,1e-05,0.7807556483894587,0.1115365211984941,0.5254807285964489,0.08847824111580849,0.2464550007134676,1.6424779295921326,0.5882975105196238,0.019706305116415024,0.11740508675575256,0.047027405351400375,0.007277468219399452,3.840233169562287,2.6180491518847235,0.3316724115695018,827,8.27588628638598,5.911485263845781,-0.7957526575063942,146,0.5772393345832825
resnet_frozen,fold6_balkan_e,237,0.5703857218916499,False,5,1e-05,1e-05,0.7784300465136766,0.11120429235909667,0.5276398602873087,0.08983811363577843,0.2460160907357931,1.643213052302599,0.5871604066342115,0.019765088334679604,0.11719677038490772,0.045956483110785484,0.007316220551729202,3.8480058889073114,2.6212013099221663,0.3289642531507936,827,8.283930108055051,5.923552403199909,-0.7992451496632866,146,0.5794539451599121
resnet_frozen,fold6_balkan_e,238,0.545806022191999,False,6,1e-05,1e-05,0.7798721566796303,0.11141030809709004,0.5266638398170471,0.08931683376431465,0.24636098183691502,1.6435270924121141,0.5877804923802614,0.01957251876592636,0.11729683168232441,0.04688459448516369,0.00729023665189743,3.8472835383476607,2.614080790556428,0.32921616417431476,827,8.303201583148219,5.940592862013116,-0.8076263020906982,146,0.5831040143966675
resnet_frozen,fold6_balkan_e,239,0.6112256171193059,False,7,1e-05,1e-05,0.824198180809617,0.11774259725851673,0.5751272197812796,0.09219607338309288,0.24918782152235508,1.7420191243290901,0.6258643623441458,0.019584644585847855,0.11736967228353024,0.05227626673877239,0.007979527115821838,3.851041997510063,2.6205681939390257,0.3279049298541721,827,8.296654344860233,5.938703799828626,-0.8047767279915619,146,0.5823075771331787
resnet_frozen,fold6_balkan_e,240,0.5562427686808907,False,8,1e-05,1e-05,0.7949018701910973,0.1135574100272996,0.5211758334189653,0.0899445042014122,0.24701163172721863,1.6543378811329603,0.60247553139925,0.019618075340986252,0.11749126203358173,0.04698818735778332,0.0072727929800748825,3.8459967487562077,2.6190990717103464,0.32966479932197335,827,8.281477564260229,5.920917988817734,-0.7981799368349201,146,0.5787221789360046
resnet_frozen,fold6_balkan_e,241,0.5513816450642559,False,9,1e-05,1e-05,0.7883675638586283,0.11262393769408975,0.5518710799515247,0.09183386713266373,0.24669045209884644,1.680064219981432,0.5960243884474039,0.019685333594679832,0.11732756532728672,0.04700974188745022,0.007257344201207161,3.8421817717948317,2.6184732083661775,0.3309939970151913,827,8.28117325763792,5.920648616956905,-0.7980477893998481,146,0.5787394046783447
resnet_frozen,fold6_balkan_e,242,0.5733203772622123,False,10,1e-05,1e-05,0.7597232200205326,0.1085318885743618,0.5140461381524801,0.08802882209420204,0.24582804180681705,1.6089295353740454,0.5676309280097485,0.019398055970668793,0.11736741662025452,0.046907939016819,0.007340926676988602,3.8428088752235157,2.617156294021511,0.3307755949610577,827,8.291641323248422,5.931567532366657,-0.8025964150482423,146,0.580817461013794
resnet_frozen,fold6_balkan_e,243,0.5827105613256452,False,11,1e-05,1e-05,0.7841641511768103,0.11202345016811575,0.5241102073341608,0.08951945416629314,0.24775160290300846,1.6468302737921476,0.5921005737036467,0.01983419433236122,0.11735359765589237,0.046557050198316574,0.007270257920026779,3.8341160653141064,2.614819944423684,0.33379987273202627,827,8.276262360673437,5.916865008868168,-0.795915867033961,146,0.5778416991233826
resnet_frozen,fold6_balkan_e,244,0.5461712506258503,False,12,1e-05,1e-05,1.724215168505907,0.246316452643701,2.0200476199388504,0.35375587828457355,0.931540559977293,5.030874835327268,1.5368946101516485,0.019617486745119095,0.11736441776156425,0.042145418003201485,0.007112812250852585,3.8349682889568184,2.6141247052093877,0.3335036821171824,827,8.277398026945919,5.916924959116294,-0.7964087709375591,146,0.5778928995132446
resnet_frozen,fold6_balkan_e,245,0.6104505601211788,True,0,1e-05,1e-05,0.7866675723344088,0.1123810817620584,0.5263440664857626,0.09144472517073154,0.2503115963190794,1.6560601126402617,0.5996169354766607,0.01963529735803604,0.1173783428966999,0.041870854794979095,0.00710717961192131,3.8292338703484923,2.6134030443832437,0.3354954124834165,827,8.263064528470265,5.899862811192382,-0.7901926802259791,146,0.5747624635696411
resnet_frozen,fold6_balkan_e,246,0.578911155137935,False,1,1e-05,1e-05,0.8045138251036406,0.11493054644337722,0.5376228503882885,0.09072442352771759,0.2480398826301098,1.6822357345372438,0.6170733422040939,0.019591698423027992,0.11761850491166115,0.04196035861968994,0.007201371714472771,3.8296873785215904,2.6129555030401415,0.33533800443935036,827,8.268983735214096,5.906482311633373,-0.7927583907883113,146,0.5760672688484192
resnet_frozen,fold6_balkan_e,247,0.5861858658519593,False,2,1e-05,1e-05,0.797560703009367,0.11393724328705243,0.5388561189174652,0.09095422364771366,0.2472354732453823,1.6758852489292622,0.6105806548148394,0.019633647054433823,0.11727743409574032,0.0418282225728035,0.007197001948952675,3.8240260933291195,2.6070627527741843,0.3373016424637687,827,8.265596186778156,5.902248383549515,-0.7912898156634802,146,0.5757371783256531
resnet_frozen,fold6_balkan_e,248,0.5537681971668764,True,0,1e-05,1e-05,0.7958498280495405,0.11369283257850579,0.5393790602684021,0.09124246425926685,0.24841640144586563,1.676204478368163,0.6082950700074434,0.019764568656682968,0.11746359243988991,0.042162658646702766,0.0070959702134132385,3.8239393027546544,2.6099869948874033,0.33733172349200913,827,8.2597002468136,5.897667851595754,-0.7887352339454394,146,0.5744484663009644
resnet_frozen,fold6_balkan_e,249,0.5472111638540801,True,0,1e-05,1e-05,0.7860805038362741,0.11229721483375345,0.5295533426105976,0.09133199602365494,0.24881265126168728,1.6570905931293964,0.5991560574620962,0.019470326602458954,0.11741074360907078,0.04189094342291355,0.0071151964366436005,3.822008720984119,2.6099866587314766,0.33800067362223885,827,8.253486350118289,5.891276327824063,-0.7860448615032996,146,0.5732002854347229
resnet_frozen,fold6_balkan_e,250,0.6383764273886813,True,0,1e-05,1e-05,0.7952717207372189,0.11361024581960269,0.5414606034755707,0.0908812154084444,0.24825440347194672,1.6771718934178352,0.6078564301133156,0.0197670329362154,0.11741174384951591,0.04201323539018631,0.0071579087525606155,3.8253620671775863,2.6155645524457687,0.33683851679076837,827,8.245333815264532,5.883742192828598,-0.782518205973944,146,0.5710537433624268
resnet_frozen,fold6_balkan_e,251,0.5641251071620881,False,1,1e-05,1e-05,0.7966306116431952,0.11380437309188503,0.5408005230128765,0.09089398384094238,0.24860053323209286,1.6782323624938726,0.6092159617692232,0.019753679633140564,0.117312116548419,0.04208379611372948,0.007212191820144653,3.8270086115086053,2.612569846550623,0.33626750690503904,827,8.252974918540177,5.891301549848799,-0.7858235219620524,146,0.5726016163825989
resnet_frozen,fold6_balkan_e,252,0.5601330333926513,False,2,1e-05,1e-05,0.7990450039505959,0.11414928627865654,0.5386170279234648,0.09117503464221954,0.2485795821994543,1.6787044201046228,0.6116229314357042,0.019670678302645683,0.1175440363585949,0.041948603466153145,0.007192015647888184,3.8290303977346047,2.6106027164464125,0.33556602968658467,827,8.259484942595503,5.894679523090957,-0.7886419818394401,146,0.5736809968948364
resnet_frozen,fold6_balkan_e,253,0.5986304784772474,False,3,1e-05,1e-05,0.7912344858050346,0.1130334979721478,0.5373585615307093,0.09035183489322662,0.24766774103045464,1.6679264418780804,0.6043749842792749,0.01957409828901291,0.11716205812990665,0.04194790683686733,0.007129840552806854,3.8320148368938542,2.6103240383308224,0.3345298741389311,827,8.268050090873116,5.903563630583856,-0.792353575810737,146,0.5754982233047485
resnet_frozen,fold6_balkan_e,254,0.5594369272511124,False,4,1e-05,1e-05,0.7941459082067013,0.11344941545810018,0.5371205396950245,0.09088458307087421,0.24878108501434326,1.6722289845347404,0.6069131456315517,0.019515663385391235,0.11741948872804642,0.04213775135576725,0.007134914398193359,3.8276856905007697,2.6097541495268635,0.336032629418599,827,8.256420398576463,5.891773543156848,-0.787314936572107,146,0.5733581781387329
resnet_frozen,fold6_balkan_e,255,0.6063506692611897,False,5,1e-05,1e-05,0.7913997154682875,0.11305710220975536,0.539797930046916,0.09082985483109951,0.2483933325856924,1.6717424169182777,0.6040219385176897,0.019695663824677467,0.11740388721227646,0.04202539287507534,0.007210049778223038,3.8220107976373328,2.6087980576998353,0.33799995423957774,827,8.247769988427311,5.882251989236241,-0.7835716901955874,146,0.5713264346122742
resnet_frozen,fold6_balkan_e,256,0.5698951711966019,False,6,1e-05,1e-05,0.7903296444565058,0.11290423492235797,0.5358025468885899,0.09089369513094425,0.24812140502035618,1.6664550118148327,0.6027868539094925,0.01975502073764801,0.11753368563950062,0.04203912802040577,0.007132954895496368,3.8170544134498843,2.604341505732306,0.33971580448166083,827,8.246243814441653,5.879485940193458,-0.782911684187988,146,0.5711365938186646
resnet_frozen,fold6_balkan_e,257,0.5777883379750557,False,7,1e-05,1e-05,0.849470715969801,0.12135295942425728,0.5698360484093428,0.09494882822036743,0.3762950152158737,1.8918508756905794,0.6602582428604364,0.019612953066825867,0.11758611910045147,0.04276144877076149,0.008097110316157341,3.8198559753724597,2.60350965887739,0.3387462055666187,827,8.257404759080767,5.890423355944932,-0.7877411423673941,146,0.573591947555542
resnet_frozen,fold6_balkan_e,258,0.5568029664303689,False,8,1e-05,1e-05,0.7981563024222851,0.1140223289174693,0.5363972075283527,0.09090528264641762,0.24839144200086594,1.6751523669809103,0.6059991717338562,0.019655082374811172,0.11736391298472881,0.04677957482635975,0.007271755486726761,3.827009808218965,2.6076239612111545,0.33626709180501946,827,8.270343446574563,5.905430010252465,-0.7933480241567903,146,0.5763210654258728
resnet_frozen,fold6_balkan_e,259,0.5411117996529483,False,9,1e-05,1e-05,0.801897743716836,0.11455682053097657,0.5394049994647503,0.09094907343387604,0.24873425252735615,1.6823050063103437,0.609538309276104,0.01973779685795307,0.11745363101363182,0.046859318390488625,0.007233630865812302,3.8182653034579115,2.6079248863905633,0.33929681210350693,827,8.245855170210678,5.878880373617355,-0.7827436314290783,146,0.5707745552062988
resnet_frozen,fold6_balkan_e,260,0.5399596780502522,False,10,1e-05,1e-05,0.8192574195563793,0.1170367742223399,0.5408711582422256,0.09088590368628502,0.24864471517503262,1.7009597606956959,0.6267900634557009,0.01972232013940811,0.1174395065754652,0.04692907817661762,0.007306031882762909,3.825637996473935,2.6099314996875194,0.3367428436086045,827,8.262235775924635,5.895233296558789,-0.7898335998061519,146,0.5738304853439331
resnet_frozen,fold6_balkan_e,261,0.5699810041914252,True,0,1e-05,1e-05,0.8020803648978472,0.11458290927112103,0.5377705711871386,0.0911543071269989,0.2480695229023695,1.680382952094078,0.6097327712923288,0.019722381606698036,0.1174116525799036,0.04689003527164459,0.0072643570601940155,3.8068250980079776,2.6022617904954157,0.3432500506463281,827,8.229307915674934,5.859475191220008,-0.7755958188212377,146,0.5672695636749268
resnet_frozen,fold6_balkan_e,262,0.5617770595158458,False,1,1e-05,1e-05,0.801794147118926,0.11454202101698943,0.5286113116890192,0.09128185547888279,0.24834051169455051,1.6713789161294699,0.6097193118184805,0.01984749175608158,0.11728215217590332,0.046639665961265564,0.007240200415253639,3.804163321238012,2.5959797134668827,0.344168144102294,827,8.241828480105807,5.872226107910463,-0.7810029257670144,146,0.570220947265625
resnet_frozen,fold6_balkan_e,263,0.544624199457872,False,2,1e-05,1e-05,0.7944530788809061,0.11349329698298659,0.5284955613315105,0.09103350527584553,0.24823545292019844,1.6635284908115864,0.6022735442966223,0.019817998632788658,0.11730590090155602,0.04669724218547344,0.007298147305846214,3.7997378751191495,2.5974456274344666,0.3456931366545756,827,8.233377555722855,5.863491853268885,-0.7773524240359633,146,0.5682761073112488
resnet_frozen,fold6_balkan_e,264,0.5595392114161869,False,3,1e-05,1e-05,0.7903004474937916,0.11290006392768451,0.5269903894513845,0.09090025536715984,0.24827934242784977,1.6577772349119186,0.5985196549445391,0.019632885232567787,0.11731039918959141,0.046600326895713806,0.007204040884971619,3.7999510753227854,2.595300462432341,0.3456197093421344,827,8.233341730240866,5.860874792033037,-0.777336956661052,146,0.5680394172668457
resnet_frozen,fold6_balkan_e,265,0.5749832623815018,False,4,1e-05,1e-05,0.7943677604198456,0.11348110863140651,0.5282384790480137,0.09104406274855137,0.24813707172870636,1.663093889132142,0.6024386566132307,0.019612135365605354,0.11726771108806133,0.046628305688500404,0.007383253425359726,3.8025231219560465,2.5950029143297275,0.34473355780856074,827,8.241126901588672,5.86805343899889,-0.7806997260067146,146,0.5699488520622253
resnet_frozen,fold6_balkan_e,266,0.4859717206482155,True,0,1e-05,1e-05,0.7932432480156422,0.1133204640022346,0.5880563296377659,0.1051841676235199,0.2617539241909981,1.7495589423924685,0.6009986307471991,0.019801437854766846,0.11730703711509705,0.04682736471295357,0.007258128374814987,3.794190188905775,2.596921979286242,0.3476023416746592,827,8.214670935896656,5.840972065718584,-0.7692851430032379,146,0.564330518245697
resnet_frozen,fold6_balkan_e,267,0.5504222786844569,False,1,1e-05,1e-05,0.9690070729702711,0.13842958185289586,0.6025409325957298,0.10349004529416561,0.26099040172994137,1.9375512320548296,0.7730289846658707,0.019499879330396652,0.11820613965392113,0.04810949042439461,0.008858472108840942,3.7947805939841,2.596556232679825,0.3473992897242941,827,8.217478549349254,5.844473042058047,-0.7704947636196839,146,0.5649579167366028
resnet_frozen,fold6_balkan_e,268,0.559598929648532,False,2,1e-05,1e-05,0.9618454556912184,0.13740649367017405,0.6000846605747938,0.16102170199155807,0.3684740997850895,2.0927973613142967,0.7667087446898222,0.01936768926680088,0.11768079362809658,0.04800739511847496,0.008868711069226265,3.7955969660911406,2.597801639915981,0.3471184712102092,827,8.220441081614448,5.848573961136057,-0.7717715770146598,146,0.5656294226646423
resnet_frozen,fold6_balkan_e,269,0.5666048310543923,True,0,1e-05,1e-05,2.1643198877573013,0.30918855539390017,1.598484367132187,0.2401511836796999,0.24024279974400997,4.244494292885065,1.9771834127604961,0.01924031414091587,0.1178561169654131,0.041484490036964417,0.007297895848751068,3.7897872975209794,2.5945953203069414,0.349115586533867,827,8.21415224494974,5.8397834705452585,-0.769061717568368,146,0.5645501017570496
resnet_frozen,fold6_balkan_e,270,0.5655886778087685,False,1,1e-05,1e-05,0.7535017672926188,0.10764310961323124,0.5259896330535412,0.08909066393971443,0.24620389007031918,1.616143899038434,0.5623067747801542,0.019567353650927544,0.1174167487770319,0.045819519087672234,0.007315091788768768,3.7967156982580548,2.594019051484973,0.3467335477240354,827,8.234487208920646,5.861380262851917,-0.7778315415529724,146,0.5686668753623962
resnet_frozen,fold6_balkan_e,271,0.5507372195371838,False,2,1e-05,1e-05,0.7867127452045679,0.11238753502922398,0.5259184706956148,0.08936073444783688,0.24677160009741783,1.6500692088156939,0.5955077856779099,0.019577734172344208,0.11724113300442696,0.04618842154741287,0.007143935188651085,3.7934837143247715,2.591762575744867,0.34784527069486026,827,8.236762089031242,5.861755100544034,-0.7788139736493216,146,0.5687323808670044
resnet_frozen,fold6_balkan_e,272,0.550771554118921,False,3,1e-05,1e-05,0.7866491135209799,0.11237844478871141,0.5301980841904879,0.08865296095609665,0.2463516928255558,1.653170121833682,0.5950276292860508,0.019677557051181793,0.11759190633893013,0.04621463268995285,0.007102234289050102,3.791147250720621,2.594087892061166,0.34864836708758395,827,8.2181693423536,5.841574283507366,-0.7707924453955606,146,0.565036952495575
resnet_frozen,fold6_balkan_e,273,0.5151622915210285,False,4,1e-05,1e-05,0.7868146430701017,0.1124020918671574,0.5270341094583273,0.08934774249792099,0.24837282486259937,1.652885502204299,0.5955365467816591,0.01965850032866001,0.11714796535670757,0.046136679127812386,0.00729631632566452,3.7944226841946684,2.5949676607303997,0.34752238573059924,827,8.225856708380075,5.848403272314653,-0.7741068323023985,146,0.566276490688324
resnet_frozen,fold6_balkan_e,274,0.5330903723277377,True,0,1e-05,1e-05,0.787504643201828,0.11250066331454686,0.5297216325998306,0.08946325071156025,0.24730505235493183,1.6552790962159634,0.5955409351736307,0.019826948642730713,0.1176676731556654,0.046304475516080856,0.007123103365302086,3.7855481369961153,2.592576443450068,0.3505708979313571,827,8.212885325526537,5.833663777429052,-0.7685160530268733,146,0.563370943069458
resnet_frozen,fold6_balkan_e,275,0.538740990672175,True,0,1e-05,1e-05,0.8450104594230652,0.12071577991758074,0.5600125007331371,0.09209935739636421,0.2534257769584656,1.7518765833228827,0.6467425338923931,0.01969962753355503,0.11724737659096718,0.05214807949960232,0.008045697584748268,3.783161788420668,2.593284748701395,0.3513894191511693,827,8.19861787960127,5.81826977436613,-0.7623768487333589,146,0.5606594085693359
resnet_frozen,fold6_balkan_e,276,0.5610674404896157,True,0,1e-05,1e-05,0.7839007899165154,0.11198582713093076,0.5351947490125895,0.08945638313889503,0.24689997173845768,1.6567365862429142,0.5924119334667921,0.01973154954612255,0.11741291731595993,0.046177396550774574,0.00711367093026638,3.7795930433201614,2.591051854270533,0.3526125410763711,827,8.194626581248661,5.812881884363924,-0.7606613255297425,146,0.5595531463623047
resnet_frozen,fold6_balkan_e,277,0.5296140576216157,True,0,1e-05,1e-05,0.8081886917352676,0.11545552739075252,0.5679997932165861,0.10259402357041836,0.24802436493337154,1.7280952744185925,0.6165207754820585,0.019530173391103745,0.11734195798635483,0.046547941863536835,0.007160995155572891,3.7717084870220607,2.5842170407660676,0.3553107356904769,827,8.184334526801933,5.797327258015112,-0.7562414919700016,146,0.5575421452522278
resnet_frozen,fold6_balkan_e,278,0.5393590362069108,False,1,1e-05,1e-05,0.9110896643251181,0.13015566633215972,0.5390959326177835,0.09828525967895985,0.2469726912677288,1.796783359721303,0.7194095458835363,0.019847219809889793,0.11722653917968273,0.04634679853916168,0.007234131917357445,3.770565327279598,2.582035294114763,0.3557014716821649,827,8.190812903858175,5.8045644182989955,-0.7590229270551956,146,0.5589739084243774
resnet_frozen,fold6_balkan_e,279,0.5472416560623925,True,0,1e-05,1e-05,0.7947612013667822,0.11353731448096889,0.5298737827688456,0.08968514390289783,0.24685447290539742,1.662478480488062,0.6034610252827406,0.019708042964339256,0.11728980392217636,0.046136366203427315,0.007123740389943123,3.7615605875689226,2.5796052389216735,0.3587751820029358,827,8.171664850195622,5.783587232134447,-0.7508082367808935,146,0.555003821849823
resnet_frozen,fold6_balkan_e,280,0.5698989397669357,False,1,1e-05,1e-05,0.7875713557004929,0.11251019367149898,0.5194190256297588,0.09057424403727055,0.25724636018276215,1.6561275850981474,0.5962017793208361,0.019780509173870087,0.11718570627272129,0.0462124478071928,0.007133202627301216,3.766307036601594,2.581597220170848,0.35715592793992823,827,8.179311224968215,5.793148810240553,-0.7540862956747003,146,0.5570061802864075
resnet_frozen,fold6_balkan_e,281,0.5928874771136615,False,2,1e-05,1e-05,0.8024016041308641,0.11462880059012345,0.5298874564468861,0.10036659985780716,0.24727165326476097,1.6812291759997606,0.6098577976226807,0.01961664855480194,0.11748226918280125,0.04646235518157482,0.007906399667263031,3.771897388166944,2.5834020792175028,0.355246157216185,827,8.18477654120747,5.79963417188458,-0.7564311970704067,146,0.5579912662506104
resnet_frozen,fold6_balkan_e,282,0.5280492660356404,False,3,1e-05,1e-05,0.7909786682575941,0.11299695260822773,0.5179731640964746,0.08980854414403439,0.24647332169115543,1.6465582381933928,0.5993977785110474,0.019839538261294365,0.11719372868537903,0.046300509944558144,0.007190540432929993,3.7695082293939652,2.5820179246972352,0.35606268602525637,827,8.185213340459274,5.798990772039005,-0.7566186739797058,146,0.5579562187194824
resnet_frozen,fold6_balkan_e,283,0.5618625996046516,True,0,1e-05,1e-05,0.7799220215529203,0.11141743165041719,0.5479392781853676,0.09442347660660744,0.2487455364316702,1.6723460368812084,0.5882463417947292,0.019837992265820503,0.11741417646408081,0.0462505966424942,0.007132265716791153,3.7574682155850216,2.576178788707004,0.36016965802656875,827,8.168868855015567,5.78421093962997,-0.7496103379419556,146,0.5552225112915039
resnet_frozen,fold6_balkan_e,284,0.5770167589475915,False,1,1e-05,1e-05,0.8387815188616514,0.1198259312659502,0.5305325742810965,0.09402608871459961,0.24629670940339565,1.710966469720006,0.6476710196584463,0.019567517563700676,0.11733824759721756,0.046112196519970894,0.007051054388284683,3.7630333964267195,2.579240640983727,0.3582729508378505,827,8.173383256175727,5.789898507783879,-0.7515446633808502,146,0.5560060739517212
resnet_frozen,fold6_balkan_e,285,0.5542864355527792,False,2,1e-05,1e-05,0.7817730400711298,0.11168186286730426,0.5216642376035452,0.09021317027509212,0.24628771096467972,1.641265733167529,0.5908305235207081,0.019554298371076584,0.11744044162333012,0.04597475938498974,0.006946932524442673,3.7660032646613675,2.5769702973524398,0.35725962108764586,827,8.193715038486012,5.811654459593311,-0.760269647200047,146,0.5599350333213806
resnet_frozen,fold6_balkan_e,286,0.5391795009626875,False,3,1e-05,1e-05,0.8222200740128756,0.11746001057326794,0.556744335219264,0.09656300023198128,0.2539684399962425,1.7307859566062689,0.630686454474926,0.0197457168251276,0.11740637384355068,0.046241700649261475,0.007119690999388695,3.766364382752984,2.5768374043624327,0.35713635178016745,827,8.19398503107039,5.812365708845565,-0.7603856550375674,146,0.5599750280380249
resnet_frozen,fold6_balkan_e,287,0.5813219146544008,False,4,1e-05,1e-05,0.8200203217566013,0.11714576025094305,0.5270142611116171,0.0988688413053751,0.24685257859528065,1.6940975468605757,0.6285702157765627,0.01960727758705616,0.11750048398971558,0.04617283120751381,0.0071271974593400955,3.7619771667162176,2.5786503405332932,0.3586331475079332,827,8.171711254596259,5.785561092150893,-0.7508281214528745,146,0.5548961758613586
resnet_frozen,fold6_balkan_e,288,0.6033882823791873,False,5,1e-05,1e-05,0.785369873046875,0.11219569614955358,0.5194165129214525,0.0903763435781002,0.24669680185616016,1.6431647259742022,0.5940897259861231,0.019749104976654053,0.11741521209478378,0.04610568471252918,0.006968026980757713,3.7686246629864746,2.576012866708334,0.35636452629870374,827,8.191536302438337,5.807959773676351,-0.7593336485658035,146,0.5591066479682922
resnet_frozen,fold6_balkan_e,289,0.5270664441109857,False,6,1e-05,1e-05,0.7864817641675472,0.11235453773822103,0.5224378760904074,0.08999687619507313,0.24668912403285503,1.6469445563852787,0.595433859154582,0.019634217023849487,0.1173018217086792,0.046045610681176186,0.0070343781262636185,3.7712368035037027,2.5755303410053982,0.3554719731175131,827,8.202940601997287,5.820938322232909,-0.7642357655293381,146,0.5613168478012085
resnet_frozen,fold6_balkan_e,290,0.5973811858798745,False,7,1e-05,1e-05,0.7871696446090937,0.11245280637272767,0.5271626599133015,0.08924303203821182,0.2463692594319582,1.6512401327490807,0.5963506549596786,0.01943597011268139,0.11724372766911983,0.046092016622424126,0.00703078880906105,3.768313759523814,2.5746253557902565,0.35647071901413596,827,8.19169206752157,5.806446083394238,-0.7594005579580347,146,0.5585065484046936
resnet_frozen,fold6_balkan_e,291,0.5329336076434319,False,8,1e-05,1e-05,0.7860279623419046,0.11228970890598637,0.5219049174338579,0.08988515473902225,0.246587373316288,1.6457218062132597,0.594788333401084,0.01965090073645115,0.11737214028835297,0.04609188064932823,0.007046381011605263,3.7579098108556304,2.5714642893366504,0.3600192574696708,827,8.181014185516023,5.795714384815495,-0.754816785233825,146,0.5566712021827698
resnet_frozen,fold6_balkan_e,292,0.5696436179736505,True,0,1e-05,1e-05,0.7811569198966026,0.11159384569951467,0.5226928386837244,0.08982297405600548,0.24640808254480362,1.6413743644952774,0.5897131599485874,0.019789284095168114,0.11742229387164116,0.04608791321516037,0.007093915715813637,3.7467303372136014,2.567757032871175,0.36382137404866,827,8.153871181322009,5.764882174521897,-0.7431918245344957,146,0.551240086555481
resnet_frozen,fold6_balkan_e,293,0.5664630622356374,False,1,1e-05,1e-05,0.7956205122172832,0.1136600731738976,0.5309355854988098,0.08908738382160664,0.24615943245589733,1.6632294617593288,0.6044460665434599,0.019689787179231644,0.11722876876592636,0.04615289717912674,0.007035288959741592,3.7475337713640973,2.5652523515944887,0.3635485054992854,827,8.166191134152589,5.775882788383282,-0.7484634961133734,146,0.5533734560012817
resnet_frozen,fold6_balkan_e,294,0.5785891660900185,True,0,1e-05,1e-05,1.0759402606636286,0.1537057515233755,1.2677690386772156,0.3141142185777426,0.640775253996253,3.299902794882655,0.8877365812659264,0.01973794214427471,0.11750311218202114,0.04308856092393398,0.00682859867811203,3.7454961750878164,2.566962779951806,0.3642404158168484,827,8.153586801225758,5.761592653463218,-0.7430702331080121,146,0.5506734251976013
resnet_frozen,fold6_balkan_e,295,0.5405669068194646,True,0,1e-05,1e-05,2.2057827692478895,0.31511182417826994,0.5246010590344667,0.09183312393724918,0.24624714255332947,3.069916006177664,2.0225849710404873,0.019206909462809563,0.11780506186187267,0.038790080696344376,0.006340989843010902,3.742804846251367,2.56444409550451,0.3651537385320277,827,8.148094876060782,5.752727632520251,-0.7407229011712253,146,0.5493433475494385
resnet_frozen,fold6_balkan_e,296,0.5463255959525795,False,1,1e-05,1e-05,0.7877121958881617,0.1125303136983088,0.5197026450186968,0.08977099694311619,0.24639759212732315,1.644897148013115,0.6003536358475685,0.019682370126247406,0.11721852421760559,0.04314140975475311,0.0062816087156534195,3.7449841510076607,2.5658367923550167,0.36441422561445824,827,8.158445211581201,5.765345563256043,-0.7451481096842691,146,0.5511865019798279
resnet_frozen,fold6_balkan_e,297,0.5616459460183527,False,2,1e-05,1e-05,0.7811560407280922,0.11159372010401317,0.5202872771769762,0.09027281403541565,0.24617701210081577,1.6392188612371683,0.5940855611115694,0.019527887925505638,0.11727791652083397,0.04299914836883545,0.0062720756977796555,3.7526350817816767,2.5653342419716716,0.3618145937381698,827,8.172367602038731,5.779583634643274,-0.7511093838894771,146,0.5542049407958984
resnet_frozen,fold6_balkan_e,298,0.5446247299175885,False,3,1e-05,1e-05,0.7792471405118704,0.11132102007312435,0.5309097468852997,0.08913451433181763,0.2527616173028946,1.6533421743661165,0.5920237842947245,0.0195501409471035,0.11729674227535725,0.04302158020436764,0.006365858018398285,3.750973600556951,2.570329674262644,0.36237958250780666,827,8.155197422529435,5.764584056750653,-0.743758936963772,146,0.5505457520484924
resnet_frozen,fold6_balkan_e,299,0.5652185230185937,False,4,1e-05,1e-05,0.8438443597406149,0.12054919424865927,0.5538526326417923,0.10005909204483032,0.24632259085774422,1.7454403284937143,0.656312357634306,0.019737737253308296,0.11738451011478901,0.04306698404252529,0.00631205178797245,3.7578235873611923,2.570162314939151,0.36004862525427217,827,8.172569984082354,5.783473829182648,-0.7511961145656059,146,0.5542805194854736
resnet_frozen,fold6_balkan_e,300,0.5665097127081837,True,0,1e-05,1e-05,0.8152332082390785,0.11646188689129693,0.5525858718901873,0.0979424212127924,0.24678127095103264,1.7138446159660816,0.6277911402285099,0.019762566313147545,0.11737819947302341,0.04301098547875881,0.006296476349234581,3.741205769441935,2.566137924971457,0.3656960863784525,827,8.144175950113924,5.7549881558088725,-0.7390488598788854,146,0.548998236656189
resnet_frozen,fold6_balkan_e,301,0.5382308083549232,False,1,1e-05,1e-05,0.80393311008811,0.11484758715544428,0.5329204965382814,0.09613855741918087,0.24643717147409916,1.6807652562856674,0.6167233046144247,0.019726386293768883,0.11725101433694363,0.04291410371661186,0.0063386354595422745,3.754975056153369,2.5674921360356504,0.3610184581952687,827,8.17548187596712,5.7876112812312535,-0.7524442414596852,146,0.5554466843605042
resnet_frozen,fold6_balkan_e,302,0.5428062863332617,False,2,1e-05,1e-05,0.7784872390329838,0.11121246271899768,0.5196673832833767,0.0888806227594614,0.24696490168571472,1.635296380147338,0.5905096158385277,0.01952696032822132,0.11733274906873703,0.0438192393630743,0.006316224113106728,3.752402921652339,2.561449720287561,0.3618935551187292,827,8.181405327063434,5.789560200777276,-0.7549845879403096,146,0.5562356114387512
resnet_frozen,fold6_balkan_e,303,0.5959718005400615,False,3,1e-05,1e-05,0.7688207402825356,0.10983153432607651,0.5305851958692074,0.08958113379776478,0.24636537209153175,1.6366520412266254,0.5818429477512836,0.019564084708690643,0.11728531494736671,0.04293901473283768,0.006222739815711975,3.746442330307803,2.557006531251237,0.3639191749465104,827,8.175401148615574,5.778882392241026,-0.7524096332283834,146,0.5548203587532043
resnet_frozen,fold6_balkan_e,304,0.532372415858572,False,4,1e-05,1e-05,0.7712583001703024,0.11017975716718606,0.52858517318964,0.08940483257174492,0.24716070294380188,1.6377005819231272,0.584191469475627,0.019484195858240128,0.11740187369287014,0.04299271106719971,0.006200086325407028,3.743663680495082,2.558868138967596,0.36486235798403555,827,8.164270314109404,5.768530307068413,-0.7476410591441325,146,0.5523577928543091
resnet_frozen,fold6_balkan_e,305,0.5437581778437511,False,5,1e-05,1e-05,0.7698574010282755,0.10997962871832508,0.5268276426941156,0.08881141245365143,0.24629582092165947,1.6330969985574484,0.5827001351863146,0.019655713811516762,0.11738528124988079,0.04294179938733578,0.006206130608916283,3.7336383467553036,2.5536871487642046,0.3682595333205869,827,8.148662233128876,5.751092429197805,-0.740965324913365,146,0.5495778322219849
resnet_frozen,fold6_balkan_e,306,0.5393737483918306,False,6,1e-05,1e-05,0.7698289323598146,0.1099755617656878,0.5275347121059895,0.08838102221488953,0.24632048420608044,1.6333887185901403,0.5827213376760483,0.01971154659986496,0.1173374131321907,0.04283294454216957,0.006237069144845009,3.7343836767311864,2.554525042544533,0.3680072849449072,827,8.152044480638116,5.7594507725296,-0.7424108622305337,146,0.5508087873458862
resnet_frozen,fold6_balkan_e,307,0.5391435588573746,False,7,1e-05,1e-05,0.7714828420430422,0.11021183457757745,0.5196688063442707,0.08937545120716095,0.2469833418726921,1.6288214046508074,0.5844436679035425,0.019658658653497696,0.11734751611948013,0.042872173711657524,0.0061999112367630005,3.7501057469877495,2.560042875951645,0.3626745977220579,827,8.180257622519319,5.788148994262279,-0.754492236705389,146,0.5561390519142151
resnet_frozen,fold6_balkan_e,308,0.5176818506316954,False,8,1e-05,1e-05,0.7686574794352055,0.1098082113478865,0.5207356754690409,0.08923252113163471,0.2470038440078497,1.6269290819764137,0.581681502982974,0.01962621510028839,0.11723607778549194,0.04288618452847004,0.0062506236135959625,3.7477605929411717,2.5596397017121553,0.36347146000254804,827,8.171385390920582,5.776929577089493,-0.7506884885427509,146,0.553986132144928
resnet_frozen,fold6_balkan_e,309,0.5615464594516961,False,9,1e-05,1e-05,0.7715960331261158,0.11022800473230225,0.5198810361325741,0.0889151431620121,0.2463408913463354,1.6280446145683527,0.5842053852975368,0.01959770917892456,0.11750556901097298,0.04301777668297291,0.00629013404250145,3.7583301408525402,2.5584563516343475,0.35987608311938146,827,8.207948175340437,5.813045090627681,-0.7663904164013284,146,0.5611340999603271
resnet_frozen,fold6_balkan_e,310,0.5296896227614046,False,10,1e-05,1e-05,0.7701386120170355,0.11001980171671935,0.5196291152387857,0.08934713341295719,0.24647365137934685,1.6268842443823814,0.582893542945385,0.019737843424081802,0.11736951395869255,0.04292089678347111,0.006231443956494331,3.750262879960671,2.556536449864161,0.3626211875304437,827,8.196235391869578,5.8007445501255726,-0.7613527173008199,146,0.5587033033370972
resnet_frozen,fold6_balkan_e,311,0.5498807415852668,False,11,1e-05,1e-05,0.771586824208498,0.11022668917264257,0.5216942168772221,0.08937153406441212,0.24683787114918232,1.6307791359722614,0.5844107326120138,0.019749855622649193,0.11727258376777172,0.04290054552257061,0.006267858669161797,3.757100482206251,2.5581760065534183,0.3602948888716704,827,8.20485644257059,5.809918554515051,-0.7650599551297168,146,0.5605227947235107
resnet_frozen,fold6_balkan_e,312,0.5403688931263344,False,12,1e-05,1e-05,0.773411475121975,0.11048735358885356,0.520524526014924,0.08932838216423988,0.24654189310967922,1.6311028879135847,0.5864382479339838,0.01964516006410122,0.1172680389136076,0.042880067601799965,0.0062256138771772385,3.753239877514233,2.5557130018506062,0.36160887007756004,827,8.206148948922255,5.812278695299524,-0.7656160967048984,146,0.5610787272453308
resnet_frozen,fold6_balkan_e,313,0.5499428192101771,False,13,1e-05,1e-05,0.7722972109913826,0.11032817299876894,0.5581783074885607,0.0997057817876339,0.2583554107695818,1.6898340173065662,0.5851523540914059,0.019688567146658897,0.11728174798190594,0.04291757382452488,0.006266903132200241,3.7446437069428105,2.5532106631002636,0.3645297783434478,827,8.1904526874267,5.793778851186954,-0.7588682134666414,146,0.5577137470245361
resnet_frozen,fold6_balkan_e,314,0.5387470056240907,False,14,1e-05,1e-05,0.7984300442039967,0.11406143488628524,0.5286790039390326,0.08879255130887032,0.24739324115216732,1.664656613022089,0.608950674533844,0.019543897360563278,0.11752286367118359,0.045087460428476334,0.006297215819358826,3.7452589493122717,2.5549629203507958,0.3643209465541527,827,8.185281811281657,5.791423087743413,-0.7566480629823589,146,0.5568325519561768
resnet_frozen,fold6_balkan_e,315,0.5542149572591539,False,15,1e-05,1e-05,0.7772588673979044,0.11103698105684348,0.5317495875060558,0.08986986055970192,0.24737156182527542,1.6475580800324678,0.590180043131113,0.019721562042832375,0.1172163262963295,0.042944613844156265,0.0062141139060258865,3.740427741555232,2.555263622651885,0.3659598809134984,827,8.160761384645722,5.762126409249225,-0.7461391413598353,146,0.5515810251235962
resnet_frozen,fold6_balkan_e,316,0.530348486018152,False,16,1e-05,1e-05,0.7811126597225666,0.11158752281750951,0.5264261793345213,0.089408740401268,0.24686499126255512,1.6451304964721203,0.5939809493720531,0.019618842750787735,0.11731419153511524,0.04300018027424812,0.00623299740254879,3.744075411650422,2.550960697653319,0.3647226443998117,827,8.179379878345902,5.781020970569768,-0.7541157417859994,146,0.5555682182312012
resnet_frozen,fold6_balkan_e,317,0.4853688831629171,False,17,1e-05,1e-05,0.7729520332068205,0.11042171902954578,0.5251715686172247,0.0896463543176651,0.24779410287737846,1.6368818990886211,0.5862292088568211,0.019546687602996826,0.11733648739755154,0.042708415538072586,0.006177281960844994,3.738392353637261,2.553057932679638,0.36664973061175365,827,8.160602204011669,5.760895238418808,-0.746071023003775,146,0.5515783429145813
resnet_frozen,fold6_balkan_e,318,0.541302866630139,False,18,1e-05,1e-05,0.7777712270617485,0.1111101752945355,0.5229249875992537,0.09000134281814098,0.24731719307601452,1.6393120158463717,0.5907040517777205,0.01958075724542141,0.11746010184288025,0.042884642258286476,0.006173590198159218,3.738172553238493,2.5553970587896013,0.36672420462952826,827,8.153446527972342,5.752889923840309,-0.7430102585139438,146,0.5498879551887512
resnet_frozen,fold6_balkan_e,319,0.5443118417133299,False,19,1e-05,1e-05,0.7764506377279758,0.11092151967542511,0.5314772352576256,0.08981129340827465,0.2744305543601513,1.673473671078682,0.5894819255918264,0.019574614241719246,0.11721076630055904,0.042940182611346245,0.0062509384006261826,3.731404798260532,2.5512049778612567,0.36901515064835344,827,8.15148942205863,5.752042833921889,-0.7421735948370789,146,0.5498433113098145
resnet_frozen,fold6_balkan_e,320,0.5603294649320185,True,0,1e-05,1e-05,4.333012912422419,0.6190018446317741,0.579245375469327,0.10391816683113575,0.2442056890577078,5.2616674937307835,4.147833041846752,0.01948615349829197,0.1178019754588604,0.039845891296863556,0.006953027099370956,3.7324117565431627,2.556069007433939,0.36867454908623476,827,8.136815032710999,5.734617357614095,-0.7359066856036776,146,0.5463964343070984
resnet_frozen,fold6_balkan_e,321,0.5238542522167496,False,1,1e-05,1e-05,0.7914002873003483,0.11305718390004975,0.5285467114299536,0.09945978224277496,0.24541797302663326,1.6661489829421043,0.6039744820445776,0.019713418558239937,0.11743880435824394,0.042175017297267914,0.007100367918610573,3.73728541436499,2.5540801917442097,0.36702474555129017,827,8.15421705944882,5.753643495958088,-0.7433397161794291,146,0.5499135255813599
resnet_frozen,fold6_balkan_e,322,0.5768104285686452,False,2,1e-05,1e-05,0.7670200690627098,0.10957429558038712,0.5111450497061014,0.08854573406279087,0.2455308511853218,1.6135376747697592,0.5800286363810301,0.019715681672096252,0.11743328161537647,0.04192533530294895,0.0069272760301828384,3.7362826364913784,2.550753962290813,0.3673643762481078,827,8.163332626140058,5.760096209938969,-0.7472396398314616,146,0.5512565970420837
resnet_frozen,fold6_balkan_e,323,0.5370539119771198,False,3,1e-05,1e-05,0.7684002593159676,0.1097714656165668,0.5152156222611666,0.08883130177855492,0.24667208269238472,1.6204273588955402,0.5815857034176588,0.019733576104044914,0.11718533746898174,0.04183877632021904,0.007048772647976875,3.728806779413102,2.5470491106741835,0.36989350072210403,827,8.155564852143003,5.7514986347245145,-0.7439160694211786,146,0.5499948859214783
resnet_frozen,fold6_balkan_e,324,0.5312875473225419,False,4,1e-05,1e-05,0.7917118798941374,0.11310169712773391,0.5181652866303921,0.08992526307702065,0.24638225138187408,1.6474786717444658,0.6041488666087389,0.019725637510418892,0.11757482215762138,0.042248575016856194,0.006985796615481377,3.727918910027614,2.546179466809744,0.37019353539676936,827,8.154242937439868,5.751315782644958,-0.7433507814235416,146,0.549799919128418
resnet_frozen,fold6_balkan_e,325,0.511930484149015,False,5,1e-05,1e-05,0.7800921499729156,0.11144173571041652,0.5155294816941023,0.08899151161313057,0.24735947139561176,1.6332610677927732,0.5923897437751293,0.01956940069794655,0.11742951720952988,0.042427774518728256,0.007244773209095001,3.7296980258935957,2.5415591557079735,0.3695922529790482,827,8.173083699768217,5.7748388596636735,-0.7514162766906458,146,0.5541836023330688
resnet_frozen,fold6_balkan_e,326,0.5509553215091433,False,6,1e-05,1e-05,0.7720993235707283,0.1102999033672469,0.5194449052214622,0.0893882717937231,0.2467187624424696,1.6289980951696634,0.5849157236516476,0.01970018818974495,0.11721239797770977,0.04215572029352188,0.007080702111124992,3.7226244825012147,2.540716932506471,0.37198117989385204,827,8.156206175795377,5.755617841248349,-0.7441903505083527,146,0.5503886938095093
resnet_frozen,fold6_balkan_e,327,0.535171965445688,False,7,1e-05,1e-05,0.7698812782764435,0.10998303975377764,0.5172911453992128,0.0892158430069685,0.24614615179598331,1.6238454412668943,0.5830691028386354,0.019687198102474213,0.11719124764204025,0.04194742254912853,0.006974011659622192,3.7284283117710073,2.5413840895594264,0.3700214037392109,827,8.167663711068494,5.768845838258066,-0.7490941399685909,146,0.5527713298797607
resnet_frozen,fold6_balkan_e,328,0.5236646151744468,False,8,1e-05,1e-05,0.777387635782361,0.11105537654033729,0.5194997079670429,0.08960304223001003,0.24621016345918179,1.6339965909719467,0.5902980882674456,0.019617216661572456,0.11736376956105232,0.04206671565771103,0.007035933434963226,3.7293316364463376,2.544597536500274,0.36971610397148424,827,8.15969453999387,5.762469903163216,-0.7456826306613615,146,0.55110764503479
resnet_frozen,fold6_balkan_e,329,0.5069629802957556,False,9,1e-05,1e-05,0.7799397204071283,0.1114199600581612,0.5172484144568443,0.08946051076054573,0.24614309892058372,1.6340690683573484,0.5930172577500343,0.01973075233399868,0.11726879514753819,0.04187553562223911,0.007034853100776672,3.728978764611536,2.5412791317342127,0.36983537408970046,827,8.169271826887723,5.774574072173694,-0.7497829594287015,146,0.5535261631011963
resnet_frozen,fold6_balkan_e,330,0.545139815527698,False,10,1e-05,1e-05,0.7734595369547606,0.11049421956496579,0.5194121636450291,0.0898582749068737,0.24595803953707218,1.6299839988350868,0.5867336671799421,0.019626548513770103,0.11716998368501663,0.04195475019514561,0.00697476789355278,3.7311971902806125,2.544554005263802,0.3690853621921528,827,8.163345601916113,5.764602676985568,-0.7472451943786886,146,0.5520826578140259
resnet_frozen,fold6_balkan_e,331,0.5209663326535576,False,11,1e-05,1e-05,0.777147188782692,0.111021026968956,0.5432324856519699,0.10711724869906902,0.2622108571231365,1.6909960191696882,0.5899923201650381,0.019632602110505104,0.11727134510874748,0.042248573154211044,0.007004592567682266,3.7216979101192242,2.541092271075524,0.37229377251654605,827,8.144133893771718,5.7452606544137375,-0.7390308991065326,146,0.5485802888870239
resnet_frozen,fold6_balkan_e,332,0.5480206084799161,False,12,1e-05,1e-05,0.7993901371955872,0.11419859102794103,0.5157674644142389,0.08944173343479633,0.24668319150805473,1.6525834761559963,0.6125505156815052,0.019579030573368073,0.1173699889332056,0.04190933331847191,0.0069695282727479935,3.721245225302451,2.5435439203221843,0.3724464640052737,827,8.13719226148173,5.737499777045508,-0.7360676451736754,146,0.547087550163269
resnet_frozen,fold6_balkan_e,333,0.5271890033689635,False,13,1e-05,1e-05,0.7994803860783577,0.11421148372547966,0.529485896229744,0.09234352596104145,0.24663867242634296,1.6692414805293083,0.6120825130492449,0.01964513584971428,0.11730291694402695,0.04224765859544277,0.007144985720515251,3.7250033810071326,2.5414383391698845,0.3711782676479223,827,8.155500389060736,5.7571715543765425,-0.7438885010644061,146,0.5508919358253479
resnet_frozen,fold6_balkan_e,334,0.5257527675421091,False,14,1e-05,1e-05,0.787285104393959,0.11246930062770844,0.5221428368240595,0.09016789309680462,0.24718640185892582,1.6480714827775955,0.6000255905091763,0.019524216651916504,0.1174196470528841,0.04228055849671364,0.0070073362439870834,3.7213852188506023,2.5419939806376,0.37239924588694684,827,8.141706593703743,5.739150366450326,-0.7379944424782128,146,0.5476805567741394
resnet_frozen,fold6_balkan_e,335,0.5304829437182056,True,0,1e-05,1e-05,0.7903379686176777,0.11290542408823967,0.5223624408245087,0.09075411595404148,0.2466516736894846,1.6514053046703339,0.6035421378910542,0.01956668682396412,0.11719306744635105,0.0419869739562273,0.007055193185806274,3.7154691559517055,2.5402373128050892,0.374393113230142,827,8.130363261575278,5.728074302950829,-0.7331549375472273,146,0.545497715473175
resnet_frozen,fold6_balkan_e,336,0.5055620776987133,False,1,1e-05,1e-05,0.784446194767952,0.11206374210970742,0.5215581879019737,0.0906508769840002,0.24790431559085846,1.6458922922611237,0.5971408430486917,0.019614245742559433,0.11728540249168873,0.04226241260766983,0.007102128118276596,3.718035088450146,2.5409774678846233,0.3735287166874711,827,8.135130013651073,5.731737179009346,-0.7351877967084517,146,0.5463187098503113
resnet_frozen,fold6_balkan_e,337,0.5475802807882879,False,2,1e-05,1e-05,0.7907682079821825,0.1129668868545975,0.5191338956356049,0.09178205393254757,0.24924319609999657,1.6522319745272398,0.6034636590629816,0.01971764862537384,0.11737747117877007,0.04196356609463692,0.0071684569120407104,3.716245165557577,2.535987502003672,0.3741317585363486,827,8.145700487332638,5.744726060890745,-0.7396999982816521,146,0.5489882826805115
resnet_frozen,fold6_balkan_e,338,0.5552241499507585,False,3,1e-05,1e-05,0.7781811077147722,0.11116872967353889,0.5206093583256006,0.0905275046825409,0.2480690237134695,1.6386904455721378,0.5911896172910929,0.01967954821884632,0.11719065718352795,0.041992995887994766,0.00709102489054203,3.7183286748583937,2.533705776136812,0.37342977694585144,827,8.163439649204497,5.761442406433833,-0.747285453514402,146,0.5520653128623962
resnet_frozen,fold6_balkan_e,339,0.5119473919758918,False,4,1e-05,1e-05,0.8145330958068371,0.11636187082954816,0.5233734399080276,0.09513942711055279,0.247852124273777,1.6822057496756315,0.6273615546524525,0.01967506855726242,0.1173535343259573,0.04207010380923748,0.007015638053417206,3.721421171877116,2.537373044902114,0.3723871190824244,827,8.161170984420188,5.759623415851493,-0.7463144279816747,146,0.5515022277832031
resnet_frozen,fold6_balkan_e,340,0.5275138661247355,False,5,1e-05,1e-05,0.7780961077660322,0.11115658682371889,0.5220014285296202,0.0899738222360611,0.2485849428921938,1.6399502530694008,0.5909784771502018,0.019657054916024208,0.11744616739451885,0.04195071943104267,0.0070429593324661255,3.7148934225687524,2.5384088343934037,0.3745869810018837,827,8.136696470944104,5.741842307804935,-0.7358560980793125,146,0.5474300384521484
resnet_frozen,fold6_balkan_e,341,0.5122195962262414,True,0,1e-05,1e-05,0.8106027133762836,0.11580038762518338,0.5217168796807528,0.09521610662341118,0.24762986414134502,1.6764597948640585,0.6237285565584898,0.019491147249937057,0.11728386767208576,0.04201078228652477,0.007080160081386566,3.709021262448734,2.5378399767727644,0.3765626084974576,827,8.12375928285754,5.728913583902994,-0.7303405319671823,146,0.5450472831726074
resnet_frozen,fold6_balkan_e,342,0.5274309391266201,True,0,1e-05,1e-05,0.7810723632574081,0.11158176617962974,0.5198756158351898,0.09069033339619637,0.2475567851215601,1.640501607209444,0.5938031636178493,0.01982964016497135,0.11737556755542755,0.04192742332816124,0.007086347788572311,3.7045503804366366,2.5343290683449684,0.37806469484155003,827,8.116262005098912,5.720613985246969,-0.7271482026707223,146,0.543751060962677
resnet_frozen,fold6_balkan_e,343,0.5169138902620364,False,1,1e-05,1e-05,0.8210422936826944,0.11729175624038492,0.5304319635033607,0.09188807755708694,0.24699711240828037,1.6916706766933203,0.6336772590875626,0.019528372213244438,0.11752041056752205,0.04220815934240818,0.007081182673573494,3.7124424644762137,2.5319890053984775,0.37541196048928194,827,8.146366748682187,5.751826617224296,-0.7399846005140558,146,0.5498226881027222
resnet_frozen,fold6_balkan_e,344,0.524015235208975,False,2,1e-05,1e-05,0.7918255794793367,0.11311793992561954,0.5189149361103773,0.09042121656239033,0.25926132313907146,1.6617176346480846,0.6047500502318144,0.01967371068894863,0.11725860461592674,0.04201339930295944,0.007062023505568504,3.7073569291531285,2.535463696594776,0.37712198776998274,827,8.12157119681208,5.725334045239123,-0.7294085437204134,146,0.5444498062133789
resnet_frozen,fold6_balkan_e,345,0.51205302495622,False,3,1e-05,1e-05,3.272239815443754,0.4674628307776792,1.3068588115274906,0.10861203074455261,0.25162604823708534,4.940617013722658,3.0882189553231,0.019400781020522118,0.11758740618824959,0.0391980167478323,0.006766669452190399,3.712588531139309,2.535786097480217,0.37536281048285214,827,8.142167011216419,5.747759580250158,-0.738191016917485,146,0.5485503077507019
resnet_frozen,fold6_balkan_e,346,0.5594912094245367,False,4,1e-05,1e-05,0.7915378995239735,0.11307684278913907,0.5121696200221777,0.08937129378318787,0.24575899168848991,1.6401310954242945,0.6048873346298933,0.019392723217606544,0.11715001612901688,0.041966697201132774,0.00707666203379631,3.7101375986542005,2.5331134021607986,0.3761872693348405,827,8.137977181044493,5.742172695439444,-0.7364025860563359,146,0.5473992824554443
resnet_frozen,fold6_balkan_e,347,0.5482490636417339,False,5,1e-05,1e-05,0.7691612504422665,0.1098801786346095,0.5170648321509361,0.08976659178733826,0.24662785232067108,1.6239274442195892,0.5823492333292961,0.019436873495578766,0.11728346161544323,0.04205019026994705,0.007008465006947517,3.7002984743346516,2.527992860197881,0.3794915308586355,827,8.12647598104746,5.727864096888509,-0.7314980253975234,146,0.5451121926307678
resnet_frozen,fold6_balkan_e,348,0.49851923784581176,False,6,1e-05,1e-05,0.7821671236306429,0.11173816051866327,0.5177657641470432,0.08975096419453621,0.2462685015052557,1.6372504346072674,0.5946573372930288,0.019706618040800095,0.11734337918460369,0.04228561371564865,0.0071225855499506,3.7018966375220193,2.526020191028456,0.37895541846000613,827,8.127417112449725,5.7272330275778565,-0.7318990999909816,146,0.5452583432197571
resnet_frozen,fold6_balkan_e,349,0.5327870577681886,False,7,1e-05,1e-05,0.7812122590839863,0.11160175129771233,0.5289156753569841,0.09687898680567741,0.2609360571950674,1.669254181906581,0.5939609967172146,0.019714009016752243,0.1172736156731844,0.04220886528491974,0.0069733187556266785,3.70742501813834,2.5261846509383945,0.3770991081163464,827,8.141258169334616,5.745038498621953,-0.7378029991757815,146,0.5481870770454407
resnet_frozen,fold6_balkan_e,350,0.5318484231379185,False,8,1e-05,1e-05,0.8005977775901556,0.11437111108430795,0.5210182871669531,0.08891795389354229,0.2463117428123951,1.6583262793719769,0.6128072403371334,0.01963750086724758,0.11742863990366459,0.04246894642710686,0.007196050137281418,3.7126207749237694,2.5302280607515213,0.37535196050354713,827,8.141769412318196,5.749348851867682,-0.7380212621192153,146,0.5485073924064636
resnet_frozen,fold6_balkan_e,351,0.5479765365028612,False,9,1e-05,1e-05,0.7666489593684673,0.10952127990978104,0.5234487317502499,0.08956960402429104,0.24767467379570007,1.6286278571933508,0.5796469412744045,0.01968548074364662,0.11730311810970306,0.04205617494881153,0.006918031722307205,3.7098897384581333,2.5306064593498383,0.3762706156673624,827,8.127784512958135,5.733554011472188,-0.7320556847910615,146,0.5454263687133789
resnet_frozen,fold6_balkan_e,352,0.5395414912859214,True,0,1e-05,1e-05,0.7762039974331856,0.11088628534759794,0.5160287972539663,0.08974259346723557,0.24760954454541206,1.6308964099735022,0.589261194691062,0.019603556022047997,0.11743319779634476,0.041903892531991005,0.006967421621084213,3.7014667453411394,2.527388659146497,0.37909965085422337,827,8.11076017737224,5.71442430574671,-0.7248074080759273,146,0.5421620011329651
resnet_frozen,fold6_balkan_e,353,0.5277358612097448,True,0,1e-05,1e-05,0.7877990156412125,0.11254271652017321,0.5187481660395861,0.08986767381429672,0.24580027163028717,1.6435833610594273,0.6008011233061552,0.019681662321090698,0.11726129800081253,0.04197910241782665,0.006987264379858971,3.6941683063318638,2.524917960855173,0.3815457815381197,827,8.101833200400618,5.702664689561183,-0.7210127347598738,146,0.5401867628097534
resnet_frozen,fold6_balkan_e,354,0.5499724327004374,True,0,1e-05,1e-05,0.7676015589386225,0.10965736556266036,0.5211712010204792,0.0897925216704607,0.2467235028743744,1.6265948470681906,0.5804175809025764,0.019568614661693573,0.1173320785164833,0.04220235534012318,0.007010787725448608,3.69226766227461,2.5263121412410627,0.3821820053649775,827,8.094781371315186,5.700266355349491,-0.7180181023966001,146,0.5391197800636292
resnet_frozen,fold6_balkan_e,355,0.5425979655772051,False,1,1e-05,1e-05,0.7766029685735703,0.11094328122479576,0.5283477529883385,0.08901635371148586,0.24623184464871883,1.6415083874017,0.5895754192024469,0.019810875877738,0.1173099260777235,0.04188085161149502,0.007014784961938858,3.701649954359094,2.5292351862207796,0.37903818475645323,827,8.11577832811148,5.720812785837969,-0.7269423549671117,146,0.5429153442382812
resnet_frozen,fold6_balkan_e,356,0.4946504613652627,False,2,1e-05,1e-05,0.7686138898134232,0.10980198425906045,0.5285422224551439,0.08906340226531029,0.24636284075677395,1.6339148208498955,0.5815944671630859,0.01962379924952984,0.11731990799307823,0.04205121472477913,0.00700145959854126,3.705324508634061,2.528046682165633,0.3778047399689787,827,8.120831093643666,5.726594308906407,-0.7290933627308218,146,0.5442125797271729
resnet_frozen,fold6_balkan_e,357,0.5304888594972179,False,3,1e-05,1e-05,0.76668238081038,0.10952605440148286,0.5290520917624235,0.08897404372692108,0.24607566185295582,1.6320820190012455,0.5797416027635336,0.01977858692407608,0.11718033626675606,0.042036328464746475,0.006939031183719635,3.7044121973736193,2.526772736549388,0.37811109146937427,827,8.113088663271432,5.714992233614885,-0.7257978864371804,146,0.5420367121696472
resnet_frozen,fold6_balkan_e,358,0.5411810154205654,False,4,1e-05,1e-05,0.7841455265879631,0.11202078951256615,0.5238301306962967,0.0891052819788456,0.24596527963876724,1.6443371511995792,0.5971094369888306,0.019706223160028458,0.11719291098415852,0.042051373049616814,0.007054552435874939,3.7084609083868947,2.524934187666963,0.3767509704725288,827,8.124144760646388,5.726386880450472,-0.7305047474846476,146,0.5442249178886414
resnet_frozen,fold6_balkan_e,359,0.5388682087502716,False,5,1e-05,1e-05,0.767781550064683,0.10968307858066899,0.5284068919718266,0.08871598355472088,0.24640520103275776,1.6326221711933613,0.5806362144649029,0.019817769527435303,0.11726387031376362,0.04206044413149357,0.006998952478170395,3.704198631362848,2.522833831502258,0.3781827954255049,827,8.120951703731057,5.721195150570215,-0.7291447238902502,146,0.5431265830993652
resnet_frozen,fold6_balkan_e,360,0.5426939857049317,False,6,1e-05,1e-05,0.7707355935126543,0.11010508478752204,0.5194947347044945,0.08914504200220108,0.24676422402262688,1.6274356376379728,0.5839108303189278,0.019748380407691002,0.11719271913170815,0.04188822954893112,0.006970377638936043,3.7002857369596662,2.521512901346579,0.37949580274940586,827,8.116103293918274,5.719001078080799,-0.7270806555535725,146,0.5425015091896057
resnet_frozen,fold6_balkan_e,361,0.5241251972018591,False,7,1e-05,1e-05,0.7747602257877588,0.11068003225539412,0.5278014708310366,0.08901268430054188,0.2463140245527029,1.6391744874417782,0.5876151919364929,0.01962054707109928,0.117316335439682,0.0421991441398859,0.0069926828145980835,3.698675606386286,2.518531589241901,0.3800356937085818,827,8.11320499857713,5.714065067862452,-0.7258473799586922,146,0.5420588254928589
resnet_frozen,fold6_balkan_e,362,0.5085200871348814,False,8,1e-05,1e-05,0.7779182996600866,0.11113118566572666,0.5251044500619173,0.08909769169986248,0.24615655094385147,1.639575207605958,0.5908716302365065,0.0195763036608696,0.11740650609135628,0.04207049682736397,0.006965503096580505,3.6949495329169655,2.519109363008664,0.3812841778836067,827,8.101709452688374,5.701617251482032,-0.7209601615318306,146,0.5398902893066406
resnet_frozen,fold6_balkan_e,363,0.5743160316993132,False,9,1e-05,1e-05,0.7698460537940264,0.1099780076848609,0.5330490078777075,0.08923560380935669,0.24609902128577232,1.639545626938343,0.5827318392693996,0.01971016265451908,0.1173083744943142,0.04211041145026684,0.0069619715213775635,3.6932704959454568,2.518683667628526,0.381846356445269,827,8.097619202759272,5.696910810642957,-0.7192229034096371,146,0.539137065410614
resnet_frozen,fold6_balkan_e,364,0.5128238867098937,False,10,1e-05,1e-05,0.766889801248908,0.10955568589270115,0.5169637259095907,0.08897190168499947,0.2469421736896038,1.6210702136158943,0.5799433942884207,0.019730957224965096,0.11736324802041054,0.041873086243867874,0.006944466382265091,3.697728043350914,2.5186835418111286,0.3803533101055694,827,8.111025926459604,5.712795879158683,-0.724920436569862,146,0.5422835946083069
resnet_frozen,fold6_balkan_e,365,0.5258635321436078,False,11,1e-05,1e-05,0.7825218141078949,0.11178883058684212,0.5279724840074778,0.08874206431210041,0.24629491940140724,1.6468567848205566,0.595434695482254,0.019637154415249825,0.11738615483045578,0.04207024164497852,0.006968865171074867,3.6967001467818523,2.5201291306396114,0.3806977617102557,827,8.110468880351128,5.714711557614441,-0.7246835177804194,146,0.5422258973121643
resnet_frozen,fold6_balkan_e,366,0.4958630069423616,False,12,1e-05,1e-05,0.7672550603747368,0.10960786576781954,0.5254611596465111,0.08891371265053749,0.2458302192389965,1.6287503745406866,0.5806437898427248,0.01967489905655384,0.11721774004399776,0.04178551211953163,0.006928738206624985,3.703770233357502,2.52157326992341,0.3783266159236176,827,8.123960018826619,5.727839526554566,-0.7304260455484652,146,0.5450103878974915
resnet_frozen,fold6_balkan_e,367,0.4964857689558811,False,13,1e-05,1e-05,0.7697273250669241,0.10996104643813201,0.5290772952139378,0.08894183486700058,0.24600768461823463,1.6350617352873087,0.5828407686203718,0.019812164828181267,0.11729657277464867,0.04179370775818825,0.006946960464119911,3.694806064522087,2.5175279245139803,0.3813322242462306,827,8.11487891088125,5.721025723243751,-0.7265596053208787,146,0.5434863567352295
resnet_frozen,fold6_balkan_e,368,0.5106426271302524,False,14,1e-05,1e-05,0.7673251125961542,0.10961787322802204,0.5165528934448957,0.08944084122776985,0.2462991550564766,1.6209064647555351,0.5805136039853096,0.019503965973854065,0.11719266511499882,0.042141759768128395,0.006965311244130135,3.697051855103333,2.5208852823291052,0.38057991384399914,827,8.108727677131672,5.711792264632529,-0.72394306684361,146,0.5418371558189392
resnet_frozen,fold6_balkan_e,369,0.546533411618732,False,15,1e-05,1e-05,0.7712048534303904,0.1101721219186272,0.5258392412215471,0.0890223141759634,0.25242893770337105,1.6397923454642296,0.5839767623692751,0.019805626943707466,0.11738510616123676,0.0420185811817646,0.006986791267991066,3.693140435296695,2.5169073552613743,0.38188989295221165,827,8.105382936827043,5.704973624506727,-0.7225211538480314,146,0.5410235524177551
resnet_frozen,fold6_balkan_e,370,0.530256167576708,False,16,1e-05,1e-05,0.8529755603522062,0.1218536514788866,4.256975339725614,0.08205150626599789,0.2442302219569683,5.438003795221448,0.6638610307127237,0.019915975630283356,0.11743424274027348,0.04266626574099064,0.007924368605017662,3.69408084715351,2.5156056865883616,0.38157506491290305,827,8.11119086994246,5.708657815119347,-0.7249905922517543,146,0.5420345067977905
resnet_frozen,fold6_balkan_e,371,0.5121120720417064,True,0,1e-05,1e-05,0.7612833064049482,0.10875475805784975,0.5288893729448318,0.08905292302370071,0.24607081152498722,1.6265904549509287,0.5744399949908257,0.01976916939020157,0.11720946058630943,0.04184788838028908,0.006998799741268158,3.684498020413413,2.5155286767139793,0.3847794194389811,827,8.086255972558149,5.682962774983386,-0.7144011853369441,146,0.5370142459869385
resnet_frozen,fold6_balkan_e,372,0.49727024968618927,False,1,1e-05,1e-05,0.7732283119112253,0.11046118741588933,0.5237435158342123,0.08946823701262474,0.24706267938017845,1.6348138842731714,0.585654728114605,0.019699251279234886,0.11735745891928673,0.042133111506700516,0.007291913032531738,3.686544193814329,2.515306109801923,0.3840959083994143,827,8.090829703320862,5.685805136146164,-0.7163411256583145,146,0.5376923680305481
resnet_frozen,fold6_balkan_e,373,0.5302001095164067,False,2,1e-05,1e-05,0.7723806258291006,0.11034008940415722,0.525057777762413,0.09160220064222813,0.24881208129227161,1.6391582861542702,0.5849145818501711,0.019766915589571,0.11740032024681568,0.04218209721148014,0.007082480937242508,3.6958437852928365,2.5118112494076836,0.38098465820549965,827,8.120920222880336,5.714658997299376,-0.7291313178650924,146,0.5437596440315247
resnet_frozen,fold6_balkan_e,374,0.5161787630424822,False,3,1e-05,1e-05,0.841589143499732,0.12022702049996171,0.5814831331372261,0.10128438845276833,0.2490587905049324,1.774726266041398,0.6540833599865437,0.019725315272808075,0.11725388467311859,0.042288072407245636,0.0072005558758974075,3.692522414490728,2.51314417690799,0.38209674831031293,827,8.114570722618284,5.706146304523283,-0.7264284646575807,146,0.5421144962310791
resnet_frozen,fold6_balkan_e,375,0.5041465067373365,False,4,1e-05,1e-05,0.8442449755966663,0.12060642508523804,0.528033409267664,0.10431360080838203,0.24675478786230087,1.7246690262109041,0.6568425055593252,0.01964094489812851,0.11740799061954021,0.04222794622182846,0.007100686430931091,3.68650700882962,2.508757995853426,0.3841083331894183,827,8.109776561723761,5.6985625238892545,-0.7243890885479298,146,0.5409420132637024
resnet_frozen,fold6_balkan_e,376,0.5009020352161782,False,5,1e-05,1e-05,0.7724197581410408,0.1103456797344344,0.5194479320198298,0.08922559767961502,0.24668357707560062,1.629080792888999,0.5853671599179506,0.019737619906663895,0.1172617319971323,0.04209207929670811,0.0069326963275671005,3.697218611781361,2.5131722193643125,0.3805240343110966,827,8.127900971932382,5.720311579231881,-0.732105320672326,146,0.54472416639328
resnet_frozen,fold6_balkan_e,377,0.5032150194751597,False,6,1e-05,1e-05,0.7754830494523048,0.11078329277890069,0.5220689438283443,0.08938983641564846,0.25245897471904755,1.6406987830996513,0.5884802546352148,0.01958448998630047,0.11729771085083485,0.04203235171735287,0.007067147642374039,3.6960512322499914,2.5141054860320864,0.3809151658457349,827,8.123458143926351,5.717109347712452,-0.7302122506573983,146,0.5441129803657532
resnet_frozen,fold6_balkan_e,378,0.5373445762256036,False,7,1e-05,1e-05,0.781911576166749,0.111701653738107,0.5169581715017557,0.08898396417498589,0.24707316979765892,1.6362248323857784,0.5944220870733261,0.0196048766374588,0.11738352105021477,0.04228607751429081,0.007154027000069618,3.6976920381379514,2.5133960769853707,0.3803653771922505,827,8.127238400250597,5.719938827044767,-0.7318229360413153,146,0.5448567271232605
resnet_frozen,fold6_balkan_e,379,0.5181190347729168,False,8,1e-05,1e-05,0.7708232831209898,0.11011761187442712,0.5234244950115681,0.08935291692614555,0.24849881045520306,1.6334064472466707,0.5835487525910139,0.01965295895934105,0.11745915561914444,0.04205072671175003,0.007068280130624771,3.689739797889713,2.507014430227153,0.38302767833786644,827,8.128746502463859,5.716109412455242,-0.7324657148539304,146,0.5449467897415161
resnet_frozen,fold6_balkan_e,380,0.5074309795338124,False,9,1e-05,1e-05,0.7856143675744534,0.11223062393920762,0.5287794601172209,0.09286414831876755,0.24789605662226677,1.6564585287123919,0.5980427749454975,0.01973770745098591,0.1174335777759552,0.042178548872470856,0.007110554724931717,3.6865282800546466,2.5077344373448076,0.38410122575248606,827,8.122544786167518,5.708269900972348,-0.7298232010888004,146,0.5435971021652222
resnet_frozen,fold6_balkan_e,381,0.5127499406254133,False,10,1e-05,1e-05,0.8471412863582373,0.12102018376546246,0.5312607325613499,0.0981341116130352,0.2486629318445921,1.726525865495205,0.6595023684203625,0.01974353939294815,0.11739649437367916,0.04233996383845806,0.0071441978216171265,3.6819968928077613,2.5090999778721907,0.3856143895760821,827,8.103963882809637,5.690633581544689,-0.7219180641212337,146,0.5401075482368469
resnet_frozen,fold6_balkan_e,382,0.49735490644424973,False,11,1e-05,1e-05,0.7744868751615286,0.11064098216593266,0.6629481166601181,0.0894780270755291,0.24687827937304974,1.7750999797135592,0.5872965045273304,0.019690725952386856,0.1173759177327156,0.042124005034565926,0.006955886259675026,3.6819573659157827,2.506500833981764,0.3856275805830346,827,8.10411122221827,5.686898092359307,-0.721980677602559,146,0.5402550101280212
resnet_frozen,fold6_balkan_e,383,0.5286929765952686,True,0,1e-05,1e-05,0.7741948664188385,0.11059926663126264,0.5351532567292452,0.09210219793021679,0.2555167991667986,1.6582618989050388,0.5870702471584082,0.019820818677544594,0.11722374893724918,0.04199271649122238,0.007027862593531609,3.6738377224792624,2.503662405908299,0.3883342846834459,827,8.085865823831504,5.666114305226215,-0.7142357551784864,146,0.5366869568824768
resnet_frozen,fold6_balkan_e,384,0.5300842409698966,True,0,1e-05,1e-05,0.8469064477831125,0.1209866353975875,0.5257388167083263,0.08952117525041103,0.2469340469688177,1.7104479875415564,0.6598332114517689,0.019669389352202415,0.11739801429212093,0.0419326089322567,0.007038135081529617,3.6669424580123615,2.5030240555233183,0.3906281470038252,827,8.067482550841401,5.647774824939241,-0.7064499616150488,146,0.5330451726913452
resnet_frozen,fold6_balkan_e,385,0.5243240550178426,True,0,1e-05,1e-05,0.7749037444591522,0.11070053492273603,0.5287437774240971,0.09009702503681183,0.2470316980034113,1.642105009406805,0.5877720173448324,0.019803443923592567,0.11739711090922356,0.0419335700571537,0.006942614912986755,3.658598181981251,2.50146753750321,0.39339829227259615,827,8.057687108022494,5.63887728343058,-0.7023085742428286,146,0.5310889482498169
resnet_frozen,fold6_balkan_e,386,0.5315820193492515,False,1,1e-05,1e-05,0.7807369511574507,0.1115338501653501,0.5391089078038931,0.10168488696217537,0.2470614481717348,1.6698985490947962,0.593670230358839,0.01975340209901333,0.11739727109670639,0.041930241510272026,0.0069443900138139725,3.665841372018785,2.5060547032122393,0.3909940486139468,827,8.068174540511354,5.655569923012525,-0.7067427162338307,146,0.5331944823265076
resnet_frozen,fold6_balkan_e,387,0.5235909781404101,False,2,1e-05,1e-05,0.8233829941600561,0.11762614202286516,0.5554935541003942,0.09904704615473747,0.2630754616111517,1.7422977164387703,0.6360802855342627,0.01986537128686905,0.11737134866416454,0.041931455954909325,0.007080907002091408,3.67431864603484,2.5063317344111935,0.38817413405805135,827,8.090263475944363,5.677577272315618,-0.7161009017599336,146,0.5374714732170105
resnet_frozen,fold6_balkan_e,388,0.5081351994026673,False,3,1e-05,1e-05,0.8836587704718113,0.12623696721025876,0.5398511979728937,0.09181271493434906,0.24852989800274372,1.7654218953102827,0.6873468589037657,0.01969204843044281,0.11743664368987083,0.0503950621932745,0.007551530376076698,3.667506845053472,2.504900537506081,0.3904405530899072,827,8.071265085922231,5.655469254932763,-0.7080505154398182,146,0.5333003401756287
resnet_frozen,fold6_balkan_e,389,0.5028900552401375,False,4,1e-05,1e-05,0.832048449665308,0.11886406423790115,0.539970088750124,0.09284491837024689,0.24856743775308132,1.7147258687764406,0.641041973605752,0.019559841603040695,0.11739095114171505,0.046129703521728516,0.006890270859003067,3.6768868467845772,2.5042362043141795,0.38731855187597475,827,8.097872855061553,5.682681313848041,-0.71933061202539,146,0.5384691953659058
resnet_frozen,fold6_balkan_e,390,0.4581088581569538,False,5,1e-05,1e-05,0.8353548143059015,0.11933640204370022,0.5519594307988882,0.09340091235935688,0.24901431798934937,1.7310163620859385,0.6424374673515558,0.01964762434363365,0.11738501489162445,0.04766754060983658,0.007169172167778015,3.66068066926813,2.4995470882761177,0.39270753597623875,827,8.072709510921934,5.660908255391421,-0.7086619119429274,146,0.5339989066123962
resnet_frozen,fold6_balkan_e,391,0.502809688286741,False,6,1e-05,1e-05,0.8304595183581114,0.11863707405115877,0.5522940922528505,0.09349765814840794,0.24937873147428036,1.726917777210474,0.639122748747468,0.019670965149998665,0.11742275021970272,0.04619557969272137,0.006975837051868439,3.6671478350343714,2.5020362517990127,0.3905598860574878,827,8.084730598666312,5.6757589361077265,-0.7137544444562594,146,0.5363741517066956
resnet_frozen,fold6_balkan_e,392,0.5180895758078782,False,7,1e-05,1e-05,0.833496181294322,0.11907088304204601,0.5537851899862289,0.0933891199529171,0.25018475018441677,1.7321657221764326,0.64204834215343,0.019649328663945198,0.11739880032837391,0.04618753492832184,0.00715508870780468,3.670652371423761,2.5019036291217023,0.38939449774952994,827,8.09323001157277,5.681480424371991,-0.717359651327828,146,0.537966251373291
resnet_frozen,fold6_balkan_e,393,0.5284713043987823,False,8,1e-05,1e-05,0.7761309035122395,0.11087584335889135,0.5244719032198191,0.08924589492380619,0.24660883657634258,1.6377515327185392,0.5847419146448374,0.019641686230897903,0.11737735196948051,0.04620841518044472,0.00708186998963356,3.662185816564594,2.4980296761063245,0.39220803732606035,827,8.073127653188608,5.664088138839464,-0.7088389237051911,146,0.5345208048820496
resnet_frozen,fold6_balkan_e,394,0.5120024998213966,True,0,1e-05,1e-05,0.7936420813202858,0.11337744018861226,0.5556261446326971,0.0936813298612833,0.25091383047401905,1.6951698958873749,0.6024055350571871,0.019613876938819885,0.11750846728682518,0.04604343697428703,0.007015017792582512,3.65807547866548,2.4990730459114974,0.3935716100616221,827,8.056814994613761,5.644456921991776,-0.7019400998229914,146,0.5309851169586182
resnet_frozen,fold6_balkan_e,395,0.51478227479282,False,1,1e-05,1e-05,4.1981538739055395,0.5997362677007914,0.5422137398272753,0.09297982789576054,0.2502908203750849,5.085166623815894,4.012097055092454,0.019139708951115608,0.1175700593739748,0.041220469400286674,0.007001958787441254,3.6661217789351275,2.4988671778703755,0.3909008770908138,827,8.08408386145977,5.668912294112707,-0.7134802721959823,146,0.535970151424408
resnet_frozen,fold6_balkan_e,396,0.5101002159257033,False,2,1e-05,1e-05,0.8232582397758961,0.11760831996798515,0.5527778882533312,0.09336073137819767,0.25000669807195663,1.720697907730937,0.6324217058718204,0.01954934187233448,0.11732563935220242,0.04603775031864643,0.006872724741697311,3.660601989368071,2.49783907378911,0.39273364106499187,827,8.073833665474796,5.659023101277233,-0.7091378200142526,146,0.5338663458824158
resnet_frozen,fold6_balkan_e,397,0.5260287172993264,False,3,1e-05,1e-05,0.8292172141373158,0.11845960201961654,0.5546204689890146,0.09331372939050198,0.2503698207437992,1.7288254462182522,0.6384459789842367,0.019372474402189255,0.11728751473128796,0.046124495565891266,0.006970727816224098,3.664598809642588,2.501003702427158,0.3914068322323345,827,8.074716560726804,5.665968627650045,-0.7095116380132027,146,0.5344420075416565
resnet_frozen,fold6_balkan_e,398,0.49550136026477004,False,4,1e-05,1e-05,0.8304376062005758,0.11863394374293941,0.5538598299026489,0.09453933872282505,0.2503736987709999,1.730512846261263,0.6394789293408394,0.01943102292716503,0.11738166771829128,0.04613635502755642,0.006978621706366539,3.6601231495548676,2.4998875378229437,0.3928925025266746,827,8.06879881180295,5.654855011902787,-0.7070068433160297,146,0.5328633189201355
resnet_frozen,fold6_balkan_e,399,0.5388941736002211,False,5,1e-05,1e-05,0.82991330511868,0.11855904358838286,0.5541896596550941,0.0935453400015831,0.25126118026673794,1.730234045535326,0.6390211600810289,0.019466018304228783,0.11728857830166817,0.04615472070872784,0.006950167939066887,3.6690069323008943,2.5037725846484102,0.3899418059058808,827,8.080722561572834,5.6685551315620835,-0.7120556645937826,146,0.5353029370307922
resnet_frozen,fold6_balkan_e,400,0.5007877234536185,False,6,1e-05,1e-05,0.8327228967100382,0.11896041381571974,0.554550439119339,0.09425553120672703,0.2507768925279379,1.7336117383092642,0.6419179178774357,0.01949554868042469,0.11715777404606342,0.046201493591070175,0.006914636120200157,3.6713272158187054,2.5049202253402405,0.38916995914565844,827,8.083945522076853,5.673514026476908,-0.7134216286244006,146,0.5361420512199402
resnet_frozen,fold6_balkan_e,401,0.48347272031108296,False,7,1e-05,1e-05,0.8349925596266985,0.11928465137524265,0.5572509337216616,0.09405647777020931,0.25029716826975346,1.7378932796418667,0.6439651660621166,0.01933342218399048,0.11765794642269611,0.04614528454840183,0.006875151768326759,3.662962769843734,2.5014751531259174,0.3919501170157407,827,8.075490003763422,5.6618310139497074,-0.7098391475144825,146,0.5343549251556396
resnet_frozen,fold6_balkan_e,402,0.5144539294536918,False,8,1e-05,1e-05,0.8648919258266687,0.12355598940380982,0.5694977641105652,0.09668463096022606,0.2524856124073267,1.7848570831120014,0.6728063113987446,0.019530082121491432,0.1174526009708643,0.046506958082318306,0.00750650092959404,3.662437793628136,2.500009107878101,0.3921243960744101,827,8.076092329224934,5.660791999619005,-0.7100942201010148,146,0.5343424081802368
resnet_frozen,fold6_balkan_e,403,0.49814962274073976,False,9,1e-05,1e-05,0.8387010637670755,0.11981443768101079,0.5472571104764938,0.0957312099635601,0.25149837881326675,1.7344894371926785,0.647070387378335,0.01961752213537693,0.11751137487590313,0.0463050939142704,0.007115768268704414,3.6605602792333354,2.4966562798006424,0.3927474797819136,827,8.076774028522687,5.659718944340428,-0.710382928843428,146,0.5344923734664917
resnet_frozen,fold6_balkan_e,404,0.4971219331494554,False,10,1e-05,1e-05,0.8479069378226995,0.12112956254609994,0.5594643335789442,0.09447807259857655,0.25090555660426617,1.754068274050951,0.6565827261656523,0.019453248009085655,0.11748703382909298,0.04625779390335083,0.0070632752031087875,3.656968358943651,2.493230296603956,0.39393862667245294,827,8.077322942424143,5.659042707758811,-0.7106154189109508,146,0.5348309874534607
resnet_frozen,fold6_balkan_e,405,0.4651154376287126,True,0,1e-05,1e-05,0.8447915855795145,0.12068451222564493,0.6071837972849607,0.09993483498692513,0.25989878736436367,1.813099579885602,0.6518455930054188,0.01963426172733307,0.11748445220291615,0.04746677726507187,0.00725950300693512,3.6552608292659996,2.4975577080233893,0.39450446486250657,827,8.056162135436082,5.636755284726042,-0.7016642880545971,146,0.5303370356559753
resnet_frozen,fold6_balkan_e,406,0.4803091231395717,False,1,1e-05,1e-05,0.8333824332803488,0.11905463332576412,0.5551820583641529,0.09382819011807442,0.25029051676392555,1.7341614067554474,0.642289163544774,0.019490273669362068,0.11742727272212505,0.0461064912378788,0.007000034675002098,3.6581974805754975,2.4956933667376364,0.39353115892492396,827,8.07074683671287,5.6533077493932975,-0.7078311774795576,146,0.5333520174026489
resnet_frozen,fold6_balkan_e,407,0.5012966119104314,False,2,1e-05,1e-05,0.815658688545227,0.11652266979217529,0.5234145689755678,0.08790792338550091,0.24463245458900928,1.6729075256735086,0.6246709674596786,0.019558150321245193,0.11730925738811493,0.04607187211513519,0.007005948573350906,3.655271265479417,2.4951936672648274,0.3945010073310504,827,8.063382814840814,5.64293496411244,-0.7047160336682887,146,0.5319520235061646
resnet_frozen,fold6_balkan_e,408,0.4797573896820917,False,3,1e-05,1e-05,0.7639036383479834,0.10912909119256906,0.5303010158240795,0.0891161747276783,0.24601118452847004,1.6306303441524506,0.5728133209049702,0.019826140254735947,0.11724181286990643,0.04601014964282513,0.0069562289863824844,3.6627197280685686,2.495557864824461,0.3920308039511524,827,8.084824901156772,5.664644030504111,-0.7137944240827201,146,0.5358520150184631
resnet_frozen,fold6_balkan_e,409,0.5132063481654914,False,4,1e-05,1e-05,0.7806739713996649,0.11152485305709499,0.529175665229559,0.09364860691130161,0.24766110628843307,1.6524833757430315,0.5897847302258015,0.019708868116140366,0.11726725101470947,0.045979587361216545,0.006898351013660431,3.6576044970161883,2.4918716619352708,0.3937277567886056,827,8.085385804304785,5.6657908823734555,-0.7140322291173404,146,0.5363796949386597
resnet_frozen,fold6_balkan_e,410,0.4872144378514503,False,5,1e-05,1e-05,0.8545478228479624,0.12207826040685177,0.6153643950819969,0.10565531067550182,0.24636049568653107,1.8232340943068266,0.6627496778964996,0.019672919064760208,0.1173233911395073,0.04666060581803322,0.007109533995389938,3.6550619721179785,2.494955250760618,0.3945703446153487,827,8.073009127492664,5.653089437787516,-0.7087887474055998,146,0.5335709452629089
resnet_frozen,fold6_balkan_e,411,0.5160787552414955,False,6,1e-05,1e-05,0.7879537995904684,0.11256482851292406,0.5299268756061792,0.08963682688772678,0.2461018320173025,1.6549049951136112,0.5968799814581871,0.019800566136837006,0.11721190810203552,0.046036604791879654,0.007007194682955742,3.659039918216419,2.494234463847131,0.3932518022139433,827,8.081352998763812,5.664525981059642,-0.712322815373819,146,0.5356824994087219
resnet_frozen,fold6_balkan_e,412,0.5087892585394604,True,0,1e-05,1e-05,0.7818371318280697,0.11169101883258138,0.5381060428917408,0.0935261882841587,0.2504521682858467,1.665242064744234,0.5906726885586977,0.01977144554257393,0.11739377118647099,0.0460071861743927,0.0069790128618478775,3.6478041123445037,2.4946039175418577,0.3969723617999986,827,8.049628832253452,5.629793844069885,-0.6989054109245221,146,0.5293564200401306
resnet_frozen,fold6_balkan_e,413,0.5285697254333127,True,0,1e-05,1e-05,0.8627534620463848,0.12325049457805497,0.5580299701541662,0.10284938849508762,0.25082891806960106,1.7757790517061949,0.6712599527090788,0.01959671638906002,0.11762558668851852,0.04611481539905071,0.007100755348801613,3.636380144364567,2.4915674244453268,0.4007434969787078,827,8.029380936581578,5.606749754235993,-0.6903693661988204,146,0.5253530740737915
resnet_frozen,fold6_balkan_e,414,0.4983603167274411,False,1,1e-05,1e-05,0.8411020878702402,0.12015744112432003,0.5541407559067011,0.09355295822024345,0.25090268068015575,1.740987254306674,0.6503922119736671,0.019464028999209404,0.11713297292590141,0.04606287740170956,0.0069975294172763824,3.645850515286588,2.4924109379387684,0.39761809689022876,827,8.052592150985838,5.632769250735144,-0.7001564810031451,146,0.5300321578979492
resnet_frozen,fold6_balkan_e,415,0.4880059921467607,False,2,1e-05,1e-05,0.8468800839036703,0.12098286912909575,0.5683268588036299,0.09319549053907394,0.2505578566342592,1.760259635746479,0.6560926586389542,0.019183408468961716,0.11737188510596752,0.046250030398368835,0.00695270299911499,3.6462503227798018,2.491727080484264,0.39748597408221564,827,8.048624756142603,5.628101322686577,-0.6984816090364407,146,0.5292919874191284
resnet_frozen,fold6_balkan_e,416,0.5198340548569519,False,3,1e-05,1e-05,0.8444558251649141,0.1206365464521306,0.5530570279806852,0.0934775099158287,0.25030295737087727,1.7425944358110428,0.6535497587174177,0.01941280998289585,0.11745147220790386,0.046117041260004044,0.006925651803612709,3.6356412108473126,2.487891699338085,0.40098701702176465,827,8.030804296535576,5.609159785234481,-0.6909687193338201,146,0.5259981751441956
resnet_frozen,fold6_balkan_e,417,0.5049174515194875,False,4,1e-05,1e-05,0.847261244431138,0.12103732063301972,0.5507993828505278,0.09358161129057407,0.25071978755295277,1.7436560150235891,0.6564571689814329,0.019301513209939003,0.11735986173152924,0.04612061195075512,0.0069967396557331085,3.6361983111406375,2.4864555345054917,0.40080342581631423,827,8.030161476902874,5.603356857318067,-0.6906980255533772,146,0.5256226658821106
resnet_frozen,fold6_balkan_e,418,0.4745161985976232,False,5,1e-05,1e-05,0.8331855405122042,0.11902650578745774,0.5450139194726944,0.09424098953604698,0.2514831814914942,1.7251959014683962,0.6425219979137182,0.019443968310952187,0.11719906330108643,0.046069443225860596,0.006923900917172432,3.638234006274831,2.4870407669676693,0.4001323276592147,827,8.040975894826753,5.616658621230976,-0.6952549019711929,146,0.5277678370475769
resnet_frozen,fold6_balkan_e,419,0.46374054370220513,False,6,1e-05,1e-05,2.5440934505313635,0.3634419215044805,0.6613588873296976,0.09068054892122746,0.3118887487798929,3.609334494918585,2.3597978334873915,0.019193504005670547,0.11770384944975376,0.039719754830002785,0.006627507507801056,3.6467602885047095,2.4880928171593832,0.39731742669153325,827,8.058077534452817,5.635172510239104,-0.7024735452457749,146,0.531299889087677
resnet_frozen,fold6_balkan_e,420,0.5224325925003661,False,7,1e-05,1e-05,0.9666851572692394,0.13809787960989134,0.5355784688144922,0.09116129577159882,0.247734185308218,1.8424880355596542,0.7809193097054958,0.019791696220636368,0.11746465228497982,0.04050598852336407,0.006917919963598251,3.6568043816389886,2.491220148480957,0.3939929766545216,827,8.077770440181629,5.657686974133004,-0.7108049663078448,146,0.5351513624191284
resnet_frozen,fold6_balkan_e,421,0.4820910595636702,False,8,1e-05,1e-05,0.8360761515796185,0.11943945022565979,0.5811662096530199,0.10123526491224766,0.2464334238320589,1.766213744878769,0.6461765374988317,0.019797055050730705,0.1173646803945303,0.044449204578995705,0.00724194198846817,3.6480306994054565,2.4867043860533826,0.396897444123656,827,8.063756335432085,5.640612596962952,-0.7048739726632467,146,0.5323526859283447
resnet_frozen,fold6_balkan_e,422,0.5033646967563836,False,9,1e-05,1e-05,0.800203287974,0.11431475542485714,0.5308002140372992,0.08959321305155754,0.2485627755522728,1.6704500745981932,0.608785692602396,0.019698135554790497,0.11744529940187931,0.046126555651426315,0.007108887657523155,3.6508576780170614,2.4857798565390627,0.395962354054219,827,8.078762421475405,5.656378525412742,-0.7112251789744024,146,0.5353025794029236
resnet_frozen,fold6_balkan_e,423,0.48210262358548994,False,10,1e-05,1e-05,0.7986795958131552,0.11409708511616502,0.5716857127845287,0.09529389068484306,0.2606686148792505,1.7276407182216644,0.606937849894166,0.0197406355291605,0.11720750480890274,0.046464333310723305,0.007291639223694801,3.6495599596419703,2.4874152030456247,0.39639169505067817,827,8.074826358816656,5.653073406900141,-0.709558129400778,146,0.5346817374229431
resnet_frozen,fold6_balkan_e,424,0.4979898021471976,False,11,1e-05,1e-05,0.8301848769187927,0.11859783955982753,0.5482402481138706,0.09464619122445583,0.25020898692309856,1.7245906703174114,0.6368149574846029,0.019695159047842026,0.11737797036767006,0.04806185141205788,0.007156817242503166,3.6509871707284307,2.4842564138378203,0.39591950392605113,827,8.080175254149092,5.652355617503581,-0.7118237573513952,146,0.5353243947029114
resnet_frozen,fold6_balkan_e,425,0.5056139751097599,False,12,1e-05,1e-05,0.8706312645226717,0.12437589493181024,0.6094483267515898,0.11109997518360615,0.2512575276196003,1.843722963705659,0.6784778628498316,0.01942230388522148,0.11731411889195442,0.04704802297055721,0.007310597226023674,3.6475104956181066,2.4840281020995936,0.3970694349265933,827,8.076225049089484,5.647647184802065,-0.7101504268230094,146,0.534268319606781
resnet_frozen,fold6_balkan_e,426,0.4853294492488617,False,13,1e-05,1e-05,0.8444970585405827,0.12064243693436895,0.544809015467763,0.094256941229105,0.2501333151012659,1.7350183725357056,0.6510343253612518,0.019632933661341667,0.1175958514213562,0.04781330190598965,0.0073701683431863785,3.6410687019867223,2.4863720516423777,0.3991972010250564,827,8.05284013948514,5.621963400892072,-0.7002611990215204,146,0.529341995716095
resnet_frozen,fold6_balkan_e,427,0.5147681737897474,False,14,1e-05,1e-05,0.8398960251361132,0.11998514644801617,0.5457981750369072,0.09436278976500034,0.2505802158266306,1.7319165375083685,0.6478039994835854,0.019570456817746162,0.11735310964286327,0.046868955716490746,0.007255887612700462,3.648258573445022,2.486343034807319,0.39682209623361475,827,8.07281291064809,5.644336794569814,-0.7087056831959428,146,0.5333120226860046
resnet_frozen,fold6_balkan_e,428,0.5017652223303356,False,15,1e-05,1e-05,0.8303109537810087,0.1186158505401441,0.548344299197197,0.0961909294128418,0.25258407928049564,1.7287322971969843,0.6384885199368,0.01954994909465313,0.11723637580871582,0.046817392110824585,0.007164133712649345,3.6514687225499802,2.4826686426619378,0.39576014141191174,827,8.086871436571847,5.658777680477363,-0.7146621695039703,146,0.5363237857818604
resnet_frozen,fold6_balkan_e,429,0.5002744644700111,False,16,1e-05,1e-05,0.8509884923696518,0.12156978462423597,0.5453835856169462,0.09390015713870525,0.2504890765994787,1.7420632485300303,0.6587744280695915,0.019477998837828636,0.11742133647203445,0.04707733541727066,0.007210990414023399,3.6466100918505138,2.4829874762427337,0.39736707022978623,827,8.068453331669739,5.637186660226761,-0.7068606693092039,146,0.5321420431137085
resnet_frozen,fold6_balkan_e,430,0.48486762179428894,False,17,1e-05,1e-05,0.8491419851779938,0.12130599788257054,0.5453994143754244,0.094642648473382,0.2507614381611347,1.7412596456706524,0.6574621926993132,0.01934228092432022,0.11726973578333855,0.04681195877492428,0.0072046685963869095,3.6394954094523007,2.481803070622103,0.3997162982564273,827,8.060746473745503,5.630087446401678,-0.7036014944377744,146,0.5305726528167725
resnet_frozen,fold6_balkan_e,431,0.5237989068175458,False,18,1e-05,1e-05,0.7586768586188555,0.1083824083741222,0.5188582502305508,0.09015311300754547,0.24726090393960476,1.6162413395941257,0.5666183810681105,0.01965012587606907,0.11728564836084843,0.04672040045261383,0.007304195314645767,3.638917511681133,2.478993469728023,0.3999069153792931,827,8.059743844094456,5.626949872516785,-0.703177718513728,146,0.5304020047187805
resnet_frozen,fold6_balkan_e,432,0.5211851080787225,False,19,1e-05,1e-05,0.84019760414958,0.12002822916422572,0.5325831547379494,0.09540938027203083,0.24671338126063347,1.7162052933126688,0.6477503161877394,0.019647248089313507,0.11749862693250179,0.047045135870575905,0.007233437150716782,3.638699405221918,2.4794573383815486,0.39997884899969083,827,8.055033217361363,5.623403074325168,-0.7011874096251427,146,0.5297001004219055
resnet_frozen,fold6_balkan_e,433,0.4983916991855386,False,20,1e-05,1e-05,0.7995533552020788,0.11422190788601126,0.5656384043395519,0.09699170105159283,0.246329290792346,1.709809374064207,0.607301713898778,0.019723232835531235,0.11737826839089394,0.04687891900539398,0.007232842966914177,3.6369736848539285,2.4791972674071037,0.4005478562526349,827,8.051623642114018,5.6171247695450806,-0.6997475399857054,146,0.5289937853813171
resnet_frozen,fold6_balkan_e,434,0.47495542846827293,False,21,1e-05,1e-05,0.873094754293561,0.12472782204193729,0.5281129498034716,0.10354259610176086,0.24628756381571293,1.7523375041782856,0.6805049516260624,0.019703363999724388,0.11740491725504398,0.046984920278191566,0.007309531792998314,3.6391468717222115,2.480008622308179,0.39983126556765436,827,8.063330224358792,5.63278790227239,-0.7046937969600435,146,0.5315152406692505
resnet_frozen,fold6_balkan_e,435,0.5370863253721447,False,22,1e-05,1e-05,0.8030485063791275,0.11472121519701821,0.5255791749805212,0.08874387107789516,0.24680830538272858,1.6654761228710413,0.6111026983708143,0.019640609622001648,0.11747744865715504,0.04669547826051712,0.007133118808269501,3.6331020254133657,2.479761823523205,0.40182344383440605,827,8.046882439747225,5.620155983105681,-0.6977463350884838,146,0.5284782648086548
resnet_frozen,fold6_balkan_e,436,0.5281944136521548,False,23,1e-05,1e-05,0.7966033406555653,0.11380047723650932,0.516048576682806,0.08896217495203018,0.24592419154942036,1.6488599441945553,0.6032913345843554,0.01976725272834301,0.11747098155319691,0.0477299690246582,0.007313629612326622,3.6338781245431706,2.4807348907900115,0.40156785294423414,827,8.04790805207504,5.620426671589754,-0.698179133889183,146,0.5283994078636169
resnet_frozen,fold6_balkan_e,437,0.5068863565428802,True,0,1e-05,1e-05,0.7789816129952669,0.11128308757075242,0.5170560050755739,0.08873872458934784,0.2463042512536049,1.6323749385774136,0.5868233907967806,0.019688459113240242,0.11728526465594769,0.047103846445679665,0.007052939385175705,3.6243003502170117,2.4766514025280912,0.4047182583434319,827,8.027731750380287,5.596384368636356,-0.6896750542552184,146,0.524815559387207
resnet_frozen,fold6_balkan_e,438,0.4988276748011449,False,1,1e-05,1e-05,0.7821705751121044,0.11173865358744349,0.5190544202923775,0.08911633491516113,0.24617404118180275,1.6378682050853968,0.5900143720209599,0.0198021549731493,0.1173116359859705,0.0467730313539505,0.007217191159725189,3.628602635338647,2.4779719816603856,0.4033041416236246,827,8.033968543913181,5.601008903344917,-0.6923015117296243,146,0.5257436037063599
resnet_frozen,fold6_balkan_e,439,0.5064519307921846,False,2,1e-05,1e-05,0.7829186208546162,0.11184551726494517,0.5171585362404585,0.08920424431562424,0.2460855320096016,1.6366889607161283,0.5908316075801849,0.019731486216187477,0.11729402281343937,0.04679165221750736,0.007218839600682259,3.633706148606199,2.4789896417361508,0.4016244940809981,827,8.04929664985565,5.6178742069556264,-0.6987651970487236,146,0.5288497805595398
resnet_frozen,fold6_balkan_e,440,0.5351823463117052,True,0,1e-05,1e-05,0.7755026705563068,0.11078609579375812,0.5267506372183561,0.08896453492343426,0.24673842266201973,1.639262393116951,0.5834498982876539,0.0198088139295578,0.11729292757809162,0.04667826555669308,0.007237579673528671,3.6273911925333935,2.481357831348164,0.4037025000607031,827,8.026776150830257,5.590010017662854,-0.6892728094693201,146,0.5239465832710266
resnet_frozen,fold6_balkan_e,441,0.4819601905389161,False,1,1e-05,1e-05,0.7784027215093374,0.1112003887870482,0.5380856264382601,0.08955525606870651,0.24616673961281776,1.65354279614985,0.5867780987173319,0.01959919184446335,0.11728091351687908,0.04661875404417515,0.007058946415781975,3.626089600626871,2.475944494679963,0.4041303539704876,827,8.040152621687255,5.604221830366692,-0.6949077833138007,146,0.5266072750091553
resnet_frozen,fold6_balkan_e,442,0.4648037533373758,False,2,1e-05,1e-05,0.7849914878606796,0.11214164112295423,0.5397105291485786,0.09384613670408726,0.2500441335141659,1.6698944326490164,0.5927283186465502,0.019848395138978958,0.11734063923358917,0.04679424129426479,0.007236192002892494,3.6254933861925753,2.4729880697040563,0.40432628783644,827,8.042006074586185,5.609782002445829,-0.6956893092327394,146,0.5273712277412415
resnet_frozen,fold6_balkan_e,443,0.5148964112730384,False,3,1e-05,1e-05,0.8400548081845045,0.1200078297406435,0.5895250961184502,0.10057206451892853,0.25946558453142643,1.7909052930772305,0.6460795886814594,0.019517002627253532,0.11744090914726257,0.04870869778096676,0.007238805294036865,3.6277612942552526,2.4736534410449496,0.40358081371464305,827,8.042523212238358,5.609659783549862,-0.6959073973501924,146,0.5274937152862549
resnet_frozen,fold6_balkan_e,444,0.4937607604906666,False,4,1e-05,1e-05,0.8991535063832998,0.12845050091189997,0.7163028735667467,0.16532201692461967,0.2648669797927141,2.0471669547259808,0.706130700185895,0.019622964784502983,0.11747994273900986,0.04746337980031967,0.007392719388008118,3.6338713000481917,2.474572698783908,0.4015701006769362,827,8.058884394700378,5.627877396797048,-0.7028145017562901,146,0.5307190418243408
resnet_frozen,fold6_balkan_e,445,0.5067954080713126,False,5,1e-05,1e-05,1.591630907729268,0.22737584396132401,1.5639978721737862,0.14416700415313244,0.2449600286781788,3.546083403751254,1.4078644253313541,0.019282521679997444,0.11779544688761234,0.038934068754315376,0.006665168330073357,3.637825772080324,2.478284416614822,0.4002669384383206,827,8.055837863345648,5.63016093175158,-0.7015273019509878,146,0.5305123925209045
resnet_frozen,fold6_balkan_e,446,0.471070964218195,False,6,1e-05,1e-05,0.7775365617126226,0.1110766516732318,0.5202332884073257,0.09143128618597984,0.2503320053219795,1.640837524086237,0.5868359562009573,0.019455941393971443,0.11728448420763016,0.04596756026148796,0.006945822387933731,3.630208852486528,2.4774587019333825,0.4027757645367577,827,8.046401759015726,5.618689401364713,-0.6975435113036796,146,0.5281476974487305
resnet_frozen,fold6_balkan_e,447,0.48236634048037547,False,7,1e-05,1e-05,0.7794163320213556,0.11134519028876509,0.516345426440239,0.08930481597781181,0.24587551318109035,1.6322570722550154,0.5883365608751774,0.019674429669976234,0.11738650687038898,0.04605656489729881,0.0069396160542964935,3.628230752499805,2.473500364483522,0.4034264419144583,827,8.05572884074985,5.631607458307902,-0.7014812474818752,146,0.5303555727005005
resnet_frozen,fold6_balkan_e,448,0.4939804953560143,False,8,1e-05,1e-05,0.7751148380339146,0.11073069114770208,0.5188821870833635,0.08952457271516323,0.24613961204886436,1.6309772804379463,0.5839431844651699,0.019876794889569283,0.11718108132481575,0.046059394255280495,0.007014160975813866,3.629625049011411,2.4714053486179504,0.40296783808552517,827,8.0639553769745,5.638840305632672,-0.7049581381362797,146,0.5318270921707153
resnet_frozen,fold6_balkan_e,449,0.4879597637356409,False,9,1e-05,1e-05,0.7753845490515232,0.11076922129307475,0.520072877407074,0.08983026444911957,0.2458710316568613,1.6324695125222206,0.5839487388730049,0.019874023273587227,0.11739662103354931,0.046069635078310966,0.0070783160626888275,3.6233761432743,2.474237987377873,0.40502181672365345,827,8.032692286638836,5.603945793350789,-0.6917638843910061,146,0.5253458023071289
resnet_frozen,fold6_balkan_e,450,0.47452927327646166,False,10,1e-05,1e-05,0.7819037139415741,0.11170053056308202,0.5194933470338583,0.08944308385252953,0.24636999145150185,1.6385131888091564,0.5905429124832153,0.019798235967755318,0.11742382124066353,0.046134501695632935,0.006972037255764008,3.6231016190782523,2.4701213094798606,0.40511197005768185,827,8.041602289996883,5.614813161196125,-0.6955190342998594,146,0.5272423028945923
resnet_frozen,fold6_balkan_e,451,0.5062037356098733,False,11,1e-05,1e-05,0.778606342151761,0.11122947745025158,0.5211762711405754,0.08929621241986752,0.2464607208967209,1.636843916028738,0.5875553004443645,0.01982368528842926,0.11716376431286335,0.046060195192694664,0.006977537646889687,3.622287790681045,2.469521885348888,0.4053791899421517,827,8.039428852951122,5.614216650104332,-0.6946026482976808,146,0.5268662571907043
resnet_frozen,fold6_balkan_e,452,0.4949786198903168,False,12,1e-05,1e-05,0.7814652249217033,0.11163788927452904,0.5183572247624397,0.09021641314029694,0.2460175510495901,1.6373423282057047,0.5904775429517031,0.01978355273604393,0.1171678975224495,0.04605352133512497,0.006957385689020157,3.6124910519848648,2.4644636656078083,0.4085912302344116,827,8.030330540283007,5.606346718653565,-0.6907692166826533,146,0.5253819823265076
resnet_frozen,fold6_balkan_e,453,0.5139957091251913,False,13,1e-05,1e-05,0.7752918154001236,0.11075597362858909,0.5195909682661295,0.08963684365153313,0.2467247825115919,1.63254065066576,0.5838492028415203,0.019928790628910065,0.11742761917412281,0.046037230640649796,0.007013771682977676,3.617714421732913,2.466762526132598,0.40687973533501776,827,8.032945656453052,5.608546827507278,-0.691870610416595,146,0.5256059765815735
resnet_frozen,fold6_balkan_e,454,0.5018645474527306,True,0,1e-05,1e-05,0.7742045875638723,0.11060065536626748,0.5231706388294697,0.08947014436125755,0.24671785905957222,1.6348518636077642,0.5828713793307543,0.019708460196852684,0.1174811627715826,0.0460510216653347,0.006997453048825264,3.612677995946384,2.464870963543939,0.40853001864528005,827,8.022381196896498,5.594882319122075,-0.6874234384371318,146,0.5234318971633911
resnet_frozen,fold6_balkan_e,455,0.49604548508483814,True,0,1e-05,1e-05,0.7918756399303675,0.11312509141862392,0.5214881300926208,0.08952080272138119,0.24705836176872253,1.651258448138833,0.6006749738007784,0.019636722281575203,0.11743955872952938,0.046097949147224426,0.006990423426032066,3.6084762439953573,2.462782275244452,0.4099050456639437,827,8.018703204403778,5.591005768397262,-0.6858765391090733,146,0.5226311087608337
resnet_frozen,fold6_balkan_e,456,0.4892365641288342,False,1,1e-05,1e-05,0.7836444545537233,0.11194920779338904,0.5252724923193455,0.08995956368744373,0.24649447202682495,1.6467032115906477,0.5924199409782887,0.01978565938770771,0.11736389994621277,0.046021925285458565,0.007039044052362442,3.615227732552446,2.467381387100031,0.4076948349663929,827,8.029265860186406,5.6054770059849695,-0.6903209140900526,146,0.524445652961731
resnet_frozen,fold6_balkan_e,457,0.5014245795511709,False,2,1e-05,1e-05,0.7852767370641232,0.11218239100916046,0.5230430793017149,0.08983513340353966,0.24957930482923985,1.6490715444087982,0.594236446544528,0.019794469699263573,0.11728894710540771,0.04594728350639343,0.006995191797614098,3.6173092191112137,2.464759989106075,0.4070125929345376,827,8.032115045507119,5.5983599523053105,-0.691520747824582,146,0.5243056416511536
resnet_frozen,fold6_balkan_e,458,0.4700587917267916,False,3,1e-05,1e-05,0.7862199768424034,0.11231713954891477,0.521707920357585,0.09028292447328568,0.24680861085653305,1.6463258117437363,0.5953604392707348,0.019754810258746147,0.11725310795009136,0.045908523723483086,0.006918471306562424,3.6175799152371866,2.467738036492833,0.4069238388965283,827,8.029499480163063,5.599134051177395,-0.6904192788681727,146,0.5236793160438538
resnet_frozen,fold6_balkan_e,459,0.46963840240146404,False,4,1e-05,1e-05,0.7898573689162731,0.11283676698803902,0.5231265928596258,0.0899205356836319,0.24780146405100822,1.6520393751561642,0.5988321993499994,0.019722405821084976,0.11729714088141918,0.04600919969379902,0.00699213333427906,3.6251167034833043,2.46907724809774,0.40445006041439624,827,8.048729083035502,5.623320817118275,-0.6985256410202167,146,0.5276784896850586
resnet_frozen,fold6_balkan_e,460,0.473764578693579,False,5,1e-05,1e-05,0.8021328989416361,0.11459041413451944,0.5492863152176142,0.09477998875081539,0.25082648545503616,1.698339058086276,0.6111109387129545,0.019585881382226944,0.11740730702877045,0.046082451939582825,0.00693170353770256,3.6211022628158105,2.4662554766270643,0.405768349623277,827,8.040587058975783,5.613943879018304,-0.695090951735992,146,0.5260929465293884
resnet_frozen,fold6_balkan_e,461,0.5030514303112837,False,6,1e-05,1e-05,0.8375058826059103,0.11964369751513004,0.5501237325370312,0.0948189478367567,0.2513563744723797,1.7350964937359095,0.6466023325920105,0.019568994641304016,0.11732349917292595,0.04605659283697605,0.00692574679851532,3.6174943953621925,2.463897075211105,0.4069518792996917,827,8.039386189054913,5.6116191102442174,-0.6945846624031635,146,0.5260305404663086
resnet_frozen,fold6_balkan_e,462,0.49041901188288806,False,7,1e-05,1e-05,0.9223427232354879,0.1317632461764983,0.5676232669502497,0.09539620950818062,0.2512253765016794,1.8378763794898987,0.7236816361546516,0.019704677164554596,0.11757287941873074,0.052412692457437515,0.007901480421423912,3.62000388561443,2.470147356074602,0.4061287876670011,827,8.027610190802854,5.598747346925219,-0.6896238829812198,146,0.5233586430549622
resnet_frozen,fold6_balkan_e,463,0.48566627271806745,False,8,1e-05,1e-05,0.8372941557317972,0.11961345081882817,0.545967360958457,0.09499860927462578,0.25251906365156174,1.7320887874811888,0.6464972626417875,0.01938714273273945,0.11739883571863174,0.04604911245405674,0.006922528147697449,3.625794121859174,2.4662156092593825,0.40422746114352437,827,8.059881649863431,5.633862160363217,-0.703235960990477,146,0.5298442840576172
resnet_frozen,fold6_balkan_e,464,0.4746832057671507,False,9,1e-05,1e-05,0.8330231979489326,0.11900331399270467,0.5506242737174034,0.09482716023921967,0.2509294729679823,1.73069884814322,0.6422279290854931,0.01945798099040985,0.11730830930173397,0.04599414020776749,0.0070025734603405,3.60831379860493,2.4595062147978286,0.4099581739325565,827,8.02612578848473,5.592941537619715,-0.6889990769276821,146,0.5233444571495056
resnet_frozen,fold6_balkan_e,465,0.5122061317748285,False,10,1e-05,1e-05,0.8378045205026865,0.11968636007181235,0.5449330117553473,0.09484180063009262,0.2506592161953449,1.7296142857521772,0.6469156574457884,0.019516510888934135,0.11735234037041664,0.046027980744838715,0.006975196301937103,3.6095907211314224,2.4607702574655157,0.40954048796847287,827,8.03082045887149,5.604547848626292,-0.6909755256339001,146,0.5246695280075073
resnet_frozen,fold6_balkan_e,466,0.4989213816632383,False,11,1e-05,1e-05,0.8094540350139141,0.11563629071627345,0.5166166834533215,0.08819179236888885,0.2456776276230812,1.6612366326153278,0.6181348692625761,0.019600756466388702,0.11753471940755844,0.046094195917248726,0.0070291124284267426,3.6188388702185397,2.465428505238746,0.40651097387247714,827,8.048325382858922,5.628282466682352,-0.698355259361715,146,0.5280967950820923
resnet_frozen,fold6_balkan_e,467,0.48496235728696296,False,12,1e-05,1e-05,0.760042279958725,0.10857746856553215,0.5232055094093084,0.08971892297267914,0.2471823189407587,1.6214400120079517,0.5687149614095688,0.019656997174024582,0.11740875989198685,0.046000247821211815,0.00716833770275116,3.6196852927908196,2.4624714117410296,0.40623331505790494,827,8.060349325098983,5.642865117649266,-0.7034336275131698,146,0.5305723547935486
resnet_frozen,fold6_balkan_e,468,0.5021123551688143,False,13,1e-05,1e-05,0.7858391124755144,0.11226273035364491,0.5270445216447115,0.09013395570218563,0.24738177098333836,1.6517091896384954,0.594938725233078,0.01957520842552185,0.11737854965031147,0.04602939262986183,0.0069171953946352005,3.622397754121697,2.46550897463208,0.4053430870445244,827,8.056290759643158,5.641630114789128,-0.7017186258306636,146,0.5297508239746094
resnet_frozen,fold6_balkan_e,469,0.5066176002806879,False,14,1e-05,1e-05,0.783570408821106,0.11193862983158656,0.5243434384465218,0.08960146270692348,0.24680242128670216,1.645616166293621,0.5926675982773304,0.01965501718223095,0.11734072864055634,0.045990752056241035,0.0068967267870903015,3.6187049413728953,2.4626800113630454,0.4065549016803709,827,8.047712670867034,5.631477886464524,-0.6980966805954969,146,0.5283052325248718
resnet_frozen,fold6_balkan_e,470,0.45714006573862725,False,15,1e-05,1e-05,0.8690690025687218,0.12415271465267454,1.1205457355827093,0.4337039962410927,0.2916573118418455,2.7162673734128475,0.6801692247390747,0.019834307953715324,0.11737907864153385,0.043709056451916695,0.0069113969802856445,3.608978696937759,2.4619909255377967,0.40974070173127564,827,8.018974438358873,5.596966582726135,-0.685990591140534,146,0.5220235586166382
resnet_frozen,fold6_balkan_e,471,0.5233049127470337,False,16,1e-05,1e-05,2.2696469966322184,0.3242352852331741,0.5155732706189156,0.09135912545025349,0.24624882079660892,3.1241770517081022,2.0844765212386847,0.019410179927945137,0.1174771897494793,0.040368812158703804,0.006845008581876755,3.607189041862119,2.458389633048988,0.4103259635012443,827,8.031812504724632,5.614876653147786,-0.6913933232621157,146,0.5251182913780212
resnet_frozen,fold6_balkan_e,472,0.5013491481794844,False,17,1e-05,1e-05,0.7680306658148766,0.10971866654498237,0.5172824915498495,0.08844555169343948,0.24615538865327835,1.621228612959385,0.5811938364058733,0.01965143345296383,0.11740070022642612,0.041901128366589546,0.00687268003821373,3.610129922641807,2.4644887008119074,0.40936406883129217,827,8.019480084688398,5.597519643662512,-0.6862032222790337,146,0.5221806168556213
resnet_frozen,fold6_balkan_e,473,0.5198655318752597,False,18,1e-05,1e-05,0.7707559559494257,0.11010799370706081,0.5152172297239304,0.08850184455513954,0.24590330012142658,1.621664660051465,0.584240036085248,0.019674116745591164,0.11724312417209148,0.041756415739655495,0.006838006898760796,3.6118310651172947,2.463107999374097,0.4088073062665465,827,8.030619780711394,5.607089466445929,-0.6908910168046545,146,0.5239995718002319
resnet_frozen,fold6_balkan_e,474,0.46423967631292745,False,19,1e-05,1e-05,0.7709099277853966,0.11012998968362808,0.5181702133268118,0.08940403163433075,0.2466033697128296,1.6263938043266535,0.5842679068446159,0.019574571400880814,0.11726729571819305,0.04188166931271553,0.0069044120609760284,3.615610438226689,2.460836871719687,0.40756942624399184,827,8.044140292121671,5.618622611893301,-0.6965894453512116,146,0.526565670967102
resnet_frozen,fold6_balkan_e,475,0.4780510253168219,False,20,1e-05,1e-05,0.7678356245160103,0.10969080350228719,0.5188722927123308,0.0888916626572609,0.24670398980379105,1.6235897410660982,0.5810502823442221,0.019717738032341003,0.11727661266922951,0.04192987270653248,0.006857866421341896,3.6117749731166597,2.4579000891238465,0.40882566865551584,827,8.040220845938824,5.612057604814074,-0.6949365475204112,146,0.5254077315330505
resnet_frozen,fold6_balkan_e,476,0.4525554315643126,False,21,1e-05,1e-05,0.77290029078722,0.11041432725531715,0.519653582945466,0.0891291443258524,0.24631882831454277,1.6292941458523273,0.586398234590888,0.01969759725034237,0.11722363717854023,0.04174797050654888,0.006820313632488251,3.6113688192179136,2.46007392938893,0.40895861949598433,827,8.027282249245959,5.603272018165967,-0.6894858377708368,146,0.5229868292808533
resnet_frozen,fold6_balkan_e,477,0.4920069338188494,False,22,1e-05,1e-05,0.7741789612919092,0.11059699447027274,0.5209979750216007,0.08888522535562515,0.24574960954487324,1.631118968129158,0.5875684227794409,0.019621973857283592,0.11732737720012665,0.041812507435679436,0.006847629323601723,3.6220637007748873,2.4605632047619626,0.40545275913795775,827,8.058692499733153,5.6361391808727435,-0.7027334092311612,146,0.5287516117095947
resnet_frozen,fold6_balkan_e,478,0.4820227709473837,False,23,1e-05,1e-05,0.7708657886832952,0.11012368409761361,0.5213384050875902,0.08953488245606422,0.2472085803747177,1.6302450560033321,0.5843142587691545,0.019701126962900162,0.11732975393533707,0.041638923808932304,0.006866835057735443,3.623794493781602,2.4577243490198195,0.4048844179086528,827,8.067371147346135,5.646846589321411,-0.7064028333624746,146,0.5307929515838623
resnet_frozen,fold6_balkan_e,479,0.4753650448486623,False,24,1e-05,1e-05,0.7769928015768528,0.11099897165383611,0.5172719527035952,0.08891686238348484,0.24640336818993092,1.6308741364628077,0.5901097357273102,0.019722606986761093,0.11741486005485058,0.041861943900585175,0.006867855787277222,3.6117779954687066,2.4521808446194098,0.4088246792596031,827,8.048154754706248,5.621796742630081,-0.6982832483196926,146,0.5268392562866211
resnet_frozen,fold6_balkan_e,480,0.4828660773539053,False,25,1e-05,1e-05,0.7758644092828035,0.11083777275468622,0.516916261985898,0.09004590287804604,0.25679761730134487,1.6410640943795443,0.5893148109316826,0.019597234204411507,0.11729595065116882,0.04179234616458416,0.006857331842184067,3.6161937305432743,2.4538928019166333,0.407378261802122,827,8.047167573127284,5.612445269802833,-0.6978666531697171,146,0.5260426998138428
