experiment,fold,epoch,train_loss,best_so_far,epochs_since_improvement,lr_group_0,lr,train_seconds,train_batch_avg_seconds,train_eval_seconds,val_loss_seconds,val_seconds,total_seconds,data_wait_seconds,to_device_seconds,forward_seconds,backward_seconds,optimizer_seconds,train_pm25_rmse,train_pm25_mae,train_pm25_r2,train_pm25_n,val_pm25_rmse,val_pm25_mae,val_pm25_r2,val_pm25_n,val_loss
cnn,fold1_iberia,1,0.4073367618051247,True,0,0.0003,0.0003,4.7423398699611425,0.3647953746123956,0.6663603615015745,0.4049581401050091,0.2817128002643585,6.095632318407297,3.7268298137933016,0.040556926280260086,0.44747242517769337,0.4713070895522833,0.05374586768448353,5.156478196462479,3.7680051785848354,-0.015816306823769333,1000,3.0980887761918363,2.5565104791622275,-0.44888134143291714,204,0.3897054195404053
cnn,fold1_iberia,2,0.32892222811885974,True,0,0.0003,0.0003,2.0218904837965965,0.15553003721512282,0.6388458162546158,0.12301685847342014,0.2647677455097437,3.0487178433686495,1.3764523286372423,0.03896158002316952,0.1782242227345705,0.40778323635458946,0.018377410247921944,4.848853404634192,3.3316450535212243,0.10177132080111606,1000,2.6324784894991797,2.123300627510136,-0.04610376519860626,204,0.3014250695705414
cnn,fold1_iberia,3,0.30218118192486815,False,1,0.0003,0.0003,2.0873580519109964,0.16056600399315357,0.6237792130559683,0.11608391255140305,0.2550438866019249,3.082467705011368,1.4515185561031103,0.038832707330584526,0.17818725667893887,0.3967469595372677,0.019965559244155884,3.7900749249939656,2.522723500854703,0.4512122610138285,1000,2.701210897068777,2.1803430507301234,-0.10144315678178395,204,0.2983885109424591
cnn,fold1_iberia,4,0.283370518368791,False,2,0.0003,0.0003,1.9696823079138994,0.15151402368568456,0.6493226755410433,0.1284014042466879,0.26563750952482224,3.0132865253835917,1.3340502437204123,0.038514479994773865,0.17748013697564602,0.3912452161312103,0.026284458115696907,3.7317840511838556,2.430041718239262,0.4679630227496575,1000,2.7596631852718225,2.1770039392618776,-0.14962781496265798,204,0.3017476499080658
cnn,fold1_iberia,5,0.259601006582469,False,3,0.0003,0.0003,1.9807493388652802,0.1523653337588677,0.6395003981888294,0.12190939858555794,0.26245897449553013,3.0048480927944183,1.3378916755318642,0.03862795606255531,0.17911501228809357,0.403104767203331,0.01998988352715969,3.6452524421566124,2.411994906418536,0.492350423784056,1000,3.112256863649272,2.4721590096701047,-0.4621636052973832,204,0.3370521068572998
cnn,fold1_iberia,6,0.25584386717685004,False,4,0.0003,0.0003,1.9606101680547,0.15081616677343845,0.6144350450485945,0.13127033598721027,0.2680980060249567,2.9746443182229996,1.3169002197682858,0.03869834542274475,0.1783417947590351,0.40556477569043636,0.019101908430457115,3.269034789767073,2.2001452634162884,0.591729600550081,1000,3.3375187615671305,2.6642798437502204,-0.6814832069744494,204,0.3770347237586975
cnn,fold1_iberia,7,0.24477291221939987,True,0,0.0003,0.0003,1.985387347638607,0.15272210366450822,0.6422737389802933,0.12416557222604752,0.2633950933814049,3.0154456831514835,1.3520040772855282,0.03850497677922249,0.17763113789260387,0.39202017337083817,0.023274237290024757,3.300244294440167,2.169924332567002,0.5838968662043558,1000,2.5594567717678,2.0128498328956006,0.01112658670661315,204,0.27521222829818726
cnn,fold1_iberia,8,0.24354071680245704,False,1,0.0003,0.0003,1.9846835099160671,0.15266796230123594,0.6542539410293102,0.14528449811041355,0.2715179193764925,3.05592418089509,1.346942400559783,0.038359981030225754,0.1776586938649416,0.401457229629159,0.018334049731492996,4.212004389369679,2.7869302488021424,0.32222360587048404,1000,6.441045820894884,5.337970680172034,-5.262646240219881,204,0.7470825910568237
cnn,fold1_iberia,9,0.2321245627282759,False,2,0.0003,0.0003,2.3955280035734177,0.1842713848902629,0.6704228650778532,0.1330359186977148,0.25454145669937134,3.45376019179821,1.7387756016105413,0.038091547787189484,0.17774377204477787,0.41931135579943657,0.019593439996242523,3.4484225914924287,2.242384654647762,0.5456926406873295,1000,2.6593874499106134,2.1007789211438164,-0.06759942876255698,204,0.28312429785728455
cnn,fold1_iberia,10,0.22554008194685843,False,3,0.0003,0.0003,2.0688376035541296,0.15914135411954844,0.6307318489998579,0.12572824954986572,0.2479699682444334,3.073496451601386,1.430152839049697,0.03832452371716499,0.17793092504143715,0.40112099796533585,0.019338885322213173,3.1874588153472074,2.1439855389485523,0.6118514457741443,1000,3.0355807423493744,2.39617657893678,-0.3910049674806739,204,0.32924214005470276
cnn,fold1_iberia,11,0.22551088642987965,False,4,0.0003,0.0003,1.9705882649868727,0.1515837126912979,0.6360074039548635,0.12145306915044785,0.257808867841959,2.9860823061317205,1.3414094541221857,0.03829767554998398,0.1777338832616806,0.39252317510545254,0.01868743821978569,3.450038203631023,2.281971507547417,0.5452668480801135,1000,2.898151250704275,2.1783698297070377,-0.26790640829840817,204,0.3037806451320648
cnn,fold1_iberia,12,0.20252952851112999,False,5,0.0003,0.0003,1.9980651903897524,0.15369732233767325,0.6261323746293783,0.11557968147099018,0.2537768967449665,2.993785362690687,1.3645309414714575,0.04304780252277851,0.17773297056555748,0.3930787332355976,0.017750173807144165,3.3547074544630147,2.120064338772799,0.5700498386675674,1000,2.64889050744343,2.00213828272569,-0.0591881587321057,204,0.26992127299308777
cnn,fold1_iberia,13,0.21903448759003236,False,6,0.0003,0.0003,1.984340338036418,0.15264156446433985,0.6354812625795603,0.1300852857530117,0.26204719208180904,3.0121802277863026,1.3430497590452433,0.03838291950523853,0.17784271202981472,0.4045203998684883,0.018572824075818062,3.2167059731086787,2.110694107424494,0.6046956988107801,1000,2.9303279564496387,2.292031846399654,-0.2962165428394137,204,0.3117404282093048
cnn,fold1_iberia,14,0.2183695493622377,True,0,0.0003,0.0003,2.107140066102147,0.16208769739247286,0.6420044079422951,0.12775881215929985,0.2641089726239443,3.1412395127117634,1.4580259639769793,0.03847171366214752,0.1778024137020111,0.39447953552007675,0.03628924861550331,3.5720352889964864,2.3166095221218295,0.5125385339962404,1000,2.400203792599589,1.8310276675923178,0.13035633389785406,204,0.2426874339580536
cnn,fold1_iberia,15,0.21109748546540666,False,1,0.0003,0.0003,1.9720685556530952,0.15169758120408425,0.6366817634552717,0.1300094947218895,0.26168176159262657,3.000651076436043,1.340728785842657,0.038629984483122826,0.17775116674602032,0.3952360674738884,0.017807703465223312,3.3027614092449813,2.330817298156872,0.5832618957682443,1000,4.5290529264891255,3.8348561851121525,-2.096420219046636,204,0.5272543430328369
cnn,fold1_iberia,16,0.2074411233840006,False,2,0.0003,0.0003,2.022045960649848,0.15554199697306523,0.5130774844437838,0.19662735424935818,0.2616547830402851,2.993634009733796,1.3854276333004236,0.03852427937090397,0.17780615016818047,0.4006185829639435,0.017751341685652733,3.4109807259131095,2.230213627667816,0.5555045297151515,1000,2.61076450254922,1.9936401688725178,-0.028917375289531977,204,0.2692115008831024
cnn,fold1_iberia,17,0.19667787471546305,False,3,0.0003,0.0003,1.9673480037599802,0.15133446182769078,0.6236337199807167,0.12031683698296547,0.24801195040345192,2.9595424998551607,1.3341632280498743,0.038527460768818855,0.17772545479238033,0.39743261970579624,0.017613349482417107,3.426302372779677,2.2272137833353547,0.5515023386360867,1000,2.598432374737588,1.999040765878461,-0.01922000695719195,204,0.2727842926979065
cnn,fold1_iberia,18,0.20655296339455065,False,4,0.0003,0.0003,1.9912964813411236,0.15317665241085565,0.6390253249555826,0.12455996684730053,0.26274205558001995,3.0178562831133604,1.3627576176077127,0.03843780420720577,0.17787381447851658,0.3925867285579443,0.017686141654849052,3.1530271405036925,2.228742946429743,0.620191896138081,1000,4.077782166275407,3.412228668491526,-1.5101122738302828,204,0.47582659125328064
cnn,fold1_iberia,19,0.2010935738628952,False,5,0.0003,0.0003,1.9910334516316652,0.15315641935628194,0.6288104150444269,0.1332968883216381,0.27132770977914333,3.0246928092092276,1.3618787173181772,0.03846997581422329,0.17766719870269299,0.3927183039486408,0.018360400572419167,3.3037833191282195,2.140469696006242,0.5830039693734193,1000,2.5702589660603747,1.982760179079477,0.0027618863763715362,204,0.26498207449913025
cnn,fold1_iberia,20,0.18375244783293612,False,6,0.0003,0.0003,2.0067588668316603,0.15436606667935848,0.6339602191001177,0.109665147960186,0.24961242824792862,3.0002181474119425,1.3647914361208677,0.03806132264435291,0.1779885571449995,0.4064251147210598,0.01759921945631504,3.7129794419818136,2.380662394354923,0.4733114245542406,1000,2.552212349328751,1.964533434798538,0.01671658408400578,204,0.26493972539901733
cnn,fold1_iberia,21,0.20063854382786941,False,7,0.0003,0.0003,2.0440371613949537,0.15723362779961184,0.6359313037246466,0.13474596850574017,0.2663539946079254,3.081294657662511,1.4046148490160704,0.03838645666837692,0.17749926447868347,0.39380398392677307,0.027781082317233086,3.3022636843320843,2.097874924975181,0.5833874908578079,1000,2.5805617319839964,1.949943494212275,-0.005248904010215938,204,0.2577015459537506
cnn,fold1_iberia,22,0.19098613752785143,False,8,0.0003,0.0003,2.0486191026866436,0.1575860848220495,0.6405057553201914,0.12298965826630592,0.2613015007227659,3.0736438930034637,1.3977222200483084,0.038291383534669876,0.1777265928685665,0.4072358198463917,0.02570902742445469,3.395869172851535,2.167375478982863,0.5594342721185912,1000,2.5951644059662407,1.9800931152399979,-0.016657935550759673,204,0.25841856002807617
cnn,fold1_iberia,23,0.19485902040300243,False,9,0.0003,0.0003,2.064169965684414,0.15878230505264723,0.6326016131788492,0.1278320625424385,0.26304228231310844,3.087869882583618,1.4278676062822342,0.03864197991788387,0.17783401906490326,0.3931970149278641,0.024724559858441353,3.0505621853309584,1.9537587707485107,0.6444762863798871,1000,2.8524208857940483,2.1922507539620426,-0.22820912144736738,204,0.28534430265426636
cnn,fold1_iberia,24,0.1867097666404164,False,10,0.0003,0.0003,1.984984815120697,0.15269113962466901,0.6412894483655691,0.1264099981635809,0.26639167591929436,3.019306492060423,1.3487535510212183,0.03809088468551636,0.17833139561116695,0.4003361891955137,0.017595402896404266,3.0367479692273687,2.0010541092968337,0.6476889147076101,1000,2.7272183144986615,2.154242293659689,-0.12275477905358034,204,0.28312948346138
cnn,fold1_iberia,25,0.187842527451498,False,11,0.0003,0.0003,2.1164941117167473,0.1628072393628267,0.7073878161609173,0.1292291171848774,0.26556107588112354,3.2188989892601967,1.4828805979341269,0.037899186834692955,0.17804197035729885,0.39677135832607746,0.018860211595892906,3.0144534771461005,1.9723581266334944,0.6528429572900865,1000,2.920101547931053,2.2962121704220975,-0.28718512383995387,204,0.31288132071495056
cnn,fold1_iberia,26,0.19712680743202549,False,12,0.0003,0.0003,2.08381774276495,0.16029367252038076,0.647156972438097,0.12283650040626526,0.25496979616582394,3.109013419598341,1.4406091216951609,0.03817748464643955,0.1777823604643345,0.40770434588193893,0.01760067790746689,3.260239839167921,2.073120848429184,0.5939234516555623,1000,2.68679333689189,2.0397150668978625,-0.08971675409107838,204,0.28017571568489075
cnn,fold1_iberia,27,0.182194204823922,False,13,0.0003,0.0003,1.989211868494749,0.15301629757651916,0.6329903807491064,0.1252905000001192,0.26087312027812004,3.008596682921052,1.3528033997863531,0.038534462451934814,0.1779460646212101,0.3998961001634598,0.018059182912111282,3.5665167873176453,2.2912367782628498,0.5140435465408202,1000,2.688427289621902,1.9789540098373373,-0.09104256285605894,204,0.27305543422698975
cnn,fold1_iberia,28,0.17790526517461783,False,14,0.0003,0.0003,2.014904072508216,0.15499262096217045,0.631006296724081,0.11086457967758179,0.2466852404177189,3.0036869160830975,1.3702559508383274,0.03847421519458294,0.17818614467978477,0.4075272250920534,0.018535351380705833,3.03604549562765,1.9798270533747413,0.6478518920858294,1000,2.997929208807376,2.385816221041394,-0.3567125733987393,204,0.3227680027484894
cnn,fold1_iberia,29,0.17814193592461725,False,15,0.0003,0.0003,2.0208914671093225,0.1554531897776402,0.6400564443320036,0.1338373888283968,0.26199162006378174,3.0569967944175005,1.3926892802119255,0.03840053826570511,0.1775988843291998,0.39265162870287895,0.017645737156271935,3.701976575584733,2.597656915056792,0.4764283271285462,1000,4.644087815667379,3.8662568356562677,-2.2557117690432937,204,0.524645984172821
cnn,fold1_iberia,30,0.1748866759482704,False,16,0.0003,0.0003,2.0033090505748987,0.15410069619806913,0.6445364989340305,0.1232952680438757,0.2618615310639143,3.0332312807440758,1.3638047706335783,0.038413144648075104,0.17786858417093754,0.4028465822339058,0.018412012606859207,3.670978046125341,2.307145510329664,0.48515987946643746,1000,2.7458635204009245,2.037939462267316,-0.13815915923435562,204,0.28541669249534607
cnn,fold1_iberia,31,0.17302246185559803,False,17,0.0003,0.0003,2.0430592093616724,0.15715840072012865,0.6418651677668095,0.11042995750904083,0.2504775617271662,3.04605308547616,1.4122176356613636,0.038225945085287094,0.1776448916643858,0.3939273301512003,0.01905420422554016,2.9891812501168147,1.949122577781026,0.6586394672199738,1000,2.838893773714311,2.1510851059306653,-0.21658760533348453,204,0.2892707884311676
cnn,fold1_iberia,32,0.17034542230635918,False,18,0.0003,0.0003,1.9813207723200321,0.152409290178464,0.6460051331669092,0.12613368034362793,0.26201213896274567,3.0156950261443853,1.3530519418418407,0.03840841166675091,0.1777131911367178,0.39188697561621666,0.018330400809645653,2.8385258468518044,1.8631673639411461,0.6921816434893653,1000,3.194598541619615,2.4666056201184907,-0.5405566784609088,204,0.33993202447891235
cnn,fold1_iberia,33,0.16638092931570703,False,19,0.0003,0.0003,1.9919703416526318,0.1532284878194332,0.6339316293597221,0.12745115160942078,0.2636726014316082,3.0172453951090574,1.3578310683369637,0.0385384988039732,0.17767215333878994,0.3984842710196972,0.017562884837388992,3.2006929922116893,2.28974301366199,0.6086216060529226,1000,4.253942640207666,3.5564676709649086,-1.7316708114089545,204,0.48203685879707336
cnn,fold1_iberia,34,0.17104710740733234,False,20,0.0003,0.0003,1.9593560826033354,0.15071969866179502,0.6004243474453688,0.11731979623436928,0.2588521707803011,2.936188366264105,1.3164675664156675,0.038912458345294,0.17799686081707478,0.4039924144744873,0.020029796287417412,3.603768983706023,2.286298508057965,0.5038389190144099,1000,2.718796515886279,2.017904321238242,-0.11583122998255524,204,0.2794468402862549
cnn,fold1_iberia,35,0.17150848609015398,False,21,0.0003,0.0003,1.8670813106000423,0.14362163927692634,0.6204943954944611,0.13446916081011295,0.2835808414965868,2.9058483615517616,1.2246762458235025,0.0388616006821394,0.1780286580324173,0.40306912548840046,0.02048613876104355,2.9775817364328496,1.9099969808335524,0.6612836250665215,1000,2.893310072369537,2.2732749195664153,-0.2636740313111978,204,0.3089849352836609
cnn,fold1_iberia,36,0.16883047106177082,False,22,0.0003,0.0003,2.2136893775314093,0.17028379827164686,0.6720153614878654,0.12509245052933693,0.258159127086401,3.2691904176026583,1.5674764085561037,0.037303170189261436,0.17793281935155392,0.4078648220747709,0.021032650023698807,2.929753115720122,1.9684144978514773,0.6720777702412934,1000,2.7442652061453816,2.1815199991748564,-0.13683454382375237,204,0.2818014919757843
cnn,fold1_iberia,37,0.17475320974411948,False,23,0.0003,0.0003,1.9080632477998734,0.14677409598460564,0.6051561255007982,0.1119765192270279,0.24753564968705177,2.872960476204753,1.2772104535251856,0.03865602798759937,0.1775096394121647,0.38973554968833923,0.02297416515648365,3.1732543184699598,1.9996891402848633,0.6153032048377973,1000,2.70019202206855,2.047137917425333,-0.10061240250841141,204,0.2814226448535919
cnn,fold1_iberia,38,0.17193711277379886,False,24,0.0003,0.0003,1.9944287221878767,0.15341759401445204,0.6317148879170418,0.12479505129158497,0.2610969301313162,3.0122655108571053,1.3651383928954601,0.038645064458251,0.17776376381516457,0.3935458604246378,0.01746322773396969,3.263027223593954,2.0635673359196733,0.5932287939830312,1000,2.6056128811745203,2.0250848217578303,-0.02486081399371942,204,0.27291417121887207
cnn,fold1_iberia,39,0.16200926673971788,False,25,0.0003,0.0003,1.9643285740166903,0.15110219800128386,0.6242524310946465,0.13354982621967793,0.24741334095597267,2.9697722420096397,1.336984721943736,0.03827953711152077,0.17758909054100513,0.39176216907799244,0.01781388372182846,3.7310574783979096,2.3451490274623508,0.46817017619251944,1000,2.591621289933081,1.9451826970792623,-0.013883792943417461,204,0.2531956434249878
cnn,fold2_france,1,0.4166269740839114,True,0,0.0003,0.0003,1.6513468883931637,0.15012244439937852,0.604748735204339,0.24489589594304562,0.4518679976463318,2.9530196879059076,1.1178756412118673,0.03182630240917206,0.15317362174391747,0.3307832609862089,0.016054488718509674,5.421422543782875,4.050164286883613,-0.011010778972457391,1000,3.2316338722514133,2.9168691074409785,-2.8148429622581492,362,0.3183208703994751
cnn,fold2_france,2,0.3282121625439874,True,0,0.0003,0.0003,1.824174290522933,0.16583402641117573,0.6175578162074089,0.21426240913569927,0.4458777364343405,3.1020778603851795,1.2923516631126404,0.03120550885796547,0.14875786192715168,0.3338418733328581,0.016259536147117615,5.089400313975055,3.6572312416048782,0.10903120095501528,1000,2.6953928989966753,2.3750355980293834,-1.6538509135631818,362,0.24046576023101807
cnn,fold2_france,3,0.30493542928805295,False,1,0.0003,0.0003,1.796409947797656,0.16330999525433237,0.6227288711816072,0.2254700381308794,0.447240574285388,3.0920416824519634,1.2695022989064455,0.031237300485372543,0.14893583580851555,0.3293740414083004,0.015687478706240654,4.364789487516827,3.0886844338742327,0.34467629724637294,1000,3.11031409678259,2.69083135883639,-2.5337909918377406,362,0.2834966778755188
cnn,fold2_france,4,0.28811221287168304,False,2,0.0003,0.0003,1.7216900195926428,0.15651727450842207,0.6245033834129572,0.21381397731602192,0.44638553634285927,3.0066656041890383,1.176639186218381,0.03198177181184292,0.14904325269162655,0.34579591639339924,0.01653253100812435,4.308511882845918,2.9438531465220485,0.3614662437580911,1000,3.342666841072997,2.7145319189135897,-3.081488229253744,362,0.2972690165042877
cnn,fold2_france,5,0.28370708158646507,False,3,0.0003,0.0003,1.7307450771331787,0.1573404615575617,0.6544170659035444,0.2232626173645258,0.4468033518642187,3.0554948151111603,1.1941261552274227,0.03193923085927963,0.14863072521984577,0.33890844881534576,0.015425007790327072,3.9992029863561034,2.836538563472853,0.4498562705089524,1000,3.456100832839718,2.956411784413963,-3.3632005088890695,362,0.30863553285598755
cnn,fold2_france,6,0.2575845841703744,False,4,0.0003,0.0003,1.686747258529067,0.15334065986627882,0.6198524180799723,0.21849454380571842,0.4507198967039585,2.9760829377919436,1.1538322698324919,0.032234277576208115,0.14929144270718098,0.33368827775120735,0.015981335192918777,3.901296162914027,2.588956954698373,0.47646332273311454,1000,2.806587050560838,2.318531454244805,-1.8773281595583304,362,0.22798514366149902
cnn,fold2_france,7,0.26150903756591093,True,0,0.0003,0.0003,1.6662410888820887,0.15147646262564443,0.6170866955071688,0.22102505527436733,0.45016446709632874,2.9547814168035984,1.127300700172782,0.031893059611320496,0.14896788075566292,0.3411539364606142,0.015276918187737465,3.871229000839995,2.5719060321088625,0.4845019861802363,1000,2.478565079470011,2.0676380819581994,-1.2440525106293823,362,0.179509237408638
cnn,fold2_france,8,0.2432593120925728,True,0,0.0003,0.0003,1.6924146339297295,0.15385587581179358,0.6697302591055632,0.24908738769590855,0.46086085587739944,3.0722860526293516,1.1613627653568983,0.03202543035149574,0.14859185554087162,0.3336499407887459,0.015139609575271606,4.2949164308429415,2.815751084534642,0.36548965538431344,1000,2.252770958150103,1.8018018767943922,-0.8538152027353103,362,0.1569492667913437
cnn,fold2_france,9,0.248919407526652,False,1,0.0003,0.0003,1.668524233624339,0.15168402123857627,0.7478015702217817,0.22293738834559917,0.4637030176818371,3.103169549256563,1.1414124984294176,0.03200192376971245,0.1488294079899788,0.3295032996684313,0.015151333063840866,4.13236942800821,2.700119887597124,0.41260864432028255,1000,3.9422056578574596,3.291588325695739,-4.676895707700452,362,0.3477003276348114
cnn,fold2_france,10,0.2407590438579691,False,2,0.0003,0.0003,1.651919947937131,0.15017454072155736,0.6309106666594744,0.2189104352146387,0.47474295645952225,2.976763356477022,1.1178676765412092,0.032074788585305214,0.14910554885864258,0.33615545369684696,0.015087932348251343,3.695549409021962,2.4821144441197265,0.5302278165481094,1000,2.4858431643527057,2.0290802357268958,-1.2572507793474426,362,0.18156370520591736
cnn,fold2_france,11,0.24490935226966595,False,3,0.0003,0.0003,1.6853916086256504,0.15321741896596822,0.6495522819459438,0.22280135564506054,0.48160102404654026,3.0396784618496895,1.153353514149785,0.03207940235733986,0.1492308508604765,0.3320770990103483,0.016855783760547638,3.757208525239385,2.475685787407489,0.5144210302344181,1000,2.4787085586584885,1.9614612137475143,-1.2443123255965451,362,0.18067046999931335
cnn,fold2_france,12,0.23372055607280512,False,4,0.0003,0.0003,1.6801643520593643,0.15274221382357858,0.6325952783226967,0.21745062246918678,0.46223260648548603,2.9927055425941944,1.1539518628269434,0.0318846870213747,0.1491014752537012,0.3281486202031374,0.01539384014904499,3.571686543330033,2.349483515142588,0.5611905757930653,1000,2.33008855753864,1.8714012263787119,-0.9832488733881928,362,0.16375884413719177
cnn,fold2_france,13,0.23308993756085977,False,5,0.0003,0.0003,1.6931951027363539,0.1539268275214867,0.6813243422657251,0.26835393719375134,0.4845593962818384,3.127696620300412,1.1526247579604387,0.0319688580930233,0.14899219758808613,0.340603893622756,0.01731725223362446,3.721014904229887,2.4862119883441873,0.5237312459207223,1000,2.2685033746711616,1.801545246063956,-0.8797981646640545,362,0.15725821256637573
cnn,fold2_france,14,0.22200187184344763,False,6,0.0003,0.0003,1.918522622436285,0.17441114749420772,0.6346421502530575,0.2287545446306467,0.45732601173222065,3.2395009472966194,1.3794258330017328,0.03195981681346893,0.14905316196382046,0.3395257592201233,0.016820037737488747,3.574875203028499,2.4396508018828853,0.5604067228482077,1000,3.4838537794701123,2.9530515771288823,-3.4335560151689526,362,0.3112475275993347
cnn,fold2_france,15,0.22362962125361652,False,7,0.0003,0.0003,1.6697421744465828,0.15179474313150754,0.6469705998897552,0.218210743740201,0.4542552698403597,2.9894412755966187,1.1426428407430649,0.03201272338628769,0.1485922448337078,0.32825721986591816,0.016518166288733482,3.632893207226506,2.4068680116416212,0.5460222854551435,1000,2.8737163548893725,2.3152599846167696,-2.0166169098928126,362,0.21820978820323944
cnn,fold2_france,16,0.21276354789733887,True,0,0.0003,0.0003,1.675670387223363,0.15233367156576028,0.6267342530190945,0.22065017372369766,0.4535492919385433,2.9768629148602486,1.1501147169619799,0.03187230043113232,0.14869974367320538,0.32818556018173695,0.01513255387544632,3.607772242797119,2.3902427915173186,0.5522789671548726,1000,2.1746991364801476,1.7378585919082994,-0.7275503980359452,362,0.14399483799934387
cnn,fold2_france,17,0.21667336458447337,False,1,0.0003,0.0003,1.6982864364981651,0.15438967604528775,0.6387919932603836,0.2185325250029564,0.4614230189472437,3.017228130251169,1.1651118081063032,0.03198792226612568,0.1492420770227909,0.3350992016494274,0.015182580798864365,3.404853808865374,2.41565853783938,0.6012265729582509,1000,3.2869846347332623,2.7216400613178893,-2.9466417862200966,362,0.2797788679599762
cnn,fold2_france,18,0.22074023197437154,False,2,0.0003,0.0003,1.663144188001752,0.15119492618197744,0.6547457873821259,0.218344921246171,0.4444298632442951,2.9809308499097824,1.1356078814715147,0.03216462396085262,0.14862664602696896,0.32869875989854336,0.016354607418179512,3.496023214619902,2.3658279404822524,0.579585305948412,1000,2.2293812786520695,1.7649174615195964,-0.8155201002555257,362,0.15255793929100037
cnn,fold2_france,19,0.21787330062910057,True,0,0.0003,0.0003,1.6358001790940762,0.14870910719037056,0.6405706461519003,0.24728023633360863,0.4692502040416002,2.993168778717518,1.1040422525256872,0.03217010200023651,0.14871171116828918,0.3328892346471548,0.016269084066152573,4.272533562139659,2.8406936866038133,0.37208589762814226,1000,2.0385134492186365,1.5614837979071234,-0.5179571916666759,362,0.13856454193592072
cnn,fold2_france,20,0.21593885449157363,False,1,0.0003,0.0003,1.6845644041895866,0.1531422185626897,0.6332711763679981,0.2170557714998722,0.45281084068119526,2.98789531737566,1.141656445339322,0.03192394599318504,0.1499640867114067,0.3431308940052986,0.016213050112128258,3.6047450365276092,2.431500671979403,0.5530299986535769,1000,3.6633045230554298,3.0433581998452213,-3.9020575581611814,362,0.3305942118167877
cnn,fold2_france,21,0.22421867545993848,False,2,0.0003,0.0003,1.6888795495033264,0.1535345045003024,0.6354283299297094,0.22622117027640343,0.4557006098330021,3.0065364819020033,1.1491478849202394,0.03172065131366253,0.14943446591496468,0.3415106199681759,0.015338987112045288,3.4346728296313764,2.3791235546962453,0.5942112334439322,1000,2.561426739970403,2.0709543525781333,-1.3966037799182205,362,0.18690893054008484
cnn,fold2_france,22,0.20381767311315427,False,3,0.0003,0.0003,1.6402889546006918,0.149117177690972,0.6331157386302948,0.2216598056256771,0.45073207654058933,2.9460662063211203,1.1006967462599277,0.032138505950570107,0.1489060465246439,0.34158093109726906,0.015286702662706375,3.4192588744546497,2.2541599915585553,0.5978452184870562,1000,3.226257828809414,2.6380065546943845,-2.802161016569047,362,0.26672330498695374
cnn,fold2_france,23,0.19587837827616725,False,4,0.0003,0.0003,1.8721274808049202,0.17019340734590183,0.7306339144706726,0.2752730045467615,0.45778376422822475,3.3360811229795218,1.342120273038745,0.03221248462796211,0.14868860878050327,0.3315006513148546,0.01590779237449169,3.258805063902116,2.289204472407105,0.6347030584026676,1000,2.8228722379667257,2.3020076128075666,-1.9108163596041314,362,0.21797297894954681
cnn,fold2_france,24,0.19596651504779683,False,5,0.0003,0.0003,1.6726006157696247,0.15205460143360225,0.6259146314114332,0.230827571824193,0.4510816317051649,2.98067756742239,1.1416074205189943,0.03228800930082798,0.14896265044808388,0.3322591930627823,0.015796298161149025,3.6130553858314407,2.4340090197170228,0.5509667412171225,1000,3.4374571556062845,2.887655334647772,-3.316253560181651,362,0.2998698055744171
cnn,fold2_france,25,0.193740281565436,False,6,0.0003,0.0003,1.6619487591087818,0.15108625082807106,0.6388592384755611,0.2232508696615696,0.45731745660305023,2.981635047122836,1.1360266264528036,0.03222249634563923,0.148716876283288,0.32813301123678684,0.015149081125855446,3.6375923365112968,2.40048561432422,0.5448470900625217,1000,2.086385983856525,1.5855448679477,-0.5900898850399725,362,0.1393185257911682
cnn,fold2_france,26,0.19742349646557336,False,7,0.0003,0.0003,1.6563730128109455,0.15057936480099504,0.6256441157311201,0.2210775725543499,0.4786167126148939,2.981983084231615,1.1227633841335773,0.032103281468153,0.14872830919921398,0.33604028075933456,0.015071330592036247,3.2467017847603445,2.1939301197377516,0.6374114624819611,1000,2.530926005143049,2.01566228707376,-1.339867462469622,362,0.18803638219833374
cnn,fold2_france,27,0.1903221620910469,False,8,0.0003,0.0003,1.8080146666616201,0.16436496969651093,0.7321993485093117,0.26910231821238995,0.4512685351073742,3.2608405388891697,1.2723098769783974,0.031821032986044884,0.14908119291067123,0.3376459237188101,0.015498647466301918,3.3881369597045308,2.234118586164472,0.6051326852070272,1000,2.573204896432187,2.0732969555279195,-1.4186949629261578,362,0.1876755654811859
cnn,fold2_france,28,0.19016208045784083,False,9,0.0003,0.0003,1.6710857599973679,0.15191688727248798,0.632521741092205,0.21501339599490166,0.4515879862010479,2.970467437058687,1.1244569700211287,0.03634386882185936,0.14865361712872982,0.3447200693190098,0.015184437856078148,3.605549312322458,2.3545672022459936,0.5528305242091399,1000,2.671213184033563,2.1087265143767104,-1.606450377037488,362,0.1974559873342514
cnn,fold2_france,29,0.19286171869299878,False,10,0.0003,0.0003,1.6226425152271986,0.14751295592974534,0.6350066270679235,0.2154053971171379,0.4689519964158535,2.942264251410961,1.0931363143026829,0.031940754503011703,0.1492946520447731,0.3313406929373741,0.015211030840873718,3.427361303003916,2.3507864315520246,0.5959370324363227,1000,2.645461926375753,2.0868055499202742,-1.5564387563539834,362,0.18791916966438293
cnn,fold2_france,30,0.19692770640055338,False,11,0.0003,0.0003,1.6835628170520067,0.15305116518654607,0.6326807290315628,0.22168536484241486,0.4635732490569353,3.0017686523497105,1.1434663105756044,0.032120391726493835,0.14937430620193481,0.33783431723713875,0.019084004685282707,3.3306786102226305,2.245649416346945,0.6184119838385234,1000,2.4583895835345273,1.9694397264853805,-1.2076680685440104,362,0.17334811389446259
cnn,fold2_france,31,0.1912956484432878,False,12,0.0003,0.0003,1.5817550159990788,0.1437959105453708,0.595348883420229,0.2039185930043459,0.44624971598386765,2.82760401815176,1.0505118910223246,0.03249805048108101,0.14918203093111515,0.33149545453488827,0.016267888247966766,3.2953061990475168,2.234576892903072,0.6264740131301092,1000,3.0571496974441494,2.441408214020269,-2.414017728614352,362,0.23746232688426971
cnn,fold2_france,32,0.18608768095915346,False,13,0.0003,0.0003,1.537719964981079,0.139792724089189,0.6271312683820724,0.21401026099920273,0.44421237893402576,2.8233396150171757,1.0008839052170515,0.0324068758636713,0.14881304278969765,0.33786726370453835,0.0160438921302557,3.3019407529458693,2.21408510767431,0.6249684334701326,1000,2.6764998039024412,2.171073161192277,-1.6167774806979858,362,0.1986081302165985
cnn,fold2_france,33,0.19171700532408967,False,14,0.0003,0.0003,1.5590809285640717,0.14173462986946106,0.6207710150629282,0.2161007933318615,0.4460754096508026,2.8422979060560465,1.030906803905964,0.03213345259428024,0.14922519400715828,0.32965970411896706,0.015403414145112038,3.773194667417173,2.4093561050563803,0.5102801642786717,1000,2.2329849147099394,1.74313030648541,-0.8213941618000025,362,0.15082739293575287
cnn,fold2_france,34,0.18786019429393197,False,15,0.0003,0.0003,1.679458985105157,0.15267808955501427,0.623652096837759,0.2186962626874447,0.4504620134830475,2.972525328397751,1.1528386175632477,0.03176885098218918,0.14857221022248268,0.3295254223048687,0.01509130746126175,3.2921530272090624,2.1937906508147953,0.6271885009842144,1000,2.7478177430943083,2.1772523782456332,-1.7580885728651459,362,0.20674437284469604
cnn,fold2_france,35,0.17520115430327668,False,16,0.0003,0.0003,1.6367456763982773,0.14879506149075247,0.6253055930137634,0.21633248403668404,0.45760443434119225,2.9362420570105314,1.0981892459094524,0.03649932146072388,0.1484510526061058,0.3367334846407175,0.015203183516860008,3.62423899416621,2.3688531749422563,0.5481826243697974,1000,2.5331254723964918,1.9750608256335038,-1.3439360903808417,362,0.18833784759044647
cnn,fold2_france,36,0.17671791027332173,False,17,0.0003,0.0003,1.6455300729721785,0.14959364299747077,0.6308766528964043,0.22431505285203457,0.4439862873405218,2.944955488666892,1.118073845282197,0.03189515322446823,0.14915730245411396,0.3298123572021723,0.014982080087065697,3.445287925703183,2.3526847596387306,0.5916991205004096,1000,2.091401848663644,1.6340920765664115,-0.5977445214183268,362,0.13349364697933197
cnn,fold2_france,37,0.18213426792758636,False,18,0.0003,0.0003,1.6370686832815409,0.14882442575286736,0.6456113718450069,0.21572082862257957,0.4436534307897091,2.9423105362802744,1.1065546683967113,0.031927939504384995,0.14926129952073097,0.332762585952878,0.014950711280107498,3.3282416194737987,2.202451879688111,0.6189701801521059,1000,2.950057784928484,2.321310900658139,-2.1790210799708,362,0.2273963838815689
cnn,fold2_france,38,0.17441083782020655,False,19,0.0003,0.0003,1.660684209316969,0.1509712917560881,0.6374658681452274,0.2368558645248413,0.4454787243157625,2.980743383988738,1.1245031151920557,0.03649622015655041,0.1487664021551609,0.3343033231794834,0.014959152787923813,3.1555374972591075,2.138386762536965,0.6574878659515436,1000,2.9712265390724983,2.367701635952367,-2.2248082261995896,362,0.22908268868923187
cnn,fold2_france,39,0.17495564071611427,False,20,0.0003,0.0003,1.6601964589208364,0.15092695081098514,0.641006488353014,0.21656545996665955,0.45629329048097134,2.974329613149166,1.1253807060420513,0.03201931156218052,0.14878733828663826,0.3374447673559189,0.014910329133272171,3.2587197594512713,2.2226125957647946,0.6347221826193892,1000,3.2782835847091327,2.6564254326185024,-2.925774955110309,362,0.2702479958534241
cnn,fold2_france,40,0.1716828572339025,False,21,0.0003,0.0003,1.6227929964661598,0.14752663604237817,0.6361182052642107,0.321496207267046,0.4458472281694412,3.0265099089592695,1.0983546487987041,0.031877826899290085,0.1486591324210167,0.3271676581352949,0.015094200149178505,3.373083226504386,2.252850717262253,0.6086337372394661,1000,2.21978173835904,1.718351572291189,-0.7999187884630985,362,0.15052010118961334
cnn,fold2_france,41,0.17002933874897574,False,22,0.0003,0.0003,1.6547789294272661,0.15043444812975146,0.6361967176198959,0.2163230311125517,0.4511296395212412,2.9586881399154663,1.1253054477274418,0.03174005635082722,0.14859862998127937,0.33232035487890244,0.015132768079638481,3.146763618059231,2.1008677327466514,0.6593899078139018,1000,3.0205406621758653,2.485582420640666,-2.3327423097121174,362,0.23979298770427704
cnn,fold2_france,42,0.1748816254495204,False,23,0.0003,0.0003,1.6605827361345291,0.15096206692132083,0.6574112288653851,0.21440902538597584,0.4583430700004101,2.9910252802073956,1.124699242413044,0.03223886899650097,0.14914879202842712,0.33667738549411297,0.016078805550932884,3.482201930168071,2.257601777477667,0.5829028954930888,1000,2.319964252109267,1.7994095605298346,-0.9660517627442511,362,0.16198576986789703
cnn,fold2_france,43,0.18056482008133812,False,24,0.0003,0.0003,1.574266143143177,0.143115103922107,0.6144692003726959,0.21519593335688114,0.43886100873351097,2.843045776709914,1.0352083258330822,0.03200772404670715,0.14861083030700684,0.34053393825888634,0.016162509098649025,3.10975617503488,2.112365478378574,0.6673542731444698,1000,2.771047031304213,2.164549534678693,-1.8049179107324855,362,0.20405523478984833
cnn,fold2_france,44,0.16389103045408754,False,25,0.0003,0.0003,1.5370415281504393,0.1397310480136763,0.6092590242624283,0.21083125844597816,0.44252581149339676,2.7999212630093098,1.0089918430894613,0.0324969794601202,0.14862150512635708,0.3302463013678789,0.015023032203316689,3.129586412002902,2.172872463443513,0.6630983281387508,1000,2.8999818424410417,2.2425220090501856,-2.072012080899817,362,0.21390171349048615
cnn,fold3_italy,1,0.4043241618380467,True,0,0.0003,0.0003,1.8569864761084318,0.14284511354680246,0.5950372014194727,0.16838295571506023,0.34017729200422764,2.960759375244379,1.1878572460263968,0.03618905879557133,0.18192285671830177,0.4287999477237463,0.020287498831748962,5.057434032851978,3.387509015956035,-0.07746513683585521,1000,5.979347506706505,4.726976308485047,-0.9502937155330746,286,0.5144347548484802
cnn,fold3_italy,2,0.3048697270845112,False,1,0.0003,0.0003,1.7542659845203161,0.13494353727079356,0.5887844357639551,0.16325898095965385,0.34708787500858307,2.8535884842276573,1.1553560718894005,0.03611667454242706,0.16758796945214272,0.3757051322609186,0.017661146819591522,4.929392551935865,3.1954503066146525,-0.023598362411356932,1000,6.03974467581004,4.872312808353685,-0.989892393028238,286,0.5356634259223938
cnn,fold3_italy,3,0.31291012800703916,True,0,0.0003,0.0003,1.7322407085448503,0.1332492852726808,0.60866529494524,0.15400891937315464,0.3518483117222786,2.8469776678830385,1.1316536869853735,0.036281829699873924,0.16709343157708645,0.377685459330678,0.01742326095700264,4.154608075147039,2.6249286208439964,0.27288534975737366,1000,5.307273814593377,4.16061059006242,-0.5365101073771235,286,0.40441736578941345
cnn,fold3_italy,4,0.28738085694123294,True,0,0.0003,0.0003,1.7341773584485054,0.1333982583421927,0.6149960681796074,0.15829356014728546,0.35689059458673,2.8645482882857323,1.1393008790910244,0.03615196421742439,0.16725588962435722,0.3719277288764715,0.0177203007042408,3.480101582293221,2.288038015535143,0.48981625756913094,1000,4.221069493655085,3.310970486160952,0.02806451807491983,286,0.25283288955688477
cnn,fold3_italy,5,0.2814148375250409,False,1,0.0003,0.0003,1.7586297318339348,0.13527921014107191,0.6039079315960407,0.1543431542813778,0.345300879329443,2.8623684141784906,1.1528761927038431,0.03623175621032715,0.16740045882761478,0.3789499197155237,0.021343061700463295,3.5408059978517055,2.2742332085149957,0.4718624605123224,1000,4.4962523932491845,3.5636801427225864,-0.10279248134205332,286,0.2902567982673645
cnn,fold3_italy,6,0.2745981173582652,True,0,0.0003,0.0003,1.7550681717693806,0.13500524398226005,0.614059042185545,0.159364752471447,0.3490020725876093,2.877708235755563,1.159347889944911,0.036179615184664726,0.1672455444931984,0.3732219897210598,0.017242444679141045,3.3856168100459354,2.253621723378071,0.5171431709429646,1000,3.8939974225400316,3.088817545364679,0.1728509944287271,286,0.22098104655742645
cnn,fold3_italy,7,0.2598082661169637,False,1,0.0003,0.0003,1.7483851909637451,0.1344911685356727,0.6171726156026125,0.15314638428390026,0.34807691164314747,2.866971394047141,1.1506063304841518,0.03645793907344341,0.16784707829356194,0.37436289340257645,0.017297441139817238,3.5007901313978733,2.18105534246746,0.48373233456450715,1000,4.221276334736451,3.2964800998786425,0.027969262068358258,286,0.2508557140827179
cnn,fold3_italy,8,0.24689192949424812,True,0,0.0003,0.0003,1.7339892126619816,0.13338378558938319,0.5979802925139666,0.15623943507671356,0.3543884437531233,2.842808213084936,1.1279216334223747,0.03630698844790459,0.1678448300808668,0.3815586734563112,0.01851835660636425,3.329533894178945,2.236629572656033,0.5330077707936673,1000,3.844036860870221,3.0290878378321704,0.19393972285889638,286,0.21121461689472198
cnn,fold3_italy,9,0.25553546025296997,False,1,0.0003,0.0003,1.7371414713561535,0.1336262670273964,0.6021617837250233,0.1612586546689272,0.3536610957235098,2.8544051852077246,1.1361321546137333,0.038449643179774284,0.1678095143288374,0.37475917488336563,0.018168525770306587,3.5197836981032835,2.2342548887564537,0.4781151083948322,1000,4.642808670942687,3.518333158256322,-0.17585563900004275,286,0.30438342690467834
cnn,fold3_italy,10,0.25180805815964824,False,2,0.0003,0.0003,1.818939197808504,0.1399183998314234,0.6055364161729813,0.15846221707761288,0.3602813333272934,2.9434368032962084,1.2083580810576677,0.03647160716354847,0.16828589141368866,0.3842331413179636,0.019600115716457367,3.4207464360327378,2.1499765763972105,0.5070708067045215,1000,4.375311547046309,3.3109390834383543,-0.04426422007373243,286,0.2653680741786957
cnn,fold3_italy,11,0.2474423507670842,False,3,0.0003,0.0003,1.7306567300111055,0.13312744077008504,0.607483359053731,0.15499559603631496,0.34785984084010124,2.841206004843116,1.1272935196757317,0.03612598218023777,0.16789628565311432,0.379674831405282,0.0178032498806715,3.6350151465091356,2.475230313636692,0.4433845934730537,1000,4.348894734842609,3.441296138195668,-0.031692382332362046,286,0.26434674859046936
cnn,fold3_italy,12,0.24765054313453996,False,4,0.0003,0.0003,1.715089900419116,0.131929992339932,0.6145177241414785,0.15300308726727962,0.3565129190683365,2.839333400130272,1.118394535034895,0.03602791018784046,0.16796141862869263,0.3734550029039383,0.017389649525284767,3.5562881530143335,2.2357818014163757,0.46723380610825405,1000,4.4532927444154025,3.3687998017114893,-0.08181979228872871,286,0.2732928395271301
cnn,fold3_italy,13,0.23276445587119027,False,5,0.0003,0.0003,1.7133523002266884,0.13179633078666833,0.5940019972622395,0.15758811868727207,0.34662274457514286,2.8117916882038116,1.1122529655694962,0.03623571619391441,0.16769656911492348,0.3780643008649349,0.01728082075715065,3.216856565475599,2.1811640069362372,0.5640806302681463,1000,3.883971371830767,3.001477658879575,0.17710490666646883,286,0.21245341002941132
cnn,fold3_italy,14,0.23371695982476406,False,6,0.0003,0.0003,1.7373639829456806,0.13364338330351389,0.5972764883190393,0.15272295847535133,0.3461060542613268,2.833684016019106,1.1417315062135458,0.036216093227267265,0.1680721491575241,0.372141869738698,0.01735529862344265,3.3651458678506683,2.1061215040301624,0.5229646514282817,1000,4.27344352852308,3.2529626121011814,0.0037957935514786323,286,0.26564446091651917
cnn,fold3_italy,15,0.2235854685077006,False,7,0.0003,0.0003,1.732650462538004,0.1332808048106157,0.6007425710558891,0.15163489058613777,0.34563346579670906,2.830880181863904,1.1303326915949583,0.03635533154010773,0.16812166571617126,0.37850906513631344,0.01749037764966488,3.5700254868219337,2.2475252862863164,0.4631098868173351,1000,4.379523845592682,3.3917272311303197,-0.04627590314684604,286,0.2934752106666565
cnn,fold3_italy,16,0.22879689985429522,False,8,0.0003,0.0003,1.7097763307392597,0.13152125621071228,0.6105241645127535,0.16048025339841843,0.3534962050616741,2.834492415189743,1.1136739142239094,0.0363948829472065,0.16797517240047455,0.3719293475151062,0.017886091023683548,3.3908524053357563,2.0571675076361986,0.5156486145335797,1000,4.318115185668135,3.300686412466344,-0.01714033895405498,286,0.2633037567138672
cnn,fold3_italy,17,0.2098478817970364,False,9,0.0003,0.0003,1.8460630159825087,0.1420048473832699,0.6306376531720161,0.16372491046786308,0.35374739579856396,2.994398510083556,1.2431889586150646,0.03608248196542263,0.1679992824792862,0.3785771522670984,0.01829407922923565,3.141309771286149,1.9994717210925652,0.5843150473923067,1000,4.084310612586795,3.0742488284037623,0.09002395818192932,286,0.23482036590576172
cnn,fold3_italy,18,0.21990886655790357,False,10,0.0003,0.0003,1.8127281181514263,0.13944062447318664,0.6017221305519342,0.15148807875812054,0.3442405220121145,2.9103918820619583,1.2216005455702543,0.03586249239742756,0.16720161773264408,0.36884457990527153,0.017390448600053787,3.2122580642373895,2.0366145494647996,0.5653260342510006,1000,4.230064920397312,3.285345544313147,0.023917564125186308,286,0.25370293855667114
cnn,fold3_italy,19,0.213751592746289,True,0,0.0003,0.0003,1.7128169778734446,0.13175515214411113,0.6085464749485254,0.15542773343622684,0.3487249128520489,2.8257254660129547,1.1186477988958359,0.0363423191010952,0.16752679273486137,0.3711969591677189,0.017256401479244232,3.124324388317988,2.0259955111249357,0.5887981961551725,1000,3.7958325700838906,2.89950556914737,0.21402898872987997,286,0.20763106644153595
cnn,fold3_italy,20,0.21123352558836245,True,0,0.0003,0.0003,1.7596719227731228,0.1353593786748556,0.6084887981414795,0.15455222502350807,0.34818002209067345,2.871091114357114,1.165469404309988,0.036119015887379646,0.1677530985325575,0.37136421352624893,0.017156308516860008,3.1385494570973163,2.037862134573928,0.5850452631485052,1000,3.7749368590059134,2.8632877639978362,0.22265856769241832,286,0.20583847165107727
cnn,fold3_italy,21,0.21151068152450933,False,1,0.0003,0.0003,1.7429182212799788,0.13407063240615222,0.6178538575768471,0.1773387212306261,0.3654463440179825,2.9037381764501333,1.141119908541441,0.03637007065117359,0.16784635186195374,0.37847065925598145,0.017308434471488,3.146301534098033,1.9673193078283042,0.582992892303942,1000,4.139800977706835,3.1022404123832445,0.06512971031391734,286,0.2375783920288086
cnn,fold3_italy,22,0.21520191744754189,False,2,0.0003,0.0003,1.7504397798329592,0.13464921383330455,0.612922340631485,0.1556208562105894,0.34469948522746563,2.8639081176370382,1.144099835306406,0.03626519255340099,0.1678265444934368,0.3785888385027647,0.02181977406144142,3.1039056324294636,1.9637958860839382,0.5941553817690609,1000,4.032520775435372,3.061545216731056,0.11295498500509948,286,0.2372622787952423
cnn,fold3_italy,23,0.2117659595719657,False,3,0.0003,0.0003,1.7340676579624414,0.13338981984326473,0.6108005344867706,0.16061830520629883,0.35547289811074734,2.861169857904315,1.1380394790321589,0.03644730523228645,0.16769735142588615,0.37138647958636284,0.018635712563991547,3.1373919841177353,1.961330539887241,0.5853512709632258,1000,4.12396350805309,3.195514647797968,0.07226901899212146,286,0.24125324189662933
cnn,fold3_italy,24,0.20779602304196634,True,0,0.0003,0.0003,1.7217807248234749,0.1324446711402673,0.5910141002386808,0.1513783074915409,0.3440854698419571,2.8084736354649067,1.1089226324111223,0.036288222298026085,0.16818647645413876,0.3870496544986963,0.019406966865062714,3.1206028373325814,1.9644157493538983,0.5897772219359843,1000,3.6517480021981314,2.8009777893676238,0.27256526763083044,286,0.1951509267091751
cnn,fold3_italy,25,0.20026361651536895,False,1,0.0003,0.0003,1.6794078387320042,0.12918521836400032,0.5935206320136786,0.16611863672733307,0.44210196286439896,2.881341202184558,1.0826479028910398,0.03653386048972607,0.16784500144422054,0.3732705283910036,0.017292384058237076,3.1924592945637507,2.0121393301917982,0.5706677521117918,1000,4.030180542968828,3.0491662425686092,0.1139842613796862,286,0.2319910079240799
cnn,fold3_italy,26,0.19942831227959962,False,2,0.0003,0.0003,1.843770096078515,0.14182846892911655,0.6282204836606979,0.16489633917808533,0.3676164820790291,3.0047156047075987,1.2474032286554575,0.03567047789692879,0.16776794008910656,0.37291610054671764,0.018149515613913536,3.4848035373246793,2.3249087391682157,0.4884367107340948,1000,3.6748046350090537,2.834186352570958,0.26335042357714344,286,0.20020395517349243
cnn,fold3_italy,27,0.1945808858100196,False,3,0.0003,0.0003,1.8256157543510199,0.1404319811039246,0.6348185651004314,0.1620614305138588,0.3511471338570118,2.9738536719232798,1.2279581110924482,0.035921795293688774,0.1677681151777506,0.37386696599423885,0.018209364265203476,3.1716124071136695,1.9992463237243714,0.5762565584272177,1000,4.241198017767976,3.251883389101471,0.018772905031528064,286,0.2542671859264374
cnn,fold3_italy,28,0.2066700290195137,False,4,0.0003,0.0003,1.8547642603516579,0.14267417387320444,0.6312203891575336,0.1582561507821083,0.35422208532691,2.998672613874078,1.2598085887730122,0.036034002900123596,0.16788898594677448,0.3719147704541683,0.017304029315710068,3.7719488515223865,2.24708185795407,0.4006584823112981,1000,5.308291969383484,4.20215199000013,-0.5370996963975354,286,0.4157743453979492
cnn,fold3_italy,29,0.2033018931191754,False,5,0.0003,0.0003,1.7833259832113981,0.13717892178549215,0.6021717619150877,0.17128947749733925,0.3502844274044037,2.9072855338454247,1.185780256986618,0.03586801141500473,0.16746889427304268,0.374371062964201,0.01798301562666893,3.0696279821982992,1.9030878632741914,0.6030696897288648,1000,4.200707214079238,3.140166313278387,0.037419060545219596,286,0.2431914061307907
cnn,fold3_italy,30,0.19466954967023778,False,6,0.0003,0.0003,1.7486076932400465,0.1345082840953882,0.5939953848719597,0.15095996111631393,0.347252881154418,2.841042250394821,1.1556922756135464,0.035836461931467056,0.1673530749976635,0.3706576023250818,0.01725352369248867,3.1644118234540173,2.113045715575306,0.5781784430118562,1000,3.784448974997705,2.935827896936611,0.21873612973921897,286,0.21673864126205444
cnn,fold3_italy,31,0.1966311350101378,False,7,0.0003,0.0003,1.7344861216843128,0.13342200936033174,0.6173864249140024,0.15955769084393978,0.348235160112381,2.8598727229982615,1.126762479543686,0.03625302202999592,0.16793137229979038,0.3844852950423956,0.017259519547224045,3.2998286228085147,2.0118208400733,0.5413033758174172,1000,4.349506917495887,3.2744883328355434,-0.03198286010739659,286,0.27121466398239136
cnn,fold3_italy,32,0.1910398639977667,False,8,0.0003,0.0003,1.762797448784113,0.13559980375262407,0.5982704591006041,0.14815040305256844,0.34205495193600655,2.8514918852597475,1.160594241693616,0.03611086681485176,0.16799271292984486,0.37893814221024513,0.017322376370429993,2.988438480879543,1.9702264202664292,0.6237890661649148,1000,3.782658946077851,2.9465404687231382,0.21947502419503584,286,0.2135249525308609
cnn,fold3_italy,33,0.19465512458105907,False,9,0.0003,0.0003,1.7541603185236454,0.1349354091172035,0.6527709811925888,0.16362728364765644,0.34848176315426826,2.9192519932985306,1.1575710456818342,0.03609532304108143,0.16778592579066753,0.37273613549768925,0.01805584505200386,3.0082310652676614,1.9165074682796488,0.6187892343495145,1000,3.7789325480009337,2.8147111234120086,0.22101209860053828,286,0.20035769045352936
cnn,fold3_italy,34,0.1878629979487408,False,10,0.0003,0.0003,1.7454000655561686,0.13426154350432065,0.5803396869450808,0.14367957413196564,0.3482974749058485,2.8179399985820055,1.1330548506230116,0.03616039827466011,0.16800507158041,0.38860168121755123,0.01772340200841427,3.873443833645195,2.3539691409008983,0.36797057322377336,1000,5.386388465356196,4.275466942757652,-0.5826605437901387,286,0.41233697533607483
cnn,fold3_italy,35,0.18458915827975195,False,11,0.0003,0.0003,1.6473805233836174,0.12672157872181672,0.5940446946769953,0.1508533265441656,0.35139813646674156,2.7438942156732082,1.0541666131466627,0.036592889577150345,0.16751940548419952,0.3695720545947552,0.01763690449297428,3.1454687142814293,2.032501187929119,0.5832136250057922,1000,3.8102892644814452,3.000304823143186,0.2080307366862234,286,0.20949888229370117
cnn,fold3_italy,36,0.19028997053995977,False,12,0.0003,0.0003,1.7115666400641203,0.13165897231262463,0.6026373524218798,0.1628711111843586,0.34579272009432316,2.823076333850622,1.1091757453978062,0.036276357248425484,0.16767862811684608,0.3755473606288433,0.021015619859099388,3.4550732726516737,2.043798918114371,0.4971281822291783,1000,4.621751086978703,3.6015862045005846,-0.165213577594854,286,0.31146740913391113
cnn,fold3_italy,37,0.18415898076989073,False,13,0.0003,0.0003,1.743374489247799,0.13410572994213837,0.6013565734028816,0.15948020480573177,0.3446358870714903,2.8490611352026463,1.135828174650669,0.03615257330238819,0.16756827011704445,0.3847570512443781,0.01726999506354332,2.9321524789783435,1.9619435256355957,0.6378271629408858,1000,3.7279665115040497,2.8535560262838744,0.24188264742226062,286,0.20117318630218506
cnn,fold3_italy,38,0.18063731187421336,False,14,0.0003,0.0003,1.717465776950121,0.13211275207308623,0.605352746322751,0.1537783183157444,0.34684057906270027,2.8236463014036417,1.1234251540154219,0.03602941147983074,0.1677546612918377,0.3709132429212332,0.017468290403485298,2.9180960252420487,1.8322456625533992,0.6412912823600156,1000,4.23942592336614,3.215923652869469,0.019592703479367368,286,0.2588534653186798
cnn,fold3_italy,39,0.1871505123353892,False,15,0.0003,0.0003,1.7282919604331255,0.13294553541793272,0.592165220528841,0.15226906724274158,0.35407655499875546,2.8270204812288284,1.1297163926064968,0.03599069081246853,0.16774293594062328,0.37445246055722237,0.01850486733019352,3.1556070495852464,2.1027903550831906,0.5805225603927945,1000,3.843216304166952,3.0081154153958964,0.19428381298793684,286,0.22114939987659454
cnn,fold3_italy,40,0.17544011433103118,False,16,0.0003,0.0003,1.746722860261798,0.13436329694321522,0.6125884614884853,0.1580255962908268,0.36022818461060524,2.877775711938739,1.1293132435530424,0.036309121176600456,0.16737108677625656,0.3932853639125824,0.01856241002678871,2.8767710163488243,1.8126406717798147,0.6513791460408929,1000,4.115049820323673,3.104129612411446,0.07627514913309874,286,0.24192297458648682
cnn,fold3_italy,41,0.1807511057872062,False,17,0.0003,0.0003,1.7971711363643408,0.13824393356648776,0.6090986356139183,0.15272936038672924,0.34979963675141335,2.909030593931675,1.189773952588439,0.03648926503956318,0.16808469966053963,0.3797280564904213,0.02107316441833973,3.4327750076070114,2.032558245662119,0.5035980800054389,1000,5.249715231475633,4.155841158403062,-0.5033632317998824,286,0.40599876642227173
cnn,fold3_italy,42,0.17267070838820492,False,18,0.0003,0.0003,1.7375508733093739,0.13365775948533645,0.604647496715188,0.15442640148103237,0.3510981574654579,2.847933756187558,1.1277314312756062,0.036336639896035194,0.1677979826927185,0.38297772593796253,0.020803412422537804,3.0919360167099637,1.858091553962059,0.5972794699998761,1000,4.471352846630962,3.4216537400203255,-0.09061211490464594,286,0.2969864010810852
cnn,fold3_italy,43,0.17090611739397354,False,19,0.0003,0.0003,1.683146871626377,0.1294728362789521,0.5672998689115047,0.1495213769376278,0.336761299520731,2.736942620947957,1.0729821138083935,0.03637952543795109,0.16737632639706135,0.3850647211074829,0.019412951543927193,3.5253066250977114,2.11595377350665,0.4764760340931017,1000,5.108037367014624,4.01711800723439,-0.42331348400971125,286,0.37323498725891113
cnn,fold3_italy,44,0.1728667071297172,False,20,0.0003,0.0003,1.635650360956788,0.12581925853513753,0.5769637394696474,0.1531374417245388,0.3628269396722317,2.728797407820821,1.0419573057442904,0.036416273564100266,0.16803682409226894,0.3694253880530596,0.0178952869027853,3.138438908496969,1.8872377430768106,0.5850744943956854,1000,4.648720999229682,3.626811077595571,-0.17885230397043173,286,0.3226085603237152
cnn,fold3_italy,45,0.1813792502926005,False,21,0.0003,0.0003,1.768819047138095,0.1360630036260073,0.6282791532576084,0.16902098059654236,0.3457036018371582,2.912042072042823,1.159421594813466,0.0414205938577652,0.1685562189668417,0.377975856885314,0.019507290795445442,3.0614162393188664,2.0342794997209217,0.6051905524792475,1000,3.973317664509803,3.0886668617993775,0.1388099397671838,286,0.23023727536201477
cnn,fold3_italy,46,0.17988442364644944,False,22,0.0003,0.0003,1.6967300903052092,0.13051769925424686,0.5886403732001781,0.1574296187609434,0.34972296468913555,2.7927414402365685,1.0978608448058367,0.03654224053025246,0.16790800541639328,0.3745101224631071,0.018007567152380943,2.9741780422132646,1.8499402320057394,0.6273709585823949,1000,4.218355866200746,3.128590480609595,0.0293137858385637,286,0.2532324492931366
cnn,fold3_italy,47,0.16669824126443142,False,23,0.0003,0.0003,1.7210221402347088,0.13238631847959298,0.5932424981147051,0.1598655916750431,0.3438430540263653,2.8181857764720917,1.126330392435193,0.03673122078180313,0.167827557772398,0.3706795945763588,0.0175631083548069,3.636587450529148,2.181326341875858,0.44290296801594964,1000,5.503711197217182,4.397948795266316,-0.6523563191241082,286,0.4712614119052887
cnn,fold3_italy,48,0.17880475046698946,False,24,0.0003,0.0003,1.7359133064746857,0.13353179280574506,0.6097424998879433,0.15891088172793388,0.34764616563916206,2.852428475394845,1.1298877876251936,0.03625144995748997,0.16804205626249313,0.3822756912559271,0.017578115686774254,2.9462569348119514,1.8361200844455972,0.6343344818042537,1000,4.032382350055661,3.0245656160658876,0.11301588360542691,286,0.2380639761686325
cnn,fold3_italy,49,0.16287033059018569,False,25,0.0003,0.0003,1.7625449746847153,0.13558038266805503,0.5988223310559988,0.15245608240365982,0.34268532879650593,2.856716735288501,1.1589803360402584,0.036349182948470116,0.167505556717515,0.38024357333779335,0.01761670783162117,3.1443670923585434,1.9708444331637427,0.5835055119378919,1000,4.360252208848614,3.3759953832742386,-0.03708810727037104,286,0.27540966868400574
cnn,fold4_alpine,1,0.43459844003758036,True,0,0.0003,0.0003,1.6305423900485039,0.135878532504042,0.5765880849212408,0.14891074411571026,0.29971956834197044,2.6559357959777117,1.0335990712046623,0.03477159142494202,0.16668440774083138,0.3747682124376297,0.018838930875062943,5.663092390417849,4.113723313472713,-0.025163311194104088,1000,2.533050979413837,2.080692386052423,-1.0113932047503527,253,0.2093949168920517
cnn,fold4_alpine,2,0.3367775907945828,False,1,0.0003,0.0003,1.5393091328442097,0.1282757610703508,0.5968524757772684,0.14078194461762905,0.3052382003515959,2.5823743119835854,0.9830516055226326,0.034535789862275124,0.15765930153429508,0.34503547102212906,0.017192775383591652,5.399202152331659,3.8137893428611473,0.06815229977730464,1000,2.6764375024701432,2.213395992947733,-1.2455531100542263,253,0.22216938436031342
cnn,fold4_alpine,3,0.2852607274283166,False,2,0.0003,0.0003,1.5847280398011208,0.13206066998342672,0.5974231492727995,0.14381356351077557,0.31170584075152874,2.637934075668454,1.0218360852450132,0.03463473729789257,0.15721763484179974,0.35157901607453823,0.01763458549976349,4.131908220323448,2.8937375735811317,0.45425835748469334,1000,3.429788820400364,3.0109918084452088,-2.6876006145318323,253,0.2976185083389282
cnn,fold4_alpine,4,0.2746113846116632,False,3,0.0003,0.0003,1.5886334143579006,0.13238611786315838,0.6066164411604404,0.15417500585317612,0.30735985189676285,2.6570483967661858,1.0306290406733751,0.03407864272594452,0.15809635072946548,0.3470495082437992,0.016994906589388847,4.006053590716445,2.602507194849737,0.4869977490817907,1000,2.656584613126385,1.9144583975026361,-1.2123631886132054,253,0.1556517481803894
cnn,fold4_alpine,5,0.2697269444901491,False,4,0.0003,0.0003,1.58560442738235,0.1321337022818625,0.6008074507117271,0.14129806496202946,0.3025394603610039,2.630514319986105,1.0244944710284472,0.03453891538083553,0.15732749924063683,0.3498273603618145,0.01757855899631977,3.712934133468488,2.5246165206744355,0.5593231349376524,1000,3.140929440801836,2.5972535662932663,-2.0926122977835298,253,0.2445073127746582
cnn,fold4_alpine,6,0.251580259159187,False,5,0.0003,0.0003,1.6031274944543839,0.13359395787119865,0.602548535913229,0.15265937708318233,0.3061252124607563,2.66472115367651,1.0416204668581486,0.0343805942684412,0.15769656747579575,0.3508814238011837,0.01674848236143589,3.760380180333701,2.6102130657422706,0.547988721685251,1000,2.9809280371599334,2.3631827876145457,-1.7855573321474676,253,0.2158089131116867
cnn,fold4_alpine,7,0.23993510861676517,False,6,0.0003,0.0003,1.625178523361683,0.13543154361347357,0.6002817787230015,0.145147068426013,0.31210131756961346,2.6829705834388733,1.0646938271820545,0.03442276641726494,0.15756514482200146,0.3501477651298046,0.016546349972486496,3.63045330732093,2.572493238419119,0.5786844657686717,1000,4.073032840523215,3.3469166995807154,-4.200498092652808,253,0.3237830400466919
cnn,fold4_alpine,8,0.25679710617169516,True,0,0.0003,0.0003,1.6256283596158028,0.13546902996798357,0.6501169633120298,0.16986109875142574,0.3106908071786165,2.756558667868376,1.065108746290207,0.03461208753287792,0.15772715583443642,0.3499348182231188,0.01646948978304863,4.308365518019262,2.6841413516563435,0.40665014042536674,1000,2.1862460072414702,1.6701169455229796,-0.4983289696710562,253,0.1284269243478775
cnn,fold4_alpine,9,0.2461160130260098,False,1,0.0003,0.0003,1.6265357546508312,0.1355446462209026,0.7139974609017372,0.15275150910019875,0.305663688108325,2.7991476599127054,1.0650021024048328,0.03447091393172741,0.1575832311064005,0.35084228217601776,0.01681927964091301,3.9165903588002617,2.461133406996978,0.509654648844384,1000,2.648946419644458,1.9267626620533793,-1.1996595353289483,253,0.16056756675243378
cnn,fold4_alpine,10,0.23542561147255267,False,2,0.0003,0.0003,1.6253618523478508,0.13544682102898756,0.6076071243733168,0.1498887576162815,0.3071995973587036,2.690334264189005,1.0625104792416096,0.03441127948462963,0.157769575715065,0.3521533664315939,0.01669144816696644,3.6319384569841,2.326694959287336,0.5783396908575622,1000,2.6921961508702834,2.0471486592982924,-1.2720742296002125,253,0.1639920026063919
cnn,fold4_alpine,11,0.21677192854523497,False,3,0.0003,0.0003,1.6259004548192024,0.13549170456826687,0.6350591592490673,0.1554657407104969,0.32143064960837364,2.73813627846539,1.0634266044944525,0.03427575156092644,0.15742888860404491,0.3525997903198004,0.01638939045369625,3.6068927934998456,2.2840397916114226,0.5841351354069042,1000,2.3148850054768144,1.7561499640825113,-0.6798401668458927,253,0.13510218262672424
cnn,fold4_alpine,12,0.21380840512284804,False,4,0.0003,0.0003,1.7548771817237139,0.1462397651436428,0.6510867029428482,0.15645352005958557,0.31760355085134506,2.880287142470479,1.1969386786222458,0.03421811945736408,0.1572138760238886,0.3480178415775299,0.016577232629060745,3.58984089714694,2.2580527227412355,0.5880579147317084,1000,2.1988435058074627,1.643566573790704,-0.5156459394298896,253,0.11700958013534546
cnn,fold4_alpine,13,0.21630237339951333,False,5,0.0003,0.0003,1.854542775079608,0.154545231256634,0.655541256070137,0.15117625147104263,0.31062483973801136,2.972157360985875,1.2906165961176157,0.034018173813819885,0.15770295821130276,0.35388567484915257,0.016440974548459053,3.518977770749583,2.3874460269980995,0.6041607928777901,1000,3.96586813533834,3.3308262351885256,-3.930439767199408,253,0.32374107837677
cnn,fold4_alpine,14,0.22169142172736653,False,6,0.0003,0.0003,1.7751964777708054,0.14793303981423378,0.6467765960842371,0.15952561236917973,0.32528417371213436,2.907054180279374,1.2125728484243155,0.03378870710730553,0.1573326624929905,0.35330379754304886,0.01639704965054989,3.5168119582433626,2.2595634473625545,0.6046478943812679,1000,3.302807376052871,2.6799849423057953,-2.419602370847142,253,0.23790940642356873
cnn,fold4_alpine,15,0.20647523575557694,True,0,0.0003,0.0003,1.7860969435423613,0.14884141196186343,0.6613496411591768,0.15774797275662422,0.319567296653986,2.925030682235956,1.2213847003877163,0.03363416530191898,0.1578477993607521,0.355044549331069,0.016392486169934273,4.278591373426917,2.6825730172244038,0.4148228174601646,1000,1.8945872917399214,1.407033455706013,-0.12522237011542425,253,0.09385748952627182
cnn,fold4_alpine,16,0.2086752570179605,False,1,0.0003,0.0003,1.9087984636425972,0.1590665386368831,0.6927312444895506,0.1652214415371418,0.3291883487254381,3.096128998324275,1.3470188099890947,0.03391586057841778,0.15799821354448795,0.351275198161602,0.016795482486486435,3.424530876771165,2.3782451524664148,0.6251237440139565,1000,3.057891791736688,2.263015662346153,-1.9312532676336245,253,0.1939084827899933
cnn,fold4_alpine,17,0.21463070917584887,False,2,0.0003,0.0003,1.8551932238042355,0.1545994353170196,0.6560141835361719,0.1483123730868101,0.3196732774376869,2.979463141411543,1.2835775688290596,0.0339692048728466,0.1577402427792549,0.36091245524585247,0.017136532813310623,3.6004445081732572,2.2300874468529175,0.5856207455458176,1000,2.312709154024204,1.6388508443443417,-0.6766837552914773,253,0.12015704065561295
cnn,fold4_alpine,18,0.21170577313369812,False,3,0.0003,0.0003,1.8433975204825401,0.15361646004021168,0.6594917587935925,0.15898017026484013,0.32127536833286285,2.9834029022604227,1.28554124571383,0.033801181241869926,0.15747489035129547,0.34835493192076683,0.01643938384950161,3.620996264454038,2.240548686743194,0.5808765939736769,1000,2.501427377931449,1.9313954928687134,-0.9614846579585907,253,0.14661805331707
cnn,fold4_alpine,19,0.2075985873379779,False,4,0.0003,0.0003,1.7226679269224405,0.14355566057687005,0.6326945181936026,0.16503451578319073,0.3112823199480772,2.831941207870841,1.164139335975051,0.034066589549183846,0.15761911869049072,0.3487005103379488,0.016329340636730194,3.3787387034068055,2.2257103141447088,0.6350822616710937,1000,3.5683916396176447,2.896942099869862,-2.991665535074606,253,0.275254487991333
cnn,fold4_alpine,20,0.19927372873886545,False,5,0.0003,0.0003,1.7716120854020119,0.14763434045016766,0.659977812319994,0.15204253606498241,0.32407547160983086,2.907970665022731,1.205257648602128,0.033963145688176155,0.15750941820442677,0.35500667430460453,0.01805294305086136,3.644486569967021,2.2647482390293825,0.5754210393631873,1000,2.616642885413097,2.030006612949422,-1.1463375709420283,253,0.16253337264060974
cnn,fold4_alpine,21,0.20161555473671117,False,6,0.0003,0.0003,1.7592491637915373,0.1466040969826281,0.6222324129194021,0.1500780452042818,0.3187565319240093,2.850595559924841,1.1937148123979568,0.0341332983225584,0.15763034857809544,0.3542852718383074,0.017704572528600693,3.578440510835835,2.272410554258721,0.5906701986417066,1000,2.021743643272828,1.4539909372338997,-0.281330873194523,253,0.10002952814102173
cnn,fold4_alpine,22,0.19950222546211857,False,7,0.0003,0.0003,1.7076305225491524,0.1423025435457627,0.6315856631845236,0.16366726905107498,0.31125456281006336,2.814415516331792,1.130416665226221,0.03408393636345863,0.1572197824716568,0.36560298316180706,0.018469858914613724,3.5658218529607333,2.5085425003508464,0.5935519487750539,1000,3.128846737666781,2.347412409986263,-2.068864395099406,253,0.20700766146183014
cnn,fold4_alpine,23,0.20425199454022624,False,8,0.0003,0.0003,1.7187720704823732,0.1432310058735311,0.629018995910883,0.15270075760781765,0.3186968248337507,2.8194642290472984,1.1387181989848614,0.034263936802744865,0.15777223743498325,0.36667528934776783,0.019470740109682083,3.765528844140795,2.306886688320682,0.5467500983437501,1000,2.2383328644771705,1.6559469044866437,-0.5705742055264953,253,0.12521332502365112
cnn,fold4_alpine,24,0.2104012266838209,False,9,0.0003,0.0003,1.705718895420432,0.142143241285036,0.6331006307154894,0.15152836591005325,0.3154198843985796,2.8060417752712965,1.1254783272743225,0.03398939222097397,0.15768571943044662,0.3677658699452877,0.018985874950885773,3.845287185659666,2.3608421200603207,0.5273460163920751,1000,2.549319742599806,1.9877021068847658,-1.0373129062546504,253,0.15970176458358765
cnn,fold4_alpine,25,0.19399129807705118,False,10,0.0003,0.0003,1.688147997483611,0.14067899979030093,0.6331272684037685,0.15234882570803165,0.3222180884331465,2.7961034644395113,1.12827062420547,0.03413699194788933,0.15781602449715137,0.34948932379484177,0.016634073108434677,3.595770862042439,2.250828832688164,0.5866958378178135,1000,3.2527700322024105,2.654969938704108,-2.3167736778834658,253,0.2402219921350479
cnn,fold4_alpine,26,0.19157084468930025,False,11,0.0003,0.0003,1.781288344413042,0.1484406953677535,0.6446982771158218,0.16710720025002956,0.31663716584444046,2.9100079964846373,1.218978876248002,0.0341363251209259,0.1574158649891615,0.3513444233685732,0.01759990304708481,3.8221394556851567,2.343737770069444,0.5330194215381839,1000,2.208241502967093,1.6590305427059835,-0.5286295611883334,253,0.12952502071857452
cnn,fold4_alpine,27,0.1977740387962102,False,12,0.0003,0.0003,1.725020743906498,0.14375172865887484,0.6438296362757683,0.16171794943511486,0.32109774090349674,2.85191990993917,1.1635400336235762,0.03416825830936432,0.15755176730453968,0.35050975531339645,0.0174050722271204,3.476546337213521,2.434461975468174,0.6136492090124861,1000,3.121234061438692,2.451268073461852,-2.0539490911141054,253,0.20846636593341827
cnn,fold4_alpine,28,0.1949686750383364,False,13,0.0003,0.0003,1.9672571402043104,0.16393809501702586,0.6268834993243217,0.18172933161258698,0.31200440786778927,3.0881485268473625,1.3959199506789446,0.03387397341430187,0.15755294263362885,0.3597764652222395,0.018300866708159447,3.5026205360647342,2.1458916886943884,0.6078321922267995,1000,2.3877221983136248,1.7805707910917739,-0.7872146341594204,253,0.1340155303478241
cnn,fold4_alpine,29,0.19145015609866112,False,14,0.0003,0.0003,1.7114402540028095,0.14262002116690078,0.623901829123497,0.15164261125028133,0.31448244862258434,2.8017280027270317,1.1436979360878468,0.034177226945757866,0.15766830556094646,0.3567844796925783,0.017286960035562515,3.382541154807951,2.214015115231974,0.6342604385687287,1000,2.19839742945266,1.586375357766297,-0.5150310477971414,253,0.12155266106128693
cnn,fold4_alpine,30,0.1908449336256207,False,15,0.0003,0.0003,1.69221580773592,0.14101798397799334,0.6290305741131306,0.16154096089303493,0.3200355712324381,2.803084382787347,1.1353727970272303,0.03425080515444279,0.15694651193916798,0.3473576307296753,0.016481122002005577,3.2936259074544796,2.1154866272983717,0.6532357624749592,1000,2.2039463351962034,1.5759440513017617,-0.5226887842871732,253,0.115371935069561
cnn,fold4_alpine,31,0.17643871476510375,False,16,0.0003,0.0003,1.7179353572428226,0.1431612797702352,0.6403730753809214,0.1586712021380663,0.31183271296322346,2.8290687277913094,1.1555404886603355,0.034288475289940834,0.15767083689570427,0.35140445828437805,0.017177095636725426,3.275023811901715,2.208320316403634,0.6571416859948676,1000,3.4779053975573158,2.8657527925638266,-2.7917932319172682,253,0.2685791552066803
cnn,fold4_alpine,32,0.18635858520153925,False,17,0.0003,0.0003,1.8028335329145193,0.15023612774287662,0.6018401607871056,0.14639641903340816,0.3139714151620865,2.8653043527156115,1.2283147312700748,0.03448579087853432,0.15728548355400562,0.3620102796703577,0.01874091662466526,3.3346913034407666,2.0665154009654785,0.6445348447815634,1000,2.3368184583172718,1.7858599394719517,-0.7118238257119986,253,0.13877031207084656
cnn,fold4_alpine,33,0.18011059702499826,False,18,0.0003,0.0003,1.6228889655321836,0.13524074712768197,0.6023219637572765,0.15453948080539703,0.30894979275763035,2.688959553837776,1.0620535630732775,0.03461417928338051,0.15795561857521534,0.3491708394140005,0.01732112094759941,3.73488393760499,2.2705345524111054,0.5540974229515826,1000,2.859831574549011,2.3206343038161013,-1.5638347604467446,253,0.2064063996076584
cnn,fold4_alpine,34,0.17247177113614987,False,19,0.0003,0.0003,1.5853253435343504,0.1321104452945292,0.6129932980984449,0.14592700824141502,0.30726524256169796,2.651781916618347,1.0227249842137098,0.03435308299958706,0.15788616426289082,0.35150013118982315,0.017039932310581207,3.8420489483306004,2.3442803399615437,0.5281417547755999,1000,1.9873355586226087,1.4383843823358233,-0.2380880288946836,253,0.10390478372573853
cnn,fold4_alpine,35,0.18500663085979133,False,20,0.0003,0.0003,1.5668596215546131,0.13057163512955108,0.6080878674983978,0.1476200819015503,0.3092918246984482,2.632123112678528,1.007479827851057,0.03443308733403683,0.1579845231026411,0.348623713478446,0.016521727666258812,3.4982797173921467,2.1377988610488443,0.6088036217446486,1000,2.2852387020729594,1.7273930929938106,-0.6370888813862365,253,0.13317152857780457
cnn,fold4_alpine,36,0.1854305969904422,True,0,0.0003,0.0003,1.6332726199179888,0.1361060516598324,0.6166853327304125,0.14790949411690235,0.3079106751829386,2.706047112122178,1.0738479141145945,0.03418625704944134,0.1572657823562622,0.3499224577099085,0.016297100111842155,4.0865719570843115,2.5817535684000266,0.4661686655408428,1000,1.823700783421837,1.4279687874392546,-0.04259655890866654,253,0.09675368666648865
cnn,fold4_alpine,37,0.18283953673192294,False,1,0.0003,0.0003,1.7183078303933144,0.14319231919944286,0.6324053350836039,0.15424072369933128,0.3194375988095999,2.8245864789932966,1.1600950546562672,0.033910298720002174,0.15763953886926174,0.3485780656337738,0.016343720257282257,3.3300294780856463,2.232120862818162,0.6455280150732154,1000,3.992054565507668,3.2938141804000343,-3.9957656266276222,253,0.3282898962497711
cnn,fold4_alpine,38,0.17053507522541375,False,2,0.0003,0.0003,1.6980421412736177,0.1415035117728015,0.6341436374932528,0.15088534355163574,0.3147116079926491,2.7980516143143177,1.1341939885169268,0.033949464559555054,0.15762226283550262,0.3539963345974684,0.016522666439414024,3.2693433883469596,2.173418666165154,0.6583300080021164,1000,3.4176055458694945,2.73112231750729,-2.6614490010066754,253,0.2571985423564911
cnn,fold4_alpine,39,0.1674489168320639,False,3,0.0003,0.0003,1.7138375490903854,0.14281979575753212,0.6229993905872107,0.15183663554489613,0.3181374818086624,2.8070848546922207,1.1542472038418055,0.034108495339751244,0.15806708671152592,0.349134162068367,0.01648799516260624,3.316945465247973,2.04688419718708,0.6483080532789587,1000,2.3987150630093663,1.7645085092392363,-0.8037088765010212,253,0.1377001404762268
cnn,fold4_alpine,40,0.17012731180021903,False,4,0.0003,0.0003,1.7312067802995443,0.1442672316916287,0.6000589486211538,0.15610219538211823,0.3082978818565607,2.7959252316504717,1.157153220847249,0.03422253765165806,0.15779029205441475,0.3633770979940891,0.016870388761162758,3.3387670507083365,2.0583873320174964,0.6436653960827714,1000,2.128134474053977,1.610519170103433,-0.41973487888791605,253,0.12096493691205978
cnn,fold4_alpine,41,0.1692205626837716,False,5,0.0003,0.0003,1.8097543362528086,0.15081286135440072,0.6199048925191164,0.1511420328170061,0.30988867208361626,2.8909507747739553,1.2499814555048943,0.034092823043465614,0.15731562115252018,0.3492755554616451,0.01724180206656456,3.2526733157729804,2.2893978258324634,0.6618054108970395,1000,3.658802555802271,2.9351956447877807,-3.1964984344901604,253,0.28458860516548157
cnn,fold4_alpine,42,0.16967188612663403,False,6,0.0003,0.0003,1.722957868129015,0.1435798223440846,0.6192119438201189,0.16451850719749928,0.3178250025957823,2.8247807435691357,1.1609907820820808,0.03448733501136303,0.1572544276714325,0.350528784096241,0.017802240327000618,3.3247530788388633,2.097886194683003,0.6466504399419551,1000,2.3003550794652856,1.685066433274096,-0.6588185159929825,253,0.13408036530017853
cnn,fold4_alpine,43,0.17495742436157893,False,7,0.0003,0.0003,1.778955563902855,0.14824629699190459,0.623929338529706,0.14957181550562382,0.31328957714140415,2.8660091906785965,1.2165762968361378,0.03417218290269375,0.157408244907856,0.3526888210326433,0.016303418204188347,3.932697702093722,2.452325717843338,0.505613173407738,1000,2.5066080180282917,1.8895211949636979,-0.9696178294589051,253,0.1660146862268448
cnn,fold4_alpine,44,0.17411725680467052,False,8,0.0003,0.0003,1.8630979154258966,0.15525815961882472,0.6609267648309469,0.17180966027081013,0.3126623947173357,3.0087666753679514,1.3006760757416487,0.034451551735401154,0.15767712146043777,0.3492606356739998,0.019186533987522125,3.3376229835027846,2.1992255751536716,0.6439095586025307,1000,4.156567480634939,3.402761259230381,-4.416001661922903,253,0.35512375831604004
cnn,fold4_alpine,45,0.16932909290266882,False,9,0.0003,0.0003,1.660709334537387,0.13839244454478225,0.611401567235589,0.1540167648345232,0.30602195486426353,2.7324143555015326,1.0946726594120264,0.034303294494748116,0.1575308572500944,0.354530930519104,0.017880253493785858,3.2826514257252013,2.1052122164507163,0.6555427747265725,1000,2.612753904453112,1.8556082607193916,-1.139962331059328,253,0.15169283747673035
cnn,fold4_alpine,46,0.16486602232856282,False,10,0.0003,0.0003,1.6127761118113995,0.1343980093176166,0.5945857279002666,0.1633887980133295,0.3029701244086027,2.6739878114312887,1.051970349624753,0.03440146893262863,0.15774417109787464,0.3499044366180897,0.01696823351085186,3.322778067099979,2.0669318540939585,0.6470701175744727,1000,2.6604599110136053,2.042628205881191,-1.2188224744958318,253,0.1716517060995102
cnn,fold4_alpine,47,0.15932121576098432,False,11,0.0003,0.0003,1.5315991081297398,0.12763325901081166,0.5927830189466476,0.14419578947126865,0.3055313639342785,2.5743723455816507,0.9735699240118265,0.034536147490143776,0.15731362625956535,0.34729464538395405,0.01701185666024685,3.1190336956731612,2.000065426378532,0.6890247007994367,1000,3.3986468814869117,2.6268515400757453,-2.6209389750250116,253,0.24167844653129578
cnn,fold4_alpine,48,0.1632720780079882,False,12,0.0003,0.0003,1.7129330281168222,0.1427444190097352,0.6516224406659603,0.1565391570329666,0.3197159692645073,2.8410691898316145,1.1534044481813908,0.033375825732946396,0.15758945420384407,0.3502798806875944,0.016538307070732117,3.255299522572242,2.0608227506130725,0.6612590741477321,1000,2.219977753274803,1.7205983007710381,-0.5449213059488676,253,0.1336950808763504
cnn,fold4_alpine,49,0.16236544175818055,False,13,0.0003,0.0003,1.7238549962639809,0.1436545830219984,0.6536386851221323,0.15858334116637707,0.33118182234466076,2.8675315640866756,1.1649266686290503,0.033478595316410065,0.15792091377079487,0.3495838586241007,0.016191888600587845,3.832229030921006,2.3677622375978773,0.5305507232838003,1000,3.067104416955161,2.4005707471065745,-1.948942066589686,253,0.22134117782115936
cnn,fold4_alpine,50,0.1667785911247805,False,14,0.0003,0.0003,1.818807790055871,0.15156731583798924,0.6703552585095167,0.15805613063275814,0.32017116248607635,2.967674059793353,1.2591026276350021,0.03366716951131821,0.15778168849647045,0.3500556908547878,0.01638759672641754,3.6951181270640636,2.2994229552377763,0.5635420439458382,1000,1.8643131109771038,1.3595026764576752,-0.08954914814107195,253,0.09366834163665771
cnn,fold4_alpine,51,0.16389066167938107,False,15,0.0003,0.0003,1.6958430297672749,0.14132025248060623,0.6361865140497684,0.1593769583851099,0.3102924320846796,2.801965828984976,1.1380219664424658,0.03391899913549423,0.15759625099599361,0.3473838549107313,0.01709999516606331,3.603791325700006,2.2247212283512154,0.5848500094174934,1000,2.116534679670049,1.623231834351892,-0.4042999990003362,253,0.11899111419916153
cnn,fold4_alpine,52,0.16702395083959562,False,16,0.0003,0.0003,1.7963288854807615,0.14969407379006347,0.7445405069738626,0.20093821175396442,0.32409277372062206,3.0661728270351887,1.227286884561181,0.03387022763490677,0.15722186118364334,0.3576519936323166,0.01839928701519966,3.546382592662328,2.167868598703969,0.5979714140779913,1000,2.0621164318723006,1.5322578595951828,-0.333016372851777,253,0.11442966759204865
cnn,fold4_alpine,53,0.15603143944421535,False,17,0.0003,0.0003,1.788992078974843,0.14908267324790359,0.6177123356610537,0.14646634832024574,0.30892093293368816,2.862353006377816,1.2306776344776154,0.03433271683752537,0.15729525312781334,0.348159521818161,0.016777772456407547,3.0980400858480768,2.0502268632072185,0.6931968410959604,1000,3.287887218917145,2.5463526207499907,-2.3887766172685723,253,0.23735114932060242
cnn,fold4_alpine,54,0.1633878970699128,False,18,0.0003,0.0003,1.6132152676582336,0.13443460563818613,0.6074660439044237,0.15629115141928196,0.30583118461072445,2.6830767281353474,1.052479151636362,0.03427465260028839,0.15764084085822105,0.3506953865289688,0.01635756902396679,3.2238231703332256,2.20967023178185,0.6677781549192053,1000,2.5558985813882282,1.8091448124407732,-1.0478415560783865,253,0.1466529220342636
cnn,fold4_alpine,55,0.16258775390999705,False,19,0.0003,0.0003,1.6265064291656017,0.1355422024304668,0.6226514894515276,0.1550880614668131,0.310470474883914,2.714986141771078,1.0669377278536558,0.033969031646847725,0.15754825621843338,0.3488115668296814,0.017435181885957718,3.2295612178918227,2.013345003115544,0.666594466390561,1000,2.017450535908092,1.493946853593558,-0.2758949213670838,253,0.10908684879541397
cnn,fold4_alpine,56,0.16138050175623875,False,20,0.0003,0.0003,1.6650519277900457,0.13875432731583714,0.6469780076295137,0.15119135193526745,0.3083752356469631,2.771872414276004,1.102737294510007,0.03425007313489914,0.15793089009821415,0.35092324763536453,0.01741158589720726,3.586842788341952,2.218693072397816,0.5887457064719995,1000,2.1439483798059933,1.616346016275415,-0.44091302454560966,253,0.12168928235769272
cnn,fold4_alpine,57,0.16259390010027086,False,21,0.0003,0.0003,1.6081024501472712,0.1340085375122726,0.6127805914729834,0.14360940270125866,0.3120782859623432,2.6768428403884172,1.0494384858757257,0.03436815179884434,0.1576375886797905,0.3483681082725525,0.0165188480168581,3.2256459721333677,2.2280001753687433,0.6674023614925262,1000,3.9958774212863313,3.328003485213047,-4.0053382592162485,253,0.3345896005630493
cnn,fold4_alpine,58,0.15734246450426798,False,22,0.0003,0.0003,1.630944488570094,0.1359120407141745,0.6178703308105469,0.14968181401491165,0.3167076073586941,2.7154794353991747,1.071323437616229,0.03438027761876583,0.1577535942196846,0.34936773031949997,0.016342224553227425,3.4178384059739204,2.1022616462872445,0.6265875339447101,1000,3.1116858704574546,2.446873163205819,-2.0352929523678345,253,0.2233252227306366
cnn,fold4_alpine,59,0.15361916677363086,False,23,0.0003,0.0003,1.5946335475891829,0.13288612896576524,0.5985089018940926,0.14413768239319324,0.30571831576526165,2.643277255818248,1.0338491592556238,0.03441979922354221,0.157975722104311,0.34959999844431877,0.016955694183707237,3.7201679232789333,2.485835689556171,0.5576043491955975,1000,2.9770968369146615,2.027614630577916,-1.778401728418432,253,0.17314422130584717
cnn,fold4_alpine,60,0.15873268486532963,False,24,0.0003,0.0003,1.6271948888897896,0.13559957407414913,0.5989944841712713,0.14702783152461052,0.3072840478271246,2.6807687245309353,1.0603075847029686,0.034318601712584496,0.1579914391040802,0.3548193722963333,0.017955617979168892,3.303096639028997,2.1578588717137746,0.6512386730716508,1000,1.9495813922099223,1.4094942531828312,-0.19149400081235424,253,0.10225247591733932
cnn,fold4_alpine,61,0.1660583360783888,False,25,0.0003,0.0003,1.5521013643592596,0.12934178036327162,0.585194893181324,0.1442602314054966,0.30334303714334965,2.5851688273251057,0.9918579459190369,0.03479512222111225,0.15774297341704369,0.34873382188379765,0.017129743471741676,3.339880373886547,2.023871343216565,0.6434277145010444,1000,3.07468187409841,2.4333495950527153,-1.9635311264864344,253,0.23174607753753662
cnn,fold5_north,1,0.4286704897595365,True,0,0.0003,0.0003,1.960317412391305,0.14002267231366464,0.592335844412446,0.11898408643901348,0.2335369922220707,2.9053382202982903,1.2547302078455687,0.03934488072991371,0.19520733878016472,0.4480471033602953,0.020987601950764656,5.016484279807524,3.626392975949475,-0.02419337161924684,1000,4.195366794856805,3.767152180168087,-2.884585430098905,197,0.776349663734436
cnn,fold5_north,2,0.3327059306596455,False,1,0.0003,0.0003,1.837473450228572,0.13124810358775513,0.5896499361842871,0.10468986444175243,0.2369330357760191,2.768934465944767,1.1957953162491322,0.03877541236579418,0.18148274719715118,0.4006703048944473,0.018764730542898178,4.249288765628893,3.1746644841167946,0.2651215030930022,1000,5.126281431181686,4.670301455845824,-4.799755615351789,197,0.9517159461975098
cnn,fold5_north,3,0.30401450709292765,False,2,0.0003,0.0003,1.8284840136766434,0.13060600097690309,0.6058681309223175,0.10559782572090626,0.235819885507226,2.776015656068921,1.1808871924877167,0.038992924615740776,0.18116574175655842,0.40499936789274216,0.020397266373038292,3.7092000824671025,2.6168138422838787,0.4400573206229813,1000,4.823185045028914,4.155366689653948,-4.134198462693193,197,0.845539391040802
cnn,fold5_north,4,0.30025856603275647,True,0,0.0003,0.0003,1.8115692362189293,0.12939780258706637,0.6037469822913408,0.10680250637233257,0.23440797440707684,2.7567588947713375,1.169857181608677,0.03844247758388519,0.18147200345993042,0.4007535222917795,0.01901772990822792,3.795431554013197,2.48806770888558,0.4137195975588286,1000,3.9000546483487426,3.263725813976294,-2.356960172804821,197,0.670188307762146
cnn,fold5_north,5,0.2755600261060815,False,1,0.0003,0.0003,1.8557612523436546,0.1325543751674039,0.6098496839404106,0.10337111540138721,0.23601991683244705,2.805192966014147,1.216271512210369,0.03864988312125206,0.1809955220669508,0.3991378042846918,0.01876341737806797,3.534026799081254,2.6165666823945375,0.4916969371807699,1000,5.084830991973302,4.394262384651037,-4.706342684530417,197,0.8815259337425232
cnn,fold5_north,6,0.26565253164209246,False,2,0.0003,0.0003,1.8692858573049307,0.13352041837892362,0.6186774298548698,0.10216468386352062,0.23575871624052525,2.8261263575404882,1.228277200832963,0.03887126408517361,0.18140500597655773,0.3998594395816326,0.01884809508919716,4.54437834265765,2.9126849569516917,0.1595110415804224,1000,4.080538705262692,3.4316357269770754,-2.6748516104517908,197,0.6972050666809082
cnn,fold5_north,7,0.31604965095314685,False,3,0.0003,0.0003,1.874447027221322,0.13388907337295158,0.7830355316400528,0.12765508331358433,0.25735494308173656,3.0427274610847235,1.2320858463644981,0.038902318105101585,0.1820225790143013,0.3996289484202862,0.019719315692782402,3.8738916516087007,2.5727715532597655,0.38922958916054495,1000,4.1736567847840265,3.5647316634890167,-2.844485868901756,197,0.7302209138870239
cnn,fold5_north,8,0.2758249265440343,False,4,0.0003,0.0003,2.2263041380792856,0.1590217241485204,0.7162455078214407,0.1158451996743679,0.2615667041391134,3.3202713169157505,1.5627493988722563,0.038271818310022354,0.1824066061526537,0.41353398375213146,0.02674591913819313,4.028632075448321,2.619768672930663,0.3394613081982353,1000,3.9152756661616768,3.307697172221802,-2.3832141942818703,197,0.6802064776420593
cnn,fold5_north,9,0.2702010459306708,False,5,0.0003,0.0003,1.981479112058878,0.14153422228991985,0.632436228916049,0.10933738760650158,0.24096488021314144,2.964523557573557,1.3237728886306286,0.0384252704679966,0.1815631315112114,0.4152671545743942,0.020341074094176292,3.558860416074452,2.457670263102192,0.4845281434840414,1000,4.183432001958971,3.4363546764829227,-2.8625154748446895,197,0.7095696330070496
cnn,fold5_north,10,0.26883772372058706,False,6,0.0003,0.0003,1.9211628939956427,0.13722592099968875,0.5836031585931778,0.10729027725756168,0.23532737977802753,2.8476296700537205,1.2701335959136486,0.038826847448945045,0.18176225759088993,0.40823570266366005,0.020200908184051514,3.4741340161826053,2.500870926124147,0.5087798372919476,1000,4.482997533737729,3.747301681061256,-3.4354920348621976,197,0.7697368264198303
cnn,fold5_north,11,0.24809065618013082,False,7,0.0003,0.0003,1.8347894363105297,0.13105638830789498,0.5946364924311638,0.10015765577554703,0.23761026933789253,2.767438765615225,1.1810643952339888,0.03899049013853073,0.18122364953160286,0.4108458608388901,0.020619014278054237,3.4367316875869567,2.498853462372792,0.5192997986485315,1000,4.15923317573607,3.4057107052258986,-2.8179597084091914,197,0.7008118033409119
cnn,fold5_north,12,0.25629030446116435,True,0,0.0003,0.0003,1.869624312967062,0.13354459378336156,0.600520683452487,0.11083392053842545,0.25556136295199394,2.83677639067173,1.2195996530354023,0.0386731568723917,0.18098951689898968,0.40785206109285355,0.020444544032216072,3.504968501381319,2.440524463446266,0.500021547127334,1000,3.5640735503150887,2.9036902412778365,-1.8034842426075999,197,0.6003867387771606
cnn,fold5_north,13,0.24737001206886255,False,1,0.0003,0.0003,2.3444064874202013,0.1674576062443001,0.6367134563624859,0.12788436375558376,0.2420828826725483,3.3512787017971277,1.7034783754497766,0.03898617997765541,0.18092798069119453,0.39925114810466766,0.019748365506529808,3.4828328530683166,2.241033749787676,0.5063168386517743,1000,4.316092101548865,3.5943468507263563,-3.111366671006783,197,0.7388254404067993
cnn,fold5_north,14,0.2385696580535487,False,2,0.0003,0.0003,1.8539119269698858,0.132422280497849,0.6813845299184322,0.14040838740766048,0.25563314743340015,2.931574832648039,1.2140561807900667,0.038836874067783356,0.18092043325304985,0.3992161210626364,0.018908176571130753,3.4180643223287173,2.313343417227844,0.5245076743487305,1000,4.743271269305388,3.961663968858766,-3.965474196935306,197,0.8062278628349304
cnn,fold5_north,15,0.23584923247971604,False,3,0.0003,0.0003,2.1544474940747023,0.15388910671962158,0.6105076130479574,0.12252556346356869,0.2384848538786173,3.126202702522278,1.5107701942324638,0.03848459757864475,0.18148940429091454,0.402458218857646,0.019248953089118004,3.598648391465111,2.304507689789779,0.47293778733122505,1000,3.673791960592258,3.04308312464619,-1.9787490901135874,197,0.6268163323402405
cnn,fold5_north,16,0.2312911883638236,False,4,0.0003,0.0003,1.8648262601345778,0.1332018757238984,0.605162113904953,0.11410831846296787,0.24672706425189972,2.831066280603409,1.2188119199126959,0.03902312368154526,0.1816022675484419,0.4045216180384159,0.018876168876886368,3.512761715983332,2.2660588161797346,0.49779569477031327,1000,3.7796195631731555,3.141360667815176,-2.152833092093891,197,0.6474992036819458
cnn,fold5_north,17,0.24283274765790364,False,5,0.0003,0.0003,1.8625822439789772,0.13304158885564124,0.6357555110007524,0.10513190738856792,0.23945249617099762,2.8431582022458315,1.2170312609523535,0.03905460238456726,0.18124189041554928,0.4043426886200905,0.018871251493692398,3.4007986799528482,2.268305174815562,0.5292992434513921,1000,4.616124882369031,3.8737727325665254,-3.7028367444403143,197,0.7953689694404602
cnn,fold5_north,18,0.23863101290743888,False,6,0.0003,0.0003,1.8638105876743793,0.1331293276910271,0.6358282044529915,0.11127976141870022,0.2533209268003702,2.86448404379189,1.2192833721637726,0.03877808153629303,0.1815039962530136,0.40333202853798866,0.01894536428153515,4.042797747800099,2.6087271047865697,0.3348079046442317,1000,3.849125599072605,3.2035912230469368,-2.269858572242612,197,0.6634583473205566
cnn,fold5_north,19,0.22934237678655597,False,7,0.0003,0.0003,1.8854239210486412,0.13467313721776009,0.6052741594612598,0.09992165677249432,0.23658173717558384,2.8274519219994545,1.238418884575367,0.03859112598001957,0.18106224946677685,0.40597070567309856,0.019345398992300034,3.3049995137209622,2.3935085014757194,0.555444641516613,1000,4.942868698549719,4.263104338122881,-4.392162254454564,197,0.8663581013679504
cnn,fold5_north,20,0.23240355926267267,False,8,0.0003,0.0003,1.854394756257534,0.13245676830410957,0.5920038353651762,0.09831309504806995,0.24100430496037006,2.78595482558012,1.2135526817291975,0.0386704970151186,0.18130836077034473,0.3999818451702595,0.01888350211083889,4.432022622675432,2.9933058506515664,0.20055795264774967,1000,4.833300190333817,4.111948265605288,-4.155755844339401,197,0.8396880626678467
cnn,fold5_north,21,0.24154235843266025,False,9,0.0003,0.0003,1.8160310704261065,0.12971650503043616,0.5937091168016195,0.10153673961758614,0.24311989918351173,2.7546414770185947,1.1717615444213152,0.03873526118695736,0.18124086409807205,0.40243473276495934,0.01952243037521839,3.857331986711808,2.430120637511889,0.39444013030751635,1000,3.8816313597991114,3.1843968059080416,-2.3253195035527376,197,0.6511889100074768
cnn,fold5_north,22,0.22132276319430777,False,10,0.0003,0.0003,1.8251312877982855,0.1303665205570204,0.6073935646563768,0.10497242771089077,0.2496479619294405,2.787386702373624,1.1726145707070827,0.039182864129543304,0.18118091858923435,0.4100061748176813,0.020046906545758247,3.176678104730177,2.2177238980076917,0.5892954928711301,1000,4.597355381009891,3.8408404030259558,-3.664670339944931,197,0.7884453535079956
cnn,fold5_north,23,0.22390899347346366,False,11,0.0003,0.0003,1.9364756345748901,0.13831968818392074,0.6052978131920099,0.10337416082620621,0.24148878641426563,2.8868710976094007,1.289059480652213,0.03877842240035534,0.18139798194169998,0.4045882150530815,0.0205075666308403,3.3320809449292597,2.156307570529674,0.5481293482009804,1000,3.854780958390493,3.217231388104989,-2.2794741639374148,197,0.6582876443862915
cnn,fold5_north,24,0.21920879263626902,False,12,0.0003,0.0003,1.9351020585745573,0.13822157561246837,0.6240852233022451,0.10660460218787193,0.23771378956735134,2.9037564489990473,1.2915602196007967,0.039220090955495834,0.18093785271048546,0.40226205065846443,0.019052408635616302,3.4779204308726968,2.2452845218600315,0.5077085045185574,1000,4.140908937539365,3.4572052384140646,-2.7843924199505174,197,0.709357500076294
cnn,fold5_north,25,0.21962377243635187,False,13,0.0003,0.0003,1.8543215282261372,0.13245153773043836,0.6092295758426189,0.10301313921809196,0.24624756164848804,2.813053071498871,1.1996089667081833,0.03921748138964176,0.18074299953877926,0.41276998445391655,0.019966943189501762,3.4939173602247684,2.2531629626430925,0.503169433785071,1000,3.974989592802338,3.3017669842124944,-2.4871995155288196,197,0.6837012767791748
cnn,fold5_north,26,0.20892851888848263,False,14,0.0003,0.0003,1.8732956480234861,0.1338068320016776,0.6112525593489408,0.1035209521651268,0.24788436107337475,2.8362004440277815,1.2044789753854275,0.039154354482889175,0.18181590177118778,0.4232146982103586,0.022526584565639496,3.1086577099366193,2.0939293739128026,0.6066955503968097,1000,4.164484199764423,3.4880442139111763,-2.827606127701733,197,0.7153835892677307
cnn,fold5_north,27,0.2069653337509438,False,15,0.0003,0.0003,1.8999005537480116,0.13570718241057225,0.6083129998296499,0.10826362483203411,0.23911123909056187,2.855818096548319,1.2286853715777397,0.03898434340953827,0.1815155502408743,0.4260206315666437,0.022620560601353645,3.7940929612791674,2.4100671850602007,0.41413306953617535,1000,4.159508363729754,3.5185132653871505,-2.818464941650565,197,0.714956521987915
cnn,fold5_north,28,0.2024710583344601,False,16,0.0003,0.0003,1.8639848958700895,0.13314177827643497,0.6069020219147205,0.1832460444420576,0.23443256877362728,2.8888023421168327,1.2108803261071444,0.03885651007294655,0.1818598136305809,0.4094595964998007,0.020855801180005074,3.1326388196061052,2.1456892281745286,0.6006040098189093,1000,4.529648386717518,3.768207494940727,-3.5282853524368045,197,0.7685588598251343
cnn,fold5_north,29,0.2053017058726133,False,17,0.0003,0.0003,1.836422860622406,0.131173061473029,0.637845354154706,0.11097920499742031,0.24473384208977222,2.8302279822528362,1.1878500543534756,0.039033062756061554,0.18194293417036533,0.4049369413405657,0.02053234912455082,3.125643386969131,2.107775813958402,0.6023857844512811,1000,4.454140791719429,3.717670728304347,-3.378573910469031,197,0.7564212679862976
cnn,fold5_north,30,0.2165111086585305,False,18,0.0003,0.0003,1.8400505557656288,0.13143218255468778,0.6621201224625111,0.1099801529198885,0.24222343415021896,2.854608615860343,1.2000802792608738,0.038710808381438255,0.18089366517961025,0.3995646722614765,0.01882173679769039,3.22249077557063,2.1923541072867985,0.577364070145355,1000,5.004310973839844,4.16950852400136,-4.527049863348523,197,0.8459757566452026
cnn,fold5_north,31,0.2262240634366656,False,19,0.0003,0.0003,1.8752034436911345,0.13394310312079533,0.6230219230055809,0.10662004351615906,0.24642553739249706,2.8515123333781958,1.2176580112427473,0.03860700502991676,0.18161301128566265,0.4143574610352516,0.020803866907954216,3.433172276283792,2.2373336623347417,0.5202950021395842,1000,4.453870326808972,3.7493297373814642,-3.378042173956473,197,0.7650640606880188
cnn,fold5_north,32,0.20783835735047262,False,20,0.0003,0.0003,2.0597413945943117,0.14712438532816513,0.7002985179424286,0.13893930427730083,0.23526449128985405,3.134483056142926,1.4190628435462713,0.038822077214717865,0.18111194111406803,0.39949003607034683,0.019281864166259766,3.738396480627122,2.4035787005709817,0.4312076222238789,1000,3.570180672043046,2.969893247023492,-1.8131001431164817,197,0.6099591851234436
cnn,fold5_north,33,0.20594209154541984,False,21,0.0003,0.0003,1.947053974494338,0.13907528389245272,0.602665439248085,0.10276401229202747,0.23671885393559933,2.889458119869232,1.2996606435626745,0.03893774561583996,0.18107234500348568,0.4063608627766371,0.0190350990742445,3.179223710469736,2.1522993676698188,0.588636999555548,1000,4.388826758752439,3.5887794793638434,-3.2511035140929803,197,0.7369692325592041
cnn,fold5_north,34,0.20520281435199902,False,22,0.0003,0.0003,1.8196329288184643,0.12997378062989032,0.629722299054265,0.1100092176347971,0.24360148422420025,2.803214877843857,1.1789738815277815,0.03878517262637615,0.18099812977015972,0.3990410827100277,0.019770964980125427,3.830016771066566,2.7010753785198127,0.40298615744455224,1000,4.970083739116877,4.217676849715259,-4.451703348756966,197,0.8554460406303406
cnn,fold5_north,35,0.22606131933522566,False,23,0.0003,0.0003,2.0480557456612587,0.14628969611866133,0.6340272314846516,0.10864546336233616,0.23913158848881721,3.0300891678780317,1.4018685203045607,0.038401903584599495,0.18085385486483574,0.405303992331028,0.019555144011974335,3.431299879295419,2.210381957681592,0.5208181062483259,1000,3.930313261520853,3.2581461813312966,-2.40925226172511,197,0.6751899719238281
cnn,fold5_north,36,0.2092100046753313,False,24,0.0003,0.0003,1.9469368495047092,0.13906691782176495,0.632637582719326,0.12189234793186188,0.24059068597853184,2.94231110624969,1.3064470998942852,0.03852502070367336,0.18103943392634392,0.39997210167348385,0.018941456452012062,3.578484315737051,2.259361936011548,0.47882774733799927,1000,3.995159622747628,3.3546314169102978,-2.522679040706033,197,0.6866638660430908
cnn,fold5_north,37,0.20733599603603903,False,25,0.0003,0.0003,1.953667575493455,0.1395476839638182,0.6071431040763855,0.11248631589114666,0.2425757385790348,2.91611404530704,1.3090547136962414,0.03828982450067997,0.18126477673649788,0.40428945422172546,0.018771708011627197,3.152113297247804,2.102053632510169,0.5956227749440808,1000,4.4242282674632145,3.6654816929479996,-3.3199613003661046,197,0.7532289624214172
cnn,fold6_balkan_e,1,0.42298005429625657,True,0,0.0003,0.0003,1.9119052477180958,0.14706963443985352,0.6331730168312788,0.10850090719759464,0.18813500180840492,2.8418927993625402,1.2705656029284,0.03833268582820892,0.18111938796937466,0.4010628517717123,0.018854109570384026,4.7276091934581315,3.2641708124110065,-0.02830822481979034,1000,9.09813219114711,6.942740025237069,-1.1703109798116875,146,0.7746213674545288
cnn,fold6_balkan_e,2,0.3303811886629811,True,0,0.0003,0.0003,2.140766678377986,0.1646743598752297,0.6199849210679531,0.08779313042759895,0.18262272886931896,3.0313684474676847,1.508152075111866,0.03868150897324085,0.17798104509711266,0.39591963589191437,0.01811078004539013,4.424315882902239,2.9641406372947903,0.09939899784100403,1000,9.006821124198757,6.716848772411861,-1.1269660494979141,146,0.733970582485199
cnn,fold6_balkan_e,3,0.30316391727461317,True,0,0.0003,0.0003,1.8479255940765142,0.14214812262127033,0.5937641561031342,0.08067318797111511,0.18379507027566433,2.706347858533263,1.218410799279809,0.038513729348778725,0.17800349183380604,0.3933419492095709,0.017751041799783707,3.488983235423922,2.4483287911290192,0.4399356389826692,1000,7.920408121746927,5.482272167666536,-0.6447981286281288,146,0.5269636511802673
cnn,fold6_balkan_e,4,0.27731499021965,True,0,0.0003,0.0003,1.810565985739231,0.13927430659532547,0.5910706352442503,0.08084535598754883,0.18358500860631466,2.666259052231908,1.178714694455266,0.03846733458340168,0.1780393160879612,0.39511602744460106,0.018298834562301636,3.5056448038249117,2.318345709550239,0.4345737146947195,1000,7.568300615293512,5.149626143269186,-0.5018073671110823,146,0.45258206129074097
cnn,fold6_balkan_e,5,0.24924344866928635,True,0,0.0003,0.0003,1.8883520364761353,0.1452578489597027,0.595924748107791,0.08742072992026806,0.1848943792283535,2.7567729875445366,1.2561399769037962,0.03828861750662327,0.1777852587401867,0.3953443933278322,0.018869921565055847,3.1023873424129453,2.139842368046572,0.5571749176004825,1000,7.524719962701216,5.001540684912017,-0.48456140706089257,146,0.4484216272830963
cnn,fold6_balkan_e,6,0.25808395896515884,False,1,0.0003,0.0003,1.8038729913532734,0.13875946087332872,0.565959420055151,0.07706061564385891,0.18057396821677685,2.62765553034842,1.173955988138914,0.038572534918785095,0.1779287736862898,0.3933407925069332,0.018137294799089432,3.1570130885312424,2.125824600761879,0.5414434119787569,1000,7.621892298627599,5.207106096142689,-0.523151483002871,146,0.479679673910141
cnn,fold6_balkan_e,7,0.24865394334597524,False,2,0.0003,0.0003,1.8884756863117218,0.14526736048551706,0.5910039804875851,0.07975470460951328,0.18326065130531788,2.7427055928856134,1.2533066533505917,0.03794916905462742,0.1780358850955963,0.39798531495034695,0.019230905920267105,3.320867973626547,2.1189473628573707,0.4926082608512534,1000,7.776275443736282,5.373757679080932,-0.5854799453446602,146,0.49210071563720703
cnn,fold6_balkan_e,8,0.2467269770917904,False,3,0.0003,0.0003,1.8205553852021694,0.1400427219386284,0.5987663511186838,0.08241334743797779,0.1857261937111616,2.6876723915338516,1.1858691703528166,0.038539210334420204,0.17736639454960823,0.3988924901932478,0.01802019029855728,3.271776098628672,2.0730481753873957,0.5074987656729304,1000,7.646548174443062,5.25406619366516,-0.533021833994322,146,0.4730491042137146
cnn,fold6_balkan_e,9,0.24609129506514932,True,0,0.0003,0.0003,1.8420742489397526,0.14169801914921173,0.5921103004366159,0.0868142805993557,0.1911051757633686,2.712312690913677,1.2129714768379927,0.0384837593883276,0.17781255766749382,0.39299203641712666,0.017902113497257233,2.9679630806792763,1.996540957899359,0.5947181442018915,1000,7.441196192631099,4.987713163829219,-0.4517872991522436,146,0.4449580907821655
cnn,fold6_balkan_e,10,0.23611454911916477,False,1,0.0003,0.0003,2.158676480874419,0.16605203699033994,0.6662814877927303,0.0847981609404087,0.18045880272984505,3.090409701690078,1.4999363794922829,0.03839864581823349,0.17790083959698677,0.4172029159963131,0.022924261167645454,3.530660626825772,2.1974554114967964,0.42647530673293876,1000,8.171864106787144,5.659120112295328,-0.7508935959484975,146,0.5682181715965271
cnn,fold6_balkan_e,11,0.23001919667021933,False,2,0.0003,0.0003,1.7876214440912008,0.1375093418531693,0.566543985158205,0.07727715745568275,0.18151557259261608,2.613178811967373,1.1513956058770418,0.038869038224220276,0.17830034717917442,0.3972163796424866,0.01984165795147419,2.996678095432055,1.9917194635793862,0.586838011366249,1000,7.739987161141871,5.196046698596468,-0.5707170677624254,146,0.4763086438179016
cnn,fold6_balkan_e,12,0.2331234422322493,False,3,0.0003,0.0003,1.7287377882748842,0.13297982986729878,0.580890741199255,0.07874748483300209,0.18178212083876133,2.570369902998209,1.1002345997840166,0.03901769779622555,0.1776160579174757,0.3915252797305584,0.018362903967499733,3.084847457092732,2.0003808073747553,0.5621679400571183,1000,7.651974806472347,5.253244805492375,-0.5351985278901319,146,0.47762611508369446
cnn,fold6_balkan_e,13,0.2260261657586,False,4,0.0003,0.0003,1.8316432610154152,0.14089563546272424,0.5902321860194206,0.08508430793881416,0.18672826513648033,2.6939063910394907,1.191931389272213,0.04374911077320576,0.18143541179597378,0.39421557262539864,0.018348557874560356,2.9443155434431993,1.9387578153020022,0.6011506617997846,1000,7.46568012949903,5.051454873856043,-0.46135671398496214,146,0.4381406009197235
cnn,fold6_balkan_e,14,0.2307084857770416,False,5,0.0003,0.0003,1.9473572243005037,0.1497967095615772,0.6033375635743141,0.08497675135731697,0.18865375593304634,2.824543671682477,1.3194072917103767,0.037620335817337036,0.17778192088007927,0.39282322861254215,0.01783869042992592,3.0477842814059777,1.978113275643162,0.5726254837310042,1000,7.954697124939294,5.632355577590573,-0.6590702639736401,146,0.5324108004570007
cnn,fold6_balkan_e,15,0.22715531729961622,True,0,0.0003,0.0003,1.8605008237063885,0.1431154479774145,0.5903092194348574,0.07869887724518776,0.18134143389761448,2.7110721059143543,1.2280899807810783,0.0384113434702158,0.17812276631593704,0.3961673639714718,0.017848819494247437,3.0384865686997924,1.973235409412538,0.5752290436098597,1000,7.316496232667401,4.804907472798498,-0.40353675105211484,146,0.41217994689941406
cnn,fold6_balkan_e,16,0.2242711933444291,False,1,0.0003,0.0003,1.7976934984326363,0.13828411526404893,0.5864747893065214,0.07516774721443653,0.17826971411705017,2.6377974450588226,1.1445044316351414,0.03832688741385937,0.17804819159209728,0.4137531239539385,0.020977754145860672,3.0318879668856518,2.0056042866105055,0.5770719682724446,1000,7.332419492973504,4.908524957675089,-0.40965257475352224,146,0.42301803827285767
cnn,fold6_balkan_e,17,0.22499559699266752,False,2,0.0003,0.0003,1.8208414129912853,0.14006472407625273,0.6456216406077147,0.08337456919252872,0.18570219911634922,2.7357602156698704,1.1795529704540968,0.03826659545302391,0.17814180441200733,0.40421728789806366,0.0186895951628685,2.9714008564731156,1.9077864990360156,0.5937787288364156,1000,7.326806878681853,4.847076432828608,-0.40749535826312444,146,0.42421144247055054
cnn,fold6_balkan_e,18,0.21053750667410967,False,3,0.0003,0.0003,1.8162186108529568,0.1397091239117659,0.5643666926771402,0.07510032877326012,0.1802853550761938,2.636176085099578,1.1796259339898825,0.03864812292158604,0.17778886295855045,0.39896185323596,0.019160540774464607,2.872545870423669,1.9175419545929668,0.6203581182399542,1000,7.581941297480744,5.100319458911312,-0.5072257930334396,146,0.4581032991409302
cnn,fold6_balkan_e,19,0.2084728719529542,False,4,0.0003,0.0003,1.8630256336182356,0.14330966412447965,0.6231425870209932,0.08532378077507019,0.18197263590991497,2.7536865137517452,1.2186213079839945,0.03879578039050102,0.17778579890727997,0.4076268784701824,0.018280353397130966,3.2138008621154435,2.0411956376340363,0.5247981767498151,1000,7.569168823330882,5.035122955490278,-0.502151950679113,146,0.47146350145339966
cnn,fold6_balkan_e,20,0.2048781743527034,True,0,0.0003,0.0003,2.0615770667791367,0.15858285129070282,0.6354760620743036,0.10445686057209969,0.1916564404964447,2.9933760166168213,1.4319546315819025,0.03889842331409454,0.17757635936141014,0.39295126497745514,0.018260495737195015,3.032754403144709,2.1740750874101886,0.5768302096419857,1000,6.734823465265501,4.540023009373689,-0.18924111408407507,146,0.366536021232605
cnn,fold6_balkan_e,21,0.21262259074948522,False,1,0.0003,0.0003,1.902512475848198,0.14634711352678445,0.5927841868251562,0.08376025035977364,0.19295276142656803,2.772189721465111,1.2668978720903397,0.03879103437066078,0.17804150469601154,0.3984900489449501,0.01831112429499626,3.164456889555615,2.012039417243188,0.5392784363695277,1000,8.108334086822516,5.708052398539251,-0.7237756892740823,146,0.5571179986000061
cnn,fold6_balkan_e,22,0.21103125803433223,False,2,0.0003,0.0003,1.8437444493174553,0.1418264961013427,0.6005505826324224,0.0829156618565321,0.1853613592684269,2.7127820160239935,1.214978877454996,0.03848102502524853,0.1779961809515953,0.39239263348281384,0.01800055056810379,2.752536485803345,1.9116731792044466,0.6514168892315251,1000,7.356384060114956,4.901190239462083,-0.4188819752920603,146,0.41610556840896606
cnn,fold6_balkan_e,23,0.1995761523919744,False,3,0.0003,0.0003,2.040688704699278,0.15697605420763677,0.6807014849036932,0.10529614984989166,0.1819627769291401,3.0088582523167133,1.4103400632739067,0.038407739251852036,0.17766505666077137,0.39391607604920864,0.018479080870747566,2.855041254799824,1.8762142960697128,0.6249709164375392,1000,7.077591563212007,4.758621307631917,-0.31337418406253037,146,0.40325748920440674
cnn,fold6_balkan_e,24,0.20045753382371045,True,0,0.0003,0.0003,1.9671393800526857,0.15131841385020658,0.5972861815243959,0.0823108609765768,0.1844793688505888,2.8314349316060543,1.3347321152687073,0.038903651759028435,0.17808025144040585,0.39529786817729473,0.018165506422519684,2.9518443009788484,2.1137854744302604,0.5991082997500292,1000,6.642229640127006,4.311972264588987,-0.15676530653788578,146,0.31931936740875244
cnn,fold6_balkan_e,25,0.1907901545341685,False,1,0.0003,0.0003,1.8559895437210798,0.14276842644008306,0.5931703932583332,0.09073868207633495,0.18367440812289715,2.723757216706872,1.2223288547247648,0.038715023547410965,0.17759554833173752,0.3975327033549547,0.017929626628756523,3.160604609098303,1.9754669232709694,0.540399480792507,1000,8.014156862752753,5.685541714245265,-0.6839653838637805,146,0.5538827180862427
cnn,fold6_balkan_e,26,0.19655679074645185,False,2,0.0003,0.0003,1.842854630202055,0.14175804847708115,0.5934745017439127,0.08152050338685513,0.186164990067482,2.7042222544550896,1.2096834909170866,0.038418831303715706,0.17808055877685547,0.39680745638906956,0.01795968972146511,2.9753827761830967,1.8649797885872963,0.5926892600083501,1000,7.805163244435523,5.2952786885971825,-0.5972815080046567,146,0.4952455759048462
cnn,fold6_balkan_e,27,0.18851082345113535,False,3,0.0003,0.0003,1.8249007388949394,0.14037697991499534,0.5900852922350168,0.07923829928040504,0.18209093995392323,2.676517579704523,1.19394526258111,0.038743484765291214,0.17796162143349648,0.3933052197098732,0.018939102068543434,2.949528042879312,1.8809037068594543,0.5997371976441608,1000,7.7425236817039105,5.223025166630334,-0.5717467358725079,146,0.49887368083000183
cnn,fold6_balkan_e,28,0.19654432510725695,False,4,0.0003,0.0003,1.792535400018096,0.13788733846293047,0.5837019719183445,0.07928704842925072,0.1815793178975582,2.6373118720948696,1.1661676485091448,0.038882603868842125,0.17743721045553684,0.3895688485354185,0.01846303790807724,2.7545227977002322,1.8675753395545411,0.6509136119018026,1000,6.861040588069808,4.379351373900119,-0.2342338675205824,146,0.3480912744998932
cnn,fold6_balkan_e,29,0.18356775921130208,False,5,0.0003,0.0003,1.7951202224940062,0.1380861709610774,0.573169469833374,0.0783118586987257,0.1860310398042202,2.6328535452485085,1.1644351296126842,0.038758065551519394,0.17748499102890491,0.39381549321115017,0.018694434314966202,2.7534883400648633,1.769189610129803,0.6511757605917405,1000,7.313251134341691,4.883668400077447,-0.40229200095370876,146,0.42130792140960693
cnn,fold6_balkan_e,30,0.191398492912044,False,6,0.0003,0.0003,1.9192348923534155,0.14763345325795504,0.5983151588588953,0.07925578020513058,0.18219123966991901,2.779202423989773,1.2750501576811075,0.03850223682820797,0.1782259251922369,0.4053426403552294,0.02009689249098301,2.9708735752491298,2.026978511799382,0.5939228856533054,1000,7.48074321535918,5.190563806230965,-0.46725965866269514,146,0.4609811305999756
cnn,fold6_balkan_e,31,0.18909810851940342,False,7,0.0003,0.0003,1.8364880457520485,0.14126831121169603,0.5999750718474388,0.08009031042456627,0.18380779214203358,2.7005730606615543,1.1967180874198675,0.03828909620642662,0.17766746692359447,0.4023564700037241,0.019529914483428,2.7311553343900865,1.7799913648329988,0.6568113035723002,1000,7.497769949782372,5.122146904740767,-0.4739464465934353,146,0.46611732244491577
cnn,fold6_balkan_e,32,0.18915892165014914,False,8,0.0003,0.0003,1.809811521321535,0.1392162708708873,0.5844710674136877,0.08581254445016384,0.1907867044210434,2.6710955649614334,1.1710298638790846,0.03855997510254383,0.17827815935015678,0.40010059252381325,0.019845692440867424,3.358215849727896,2.0628773100087927,0.4811314037096057,1000,8.251954384725602,5.7595856234921605,-0.7853818667469958,146,0.5960646271705627
cnn,fold6_balkan_e,33,0.1886495928424978,False,9,0.0003,0.0003,1.8754491992294788,0.14426532301765221,0.5850222483277321,0.08122249133884907,0.18506178073585033,2.726965641602874,1.2273738514631987,0.03811806067824364,0.17796478979289532,0.4101985227316618,0.019824091345071793,2.6985079075817784,1.7339485535198524,0.6649670182526428,1000,7.3481297443615015,4.704759135799395,-0.4156996158586741,146,0.4155908524990082
cnn,fold6_balkan_e,34,0.17459221369394778,True,0,0.0003,0.0003,1.8216202817857265,0.1401246370604405,0.5875432472676039,0.08069388195872307,0.1841799132525921,2.6742506250739098,1.1899948101490736,0.038556599989533424,0.17810986377298832,0.3937645424157381,0.019225697964429855,2.7043726124332936,1.9087431895656177,0.6635091720946681,1000,6.4858693639691545,4.17307439598715,-0.1029450511355885,146,0.3178015351295471
cnn,fold6_balkan_e,35,0.1845156620149877,False,1,0.0003,0.0003,1.8360693398863077,0.14123610306817752,0.5947365406900644,0.08805450610816479,0.19598369672894478,2.7150282859802246,1.206828011199832,0.03872957453131676,0.177712332457304,0.3927215673029423,0.018147790804505348,3.2822375972525246,2.291097108170772,0.5043441865901936,1000,6.617002515364235,4.436571551722188,-0.14799522538461574,146,0.34548646211624146
cnn,fold6_balkan_e,36,0.17850992389122167,False,2,0.0003,0.0003,1.8758551105856895,0.14429654696812996,0.5584514513611794,0.07309020683169365,0.18813979625701904,2.695745861157775,1.242752818390727,0.03737785294651985,0.17771459557116032,0.39657964557409286,0.019474124535918236,2.744548576422392,1.7614526204476788,0.653437142225789,1000,7.09132840699273,4.617966056694647,-0.31847736760982204,146,0.3851866126060486
cnn,fold6_balkan_e,37,0.17858432889416076,False,3,0.0003,0.0003,1.900983801111579,0.14622952316242915,0.6116089019924402,0.0831026453524828,0.18728365376591682,2.7831951919943094,1.2697780523449183,0.0381421260535717,0.17771898582577705,0.3952128868550062,0.018156757578253746,3.1778712719118305,1.9683247807153426,0.5353640872032104,1000,7.6609646355345005,5.219764896773386,-0.5388078652862329,146,0.4879615902900696
cnn,fold6_balkan_e,38,0.1837500939179387,False,4,0.0003,0.0003,1.8100357707589865,0.13923352082761434,0.6189194153994322,0.09281780570745468,0.1823484916239977,2.7043269351124763,1.1719820648431778,0.0383972954005003,0.1782132275402546,0.4007190242409706,0.018768996000289917,2.652959638307448,1.8029166226216606,0.6761816482072611,1000,7.343205379521324,4.857704296183179,-0.4138027834132587,146,0.41420111060142517
cnn,fold6_balkan_e,39,0.17794122224262454,False,5,0.0003,0.0003,2.042665708810091,0.15712813144693008,0.5828559417277575,0.08522705361247063,0.18196582421660423,2.8929264172911644,1.4112907350063324,0.03887813165783882,0.17785618267953396,0.39460418559610844,0.018160546198487282,2.7827207529185243,1.8334537015046635,0.6437298585147408,1000,7.412482850157061,5.0046955437127885,-0.44060489282750637,146,0.4527537226676941
cnn,fold6_balkan_e,40,0.18235736704275318,False,6,0.0003,0.0003,1.8199352007359266,0.1399950154412251,0.6483946219086647,0.0866534560918808,0.1828826628625393,2.738079998642206,1.188746264204383,0.03877699747681618,0.1783364024013281,0.39417305029928684,0.01801096275448799,2.9258543505702375,1.8006847344150811,0.6061366426112572,1000,7.420425794437612,4.874348957897032,-0.4436939455468485,146,0.42655205726623535
cnn,fold6_balkan_e,41,0.1692935520259549,False,7,0.0003,0.0003,2.019871575757861,0.15537473659675854,0.5879768375307322,0.07985511049628258,0.18377460539340973,2.871685728430748,1.3799512553960085,0.038754479959607124,0.17818919010460377,0.401777533814311,0.019270822405815125,2.680919094764301,1.7043340072208726,0.6693202593261444,1000,7.1838011253982135,4.780016031977082,-0.35308812991277283,146,0.4075288772583008
cnn,fold6_balkan_e,42,0.1753575379080594,False,8,0.0003,0.0003,1.9434795957058668,0.14949843043891284,0.5779902134090662,0.08395849354565144,0.1922813579440117,2.7979196533560753,1.294186756014824,0.038789236918091774,0.17830233089625835,0.4087222069501877,0.021436166018247604,2.866016859000292,1.7795319152860334,0.6220819335527452,1000,7.612395539783939,5.059363673935261,-0.5193582017109053,146,0.4648666977882385
cnn,fold6_balkan_e,43,0.1762722105111374,True,0,0.0003,0.0003,1.7982579730451107,0.13832753638808543,0.5996136832982302,0.0800168626010418,0.18524465709924698,2.6633773129433393,1.1687458790838718,0.0384142491966486,0.17804178595542908,0.39316150173544884,0.018042391166090965,2.7833267591448636,1.9945383830437116,0.6435746683593775,1000,6.443806081651098,4.27436484079014,-0.08868542087461395,146,0.3120284080505371
cnn,fold6_balkan_e,44,0.172590940220077,False,1,0.0003,0.0003,1.850248396396637,0.14232679972281823,0.6272264160215855,0.09262872114777565,0.19388020783662796,2.7641746327281,1.2156358771026134,0.038261834532022476,0.17802850157022476,0.3986492622643709,0.01782466098666191,3.311453801709777,2.087947838766483,0.4954809450511939,1000,8.790109805243919,6.500763156694607,-1.0258443889629607,146,0.7216973900794983
cnn,fold6_balkan_e,45,0.1724072986690213,False,2,0.0003,0.0003,1.9787901006639004,0.15221462312799233,0.609782911837101,0.08182059600949287,0.18446223624050617,2.855069911107421,1.3485751319676638,0.038332391530275345,0.1781929712742567,0.39356216974556446,0.01810772903263569,2.696056745002601,1.810594793525648,0.6655753895171703,1000,6.912167441632776,4.527722171701386,-0.25269684141898674,146,0.3706396520137787
cnn,fold6_balkan_e,46,0.17314136905463096,False,3,0.0003,0.0003,1.8437560070306063,0.14182738515620047,0.6186371855437756,0.08093787543475628,0.18367124535143375,2.727215712890029,1.2003092244267464,0.03844207525253296,0.17789553850889206,0.40419025905430317,0.020916761830449104,2.9114285970645626,1.7993789539861913,0.6100109085167563,1000,7.636614068001209,5.316385074493163,-0.5290411333886496,146,0.4897083640098572
cnn,fold6_balkan_e,47,0.1632776801059847,False,4,0.0003,0.0003,1.873305844143033,0.14410044954946408,0.6190540362149477,0.08270956575870514,0.1862822975963354,2.7615609038621187,1.2153331339359283,0.03852476924657822,0.1777549311518669,0.4182427152991295,0.021407604217529297,2.610973262158779,1.7058889289448427,0.6863501954183671,1000,6.775213016688417,4.368055145547261,-0.2035479314736317,146,0.3398151993751526
cnn,fold6_balkan_e,48,0.16047242352125585,False,5,0.0003,0.0003,1.95861922390759,0.15066301722366077,0.6256383005529642,0.08438319712877274,0.1884810384362936,2.8573345877230167,1.3221848923712969,0.03835451602935791,0.17782079428434372,0.39903642795979977,0.01928711123764515,2.7177366494658113,1.8023343539086736,0.6601753216952521,1000,7.578763641370942,5.133854541029347,-0.5059626754719659,146,0.4723598062992096
cnn,fold6_balkan_e,49,0.17206261040074403,False,6,0.0003,0.0003,1.9515162948518991,0.15011663806553072,0.6367817372083664,0.08563094586133957,0.18733521737158298,2.861483594402671,1.3182926550507545,0.03777281008660793,0.17769065499305725,0.39779250882565975,0.01798876002430916,2.859002949223863,1.7710165437909844,0.6239294033240714,1000,7.580391911019606,5.025526101039844,-0.5066098461310149,146,0.4678754508495331
cnn,fold6_balkan_e,50,0.1701339864328198,False,7,0.0003,0.0003,1.8934693317860365,0.14565148706046435,0.6215381417423487,0.08521091565489769,0.18806532956659794,2.7885078992694616,1.2591941114515066,0.03852454572916031,0.17787593603134155,0.39681894332170486,0.01908959075808525,2.6106316976591017,1.705605102010713,0.6864322526594043,1000,7.1668732708889955,4.61491467663239,-0.3467188298276651,146,0.39902663230895996
cnn,fold6_balkan_e,51,0.1639189518835346,False,8,0.0003,0.0003,1.9340963531285524,0.14877664254835019,0.6292150653898716,0.08392518572509289,0.18700993992388248,2.8344617914408445,1.3026917669922113,0.038314035162329674,0.17781402729451656,0.39366057328879833,0.0196284968405962,2.6340677779494,1.7317751055261534,0.6807770814514089,1000,7.34820969286215,4.778201176435662,-0.41573042197705146,146,0.411886066198349
cnn,fold6_balkan_e,52,0.17501895476595483,False,9,0.0003,0.0003,1.9274797346442938,0.1482676718957149,0.6318074371665716,0.08408074453473091,0.18716175109148026,2.830740248784423,1.2934413645416498,0.03811217285692692,0.17792502418160439,0.39715348556637764,0.018907735124230385,2.5986441660149535,1.7875392244076087,0.6893053298593418,1000,6.697229447440039,4.414769914329709,-0.1760013996096037,146,0.34124723076820374
cnn,fold6_balkan_e,53,0.16615626090110713,True,0,0.0003,0.0003,1.956368250772357,0.15048986544402745,0.6511865854263306,0.08413337357342243,0.1875740997493267,2.879479331895709,1.3271169755607843,0.038161883130669594,0.17771288566291332,0.393355468288064,0.01808583363890648,3.971129603364847,2.5828753024612094,0.27444841589829483,1000,6.428591050508179,4.3277044771544695,-0.08355031079482367,146,0.31570783257484436
cnn,fold6_balkan_e,54,0.1597160309445297,False,1,0.0003,0.0003,2.006329333409667,0.15433302564689746,0.6518408991396427,0.08294545486569405,0.18505763821303844,2.9263629280030727,1.3575283698737621,0.038077881559729576,0.17764433659613132,0.4111549388617277,0.01987953670322895,2.655383075555849,1.6731566289826592,0.6755897719690145,1000,7.037611142426268,4.473670946464772,-0.29857792378311365,146,0.3750785291194916
cnn,fold6_balkan_e,55,0.16035022091376624,False,2,0.0003,0.0003,1.9660918507725,0.1512378346748077,0.6134776007384062,0.0985186118632555,0.18474131077528,2.8630388863384724,1.3043935485184193,0.03791682422161102,0.17819766886532307,0.42368255369365215,0.0199018195271492,2.543961788208462,1.71395214810936,0.70224343904645,1000,7.290275686892395,4.80987112191434,-0.39349490734968473,146,0.4278942942619324
cnn,fold6_balkan_e,56,0.15841954464791624,False,3,0.0003,0.0003,1.9561492707580328,0.150473020827541,0.6091475933790207,0.08493891730904579,0.1874753888696432,2.837926300242543,1.3270837981253862,0.03822527267038822,0.17755755968391895,0.39300408586859703,0.018360668793320656,2.5671031879814863,1.6938055800708585,0.6968016562982764,1000,6.881428979194606,4.383175837157684,-0.2415801093820702,146,0.3548695147037506
cnn,fold6_balkan_e,57,0.16352736331585377,False,4,0.0003,0.0003,1.9309984650462866,0.14853834346509898,0.6887858267873526,0.09053340926766396,0.19396737590432167,2.9044926147907972,1.3020574990659952,0.038196861743927,0.17790181934833527,0.3929457403719425,0.018007542937994003,2.568778792093322,1.635771757310014,0.6964057188086601,1000,7.018041331263177,4.527602928397162,-0.2913659335815695,146,0.3862985372543335
cnn,fold6_balkan_e,58,0.16207940673367968,False,5,0.0003,0.0003,2.0008105356246233,0.15390850274035564,0.6257313638925552,0.09052478708326817,0.19686346501111984,2.9141373839229345,1.3722343277186155,0.03800138086080551,0.177394550293684,0.39173655956983566,0.01945635676383972,2.623405628409789,1.6989094374533198,0.6833561448990341,1000,7.384666679436019,5.053739071117375,-0.42981311768031194,146,0.4482754170894623
cnn,fold6_balkan_e,59,0.15569757466149417,False,6,0.0003,0.0003,2.024399356916547,0.15572302745511898,0.6289562042802572,0.08814365975558758,0.19239766336977482,2.9341261833906174,1.3855482582002878,0.037838224321603775,0.1778931561857462,0.4027528241276741,0.018392736092209816,2.701081705635624,1.6766281349543437,0.6643276141863474,1000,7.312445304933175,4.800771238989338,-0.40198298766905327,146,0.4193626940250397
cnn,fold6_balkan_e,60,0.15656193202884983,False,7,0.0003,0.0003,2.0101685263216496,0.15462834817858842,0.6236366927623749,0.08606689982116222,0.18789049237966537,2.907981427386403,1.3807694017887115,0.037981269881129265,0.1781550571322441,0.3932036682963371,0.018069032579660416,2.9230314401156012,1.791958628560831,0.6068962871425628,1000,7.46690017340658,4.940413332195753,-0.46183438380401665,146,0.4578000009059906
cnn,fold6_balkan_e,61,0.15742982857477536,False,8,0.0003,0.0003,1.9436259921640158,0.14950969170492429,0.6092882454395294,0.08161884546279907,0.1862269826233387,2.820975536480546,1.3086609095335007,0.03840408846735954,0.17773820459842682,0.39883633702993393,0.018009239807724953,2.499057654662278,1.6167416672383144,0.7126622254784474,1000,7.063547504430516,4.701020144068951,-0.3081671008969251,146,0.3882674276828766
cnn,fold6_balkan_e,62,0.14733921805682026,False,9,0.0003,0.0003,1.955429818481207,0.15041767834470823,0.6843647230416536,0.08634182810783386,0.18839431181550026,2.914748141542077,1.3226143158972263,0.038107067346572876,0.17791746743023396,0.3961289767175913,0.018728191033005714,2.4486347010811227,1.5506900479203678,0.7241403555379999,1000,7.203193790841909,4.638774520182163,-0.3604033109347693,146,0.40288108587265015
cnn,fold6_balkan_e,63,0.15812271265414138,False,10,0.0003,0.0003,1.8722660262137651,0.144020463554905,0.6045720372349024,0.08265506476163864,0.18706976063549519,2.746770052239299,1.2358156852424145,0.038617487996816635,0.17833223193883896,0.3987507298588753,0.018662573769688606,2.688180265681408,1.791592939314551,0.6675265656663166,1000,7.5685129117079315,5.195157382253837,-0.5018916219014447,146,0.4735136032104492
cnn,fold6_balkan_e,64,0.15830717155815466,False,11,0.0003,0.0003,1.839875614270568,0.1415288934054283,0.6012773383408785,0.0834498479962349,0.1867134440690279,2.711537443101406,1.2093194648623466,0.03842554800212383,0.1779208481311798,0.3936370760202408,0.018610000610351562,2.88243303212821,1.7983729497150132,0.617740203216496,1000,7.724485789924293,5.307789150217247,-0.564431815367171,146,0.5057275295257568
cnn,fold6_balkan_e,65,0.15748184696469003,False,12,0.0003,0.0003,1.8363890759646893,0.14126069815112993,0.5905538834631443,0.08225725777447224,0.185241911560297,2.694660287350416,1.1966680493205786,0.03866642154753208,0.1780123170465231,0.40309740975499153,0.018031420186161995,2.853323368466081,2.017399956089142,0.6254220927633463,1000,6.736237065500153,4.475053833837591,-0.1897403960487345,146,0.35518425703048706
cnn,fold6_balkan_e,66,0.1519119840191702,False,13,0.0003,0.0003,1.9204486962407827,0.1477268227877525,0.5827312301844358,0.07944611646234989,0.1884362045675516,2.7712766472250223,1.2825141474604607,0.03844441846013069,0.1779458448290825,0.39958737790584564,0.019945519044995308,3.020348624664784,1.8325627751466262,0.5802851635702466,1000,7.661863568963894,5.1126405247946725,-0.5391690122316468,146,0.47747960686683655
cnn,fold6_balkan_e,67,0.1486858562336037,False,14,0.0003,0.0003,1.849987918511033,0.14230676296238715,0.6039985697716475,0.08967109024524689,0.18665319681167603,2.7305215913802385,1.2198772579431534,0.03878999315202236,0.1780089233070612,0.3933518957346678,0.018044836819171906,2.5115139288541792,1.6205233010330067,0.7097906806338088,1000,7.05808047152042,4.5755853465308745,-0.306142898491073,146,0.38487616181373596
cnn,fold6_balkan_e,68,0.14706146760211203,False,15,0.0003,0.0003,1.8511822205036879,0.14239863234643751,0.5793086513876915,0.08334076777100563,0.18849914520978928,2.702571664005518,1.2188328299671412,0.038519229739904404,0.17816765792667866,0.39543809927999973,0.018250396475195885,2.997603177624274,1.7819892790120675,0.5865828836678911,1000,7.329333063961781,4.731913053317726,-0.40846609683319923,146,0.41674309968948364
cnn,fold6_balkan_e,69,0.15645646128637225,False,16,0.0003,0.0003,1.9588834419846535,0.15068334169112718,0.615702997893095,0.09275968186557293,0.19345638900995255,2.861013749614358,1.2989134322851896,0.038125790655612946,0.17770711705088615,0.4229409694671631,0.0192845668643713,4.050743272726963,2.5650281333677496,0.2450649116121022,1000,6.521670888845827,4.377219193224608,-0.11515500957212388,146,0.3277202546596527
cnn,fold6_balkan_e,70,0.15012400055391797,False,17,0.0003,0.0003,1.9439827874302864,0.14953713749463743,0.6108262483030558,0.08332488685846329,0.1888236440718174,2.8271643295884132,1.3128393832594156,0.03862915560603142,0.17815323173999786,0.3943480160087347,0.018060361966490746,2.9321763647310335,1.817265520909318,0.6044327301415925,1000,7.507601258947258,4.823689021534938,-0.4778143496406393,146,0.43170255422592163
cnn,fold6_balkan_e,71,0.14813111170641044,False,18,0.0003,0.0003,1.9809754267334938,0.15238272513334566,0.6042959336191416,0.08351585641503334,0.18710051476955414,2.8560921661555767,1.3360489550977945,0.03811940364539623,0.17760306224226952,0.4083068072795868,0.018898464739322662,2.4042246773938474,1.665291119967524,0.7340559529209878,1000,6.7755542228857495,4.403515326287813,-0.2036691581723522,146,0.33747509121894836
cnn,fold6_balkan_e,72,0.14088433096578526,False,19,0.0003,0.0003,1.9241891670972109,0.14801455131517008,0.606955835595727,0.0841225478798151,0.18721958808600903,2.8026943374425173,1.287667179480195,0.038462525233626366,0.17803335934877396,0.40001540817320347,0.01801297627389431,2.947276027651852,1.8025559600275205,0.6003481793309979,1000,7.701361431518935,5.241964270849005,-0.5550791326818674,146,0.4954892098903656
cnn,fold6_balkan_e,73,0.1405526421182262,False,20,0.0003,0.0003,1.9511242844164371,0.150086483416649,0.6204077210277319,0.08387455902993679,0.1893595177680254,2.84497400932014,1.3154623564332724,0.03835513815283775,0.17798800393939018,0.3992474991828203,0.018072647973895073,2.5903849845671463,1.5927474292062753,0.6912771318023058,1000,7.083976695626294,4.715982640153302,-0.3157450049257442,146,0.4032174348831177
cnn,fold6_balkan_e,74,0.15420814532566415,False,21,0.0003,0.0003,1.9526996072381735,0.1502076620952441,0.6076966002583504,0.08417725004255772,0.19527221843600273,2.840065561234951,1.3212473299354315,0.03803830221295357,0.17771917209029198,0.3957345373928547,0.01800898090004921,2.8022503994223964,1.8514064953240699,0.6387115715871803,1000,6.496356630465913,4.209096547053252,-0.10651472838675713,146,0.30756664276123047
cnn,fold6_balkan_e,75,0.13522246663331697,False,22,0.0003,0.0003,1.8710262402892113,0.1439250954068624,0.693596301600337,0.0794165562838316,0.18559918738901615,2.829849671572447,1.2427474297583103,0.03783673048019409,0.1777850016951561,0.3927599396556616,0.017987942323088646,2.4157412521325528,1.5898555456339523,0.7315020318503314,1000,7.247781359848273,4.719608822178677,-0.3772971530489393,146,0.4179938733577728
cnn,fold6_balkan_e,76,0.1478415944751698,False,23,0.0003,0.0003,1.8318441957235336,0.14091109197873336,0.5763959158211946,0.08022751845419407,0.18379276432096958,2.672468475997448,1.203905537724495,0.03849699720740318,0.17737295292317867,0.39227889478206635,0.017837876453995705,2.867269240253444,1.854839921714528,0.6217515789632113,1000,8.111450782083674,5.883451027365933,-0.7251011196292454,146,0.577039897441864
cnn,fold6_balkan_e,77,0.1376235194603123,False,24,0.0003,0.0003,1.8245346546173096,0.1403488195859469,0.5954634062945843,0.08239004947245121,0.18428568542003632,2.6868761237710714,1.1937467865645885,0.038628943264484406,0.1781773567199707,0.3939189016819,0.018124794587492943,3.396501603959719,2.3179203597527738,0.4692331132405292,1000,6.455516223874179,4.444993326915586,-0.09264588921873007,146,0.32864031195640564
cnn,fold6_balkan_e,78,0.13913883604963093,False,25,0.0003,0.0003,1.9003356527537107,0.1461796655964393,0.6033533103764057,0.08097067661583424,0.1867438554763794,2.771618627011776,1.2571396250277758,0.038925329223275185,0.17771654948592186,0.40486352145671844,0.019628552719950676,2.7375870302526737,1.728552255935556,0.6551930255499255,1000,7.574100942079812,5.115827565237102,-0.5041102120894994,146,0.4757830500602722
cnn,fold7_balkan_s,1,0.41990359540717753,True,0,0.0003,0.0003,1.9360844995826483,0.13829174997018917,0.5602151490747929,0.10371766798198223,0.1792512834072113,2.7794299367815256,1.263448290526867,0.03976922854781151,0.19418933987617493,0.4158454854041338,0.02080470323562622,4.4322838758844245,3.2866959831442903,0.011653750807395835,1000,10.04887317375439,8.087453762768156,-1.3074594401337971,144,0.9318622946739197
cnn,fold7_balkan_s,2,0.3357531942266229,True,0,0.0003,0.0003,1.997632211074233,0.14268801507673093,0.7296034917235374,0.1046934612095356,0.1822627130895853,3.0143880899995565,1.3322158996015787,0.040080172941088676,0.1838405802845955,0.4183228462934494,0.02103058062493801,4.0028678689416735,2.785201264327256,0.19388594794031322,1000,9.16371247619209,7.303643269598955,-0.9188554239089883,144,0.7637572884559631
cnn,fold7_balkan_s,3,0.2888658872071025,True,0,0.0003,0.0003,2.0485543496906757,0.14632531069219112,0.5953853484243155,0.0814533494412899,0.1834434363991022,2.909030504524708,1.3949535489082336,0.04035073518753052,0.18450470827519894,0.40718553960323334,0.01955651491880417,3.2899160418310203,2.2385783771907035,0.45546774204362317,1000,8.508979770863316,6.670803295984511,-0.6544525959648353,144,0.645399808883667
cnn,fold7_balkan_s,4,0.29482245125133116,False,1,0.0003,0.0003,1.8813147675246,0.13437962625175714,0.6004160419106483,0.07966314814984798,0.1827258449047804,2.7443220913410187,1.229815760627389,0.040162406861782074,0.1838909015059471,0.4062115401029587,0.019234873354434967,3.2147346277281073,2.091859094623803,0.48007076378977853,1000,8.767135977790218,6.783766248459848,-0.7563652290008718,144,0.6925962567329407
cnn,fold7_balkan_s,5,0.26567413399112344,True,0,0.0003,0.0003,1.8856114093214273,0.1346865292372448,0.6047356445342302,0.09004340507090092,0.18049362674355507,2.7610909156501293,1.221144961193204,0.039931781589984894,0.1844983920454979,0.41819885186851025,0.019793618470430374,2.962145718319256,1.9885734957797532,0.5585649423245065,1000,8.437720869004405,6.473697437607364,-0.6268580260954404,144,0.6371675729751587
cnn,fold7_balkan_s,6,0.24251262778367344,True,0,0.0003,0.0003,1.9028547387570143,0.13591819562550103,0.5739124920219183,0.07925411686301231,0.18679569847881794,2.743007740005851,1.2512801457196474,0.040275007486343384,0.18435231782495975,0.40504773892462254,0.01979524828493595,3.431622915663125,2.510301243446129,0.4075480939807006,1000,6.496421312554194,5.011182359679851,0.03562107570113726,144,0.39552605152130127
cnn,fold7_balkan_s,7,0.2619687151087701,False,1,0.0003,0.0003,1.9078828152269125,0.13627734394477947,0.5718223843723536,0.07156629115343094,0.17582151480019093,2.7272870242595673,1.2435795795172453,0.04012235999107361,0.1845200341194868,0.4184209294617176,0.019223958253860474,3.5341070182240357,2.3083528288922666,0.3716329908878563,1000,9.139002575728943,7.185196845372299,-0.9085210097998841,144,0.7712863683700562
cnn,fold7_balkan_s,8,0.24558116313802938,False,2,0.0003,0.0003,1.9142317716032267,0.1367308408288019,0.5961678344756365,0.08015779964625835,0.18451152741909027,2.7752789109945297,1.2610458005219698,0.0397656224668026,0.18409179337322712,0.4080953113734722,0.019263189285993576,3.493264659476775,2.256260336364701,0.38607267598347894,1000,9.650045508551989,7.684175986328076,-1.1279335828561212,144,0.866763710975647
cnn,fold7_balkan_s,9,0.242294600465043,False,3,0.0003,0.0003,1.9032023083418608,0.13594302202441863,0.5929248556494713,0.0806399080902338,0.18209015764296055,2.759068988263607,1.2435280159115791,0.04004843346774578,0.18454553373157978,0.4131713267415762,0.019882701337337494,2.9984196075699363,1.945369029062147,0.5476872803925974,1000,7.482433014041564,5.603573181433589,-0.27933717801298497,144,0.5187267065048218
cnn,fold7_balkan_s,10,0.2408058953716681,False,4,0.0003,0.0003,1.9254625122994184,0.1375330365928156,0.5833039991557598,0.08124803937971592,0.18119442835450172,2.7714194487780333,1.264517419040203,0.039472684264183044,0.1841042023152113,0.41567420214414597,0.019640224054455757,3.142960693025901,2.276883314301302,0.5030280447379769,1000,6.549505201179051,4.908872583197016,0.01979632041111601,144,0.387703001499176
cnn,fold7_balkan_s,11,0.24433580811651423,False,5,0.0003,0.0003,1.8820459339767694,0.1344318524269121,0.6130995247513056,0.08457761071622372,0.18600099720060825,2.7659336905926466,1.2277406472712755,0.039934439584612846,0.1839591357856989,0.4091181866824627,0.0192748811095953,3.2927904318618277,2.1303361102616516,0.45451581389207585,1000,8.96221183470228,6.994361422362546,-0.8353958926925773,144,0.7205713391304016
cnn,fold7_balkan_s,12,0.2206227346532747,False,6,0.0003,0.0003,2.0642776247113943,0.1474484017650996,0.6058116722851992,0.07678972743451595,0.18192769587039948,2.929020432755351,1.4034155122935772,0.03994316793978214,0.18426725082099438,0.4140046462416649,0.02048502303659916,2.875284024045362,1.946090410879832,0.5840745597363812,1000,8.270623872253648,6.239263196178853,-0.5630608555962249,144,0.5984554886817932
cnn,fold7_balkan_s,13,0.22623759045353148,False,7,0.0003,0.0003,1.8886832632124424,0.13490594737231731,0.6016300208866596,0.08178955875337124,0.18107442557811737,2.7533907536417246,1.2352752666920424,0.040178457275033,0.1839173175394535,0.4062093999236822,0.020980229601264,3.0719888096104855,1.9626189596894041,0.5252190980707523,1000,8.460651979143444,6.439795018166626,-0.6357126335820842,144,0.6251378655433655
cnn,fold7_balkan_s,14,0.2183545736701462,False,8,0.0003,0.0003,1.9332851953804493,0.1380917996700321,0.6287888064980507,0.08852755278348923,0.18672933243215084,2.837539616972208,1.2769219633191824,0.040039168670773506,0.1840838324278593,0.40881586633622646,0.021304428577423096,2.821286309890072,1.848169581561599,0.5995499931814777,1000,7.824200947854741,5.829190803445851,-0.39887638084775445,144,0.552727997303009
cnn,fold7_balkan_s,15,0.21849640836788073,False,9,0.0003,0.0003,2.041610151529312,0.14582929653780802,0.6233151033520699,0.08607381209731102,0.18719089031219482,2.938395619392395,1.3903943058103323,0.03996432013809681,0.18415527418255806,0.40565584041178226,0.01930929720401764,3.0830451822776674,2.0378316731694346,0.5217953870028152,1000,8.921901511386675,6.930082495127916,-0.8189225003918663,144,0.7588163614273071
cnn,fold7_balkan_s,16,0.21441528912670627,False,10,0.0003,0.0003,2.0653107184916735,0.14752219417797668,0.6492626257240772,0.08971604518592358,0.19182994216680527,2.9963258616626263,1.414779780432582,0.039898332208395004,0.18411517702043056,0.4052397944033146,0.01925334893167019,2.872385546948157,1.8813426372240747,0.584912697962233,1000,8.432259541479088,6.433071903547901,-0.6247527350330684,144,0.6278088092803955
cnn,fold7_balkan_s,17,0.21458507099140478,False,11,0.0003,0.0003,2.042515555396676,0.14589396824261971,0.624827116727829,0.08507134392857552,0.18605847097933292,2.938688635826111,1.3605820778757334,0.03990441933274269,0.18450765311717987,0.4335628543049097,0.02180199697613716,3.080046306922328,2.017942972716641,0.5227252329711561,1000,8.879835927123738,6.83943737037958,-0.8018109775102602,144,0.7115890383720398
cnn,fold7_balkan_s,18,0.2131078612087626,False,12,0.0003,0.0003,2.035175057128072,0.14536964693771942,0.6245751678943634,0.08730379305779934,0.18709765188395977,2.9343605171889067,1.3742973990738392,0.03960970789194107,0.1839242037385702,0.41553894244134426,0.019713019952178,2.7382902888277227,1.8445923003556814,0.6227641531530004,1000,7.694444311569659,5.666497671164819,-0.35286314983570266,144,0.5199137926101685
cnn,fold7_balkan_s,19,0.20643928826238006,False,13,0.0003,0.0003,2.0134794302284718,0.1438199593020337,0.6175428535789251,0.08437066152691841,0.18306070193648338,2.8986710850149393,1.3465713374316692,0.03948291204869747,0.1843419037759304,0.42168522998690605,0.01934882625937462,2.68485024877205,1.8161539021214195,0.63734462627021,1000,7.996522530417589,6.001013526080165,-0.461173126507048,144,0.5671803951263428
cnn,fold7_balkan_s,20,0.20499041368581367,False,14,0.0003,0.0003,1.9156644754111767,0.13683317681508406,0.6028499770909548,0.08172097057104111,0.18172002956271172,2.7821702528744936,1.2579683139920235,0.03999565541744232,0.1842314638197422,0.41221729293465614,0.019222533330321312,2.8625019100846214,1.8486467031386047,0.5877643442961575,1000,8.471659173124639,6.4659797316870655,-0.6399714822321778,144,0.6539611220359802
cnn,fold7_balkan_s,21,0.1960971484877391,False,15,0.0003,0.0003,1.8783002477139235,0.1341643034081374,0.6000059973448515,0.0821673832833767,0.18308277241885662,2.7437624987214804,1.2254937253892422,0.0402061827480793,0.18447520770132542,0.40684434212744236,0.019198445603251457,2.9767096475582937,1.9095050415983168,0.5542134793630693,1000,8.256333492742971,6.262129449429419,-0.5576640594338573,144,0.6197952628135681
cnn,fold7_balkan_s,22,0.20205409389034878,False,16,0.0003,0.0003,1.9250604845583439,0.13750432032559598,0.6060086786746979,0.08042172901332378,0.18627513386309147,2.7979765869677067,1.2727654501795769,0.040157344192266464,0.18385948799550533,0.40714515559375286,0.019075799733400345,2.6820392493532372,1.8597803806096755,0.6381036186081452,1000,7.645565542408117,5.588565904559687,-0.3357296831073917,144,0.5131798386573792
cnn,fold7_balkan_s,23,0.19600140025444499,False,17,0.0003,0.0003,1.9952342193573713,0.14251672995409795,0.6044543720781803,0.0765995979309082,0.1800803579390049,2.856574261561036,1.336012875661254,0.039847638458013535,0.184176841750741,0.4117706660181284,0.021350286900997162,2.7045815730257132,1.75825686255516,0.6319946334604676,1000,7.892298653597987,5.961666057789064,-0.42333250622030083,144,0.5653185844421387
cnn,fold7_balkan_s,24,0.19712188462381536,False,18,0.0003,0.0003,2.0050832591950893,0.14322023279964924,0.584970161318779,0.08148409985005856,0.18195622973144054,2.853697432205081,1.334445919841528,0.039902953431010246,0.18451552465558052,0.4224875681102276,0.021520748734474182,2.7183282139077707,1.7829822137529896,0.6282441871777477,1000,8.186770151048723,6.239091083406059,-0.5315265876783162,144,0.6031457185745239
cnn,fold7_balkan_s,25,0.18845440891842638,False,19,0.0003,0.0003,1.9553148783743382,0.13966534845530987,0.621559951454401,0.08625850453972816,0.18578130565583706,2.8491182047873735,1.299132078886032,0.040168359875679016,0.1842679250985384,0.4099924024194479,0.019674433395266533,2.7915132286026485,1.9982517635527792,0.6079573077483018,1000,6.950625532651343,5.170641619772378,-0.10394421631023243,144,0.46088823676109314
cnn,fold7_balkan_s,26,0.19166405160595504,False,20,0.0003,0.0003,1.922246901318431,0.13730335009417363,0.6489903759211302,0.08864359371364117,0.18662631511688232,2.8467196878045797,1.2637142520397902,0.03958563134074211,0.1841373648494482,0.4133216068148613,0.019490590319037437,2.942810663712809,1.9489766725751714,0.5643089641226775,1000,7.626112007744065,5.774767040655398,-0.32894101441020895,144,0.529860258102417
cnn,fold7_balkan_s,27,0.18669567843034682,False,21,0.0003,0.0003,2.210501341149211,0.15789295293922936,0.6220457404851913,0.09816664084792137,0.1812812127172947,3.112199554219842,1.5490326844155788,0.040079185739159584,0.1839748378843069,0.41546833515167236,0.019895460456609726,2.8405941862230204,1.9010034847278166,0.5940501641455793,1000,8.971813686561843,6.984734135286643,-0.83933077847322,144,0.7240417003631592
cnn,fold7_balkan_s,28,0.19477190417430587,False,22,0.0003,0.0003,1.882310038432479,0.13445071703089134,0.724172305315733,0.08104232884943485,0.18928895704448223,2.877023659646511,1.2303327396512032,0.04001050628721714,0.18378254026174545,0.40671114064753056,0.019441109150648117,2.9660850064331945,1.946600158205994,0.5573900533562208,1000,8.63125569951492,6.664996606208431,-0.7023439481764056,144,0.6813779473304749
cnn,fold7_balkan_s,29,0.18437442762839187,False,23,0.0003,0.0003,1.9113453961908817,0.13652467115649156,0.6248109564185143,0.08351576328277588,0.18439562432467937,2.804276008158922,1.2539506163448095,0.03966328501701355,0.18411937169730663,0.41164749301970005,0.019873784855008125,2.5601000881725575,1.73459977261407,0.6702628563326584,1000,7.410647113765661,5.483834295708966,-0.2549072029789725,144,0.5031759142875671
cnn,fold7_balkan_s,30,0.17793279938438936,False,24,0.0003,0.0003,1.970934247598052,0.14078101768557513,0.595040051266551,0.08099339157342911,0.18290993198752403,2.830083481967449,1.3019811939448118,0.03999360837042332,0.18449055962264538,0.4181523695588112,0.024169817566871643,2.7227255463468585,1.81341900250137,0.6270404648979464,1000,7.641165292388156,5.764721248709476,-0.3341926213474884,144,0.5331380367279053
cnn,fold7_balkan_s,31,0.17850278764180252,False,25,0.0003,0.0003,1.9466302879154682,0.1390450205653906,0.6341329850256443,0.09308312647044659,0.19127880595624447,2.8653299622237682,1.2787705846130848,0.0397453960031271,0.18421433866024017,0.4209828469902277,0.020836051553487778,3.1077878875604186,2.0818973778735397,0.5140890098733033,1000,9.666961717297719,7.695040801455203,-1.1354005153273539,144,0.8672143220901489
cnn,fold8_poland,1,0.4067213638117646,True,0,0.0003,0.0003,2.0511508230119944,0.15778083253938419,0.6185674332082272,0.20929472893476486,0.3427278343588114,3.221896629780531,1.4110892955213785,0.03573978319764137,0.18265638872981071,0.40033527091145515,0.01945727877318859,5.5603834387768165,3.537073744818105,-0.08947270916722494,1000,6.1418449187552495,5.470527341029697,-3.2505965033274107,277,0.6021758317947388
cnn,fold8_poland,2,0.30534737317862837,False,1,0.0003,0.0003,1.8785060103982687,0.14450046233832836,0.6752302441745996,0.2148131411522627,0.347138537093997,3.1158997416496277,1.2837758380919695,0.03598691709339619,0.16800395399332047,0.37071544863283634,0.018189184367656708,5.37970741185688,3.310548429396807,-0.019821552349203575,1000,6.401945189164151,5.735308452755495,-3.6182356675447194,277,0.6718637347221375
cnn,fold8_poland,3,0.30418720083027806,False,2,0.0003,0.0003,1.8941003810614347,0.14570002931241804,0.6079270523041487,0.15552492998540401,0.3552921209484339,3.0130675733089447,1.3003859780728817,0.03556813672184944,0.1679375022649765,0.3702465798705816,0.01813635602593422,4.250753007771884,2.63027027699436,0.36329447991928365,1000,6.716505627453302,6.039186778001048,-4.083220557745296,277,0.7620773911476135
cnn,fold8_poland,4,0.2774004648658792,True,0,0.0003,0.0003,1.7157780397683382,0.13198292613602602,0.6355167664587498,0.17210472002625465,0.3433252964168787,2.866950459778309,1.1214967612177134,0.03580838441848755,0.1681754421442747,0.3704319093376398,0.017975319176912308,3.887343612184267,2.4198831017877205,0.4675084321840166,1000,6.051030898703749,5.307923402437953,-3.1258261975244173,277,0.5972910523414612
cnn,fold8_poland,5,0.2617401198153378,True,0,0.0003,0.0003,1.7080709878355265,0.1313900759873482,0.615217175334692,0.17483928054571152,0.3581511341035366,2.856474708765745,1.1124319657683372,0.035862453281879425,0.16763878799974918,0.3715177793055773,0.018666492775082588,3.8599099392614455,2.395097790164284,0.47499768686855426,1000,6.025623585049635,5.311330168204753,-3.091251564583372,277,0.5986565947532654
cnn,fold8_poland,6,0.2575493052659946,False,1,0.0003,0.0003,2.0812257826328278,0.16009429097175598,0.6249431222677231,0.1766803227365017,0.3442598693072796,3.2273187041282654,1.4611413422971964,0.0361481923609972,0.1676940806210041,0.39468451775610447,0.019682034850120544,3.7271588736468555,2.389129804311762,0.5104887421286232,1000,6.034240741644399,5.23057941409716,-3.1029616104240842,277,0.5940060615539551
cnn,fold8_poland,7,0.26065330922371077,True,0,0.0003,0.0003,1.8175797313451767,0.13981382548809052,0.6087792050093412,0.15823410265147686,0.3435589876025915,2.9283641651272774,1.2278602737933397,0.03572214022278786,0.16694210283458233,0.36726617999374866,0.01789020001888275,3.9419825766568795,2.30910775636349,0.45243425135782156,1000,5.761223982578324,5.037899168982701,-2.7400870263911075,277,0.5450823903083801
cnn,fold8_poland,8,0.24703745210666805,True,0,0.0003,0.0003,1.724882172420621,0.13268324403235546,0.6001937408000231,0.1492528561502695,0.3366152662783861,2.8111276496201754,1.1313181146979332,0.035922275856137276,0.16778939962387085,0.3705176915973425,0.017539411783218384,3.8197129246930017,2.246551887389829,0.48587547424759325,1000,5.422055612246183,4.604387674751046,-2.3126848635809565,277,0.47525206208229065
cnn,fold8_poland,9,0.24467583905580914,False,1,0.0003,0.0003,1.718529362231493,0.13219456632549947,0.6080666352063417,0.15362011268734932,0.3455590531229973,2.825965290889144,1.1182422023266554,0.03579503484070301,0.16740221343934536,0.37753579393029213,0.017697419971227646,4.1771911970953095,2.439436453971066,0.38514093297580054,1000,6.016643455238478,5.387630160369834,-3.079066072941812,277,0.6396765112876892
cnn,fold8_poland,10,0.22748941717904317,False,2,0.0003,0.0003,1.7158716432750225,0.13199012640577096,0.6204642839729786,0.15966254472732544,0.34695245139300823,2.8431681394577026,1.119526693597436,0.03602602519094944,0.1669174861162901,0.3742360509932041,0.01735619083046913,3.6228724480344403,2.1575887501388977,0.537498696201389,1000,5.494423935966784,4.76627585211421,-2.401703985586802,277,0.5019913911819458
cnn,fold8_poland,11,0.23214417525478706,False,3,0.0003,0.0003,1.8378084506839514,0.1413698808218424,0.6240570358932018,0.15615850128233433,0.35008557327091694,2.9683259781450033,1.2404620982706547,0.03595481440424919,0.16729740425944328,0.37318724766373634,0.01898897998034954,3.7601458210909184,2.206537472194201,0.5017856313988303,1000,5.5656172442986,4.867538432535595,-2.4904294143806647,277,0.5219427943229675
cnn,fold8_poland,12,0.2660093678546626,False,4,0.0003,0.0003,1.9073201194405556,0.14671693226465812,0.6505527589470148,0.1591137032955885,0.3497824724763632,3.066996496170759,1.2889361623674631,0.03582233004271984,0.16766560077667236,0.39366646856069565,0.019309576600790024,4.424247881824266,2.66358084710755,0.3102594217527529,1000,6.695470369399518,6.124176124065279,-4.051430391456919,277,0.8029199242591858
cnn,fold8_poland,13,0.2553920667032349,False,5,0.0003,0.0003,1.9254528395831585,0.1481117568910122,0.6245393268764019,0.15884817391633987,0.34307278133928776,3.052133671939373,1.3301321808248758,0.03520964831113815,0.16694061271846294,0.3731125146150589,0.01820642314851284,3.954370462111771,2.340502111484975,0.44898733605974317,1000,5.977568002722775,5.347327411000249,-3.026254645618886,277,0.6078130006790161
cnn,fold8_poland,14,0.23934620513698215,True,0,0.0003,0.0003,1.8640649188309908,0.14338960914084545,0.6374693959951401,0.16317607462406158,0.3453888315707445,3.0103125032037497,1.2716240044683218,0.03584647551178932,0.1675657108426094,0.3696846775710583,0.01745687983930111,4.796480380235755,2.934380810862809,0.18931484912600283,1000,4.402840496961968,3.6950155834762213,-1.1843292068917188,277,0.32232600450515747
cnn,fold8_poland,15,0.3000470380091698,False,1,0.0003,0.0003,1.8633848689496517,0.14333729761151168,0.6195849757641554,0.15635335259139538,0.3598484266549349,2.999368529766798,1.267902284860611,0.03588774986565113,0.16739407926797867,0.37287202291190624,0.017505798488855362,4.209692008553159,2.612146440446285,0.37553583779216104,1000,5.68941516717188,5.018490781732934,-2.6474339851566038,277,0.5342355966567993
cnn,fold8_poland,16,0.26273571724079364,False,2,0.0003,0.0003,1.9209197349846363,0.14776305653727972,0.6193958483636379,0.16749430820345879,0.36185417138040066,3.0698730405420065,1.3254905845969915,0.03567919135093689,0.1673683151602745,0.37275602109730244,0.01778240315616131,4.229228382169723,2.5160812443184803,0.3697263517091096,1000,6.501333278233431,5.895184664039369,-3.7627419066861796,277,0.7326014637947083
cnn,fold8_poland,17,0.2388227312633058,False,3,0.0003,0.0003,1.7727509960532188,0.13636546123486298,0.5719492826610804,0.14806223660707474,0.3361077066510916,2.8290961161255836,1.1710294242948294,0.03588205203413963,0.16764629445970058,0.37776324711740017,0.01855100505053997,4.043596942436993,2.426987692549568,0.4238406786414576,1000,6.327795991454173,5.669687853747073,-3.5118756946385625,277,0.6934409737586975
cnn,fold8_poland,18,0.23923411227094182,False,4,0.0003,0.0003,1.671937245875597,0.12861055737504593,0.579843707382679,0.15220223180949688,0.3380318693816662,2.742230175063014,1.0789345782250166,0.03601871617138386,0.16754141077399254,0.3694805223494768,0.01811341568827629,3.897243078751479,2.3653177802741427,0.46479290455289013,1000,6.414802864238871,5.751497894212581,-3.6368048370964408,277,0.7126888632774353
cnn,fold8_poland,19,0.22574807732561009,False,5,0.0003,0.0003,1.7185033522546291,0.1321925655580484,0.5842149499803782,0.1552356705069542,0.33853261917829514,2.7967064678668976,1.115877091884613,0.035654837265610695,0.16754849068820477,0.3781721219420433,0.019380157813429832,3.8409958483880358,2.214535510907831,0.4801302482879075,1000,4.934752118139198,4.147725440059422,-1.743992198004324,277,0.3918960690498352
cnn,fold8_poland,20,0.2244351264985547,False,6,0.0003,0.0003,1.7579116560518742,0.13522397354245186,0.5901738554239273,0.1549855750054121,0.34389365278184414,2.847177915275097,1.1453512534499168,0.035600947216153145,0.1676058266311884,0.3864908702671528,0.020972730591893196,3.949325513863468,2.4246869207915402,0.45039239264701636,1000,5.161404734108281,4.371150678574987,-2.00184331256207,277,0.4345104694366455
cnn,fold8_poland,21,0.2462792888729408,False,7,0.0003,0.0003,1.784520523622632,0.13727080950943324,0.5971449371427298,0.1514371521770954,0.3380469996482134,2.8713651932775974,1.178287936374545,0.035864971578121185,0.16744302958250046,0.37911038659512997,0.021833021193742752,4.907271712864789,3.0304794546977107,0.1514311522836127,1000,6.2679973420609585,5.580617006669177,-3.427002785317904,277,0.6681192517280579
cnn,fold8_poland,22,0.2487947755191664,False,8,0.0003,0.0003,1.7579605802893639,0.13522773694533569,0.6024683229625225,0.16247709654271603,0.3551717512309551,2.878290429711342,1.1546609569340944,0.035763222724199295,0.16767134331166744,0.3755899630486965,0.022211343050003052,4.366049515621159,2.631218817141518,0.32828632944931657,1000,6.5291274760939935,5.873666344254019,-3.803551860694167,277,0.7339792251586914
cnn,fold8_poland,23,0.227595973076839,False,9,0.0003,0.0003,1.8256792575120926,0.14043686596246865,0.6245377156883478,0.16242843493819237,0.3465754557400942,2.9594359174370766,1.2253360580652952,0.035662390291690826,0.16792325675487518,0.3742713835090399,0.02060226909816265,3.979265335953056,2.330437541973784,0.4420276594003174,1000,5.815380203070416,5.118412064245865,-2.8107320737077695,277,0.5665255784988403
cnn,fold8_poland,24,0.22769187901396745,True,0,0.0003,0.0003,1.8345082681626081,0.14111602062789294,0.5701079554855824,0.15618876367807388,0.33735817298293114,2.898378200829029,1.2168212737888098,0.035563601180911064,0.16741343401372433,0.3920554742217064,0.02073036879301071,3.478922148384535,2.2652741126619147,0.5735223328867693,1000,4.317699209037497,3.529907006303519,-1.100665757323814,277,0.28487837314605713
cnn,fold8_poland,25,0.2108612781383281,False,1,0.0003,0.0003,1.7560166139155626,0.1350782010704279,0.5866394769400358,0.15096482262015343,0.34148698300123215,2.835297217592597,1.1573197767138481,0.03589534945785999,0.1672780942171812,0.3722940292209387,0.021266572177410126,3.5800233450468766,2.1282276351149556,0.548374359155817,1000,5.133504071695768,4.380896144640834,-1.9694772994151215,277,0.4330103397369385
cnn,fold8_poland,26,0.2120940878706341,False,2,0.0003,0.0003,1.6993682570755482,0.13072063515965754,0.6009388454258442,0.15263217128813267,0.34251267462968826,2.7956644482910633,1.1009581740945578,0.03596897982060909,0.16744229197502136,0.3730753790587187,0.020037677139043808,3.4671542890410656,2.1111653620774833,0.5764026738475645,1000,4.974640083230771,4.207674580503889,-1.788531262069672,277,0.4041908085346222
cnn,fold8_poland,27,0.21337580375654336,False,3,0.0003,0.0003,1.7570745814591646,0.13515958318916652,0.726670803502202,0.1591781172901392,0.3542427811771631,2.9973853789269924,1.1648309174925089,0.035788118839263916,0.16725550778210163,0.36963219568133354,0.017745599150657654,3.743068408943175,2.1438480969149345,0.5063008239943441,1000,5.316958904187734,4.5823727650223365,-2.1855086969560387,277,0.4746197760105133
cnn,fold8_poland,28,0.22191259051795434,False,4,0.0003,0.0003,1.7729862481355667,0.13638355754888976,0.5967585816979408,0.15590037405490875,0.3348761610686779,2.8607380986213684,1.1857248824089766,0.03557690791785717,0.16678695939481258,0.36543505266308784,0.017640816047787666,3.6363459740948088,2.20328661889382,0.5340521984118651,1000,5.130432584572922,4.35843776609649,-1.9659249567659534,277,0.4263993799686432
cnn,fold8_poland,29,0.26166096806371164,False,5,0.0003,0.0003,1.7502225786447525,0.13463250604959634,0.6773179285228252,0.20482071302831173,0.34797512739896774,2.980555348098278,1.1541971247643232,0.03566146828234196,0.16728832572698593,0.37381491623818874,0.017404727637767792,4.309217201964856,2.577951806349787,0.3456597385379918,1000,5.388139611623617,4.663348909808546,-2.2713715185968937,277,0.47566840052604675
cnn,fold8_poland,30,0.2370567794777792,False,6,0.0003,0.0003,1.911335039883852,0.14702577229875785,0.5948239918798208,0.1546326931566,0.34071005694568157,3.0017208717763424,1.3190086707472801,0.0358233917504549,0.16728772036731243,0.3697302620857954,0.01765075884759426,3.783932008948905,2.183003922915742,0.49546241742566377,1000,5.239146421705206,4.494679223676076,-2.0929525698548033,277,0.4483693838119507
cnn,fold8_poland,31,0.21097785466979166,False,7,0.0003,0.0003,1.7481065411120653,0.13446973393169734,0.6091848649084568,0.153285825625062,0.3496646787971258,2.8604589495807886,1.1553069818764925,0.035783031955361366,0.16789353266358376,0.3697716984897852,0.017539888620376587,3.5558450169967912,2.2868298901797868,0.5544540286296628,1000,5.1663496443724055,4.405549765377144,-2.0075979306104195,277,0.43657657504081726
cnn,fold8_poland,32,0.22021067979586914,False,8,0.0003,0.0003,1.7165238950401545,0.1320402996184734,0.5909082312136889,0.15372522361576557,0.34415341913700104,2.805526891723275,1.1251024454832077,0.0358535461127758,0.16782530024647713,0.368487611413002,0.01742052473127842,3.6259328608355514,2.2438364236782373,0.5367169724295302,1000,5.334106692910959,4.54763354077127,-2.20608907609898,277,0.46674472093582153
cnn,fold8_poland,33,0.25079299891258555,False,9,0.0003,0.0003,1.7138549461960793,0.13183499586123687,0.595278674736619,0.153901232406497,0.33811335638165474,2.8013675045222044,1.1225424259901047,0.03551871329545975,0.16734494268894196,0.3691359404474497,0.01749129593372345,4.257393121901725,2.992986153863864,0.36130372701494406,1000,5.0554131866093215,4.188551218211104,-1.879821049692155,277,0.3960431218147278
cnn,fold8_poland,34,0.22821779461923905,False,10,0.0003,0.0003,1.9505310114473104,0.1500408470344085,0.6646742541342974,0.17237932421267033,0.35389879532158375,3.14169561304152,1.3631596136838198,0.034885065630078316,0.16712168417870998,0.3658239096403122,0.01766018010675907,3.780592621962841,2.24897268261424,0.49635255117010213,1000,5.958960423356244,5.2669533683979,-3.001226993792626,277,0.6054778099060059
cnn,fold8_poland,35,0.22541490445211432,False,11,0.0003,0.0003,1.9770710952579975,0.1520823919429229,0.6487497482448816,0.1681027114391327,0.34856138192117214,3.142702706158161,1.3893234245479107,0.03523639030754566,0.1673833578824997,0.36568960547447205,0.017506077885627747,3.712958394568648,2.2221353849795618,0.5142117131056342,1000,5.576275541223987,4.8660134388089356,-2.5038107350411845,277,0.5131789445877075
cnn,fold8_poland,36,0.22499013457190542,False,12,0.0003,0.0003,1.8415791131556034,0.14165993178120026,0.6133108772337437,0.16755889169871807,0.3573602978140116,2.9800235107541084,1.25177688524127,0.03556867502629757,0.1672071423381567,0.36674989201128483,0.01832682639360428,3.629700836778011,2.18091102115017,0.5357536085829582,1000,5.691034159061079,4.9811289728258,-2.64951012340914,277,0.5308924913406372
cnn,fold8_poland,37,0.21663647576178313,False,13,0.0003,0.0003,1.8112381100654602,0.13932600846657386,0.6038227304816246,0.1639457419514656,0.34667002968490124,2.9259046651422977,1.219586506485939,0.035756638273596764,0.16759570501744747,0.36892998591065407,0.017500659450888634,3.4592916600153014,2.23284418114501,0.5783217186250236,1000,4.893970625934912,4.133514434297549,-1.6988261195094614,277,0.37665554881095886
cnn,fold8_poland,38,0.20850825000442905,False,14,0.0003,0.0003,1.829632369801402,0.14074095152318478,0.6107127480208874,0.1598594393581152,0.3436560817062855,2.944080187007785,1.2347221486270428,0.035593973472714424,0.16779969818890095,0.37208654917776585,0.017606457695364952,3.5456315405237673,2.169522527099285,0.5570098419196532,1000,5.505859469958357,4.726224163509989,-2.4158786410454085,277,0.4963480234146118
cnn,fold8_poland,39,0.2080038003865702,False,15,0.0003,0.0003,1.8665747251361609,0.14358267116432005,0.610565047711134,0.15462245419621468,0.3372845761477947,2.9692722521722317,1.266093259677291,0.035846561193466187,0.16758388467133045,0.3761629071086645,0.018917232751846313,3.5871301011356582,2.1557647157227917,0.5465795222688656,1000,5.319824890185047,4.54590833381395,-2.1889437748050327,277,0.46410685777664185
cnn,fold8_poland,40,0.21616319972920015,False,16,0.0003,0.0003,1.7631419152021408,0.13562630116939545,0.6084276605397463,0.15989314764738083,0.34435353241860867,2.876026103273034,1.1716495901346207,0.035405706614255905,0.16740099899470806,0.369246831163764,0.017553826794028282,4.018733340138929,2.3611858262573038,0.4309043666603771,1000,5.612927676581303,4.896370174451984,-2.5500222952199976,277,0.531662106513977
cnn,fold8_poland,41,0.23346496395698915,False,17,0.0003,0.0003,1.8245678637176752,0.14035137413212886,0.627962889149785,0.1593140084296465,0.3430018089711666,2.955063281580806,1.234403196722269,0.03551939316093922,0.1673335898667574,0.36812356673181057,0.01735292188823223,3.745207745660972,2.2456260975453044,0.5057363188933321,1000,5.701362341029296,4.972367483812723,-2.6627685247311037,277,0.544826328754425
cnn,fold8_poland,42,0.22564465869387662,False,18,0.0003,0.0003,1.8605651054531336,0.14312039272716412,0.6053686682134867,0.15904119983315468,0.3467558827251196,2.971955433487892,1.2395894583314657,0.03558129072189331,0.16750206053256989,0.3973851837217808,0.01867501810193062,3.6027390794323333,2.191881085718468,0.5426249243018613,1000,5.332897677674715,4.584049001063253,-2.2046358725997566,277,0.46378421783447266
cnn,fold8_poland,43,0.21823136191645587,False,19,0.0003,0.0003,1.8133725803345442,0.13949019848727262,0.6318375244736671,0.17222678661346436,0.35819967091083527,2.9758591894060373,1.2130780685693026,0.03551478683948517,0.16736198775470257,0.3775690384209156,0.01801525428891182,3.513717803373428,2.181477619278397,0.5649485386485971,1000,5.062542687636503,4.292815166451177,-1.8879494316825949,277,0.4055956304073334
cnn,fold8_poland,44,0.21240642143628996,False,20,0.0003,0.0003,1.8175977263599634,0.1398152097199972,0.6097102705389261,0.15799064934253693,0.3431816790252924,2.9286977481096983,1.2247112691402435,0.035263288766145706,0.1673619356006384,0.3710099160671234,0.017366614192724228,3.474830823024796,2.173904693054722,0.574524846202732,1000,5.146380071179674,4.381046097368312,-1.9843922341953935,277,0.41717520356178284
cnn,fold8_poland,45,0.20571448624870403,False,21,0.0003,0.0003,1.8191345278173685,0.13993342521672064,0.6168064456433058,0.1589091680943966,0.3498990833759308,2.9449633602052927,1.2292940523475409,0.03515506349503994,0.16711724363267422,0.3683726843446493,0.01738727279007435,3.798702336346483,2.1995876749192496,0.491515871971567,1000,5.333807663081573,4.618684704102093,-2.205729619698193,277,0.4627453684806824
cnn,fold8_poland,46,0.21617319726509918,False,22,0.0003,0.0003,1.7640378382056952,0.135695218323515,0.615663954988122,0.15822098776698112,0.35050695575773716,2.888645999133587,1.1723649762570858,0.035345178097486496,0.16804752871394157,0.36869122087955475,0.017739256843924522,3.576468324144234,2.147646228017601,0.5492708569022554,1000,5.592600433452896,4.87629023869287,-2.5243560110097545,277,0.5118013620376587
cnn,fold8_poland,47,0.1986229634408988,False,23,0.0003,0.0003,1.7592538576573133,0.13532721981979334,0.608267392963171,0.16062435135245323,0.3519921377301216,2.8803584184497595,1.1682949364185333,0.035405976697802544,0.1674122828990221,0.3677748069167137,0.01845855452120304,4.207178470308907,2.723800190565474,0.37628132984008145,1000,5.545119264505523,4.699158681608254,-2.464766492789382,277,0.48492294549942017
cnn,fold8_poland,48,0.26424277661990747,False,24,0.0003,0.0003,1.8013363927602768,0.13856433790463668,0.6046966817229986,0.15879449807107449,0.35008056834340096,2.9151243325322866,1.2004327606409788,0.03524082712829113,0.16741080954670906,0.37789907306432724,0.018466532230377197,4.823189652258656,3.1585637167799403,0.18026108657700524,1000,5.891631057119087,5.152394819338198,-2.9113193240446975,277,0.563646137714386
cnn,fold8_poland,49,0.25733645630440877,False,25,0.0003,0.0003,1.8004575334489346,0.13849673334222573,0.6154686193913221,0.15902830846607685,0.3468364868313074,2.922005107626319,1.208552012220025,0.035277122631669044,0.16711494512856007,0.370199840515852,0.017485089600086212,4.055465396036869,2.4477059200580324,0.4204535183332483,1000,6.093036140313708,5.432520905427789,-3.18330660405476,277,0.6215388178825378
