grid_id,lat,lon,land,pred_pm25
g000000,50.261932778633074,10.656418991105502,Thueringen,11.346187241326755
g000001,50.261932778633074,10.804366233274946,Thueringen,9.711459330854101
g000002,50.261932778633074,12.283838654969385,Sachsen,6.930812842570416
g000003,50.35176389613218,10.656418991105502,Thueringen,8.287067487145222
g000004,50.35176389613218,11.248207959783278,Thueringen,6.480421982695145
g000005,50.35176389613218,12.13589141279994,Sachsen,7.091935719071541
g000006,50.35176389613218,12.283838654969385,Sachsen,8.224072730027764
g000007,50.35176389613218,12.431785897138829,Sachsen,7.138348597662517
g000008,50.44159501363128,10.508471748936058,Thueringen,6.821546769345544
g000009,50.44159501363128,10.656418991105502,Thueringen,6.715049713443477
g000010,50.44159501363128,10.804366233274946,Thueringen,7.004783494318673
g000011,50.44159501363128,10.95231347544439,Thueringen,6.483684113052921
g000012,50.44159501363128,11.100260717613834,Thueringen,5.374115306058803
g000013,50.44159501363128,11.248207959783278,Thueringen,5.728216400764882
g000014,50.44159501363128,11.544102444122164,Thueringen,6.767953286236486
g000015,50.44159501363128,11.69204968629161,Thueringen,7.621900170602139
g000016,50.44159501363128,11.839996928461051,Thueringen,7.166358519984846
g000017,50.44159501363128,11.987944170630495,Sachsen,8.259241771918472
g000018,50.44159501363128,12.13589141279994,Sachsen,10.25358935004658
g000019,50.44159501363128,12.283838654969385,Sachsen,6.633710850424032
g000020,50.44159501363128,12.431785897138829,Sachsen,6.08140095635234
g000021,50.44159501363128,12.579733139308273,Sachsen,5.616800673194637
g000022,50.44159501363128,12.727680381477716,Sachsen,7.096866384883842
g000023,50.44159501363128,12.87562762364716,Sachsen,6.405800398246854
g000024,50.53142613113038,10.360524506766614,Thueringen,7.332660565197299
g000025,50.53142613113038,10.508471748936058,Thueringen,10.155302272517613
g000026,50.53142613113038,10.656418991105502,Thueringen,9.677654220064479
g000027,50.53142613113038,10.804366233274946,Thueringen,6.596914778530239
g000028,50.53142613113038,10.95231347544439,Thueringen,6.820826982678779
g000029,50.53142613113038,11.100260717613834,Thueringen,6.97254203596864
g000030,50.53142613113038,11.248207959783278,Thueringen,7.098302369070738
g000031,50.53142613113038,11.39615520195272,Thueringen,6.727141434794577
g000032,50.53142613113038,11.544102444122164,Thueringen,6.464432013547977
g000033,50.53142613113038,11.69204968629161,Thueringen,7.887579150409662
g000034,50.53142613113038,11.839996928461051,Thueringen,6.417038002174577
g000035,50.53142613113038,11.987944170630495,Sachsen,8.237953679024342
g000036,50.53142613113038,12.13589141279994,Sachsen,7.749837367829802
g000037,50.53142613113038,12.283838654969385,Sachsen,8.395868596285535
g000038,50.53142613113038,12.431785897138829,Sachsen,9.809658290925707
g000039,50.53142613113038,12.579733139308273,Sachsen,8.447281558075064
g000040,50.53142613113038,12.727680381477716,Sachsen,5.66104743601081
g000041,50.53142613113038,12.87562762364716,Sachsen,7.723943777608229
g000042,50.53142613113038,13.023574865816604,Sachsen,6.059687555937269
g000043,50.53142613113038,13.171522107986048,Sachsen,5.906710935001026
g000044,50.62125724862948,10.064630022427728,Thueringen,8.123114383189307
g000045,50.62125724862948,10.21257726459717,Thueringen,6.181653463598482
g000046,50.62125724862948,10.360524506766614,Thueringen,6.755600165471281
g000047,50.62125724862948,10.508471748936058,Thueringen,6.426721538350694
g000048,50.62125724862948,10.656418991105502,Thueringen,7.451192459378445
g000049,50.62125724862948,10.804366233274946,Thueringen,6.071480038879379
g000050,50.62125724862948,10.95231347544439,Thueringen,7.134167074562721
g000051,50.62125724862948,11.100260717613834,Thueringen,5.801417528738224
g000052,50.62125724862948,11.248207959783278,Thueringen,6.354853439574943
g000053,50.62125724862948,11.39615520195272,Thueringen,7.643327953587655
g000054,50.62125724862948,11.544102444122164,Thueringen,7.064777977604823
g000055,50.62125724862948,11.69204968629161,Thueringen,6.396376246515621
g000056,50.62125724862948,11.839996928461051,Thueringen,8.08915339389431
g000057,50.62125724862948,11.987944170630495,Thueringen,6.568031789512139
g000058,50.62125724862948,12.13589141279994,Sachsen,7.936079529532168
g000059,50.62125724862948,12.283838654969385,Sachsen,8.308279173742969
g000060,50.62125724862948,12.431785897138829,Sachsen,8.615840613284043
g000061,50.62125724862948,12.579733139308273,Sachsen,9.871256121627077
g000062,50.62125724862948,12.727680381477716,Sachsen,9.345814076932056
g000063,50.62125724862948,12.87562762364716,Sachsen,5.7451369028825745
g000064,50.62125724862948,13.023574865816604,Sachsen,7.515934523992207
g000065,50.62125724862948,13.171522107986048,Sachsen,6.189680504908089
g000066,50.62125724862948,13.319469350155492,Sachsen,6.344519371455204
g000067,50.62125724862948,13.467416592324936,Sachsen,8.58929574512124
g000068,50.711088366128585,9.916682780258284,Thueringen,6.933761203025737
g000069,50.711088366128585,10.064630022427728,Thueringen,5.762799241742696
g000070,50.711088366128585,10.21257726459717,Thueringen,8.051652173216535
g000071,50.711088366128585,10.360524506766614,Thueringen,10.728446514132175
g000072,50.711088366128585,10.508471748936058,Thueringen,5.885652433889616
g000073,50.711088366128585,10.656418991105502,Thueringen,5.017086138898196
g000074,50.711088366128585,10.804366233274946,Thueringen,6.064746588577077
g000075,50.711088366128585,10.95231347544439,Thueringen,7.054145131250206
g000076,50.711088366128585,11.100260717613834,Thueringen,6.38717093889344
g000077,50.711088366128585,11.248207959783278,Thueringen,7.108125967817784
g000078,50.711088366128585,11.39615520195272,Thueringen,8.61558894181361
g000079,50.711088366128585,11.544102444122164,Thueringen,7.489714654728743
g000080,50.711088366128585,11.69204968629161,Thueringen,9.17697035493112
g000081,50.711088366128585,11.839996928461051,Thueringen,6.708299564470994
g000082,50.711088366128585,11.987944170630495,Thueringen,7.791295048515388
g000083,50.711088366128585,12.13589141279994,Thueringen,9.309939494665844
g000084,50.711088366128585,12.283838654969385,Sachsen,6.959538104229465
g000085,50.711088366128585,12.431785897138829,Sachsen,10.323187392106485
g000086,50.711088366128585,12.579733139308273,Sachsen,9.330663564183872
g000087,50.711088366128585,12.727680381477716,Sachsen,9.868860971445113
g000088,50.711088366128585,12.87562762364716,Sachsen,8.959332877657278
g000089,50.711088366128585,13.023574865816604,Sachsen,9.789073193818762
g000090,50.711088366128585,13.171522107986048,Sachsen,6.325905518253941
g000091,50.711088366128585,13.319469350155492,Sachsen,6.778818989875522
g000092,50.711088366128585,13.467416592324936,Sachsen,7.238731354583135
g000093,50.80091948362769,10.064630022427728,Thueringen,7.463418626417629
g000094,50.80091948362769,10.21257726459717,Thueringen,8.08821941883672
g000095,50.80091948362769,10.360524506766614,Thueringen,7.804527911374908
g000096,50.80091948362769,10.508471748936058,Thueringen,6.874404152208823
g000097,50.80091948362769,10.656418991105502,Thueringen,5.959027315520187
g000098,50.80091948362769,10.804366233274946,Thueringen,8.721880682367114
g000099,50.80091948362769,10.95231347544439,Thueringen,7.241946089284744
g000100,50.80091948362769,11.100260717613834,Thueringen,7.071150908928372
g000101,50.80091948362769,11.248207959783278,Thueringen,6.875535544414739
g000102,50.80091948362769,11.39615520195272,Thueringen,6.578239007703827
g000103,50.80091948362769,11.544102444122164,Thueringen,8.511117286068535
g000104,50.80091948362769,11.69204968629161,Thueringen,6.84713602166778
g000105,50.80091948362769,11.839996928461051,Thueringen,8.904007597745933
g000106,50.80091948362769,11.987944170630495,Thueringen,7.203436010430496
g000107,50.80091948362769,12.13589141279994,Thueringen,9.187000792325884
g000108,50.80091948362769,12.283838654969385,Sachsen,9.536365246315253
g000109,50.80091948362769,12.431785897138829,Sachsen,9.482170002825258
g000110,50.80091948362769,12.579733139308273,Sachsen,9.18727022887556
g000111,50.80091948362769,12.727680381477716,Sachsen,9.448050753361244
g000112,50.80091948362769,12.87562762364716,Sachsen,9.910606921885293
g000113,50.80091948362769,13.023574865816604,Sachsen,9.320527882855888
g000114,50.80091948362769,13.171522107986048,Sachsen,9.227529026723014
g000115,50.80091948362769,13.319469350155492,Sachsen,8.561306467092642
g000116,50.80091948362769,13.467416592324936,Sachsen,7.383577304378047
g000117,50.80091948362769,13.61536383449438,Sachsen,8.467802383012074
g000118,50.80091948362769,13.763311076663824,Sachsen,8.14279506891865
g000119,50.80091948362769,13.911258318833267,Sachsen,8.5873574566245
g000120,50.89075060112679,10.064630022427728,Thueringen,7.088763094605126
g000121,50.89075060112679,10.21257726459717,Thueringen,8.759884735030264
g000122,50.89075060112679,10.360524506766614,Thueringen,8.121591490326265
g000123,50.89075060112679,10.508471748936058,Thueringen,7.550581421223594
g000124,50.89075060112679,10.656418991105502,Thueringen,11.065311409356921
g000125,50.89075060112679,10.804366233274946,Thueringen,9.739974477056238
g000126,50.89075060112679,10.95231347544439,Thueringen,13.255241648098602
g000127,50.89075060112679,11.100260717613834,Thueringen,7.202037102030676
g000128,50.89075060112679,11.248207959783278,Thueringen,7.0429492946499925
g000129,50.89075060112679,11.39615520195272,Thueringen,7.08768237369863
g000130,50.89075060112679,11.544102444122164,Thueringen,8.97641966025475
g000131,50.89075060112679,11.69204968629161,Thueringen,8.823607756370606
g000132,50.89075060112679,11.839996928461051,Thueringen,8.102674075366977
g000133,50.89075060112679,11.987944170630495,Thueringen,8.688773410085826
g000134,50.89075060112679,12.13589141279994,Thueringen,10.304268304453705
g000135,50.89075060112679,12.283838654969385,Thueringen,12.403094443899775
g000136,50.89075060112679,12.431785897138829,Thueringen,10.033519513647281
g000137,50.89075060112679,12.579733139308273,Sachsen,12.102810625515312
g000138,50.89075060112679,12.727680381477716,Sachsen,11.376633019217017
g000139,50.89075060112679,12.87562762364716,Sachsen,10.720802760665048
g000140,50.89075060112679,13.023574865816604,Sachsen,9.790952008510533
g000141,50.89075060112679,13.171522107986048,Sachsen,12.101556829780744
g000142,50.89075060112679,13.319469350155492,Sachsen,8.161472596159694
g000143,50.89075060112679,13.467416592324936,Sachsen,9.394727749085677
g000144,50.89075060112679,13.61536383449438,Sachsen,8.259160816642467
g000145,50.89075060112679,13.763311076663824,Sachsen,9.898128329231389
g000146,50.89075060112679,13.911258318833267,Sachsen,9.752485160746238
g000147,50.89075060112679,14.059205561002711,Sachsen,8.163965821669064
g000148,50.89075060112679,14.207152803172155,Sachsen,8.810427980635996
g000149,50.89075060112679,14.650994529680489,Sachsen,10.543180182804821
g000150,50.89075060112679,14.79894177184993,Sachsen,12.260462178228872
g000151,50.98058171862589,10.064630022427728,Thueringen,7.527780407224374
g000152,50.98058171862589,10.21257726459717,Thueringen,7.133953496701504
g000153,50.98058171862589,10.360524506766614,Thueringen,10.841874457046648
g000154,50.98058171862589,10.508471748936058,Thueringen,8.41716163494749
g000155,50.98058171862589,10.656418991105502,Thueringen,9.499541542652477
g000156,50.98058171862589,10.804366233274946,Thueringen,8.872067721526644
g000157,50.98058171862589,10.95231347544439,Thueringen,10.400748657227217
g000158,50.98058171862589,11.100260717613834,Thueringen,11.112992355857598
g000159,50.98058171862589,11.248207959783278,Thueringen,7.863859918956236
g000160,50.98058171862589,11.39615520195272,Thueringen,8.464931401416308
g000161,50.98058171862589,11.544102444122164,Thueringen,8.261748990371721
g000162,50.98058171862589,11.69204968629161,Thueringen,7.074590633294554
g000163,50.98058171862589,11.839996928461051,Thueringen,9.242285415441128
g000164,50.98058171862589,11.987944170630495,Thueringen,13.373900377911239
g000165,50.98058171862589,12.13589141279994,Sachsen-Anhalt,10.552191728960343
g000166,50.98058171862589,12.283838654969385,Thueringen,13.862933690610655
g000167,50.98058171862589,12.431785897138829,Thueringen,11.300725267583294
g000168,50.98058171862589,12.579733139308273,Thueringen,9.31246468402312
g000169,50.98058171862589,12.727680381477716,Sachsen,9.26051275640666
g000170,50.98058171862589,12.87562762364716,Sachsen,10.575424873698024
g000171,50.98058171862589,13.023574865816604,Sachsen,13.261197536582573
g000172,50.98058171862589,13.171522107986048,Sachsen,11.393849128965623
g000173,50.98058171862589,13.319469350155492,Sachsen,12.132252081526438
g000174,50.98058171862589,13.467416592324936,Sachsen,10.369427626305797
g000175,50.98058171862589,13.61536383449438,Sachsen,10.595063168291983
g000176,50.98058171862589,13.763311076663824,Sachsen,12.206253268318104
g000177,50.98058171862589,13.911258318833267,Sachsen,9.55000635454845
g000178,50.98058171862589,14.059205561002711,Sachsen,10.925517479023332
g000179,50.98058171862589,14.207152803172155,Sachsen,9.265701081275672
g000180,50.98058171862589,14.650994529680489,Sachsen,11.981013425885301
g000181,50.98058171862589,14.79894177184993,Sachsen,8.431098343145106
g000182,51.070412836124994,10.21257726459717,Thueringen,6.813753596349249
g000183,51.070412836124994,10.360524506766614,Thueringen,8.798475870032375
g000184,51.070412836124994,10.508471748936058,Thueringen,8.976890598049795
g000185,51.070412836124994,10.656418991105502,Thueringen,9.456243196341065
g000186,51.070412836124994,10.804366233274946,Thueringen,11.139237566242286
g000187,51.070412836124994,10.95231347544439,Thueringen,12.123657730878469
g000188,51.070412836124994,11.100260717613834,Thueringen,8.935425570853054
g000189,51.070412836124994,11.248207959783278,Thueringen,9.768111415783801
g000190,51.070412836124994,11.39615520195272,Thueringen,8.93214243054405
g000191,51.070412836124994,11.544102444122164,Thueringen,8.900323019878973
g000192,51.070412836124994,11.69204968629161,Thueringen,9.528421363269453
g000193,51.070412836124994,11.839996928461051,Sachsen-Anhalt,9.793302138524554
g000194,51.070412836124994,11.987944170630495,Sachsen-Anhalt,9.615389823736631
g000195,51.070412836124994,12.13589141279994,Sachsen-Anhalt,15.022704379185198
g000196,51.070412836124994,12.283838654969385,Thueringen,9.690482523845915
g000197,51.070412836124994,12.431785897138829,Sachsen,9.12056411047108
g000198,51.070412836124994,12.579733139308273,Sachsen,12.920021038228066
g000199,51.070412836124994,12.727680381477716,Sachsen,12.70797280008521
g000200,51.070412836124994,12.87562762364716,Sachsen,13.635218124861472
g000201,51.070412836124994,13.023574865816604,Sachsen,11.405138004076953
g000202,51.070412836124994,13.171522107986048,Sachsen,12.847590590982586
g000203,51.070412836124994,13.319469350155492,Sachsen,11.60773442182828
g000204,51.070412836124994,13.467416592324936,Sachsen,9.98272778970271
g000205,51.070412836124994,13.61536383449438,Sachsen,13.891858658438997
g000206,51.070412836124994,13.763311076663824,Sachsen,8.85249870209982
g000207,51.070412836124994,13.911258318833267,Sachsen,11.25634619821278
g000208,51.070412836124994,14.059205561002711,Sachsen,12.421510229630545
g000209,51.070412836124994,14.207152803172155,Sachsen,8.962183630850046
g000210,51.070412836124994,14.3551000453416,Sachsen,8.542450615912623
g000211,51.070412836124994,14.503047287511045,Sachsen,10.806141598930171
g000212,51.070412836124994,14.650994529680489,Sachsen,9.810012899808218
g000213,51.070412836124994,14.79894177184993,Sachsen,10.218053561895848
g000214,51.070412836124994,14.946889014019376,Sachsen,10.720025449521177
g000215,51.1602439536241,10.360524506766614,Thueringen,6.9889219037362915
g000216,51.1602439536241,10.508471748936058,Thueringen,10.834438305765294
g000217,51.1602439536241,10.656418991105502,Thueringen,11.180642837674252
g000218,51.1602439536241,10.804366233274946,Thueringen,9.659075152708104
g000219,51.1602439536241,10.95231347544439,Thueringen,7.466114129427777
g000220,51.1602439536241,11.100260717613834,Thueringen,9.819492463261929
g000221,51.1602439536241,11.248207959783278,Thueringen,12.270866578286109
g000222,51.1602439536241,11.39615520195272,Thueringen,11.936822589421745
g000223,51.1602439536241,11.544102444122164,Sachsen-Anhalt,7.778118147695018
g000224,51.1602439536241,11.69204968629161,Sachsen-Anhalt,8.85874701567293
g000225,51.1602439536241,11.839996928461051,Sachsen-Anhalt,9.656408148851462
g000226,51.1602439536241,11.987944170630495,Sachsen-Anhalt,11.31150407452654
g000227,51.1602439536241,12.13589141279994,Sachsen-Anhalt,11.151559130876851
g000228,51.1602439536241,12.283838654969385,Sachsen,11.759985010025702
g000229,51.1602439536241,12.431785897138829,Sachsen,7.184570480665249
g000230,51.1602439536241,12.579733139308273,Sachsen,13.386109174658744
g000231,51.1602439536241,12.727680381477716,Sachsen,10.037976761090938
g000232,51.1602439536241,12.87562762364716,Sachsen,14.546496670454525
g000233,51.1602439536241,13.023574865816604,Sachsen,9.87035208376216
g000234,51.1602439536241,13.171522107986048,Sachsen,15.080085150387275
g000235,51.1602439536241,13.319469350155492,Sachsen,12.841991851184332
g000236,51.1602439536241,13.467416592324936,Sachsen,13.761807785338057
g000237,51.1602439536241,13.61536383449438,Sachsen,9.657615111640586
g000238,51.1602439536241,13.763311076663824,Sachsen,12.442109602159546
g000239,51.1602439536241,13.911258318833267,Sachsen,13.29231790060729
g000240,51.1602439536241,14.059205561002711,Sachsen,11.522267414475916
g000241,51.1602439536241,14.207152803172155,Sachsen,12.483980078322228
g000242,51.1602439536241,14.3551000453416,Sachsen,14.612432168908109
g000243,51.1602439536241,14.503047287511045,Sachsen,14.766485920069668
g000244,51.1602439536241,14.650994529680489,Sachsen,15.166184548567006
g000245,51.1602439536241,14.79894177184993,Sachsen,12.193967540933773
g000246,51.1602439536241,14.946889014019376,Sachsen,10.153287501743149
g000247,51.2500750711232,10.064630022427728,Thueringen,6.015337774760681
g000248,51.2500750711232,10.21257726459717,Thueringen,9.60810050797844
g000249,51.2500750711232,10.360524506766614,Thueringen,8.350283612554694
g000250,51.2500750711232,10.508471748936058,Thueringen,7.244034551467422
g000251,51.2500750711232,10.656418991105502,Thueringen,10.86385938861304
g000252,51.2500750711232,10.804366233274946,Thueringen,10.009565287736057
g000253,51.2500750711232,10.95231347544439,Thueringen,12.154617174679636
g000254,51.2500750711232,11.100260717613834,Thueringen,9.710725890767618
g000255,51.2500750711232,11.248207959783278,Thueringen,10.05807603020425
g000256,51.2500750711232,11.39615520195272,Thueringen,7.974420304525267
g000257,51.2500750711232,11.544102444122164,Sachsen-Anhalt,9.243351994533281
g000258,51.2500750711232,11.69204968629161,Sachsen-Anhalt,8.427288999053374
g000259,51.2500750711232,11.839996928461051,Sachsen-Anhalt,11.348003184480769
g000260,51.2500750711232,11.987944170630495,Sachsen-Anhalt,16.175335054294028
g000261,51.2500750711232,12.13589141279994,Sachsen-Anhalt,12.70095772474676
g000262,51.2500750711232,12.283838654969385,Sachsen,13.047448538644563
g000263,51.2500750711232,12.431785897138829,Sachsen,12.010707456307314
g000264,51.2500750711232,12.579733139308273,Sachsen,14.836021653834129
g000265,51.2500750711232,12.727680381477716,Sachsen,10.158924850743858
g000266,51.2500750711232,12.87562762364716,Sachsen,14.361942005921538
g000267,51.2500750711232,13.023574865816604,Sachsen,13.167734415902125
g000268,51.2500750711232,13.171522107986048,Sachsen,10.622382185361326
g000269,51.2500750711232,13.319469350155492,Sachsen,11.188360035055169
g000270,51.2500750711232,13.467416592324936,Sachsen,14.64039281772725
g000271,51.2500750711232,13.61536383449438,Sachsen,15.398631404352441
g000272,51.2500750711232,13.763311076663824,Sachsen,9.227176830562263
g000273,51.2500750711232,13.911258318833267,Sachsen,9.933830602984488
g000274,51.2500750711232,14.059205561002711,Sachsen,10.9484967533305
g000275,51.2500750711232,14.207152803172155,Sachsen,14.135255780563321
g000276,51.2500750711232,14.3551000453416,Sachsen,15.703208462166454
g000277,51.2500750711232,14.503047287511045,Sachsen,15.419632238879554
g000278,51.2500750711232,14.650994529680489,Sachsen,13.856339488277287
g000279,51.2500750711232,14.79894177184993,Sachsen,12.434242008182714
g000280,51.2500750711232,14.946889014019376,Sachsen,11.01978319836697
g000281,51.3399061886223,9.620788295919397,Niedersachsen,8.126966756327302
g000282,51.3399061886223,10.064630022427728,Thueringen,8.554466730449363
g000283,51.3399061886223,10.21257726459717,Thueringen,7.850032568265392
g000284,51.3399061886223,10.360524506766614,Thueringen,6.613282416584512
g000285,51.3399061886223,10.508471748936058,Thueringen,7.1320149171167735
g000286,51.3399061886223,10.656418991105502,Thueringen,8.465011845987846
g000287,51.3399061886223,10.804366233274946,Thueringen,7.30761226969593
g000288,51.3399061886223,10.95231347544439,Thueringen,8.95235250933592
g000289,51.3399061886223,11.100260717613834,Thueringen,11.895138906717078
g000290,51.3399061886223,11.248207959783278,Thueringen,11.524469716709634
g000291,51.3399061886223,11.39615520195272,Sachsen-Anhalt,9.331284769492843
g000292,51.3399061886223,11.544102444122164,Sachsen-Anhalt,11.800960669622784
g000293,51.3399061886223,11.69204968629161,Sachsen-Anhalt,9.938823255606001
g000294,51.3399061886223,11.839996928461051,Sachsen-Anhalt,8.301939267893244
g000295,51.3399061886223,11.987944170630495,Sachsen-Anhalt,15.124472928772107
g000296,51.3399061886223,12.13589141279994,Sachsen-Anhalt,10.780911995330703
g000297,51.3399061886223,12.283838654969385,Sachsen,12.735497136638477
g000298,51.3399061886223,12.431785897138829,Sachsen,13.391110971736127
g000299,51.3399061886223,12.579733139308273,Sachsen,15.941416869650249
g000300,51.3399061886223,12.727680381477716,Sachsen,15.09017304926552
g000301,51.3399061886223,12.87562762364716,Sachsen,11.56271200869199
g000302,51.3399061886223,13.023574865816604,Sachsen,13.879894584916087
g000303,51.3399061886223,13.171522107986048,Sachsen,13.971012476255918
g000304,51.3399061886223,13.319469350155492,Sachsen,11.094999682322445
g000305,51.3399061886223,13.467416592324936,Sachsen,16.82081624421764
g000306,51.3399061886223,13.61536383449438,Sachsen,10.401033773362125
g000307,51.3399061886223,13.763311076663824,Sachsen,12.724954840069486
g000308,51.3399061886223,13.911258318833267,Sachsen,8.669479019993368
g000309,51.3399061886223,14.059205561002711,Sachsen,9.025504449549727
g000310,51.3399061886223,14.207152803172155,Sachsen,11.417183607483201
g000311,51.3399061886223,14.3551000453416,Sachsen,9.769557119090965
g000312,51.3399061886223,14.503047287511045,Sachsen,9.196406523501402
g000313,51.3399061886223,14.650994529680489,Sachsen,9.715930857142673
g000314,51.3399061886223,14.79894177184993,Sachsen,8.56722323172958
g000315,51.3399061886223,14.946889014019376,Sachsen,13.821246674263747
g000316,51.4297373061214,9.76873553808884,Niedersachsen,10.050502681523424
g000317,51.4297373061214,9.916682780258284,Niedersachsen,9.223808525904953
g000318,51.4297373061214,10.064630022427728,Niedersachsen,6.8596004176348915
g000319,51.4297373061214,10.21257726459717,Thueringen,6.477979237380387
g000320,51.4297373061214,10.360524506766614,Thueringen,8.828802314553153
g000321,51.4297373061214,10.508471748936058,Thueringen,6.3465340847628395
g000322,51.4297373061214,10.656418991105502,Thueringen,7.453472283697302
g000323,51.4297373061214,10.804366233274946,Thueringen,7.68273675313382
g000324,51.4297373061214,10.95231347544439,Thueringen,8.84594953761123
g000325,51.4297373061214,11.100260717613834,Sachsen-Anhalt,12.401019664123172
g000326,51.4297373061214,11.248207959783278,Sachsen-Anhalt,8.999532403036573
g000327,51.4297373061214,11.39615520195272,Sachsen-Anhalt,10.047329963235144
g000328,51.4297373061214,11.544102444122164,Sachsen-Anhalt,9.183118336580046
g000329,51.4297373061214,11.69204968629161,Sachsen-Anhalt,13.262497095788113
g000330,51.4297373061214,11.839996928461051,Sachsen-Anhalt,12.077077939802052
g000331,51.4297373061214,11.987944170630495,Sachsen-Anhalt,11.372370226850702
g000332,51.4297373061214,12.13589141279994,Sachsen-Anhalt,15.027479157526864
g000333,51.4297373061214,12.283838654969385,Sachsen,11.791582178331733
g000334,51.4297373061214,12.431785897138829,Sachsen,10.392807368754724
g000335,51.4297373061214,12.579733139308273,Sachsen,11.52179143381199
g000336,51.4297373061214,12.727680381477716,Sachsen,12.679360233702647
g000337,51.4297373061214,12.87562762364716,Sachsen,12.372558014619308
g000338,51.4297373061214,13.023574865816604,Sachsen,8.776352205981924
g000339,51.4297373061214,13.171522107986048,Sachsen,9.9956435167357
g000340,51.4297373061214,13.319469350155492,Sachsen,7.753690382624419
g000341,51.4297373061214,13.467416592324936,Brandenburg,14.976319647369351
g000342,51.4297373061214,13.61536383449438,Brandenburg,10.33489630202371
g000343,51.4297373061214,13.763311076663824,Brandenburg,9.21937272770531
g000344,51.4297373061214,13.911258318833267,Brandenburg,8.89003610174218
g000345,51.4297373061214,14.059205561002711,Sachsen,9.086873279495087
g000346,51.4297373061214,14.207152803172155,Sachsen,10.641332204877456
g000347,51.4297373061214,14.3551000453416,Sachsen,8.48505181683758
g000348,51.4297373061214,14.503047287511045,Sachsen,9.07003717584773
g000349,51.4297373061214,14.650994529680489,Sachsen,9.00104813919311
g000350,51.4297373061214,14.79894177184993,Sachsen,8.688741148637998
g000351,51.4297373061214,14.946889014019376,Sachsen,8.417784204822818
g000352,51.519568423620505,9.620788295919397,Niedersachsen,7.674061546741034
g000353,51.519568423620505,9.76873553808884,Niedersachsen,8.332238569317221
g000354,51.519568423620505,9.916682780258284,Niedersachsen,8.40622396522051
g000355,51.519568423620505,10.064630022427728,Niedersachsen,7.402846027229341
g000356,51.519568423620505,10.21257726459717,Niedersachsen,9.51901695259149
g000357,51.519568423620505,10.360524506766614,Thueringen,6.785606446020881
g000358,51.519568423620505,10.508471748936058,Thueringen,7.733869302392777
g000359,51.519568423620505,10.656418991105502,Thueringen,10.382999902206354
g000360,51.519568423620505,10.804366233274946,Thueringen,10.360790029757554
g000361,51.519568423620505,10.95231347544439,Sachsen-Anhalt,10.855801341407401
g000362,51.519568423620505,11.100260717613834,Sachsen-Anhalt,7.311306929371127
g000363,51.519568423620505,11.248207959783278,Sachsen-Anhalt,7.856097130852922
g000364,51.519568423620505,11.39615520195272,Sachsen-Anhalt,8.440518672035864
g000365,51.519568423620505,11.544102444122164,Sachsen-Anhalt,10.399559733609
g000366,51.519568423620505,11.69204968629161,Sachsen-Anhalt,14.220209891522678
g000367,51.519568423620505,11.839996928461051,Sachsen-Anhalt,14.91377542585412
g000368,51.519568423620505,11.987944170630495,Sachsen-Anhalt,14.172669663905177
g000369,51.519568423620505,12.13589141279994,Sachsen-Anhalt,14.488582979257314
g000370,51.519568423620505,12.283838654969385,Sachsen,10.88978498416597
g000371,51.519568423620505,12.431785897138829,Sachsen,15.042034441127015
g000372,51.519568423620505,12.579733139308273,Sachsen,17.089805614553555
g000373,51.519568423620505,12.727680381477716,Sachsen,12.24296669497691
g000374,51.519568423620505,12.87562762364716,Sachsen,15.955965363737308
g000375,51.519568423620505,13.023574865816604,Sachsen,16.61201363483877
g000376,51.519568423620505,13.171522107986048,Sachsen,16.683076301623963
g000377,51.519568423620505,13.319469350155492,Brandenburg,11.975612283924216
g000378,51.519568423620505,13.467416592324936,Brandenburg,9.52481223150666
g000379,51.519568423620505,13.61536383449438,Brandenburg,12.15548604141237
g000380,51.519568423620505,13.763311076663824,Brandenburg,8.19198730096405
g000381,51.519568423620505,13.911258318833267,Brandenburg,9.095990861141162
g000382,51.519568423620505,14.059205561002711,Brandenburg,7.701586855631467
g000383,51.519568423620505,14.207152803172155,Sachsen,11.901678776674181
g000384,51.519568423620505,14.3551000453416,Brandenburg,9.703314101149308
g000385,51.519568423620505,14.503047287511045,Sachsen,8.236560028656204
g000386,51.519568423620505,14.650994529680489,Sachsen,9.832640917747879
g000387,51.60939954111961,9.76873553808884,Niedersachsen,8.678750942184722
g000388,51.60939954111961,9.916682780258284,Niedersachsen,10.035686628522544
g000389,51.60939954111961,10.064630022427728,Niedersachsen,7.579244331742146
g000390,51.60939954111961,10.21257726459717,Niedersachsen,8.11811622642221
g000391,51.60939954111961,10.360524506766614,Niedersachsen,7.687841824592938
g000392,51.60939954111961,10.508471748936058,Niedersachsen,7.073178913478409
g000393,51.60939954111961,10.656418991105502,Thueringen,7.291205048599503
g000394,51.60939954111961,10.804366233274946,Thueringen,6.813324756115952
g000395,51.60939954111961,10.95231347544439,Sachsen-Anhalt,7.383093622292547
g000396,51.60939954111961,11.100260717613834,Sachsen-Anhalt,7.726120084660874
g000397,51.60939954111961,11.248207959783278,Sachsen-Anhalt,9.636551557558896
g000398,51.60939954111961,11.39615520195272,Sachsen-Anhalt,9.910015530882593
g000399,51.60939954111961,11.544102444122164,Sachsen-Anhalt,12.552808737622424
g000400,51.60939954111961,11.69204968629161,Sachsen-Anhalt,11.67393682672318
g000401,51.60939954111961,11.839996928461051,Sachsen-Anhalt,14.778922567560576
g000402,51.60939954111961,11.987944170630495,Sachsen-Anhalt,15.172305305358146
g000403,51.60939954111961,12.13589141279994,Sachsen-Anhalt,16.318944966501398
g000404,51.60939954111961,12.283838654969385,Sachsen-Anhalt,8.795604565365164
g000405,51.60939954111961,12.431785897138829,Sachsen,11.27077176291404
g000406,51.60939954111961,12.579733139308273,Sachsen,10.544153015448458
g000407,51.60939954111961,12.727680381477716,Sachsen,10.493944048428927
g000408,51.60939954111961,12.87562762364716,Sachsen,11.4157386611157
g000409,51.60939954111961,13.023574865816604,Sachsen,16.630791527686892
g000410,51.60939954111961,13.171522107986048,Brandenburg,11.477170756165206
g000411,51.60939954111961,13.319469350155492,Brandenburg,10.7781621278402
g000412,51.60939954111961,13.467416592324936,Brandenburg,9.876724738710728
g000413,51.60939954111961,13.61536383449438,Brandenburg,10.345572418173038
g000414,51.60939954111961,13.763311076663824,Brandenburg,10.166721397208903
g000415,51.60939954111961,13.911258318833267,Brandenburg,9.237876171178533
g000416,51.60939954111961,14.059205561002711,Brandenburg,8.51151806465677
g000417,51.60939954111961,14.207152803172155,Brandenburg,8.795046311027951
g000418,51.60939954111961,14.3551000453416,Brandenburg,8.396450130473871
g000419,51.60939954111961,14.503047287511045,Brandenburg,8.867482700894973
g000420,51.60939954111961,14.650994529680489,Brandenburg,9.420738390409976
g000421,51.69923065861871,9.472841053749953,Niedersachsen,7.107693918343382
g000422,51.69923065861871,9.620788295919397,Niedersachsen,7.138209773360612
g000423,51.69923065861871,9.76873553808884,Niedersachsen,6.981871252388845
g000424,51.69923065861871,9.916682780258284,Niedersachsen,8.365317276389163
g000425,51.69923065861871,10.064630022427728,Niedersachsen,10.441830241698588
g000426,51.69923065861871,10.21257726459717,Niedersachsen,7.845498117242369
g000427,51.69923065861871,10.360524506766614,Niedersachsen,7.124652118836567
g000428,51.69923065861871,10.508471748936058,Niedersachsen,8.032330466256132
g000429,51.69923065861871,10.656418991105502,Niedersachsen,7.568258494758563
g000430,51.69923065861871,10.804366233274946,Sachsen-Anhalt,8.294585115077354
g000431,51.69923065861871,10.95231347544439,Sachsen-Anhalt,6.741054195542594
g000432,51.69923065861871,11.100260717613834,Sachsen-Anhalt,7.078360824304845
g000433,51.69923065861871,11.248207959783278,Sachsen-Anhalt,8.47034817065433
g000434,51.69923065861871,11.39615520195272,Sachsen-Anhalt,8.691827509703383
g000435,51.69923065861871,11.544102444122164,Sachsen-Anhalt,12.552879139790164
g000436,51.69923065861871,11.69204968629161,Sachsen-Anhalt,10.515658295500005
g000437,51.69923065861871,11.839996928461051,Sachsen-Anhalt,9.993460477112576
g000438,51.69923065861871,11.987944170630495,Sachsen-Anhalt,15.699300395852378
g000439,51.69923065861871,12.13589141279994,Sachsen-Anhalt,14.565372824460578
g000440,51.69923065861871,12.283838654969385,Sachsen-Anhalt,16.971418966334493
g000441,51.69923065861871,12.431785897138829,Sachsen-Anhalt,11.234549059738821
g000442,51.69923065861871,12.579733139308273,Sachsen-Anhalt,8.718272036580622
g000443,51.69923065861871,12.727680381477716,Sachsen-Anhalt,11.118098628401052
g000444,51.69923065861871,12.87562762364716,Sachsen-Anhalt,16.692449437950586
g000445,51.69923065861871,13.023574865816604,Sachsen-Anhalt,12.485625561517509
g000446,51.69923065861871,13.171522107986048,Brandenburg,11.702524300280203
g000447,51.69923065861871,13.319469350155492,Brandenburg,10.00447651182214
g000448,51.69923065861871,13.467416592324936,Brandenburg,10.181799251792134
g000449,51.69923065861871,13.61536383449438,Brandenburg,10.984219043314331
g000450,51.69923065861871,13.763311076663824,Brandenburg,9.332073752581593
g000451,51.69923065861871,13.911258318833267,Brandenburg,9.776033528241618
g000452,51.69923065861871,14.059205561002711,Brandenburg,13.867401782032537
g000453,51.69923065861871,14.207152803172155,Brandenburg,11.310030802171168
g000454,51.69923065861871,14.3551000453416,Brandenburg,9.818386841418318
g000455,51.69923065861871,14.503047287511045,Brandenburg,9.937746974979717
g000456,51.69923065861871,14.650994529680489,Brandenburg,9.246794361944534
g000457,51.78906177611781,9.472841053749953,Niedersachsen,7.062474742112196
g000458,51.78906177611781,9.620788295919397,Niedersachsen,6.471672736838052
g000459,51.78906177611781,9.76873553808884,Niedersachsen,7.835985372316742
g000460,51.78906177611781,9.916682780258284,Niedersachsen,8.340254094090733
g000461,51.78906177611781,10.064630022427728,Niedersachsen,9.208098211004122
g000462,51.78906177611781,10.21257726459717,Niedersachsen,8.038701172643796
g000463,51.78906177611781,10.360524506766614,Niedersachsen,6.3877656816950665
g000464,51.78906177611781,10.508471748936058,Niedersachsen,6.070365264185627
g000465,51.78906177611781,10.656418991105502,Sachsen-Anhalt,6.154861707443517
g000466,51.78906177611781,10.804366233274946,Sachsen-Anhalt,6.6223359067830865
g000467,51.78906177611781,10.95231347544439,Sachsen-Anhalt,10.778548756052626
g000468,51.78906177611781,11.100260717613834,Sachsen-Anhalt,9.871991641546668
g000469,51.78906177611781,11.248207959783278,Sachsen-Anhalt,15.847627907201199
g000470,51.78906177611781,11.39615520195272,Sachsen-Anhalt,11.116180858507446
g000471,51.78906177611781,11.544102444122164,Sachsen-Anhalt,12.457596749516265
g000472,51.78906177611781,11.69204968629161,Sachsen-Anhalt,10.471985701699573
g000473,51.78906177611781,11.839996928461051,Sachsen-Anhalt,11.493402092799164
g000474,51.78906177611781,11.987944170630495,Sachsen-Anhalt,14.329355425552054
g000475,51.78906177611781,12.13589141279994,Sachsen-Anhalt,8.985363538840414
g000476,51.78906177611781,12.283838654969385,Sachsen-Anhalt,11.937485726397046
g000477,51.78906177611781,12.431785897138829,Sachsen-Anhalt,9.942640920407179
g000478,51.78906177611781,12.579733139308273,Sachsen-Anhalt,13.951343039439916
g000479,51.78906177611781,12.727680381477716,Sachsen-Anhalt,15.599746231948085
g000480,51.78906177611781,12.87562762364716,Sachsen-Anhalt,15.883544310463789
g000481,51.78906177611781,13.023574865816604,Sachsen-Anhalt,12.909063207019022
g000482,51.78906177611781,13.171522107986048,Brandenburg,10.569593391597648
g000483,51.78906177611781,13.319469350155492,Brandenburg,11.735700802617933
g000484,51.78906177611781,13.467416592324936,Brandenburg,9.5429647375618
g000485,51.78906177611781,13.61536383449438,Brandenburg,11.206441913941937
g000486,51.78906177611781,13.763311076663824,Brandenburg,11.606421464022176
g000487,51.78906177611781,13.911258318833267,Brandenburg,9.042202187928897
g000488,51.78906177611781,14.059205561002711,Brandenburg,9.783192048126772
g000489,51.78906177611781,14.207152803172155,Brandenburg,9.813823537269442
g000490,51.78906177611781,14.3551000453416,Brandenburg,9.018399173750536
g000491,51.78906177611781,14.503047287511045,Brandenburg,8.170485589338625
g000492,51.878892893616914,9.472841053749953,Niedersachsen,8.135831582703359
g000493,51.878892893616914,9.620788295919397,Niedersachsen,8.31867727427623
g000494,51.878892893616914,9.76873553808884,Niedersachsen,9.39628186636478
g000495,51.878892893616914,9.916682780258284,Niedersachsen,7.635321516780501
g000496,51.878892893616914,10.064630022427728,Niedersachsen,8.646616370669724
g000497,51.878892893616914,10.21257726459717,Niedersachsen,7.5575844956762674
g000498,51.878892893616914,10.360524506766614,Niedersachsen,6.441401525779665
g000499,51.878892893616914,10.508471748936058,Niedersachsen,7.297429415627133
g000500,51.878892893616914,10.656418991105502,Sachsen-Anhalt,7.658998508239145
g000501,51.878892893616914,10.804366233274946,Sachsen-Anhalt,9.628915297690927
g000502,51.878892893616914,10.95231347544439,Sachsen-Anhalt,13.293057548670102
g000503,51.878892893616914,11.100260717613834,Sachsen-Anhalt,14.003725857844426
g000504,51.878892893616914,11.248207959783278,Sachsen-Anhalt,9.525877127155075
g000505,51.878892893616914,11.39615520195272,Sachsen-Anhalt,13.880717386468334
g000506,51.878892893616914,11.544102444122164,Sachsen-Anhalt,11.51649668994416
g000507,51.878892893616914,11.69204968629161,Sachsen-Anhalt,9.240871339470901
g000508,51.878892893616914,11.839996928461051,Sachsen-Anhalt,12.83626189924548
g000509,51.878892893616914,11.987944170630495,Sachsen-Anhalt,10.149364224595416
g000510,51.878892893616914,12.13589141279994,Sachsen-Anhalt,12.414343515419038
g000511,51.878892893616914,12.283838654969385,Sachsen-Anhalt,10.667837299736066
g000512,51.878892893616914,12.431785897138829,Sachsen-Anhalt,10.869874179985938
g000513,51.878892893616914,12.579733139308273,Sachsen-Anhalt,13.32133754553982
g000514,51.878892893616914,12.727680381477716,Sachsen-Anhalt,14.816260768211984
g000515,51.878892893616914,12.87562762364716,Sachsen-Anhalt,10.00342722660044
g000516,51.878892893616914,13.023574865816604,Brandenburg,10.584078920636111
g000517,51.878892893616914,13.171522107986048,Brandenburg,10.45504233000399
g000518,51.878892893616914,13.319469350155492,Brandenburg,15.013404571109374
g000519,51.878892893616914,13.467416592324936,Brandenburg,14.312245157473193
g000520,51.878892893616914,13.61536383449438,Brandenburg,15.88991744618858
g000521,51.878892893616914,13.763311076663824,Brandenburg,13.13664069743006
g000522,51.878892893616914,13.911258318833267,Brandenburg,13.989328195468893
g000523,51.878892893616914,14.059205561002711,Brandenburg,10.323928355692953
g000524,51.878892893616914,14.207152803172155,Brandenburg,9.952903689868162
g000525,51.878892893616914,14.3551000453416,Brandenburg,9.1502257200341
g000526,51.878892893616914,14.503047287511045,Brandenburg,9.877642744986575
g000527,51.96872401111602,9.324893811580507,Niedersachsen,8.453235518725032
g000528,51.96872401111602,9.472841053749953,Niedersachsen,7.455672659973615
g000529,51.96872401111602,9.620788295919397,Niedersachsen,9.14894539598499
g000530,51.96872401111602,9.76873553808884,Niedersachsen,7.997366147498877
g000531,51.96872401111602,9.916682780258284,Niedersachsen,7.343225097750053
g000532,51.96872401111602,10.064630022427728,Niedersachsen,7.653182076232538
g000533,51.96872401111602,10.21257726459717,Niedersachsen,7.241779489604006
g000534,51.96872401111602,10.360524506766614,Niedersachsen,11.91984464456361
g000535,51.96872401111602,10.508471748936058,Niedersachsen,8.876516017296492
g000536,51.96872401111602,10.656418991105502,Sachsen-Anhalt,12.579416248362874
g000537,51.96872401111602,10.804366233274946,Sachsen-Anhalt,12.260425887039515
g000538,51.96872401111602,10.95231347544439,Sachsen-Anhalt,8.599005808862989
g000539,51.96872401111602,11.100260717613834,Sachsen-Anhalt,14.388026811130128
g000540,51.96872401111602,11.248207959783278,Sachsen-Anhalt,13.169978165738353
g000541,51.96872401111602,11.39615520195272,Sachsen-Anhalt,10.212888496478826
g000542,51.96872401111602,11.544102444122164,Sachsen-Anhalt,8.814986018256283
g000543,51.96872401111602,11.69204968629161,Sachsen-Anhalt,13.112501487791826
g000544,51.96872401111602,11.839996928461051,Sachsen-Anhalt,12.295739852522
g000545,51.96872401111602,11.987944170630495,Sachsen-Anhalt,11.463533914758816
g000546,51.96872401111602,12.13589141279994,Sachsen-Anhalt,9.608995012395996
g000547,51.96872401111602,12.283838654969385,Sachsen-Anhalt,15.169681427577192
g000548,51.96872401111602,12.431785897138829,Sachsen-Anhalt,8.926686808418394
g000549,51.96872401111602,12.579733139308273,Sachsen-Anhalt,13.322247613167518
g000550,51.96872401111602,12.727680381477716,Sachsen-Anhalt,10.832547385089894
g000551,51.96872401111602,12.87562762364716,Brandenburg,15.833102550057895
g000552,51.96872401111602,13.023574865816604,Brandenburg,14.512032275995937
g000553,51.96872401111602,13.171522107986048,Brandenburg,15.520329378707807
g000554,51.96872401111602,13.319469350155492,Brandenburg,10.544237956061297
g000555,51.96872401111602,13.467416592324936,Brandenburg,9.849555994740804
g000556,51.96872401111602,13.61536383449438,Brandenburg,9.961131349090444
g000557,51.96872401111602,13.763311076663824,Brandenburg,13.099616020062212
g000558,51.96872401111602,13.911258318833267,Brandenburg,9.943201663552387
g000559,51.96872401111602,14.059205561002711,Brandenburg,10.420749755030439
g000560,51.96872401111602,14.207152803172155,Brandenburg,10.17792552498986
g000561,51.96872401111602,14.3551000453416,Brandenburg,10.095866110671864
g000562,51.96872401111602,14.503047287511045,Brandenburg,8.41941422930467
g000563,51.96872401111602,14.650994529680489,Brandenburg,10.715726621708914
g000564,52.05855512861512,7.993368632055512,Niedersachsen,13.531216782216607
g000565,52.05855512861512,9.176946569411063,Niedersachsen,8.078085577330603
g000566,52.05855512861512,9.324893811580507,Niedersachsen,9.106535543664105
g000567,52.05855512861512,9.472841053749953,Niedersachsen,7.6861323066371865
g000568,52.05855512861512,9.620788295919397,Niedersachsen,6.52117376672997
g000569,52.05855512861512,9.76873553808884,Niedersachsen,10.021605996590111
g000570,52.05855512861512,9.916682780258284,Niedersachsen,8.37312275147035
g000571,52.05855512861512,10.064630022427728,Niedersachsen,8.049951215199146
g000572,52.05855512861512,10.21257726459717,Niedersachsen,7.745570351585224
g000573,52.05855512861512,10.360524506766614,Niedersachsen,8.270163634520136
g000574,52.05855512861512,10.508471748936058,Niedersachsen,8.85000166787364
g000575,52.05855512861512,10.656418991105502,Niedersachsen,14.679638457661165
g000576,52.05855512861512,10.804366233274946,Niedersachsen,7.707665218732205
g000577,52.05855512861512,10.95231347544439,Niedersachsen,12.031296572175439
g000578,52.05855512861512,11.100260717613834,Sachsen-Anhalt,12.987094591780247
g000579,52.05855512861512,11.248207959783278,Sachsen-Anhalt,14.059380595031639
g000580,52.05855512861512,11.39615520195272,Sachsen-Anhalt,9.126188754503007
g000581,52.05855512861512,11.544102444122164,Sachsen-Anhalt,12.20930701838749
g000582,52.05855512861512,11.69204968629161,Sachsen-Anhalt,15.236552464358292
g000583,52.05855512861512,11.839996928461051,Sachsen-Anhalt,9.52282005713725
g000584,52.05855512861512,11.987944170630495,Sachsen-Anhalt,15.374900376752246
g000585,52.05855512861512,12.13589141279994,Sachsen-Anhalt,11.751544521813855
g000586,52.05855512861512,12.283838654969385,Sachsen-Anhalt,9.717334081614828
g000587,52.05855512861512,12.431785897138829,Brandenburg,8.30785398990928
g000588,52.05855512861512,12.579733139308273,Brandenburg,13.409615214337174
g000589,52.05855512861512,12.727680381477716,Brandenburg,9.162594693998646
g000590,52.05855512861512,12.87562762364716,Brandenburg,9.488081270914765
g000591,52.05855512861512,13.023574865816604,Brandenburg,7.822425578046467
g000592,52.05855512861512,13.171522107986048,Brandenburg,10.026655289264276
g000593,52.05855512861512,13.319469350155492,Brandenburg,10.384823843768254
g000594,52.05855512861512,13.467416592324936,Brandenburg,8.863513242150292
g000595,52.05855512861512,13.61536383449438,Brandenburg,9.786849643206605
g000596,52.05855512861512,13.763311076663824,Brandenburg,9.859180134502502
g000597,52.05855512861512,13.911258318833267,Brandenburg,10.267168876872484
g000598,52.05855512861512,14.059205561002711,Brandenburg,10.263016073483247
g000599,52.05855512861512,14.207152803172155,Brandenburg,12.933832996131144
g000600,52.05855512861512,14.3551000453416,Brandenburg,9.493735478968727
g000601,52.05855512861512,14.503047287511045,Brandenburg,8.895673852377982
g000602,52.05855512861512,14.650994529680489,Brandenburg,10.234449307767814
g000603,52.14838624611422,8.141315874224956,Niedersachsen,9.587164767934876
g000604,52.14838624611422,8.2892631163944,Niedersachsen,7.694910268440612
g000605,52.14838624611422,8.437210358563844,Niedersachsen,11.085765141751988
g000606,52.14838624611422,9.02899932724162,Niedersachsen,7.592293477729895
g000607,52.14838624611422,9.176946569411063,Niedersachsen,6.572074482063588
g000608,52.14838624611422,9.324893811580507,Niedersachsen,7.643921173080317
g000609,52.14838624611422,9.472841053749953,Niedersachsen,9.413522577148099
g000610,52.14838624611422,9.620788295919397,Niedersachsen,7.5877630967955225
g000611,52.14838624611422,9.76873553808884,Niedersachsen,8.627379529161212
g000612,52.14838624611422,9.916682780258284,Niedersachsen,10.189825626972382
g000613,52.14838624611422,10.064630022427728,Niedersachsen,9.074641809704431
g000614,52.14838624611422,10.21257726459717,Niedersachsen,8.97762671363827
g000615,52.14838624611422,10.360524506766614,Niedersachsen,11.081271814370632
g000616,52.14838624611422,10.508471748936058,Niedersachsen,9.654429436185668
g000617,52.14838624611422,10.656418991105502,Niedersachsen,11.101951282418039
g000618,52.14838624611422,10.804366233274946,Niedersachsen,9.155898848512148
g000619,52.14838624611422,10.95231347544439,Niedersachsen,11.720524964322756
g000620,52.14838624611422,11.100260717613834,Sachsen-Anhalt,12.114587243538942
g000621,52.14838624611422,11.248207959783278,Sachsen-Anhalt,12.492051051647389
g000622,52.14838624611422,11.39615520195272,Sachsen-Anhalt,13.36400103159749
g000623,52.14838624611422,11.544102444122164,Sachsen-Anhalt,11.923957062182243
g000624,52.14838624611422,11.69204968629161,Sachsen-Anhalt,9.88541982261438
g000625,52.14838624611422,11.839996928461051,Sachsen-Anhalt,13.433248682955576
g000626,52.14838624611422,11.987944170630495,Sachsen-Anhalt,10.212373731177568
g000627,52.14838624611422,12.13589141279994,Sachsen-Anhalt,13.769423097237242
g000628,52.14838624611422,12.283838654969385,Brandenburg,9.370743734168093
g000629,52.14838624611422,12.431785897138829,Brandenburg,10.090949315304053
g000630,52.14838624611422,12.579733139308273,Brandenburg,10.64482773995843
g000631,52.14838624611422,12.727680381477716,Brandenburg,9.28261012507903
g000632,52.14838624611422,12.87562762364716,Brandenburg,10.748053398028302
g000633,52.14838624611422,13.023574865816604,Brandenburg,9.83119618571615
g000634,52.14838624611422,13.171522107986048,Brandenburg,9.034235856099095
g000635,52.14838624611422,13.319469350155492,Brandenburg,9.740043676927595
g000636,52.14838624611422,13.467416592324936,Brandenburg,12.128252992162727
g000637,52.14838624611422,13.61536383449438,Brandenburg,11.752856654642816
g000638,52.14838624611422,13.763311076663824,Brandenburg,10.013118429041652
g000639,52.14838624611422,13.911258318833267,Brandenburg,8.791998746172423
g000640,52.14838624611422,14.059205561002711,Brandenburg,9.959557443735704
g000641,52.14838624611422,14.207152803172155,Brandenburg,12.444833948477342
g000642,52.14838624611422,14.3551000453416,Brandenburg,10.149724129714176
g000643,52.14838624611422,14.503047287511045,Brandenburg,9.09966665756682
g000644,52.14838624611422,14.650994529680489,Brandenburg,9.338710816121429
g000645,52.23821736361332,7.993368632055512,Niedersachsen,9.0482261111221
g000646,52.23821736361332,8.141315874224956,Niedersachsen,8.689369478806212
g000647,52.23821736361332,8.2892631163944,Niedersachsen,8.489136343631206
g000648,52.23821736361332,8.437210358563844,Niedersachsen,8.872599763612298
g000649,52.23821736361332,9.176946569411063,Niedersachsen,8.113500443754313
g000650,52.23821736361332,9.324893811580507,Niedersachsen,8.667667347473866
g000651,52.23821736361332,9.472841053749953,Niedersachsen,8.399445860313298
g000652,52.23821736361332,9.620788295919397,Niedersachsen,7.664978576694487
g000653,52.23821736361332,9.76873553808884,Niedersachsen,10.241532927534868
g000654,52.23821736361332,9.916682780258284,Niedersachsen,11.186918196530778
g000655,52.23821736361332,10.064630022427728,Niedersachsen,11.789818619569044
g000656,52.23821736361332,10.21257726459717,Niedersachsen,10.3948098514436
g000657,52.23821736361332,10.360524506766614,Niedersachsen,8.966969303922633
g000658,52.23821736361332,10.508471748936058,Niedersachsen,13.654464205868642
g000659,52.23821736361332,10.656418991105502,Niedersachsen,9.96033756843299
g000660,52.23821736361332,10.804366233274946,Niedersachsen,9.134191048060243
g000661,52.23821736361332,10.95231347544439,Niedersachsen,11.405386464595294
g000662,52.23821736361332,11.100260717613834,Sachsen-Anhalt,12.166196221605016
g000663,52.23821736361332,11.248207959783278,Sachsen-Anhalt,8.829514709125323
g000664,52.23821736361332,11.39615520195272,Sachsen-Anhalt,10.356591863171339
g000665,52.23821736361332,11.544102444122164,Sachsen-Anhalt,10.960878552610666
g000666,52.23821736361332,11.69204968629161,Sachsen-Anhalt,11.264704194368052
g000667,52.23821736361332,11.839996928461051,Sachsen-Anhalt,10.114604984475132
g000668,52.23821736361332,11.987944170630495,Sachsen-Anhalt,9.458900107173957
g000669,52.23821736361332,12.13589141279994,Sachsen-Anhalt,9.744436899055032
g000670,52.23821736361332,12.283838654969385,Brandenburg,8.284321453478904
g000671,52.23821736361332,12.431785897138829,Brandenburg,10.550519776227627
g000672,52.23821736361332,12.579733139308273,Brandenburg,10.694685125824881
g000673,52.23821736361332,12.727680381477716,Brandenburg,10.570965272185708
g000674,52.23821736361332,12.87562762364716,Brandenburg,9.736215630203043
g000675,52.23821736361332,13.023574865816604,Brandenburg,11.427473667869245
g000676,52.23821736361332,13.171522107986048,Brandenburg,9.446180621321437
g000677,52.23821736361332,13.319469350155492,Brandenburg,14.4948506585878
g000678,52.23821736361332,13.467416592324936,Brandenburg,12.714643450620656
g000679,52.23821736361332,13.61536383449438,Brandenburg,9.895069226155254
g000680,52.23821736361332,13.763311076663824,Brandenburg,9.593923406530735
g000681,52.23821736361332,13.911258318833267,Brandenburg,9.79427307535283
g000682,52.23821736361332,14.059205561002711,Brandenburg,9.73698582165483
g000683,52.23821736361332,14.207152803172155,Brandenburg,14.257580608487189
g000684,52.23821736361332,14.3551000453416,Brandenburg,10.417057082184153
g000685,52.23821736361332,14.503047287511045,Brandenburg,9.520014366567365
g000686,52.23821736361332,14.650994529680489,Brandenburg,15.395750519477255
g000687,52.328048481112425,7.105685179038849,Niedersachsen,10.857817336653635
g000688,52.328048481112425,7.253632421208293,Niedersachsen,9.744014182800138
g000689,52.328048481112425,7.401579663377737,Niedersachsen,9.234346669818972
g000690,52.328048481112425,7.993368632055512,Niedersachsen,8.056277744342275
g000691,52.328048481112425,8.141315874224956,Niedersachsen,9.632310048455452
g000692,52.328048481112425,8.2892631163944,Niedersachsen,7.5831115703789935
g000693,52.328048481112425,8.437210358563844,Niedersachsen,14.204016967243698
g000694,52.328048481112425,9.02899932724162,Niedersachsen,7.897669222724278
g000695,52.328048481112425,9.176946569411063,Niedersachsen,9.49160701610062
g000696,52.328048481112425,9.324893811580507,Niedersachsen,10.155034274705146
g000697,52.328048481112425,9.472841053749953,Niedersachsen,9.001129939183572
g000698,52.328048481112425,9.620788295919397,Niedersachsen,8.685745078702324
g000699,52.328048481112425,9.76873553808884,Niedersachsen,8.456425407997477
g000700,52.328048481112425,9.916682780258284,Niedersachsen,9.841389534687176
g000701,52.328048481112425,10.064630022427728,Niedersachsen,13.932081486705167
g000702,52.328048481112425,10.21257726459717,Niedersachsen,9.64133223915014
g000703,52.328048481112425,10.360524506766614,Niedersachsen,9.94762988097795
g000704,52.328048481112425,10.508471748936058,Niedersachsen,9.779464577929211
g000705,52.328048481112425,10.656418991105502,Niedersachsen,9.524182593959743
g000706,52.328048481112425,10.804366233274946,Niedersachsen,9.312811551379465
g000707,52.328048481112425,10.95231347544439,Niedersachsen,10.299958099486854
g000708,52.328048481112425,11.100260717613834,Sachsen-Anhalt,9.689553922363183
g000709,52.328048481112425,11.248207959783278,Sachsen-Anhalt,10.128841883573848
g000710,52.328048481112425,11.39615520195272,Sachsen-Anhalt,8.856023672279955
g000711,52.328048481112425,11.544102444122164,Sachsen-Anhalt,9.65508310201478
g000712,52.328048481112425,11.69204968629161,Sachsen-Anhalt,9.5983172945025
g000713,52.328048481112425,11.839996928461051,Sachsen-Anhalt,11.087221579584854
g000714,52.328048481112425,11.987944170630495,Sachsen-Anhalt,12.623271166857423
g000715,52.328048481112425,12.13589141279994,Sachsen-Anhalt,9.90677372798348
g000716,52.328048481112425,12.283838654969385,Brandenburg,10.61411830224432
g000717,52.328048481112425,12.431785897138829,Brandenburg,11.486545679320987
g000718,52.328048481112425,12.579733139308273,Brandenburg,13.24306211805329
g000719,52.328048481112425,12.727680381477716,Brandenburg,9.292586825578441
g000720,52.328048481112425,12.87562762364716,Brandenburg,9.843875815048284
g000721,52.328048481112425,13.023574865816604,Brandenburg,9.481695638093488
g000722,52.328048481112425,13.171522107986048,Brandenburg,12.72798633511494
g000723,52.328048481112425,13.319469350155492,Brandenburg,10.165529250801592
g000724,52.328048481112425,13.467416592324936,Brandenburg,16.576334204096693
g000725,52.328048481112425,13.61536383449438,Brandenburg,13.724118271813543
g000726,52.328048481112425,13.763311076663824,Brandenburg,9.59467200307376
g000727,52.328048481112425,13.911258318833267,Brandenburg,10.038842842796637
g000728,52.328048481112425,14.059205561002711,Brandenburg,9.881420673130869
g000729,52.328048481112425,14.207152803172155,Brandenburg,9.300245407780256
g000730,52.328048481112425,14.3551000453416,Brandenburg,13.341296152524137
g000731,52.328048481112425,14.503047287511045,Brandenburg,11.648778600455778
g000732,52.41787959861153,7.105685179038849,Niedersachsen,8.61229160631434
g000733,52.41787959861153,7.253632421208293,Niedersachsen,10.445310078440043
g000734,52.41787959861153,7.401579663377737,Niedersachsen,8.516062646763258
g000735,52.41787959861153,7.5495269055471805,Niedersachsen,12.615720090743181
g000736,52.41787959861153,7.845421389886068,Niedersachsen,8.976993855716541
g000737,52.41787959861153,7.993368632055512,Niedersachsen,9.540717786001931
g000738,52.41787959861153,8.141315874224956,Niedersachsen,10.062462877243176
g000739,52.41787959861153,8.2892631163944,Niedersachsen,10.185895950770197
g000740,52.41787959861153,8.733104842902732,Niedersachsen,10.630305819460386
g000741,52.41787959861153,8.881052085072175,Niedersachsen,10.50476915496532
g000742,52.41787959861153,9.176946569411063,Niedersachsen,8.7500852470255
g000743,52.41787959861153,9.324893811580507,Niedersachsen,8.684188071809931
g000744,52.41787959861153,9.472841053749953,Niedersachsen,10.10840989894792
g000745,52.41787959861153,9.620788295919397,Niedersachsen,8.907657851203806
g000746,52.41787959861153,9.76873553808884,Niedersachsen,11.167533895315428
g000747,52.41787959861153,9.916682780258284,Niedersachsen,8.589874506711107
g000748,52.41787959861153,10.064630022427728,Niedersachsen,10.760631029079752
g000749,52.41787959861153,10.21257726459717,Niedersachsen,8.829801058649549
g000750,52.41787959861153,10.360524506766614,Niedersachsen,9.39013045314777
g000751,52.41787959861153,10.508471748936058,Niedersachsen,9.181206301106661
g000752,52.41787959861153,10.656418991105502,Niedersachsen,10.607149853507972
g000753,52.41787959861153,10.804366233274946,Niedersachsen,8.705044251911486
g000754,52.41787959861153,10.95231347544439,Niedersachsen,9.776373102949306
g000755,52.41787959861153,11.100260717613834,Sachsen-Anhalt,9.68738772025598
g000756,52.41787959861153,11.248207959783278,Sachsen-Anhalt,10.811700388347587
g000757,52.41787959861153,11.39615520195272,Sachsen-Anhalt,10.045090103481442
g000758,52.41787959861153,11.544102444122164,Sachsen-Anhalt,10.14649277037631
g000759,52.41787959861153,11.69204968629161,Sachsen-Anhalt,8.603320435381661
g000760,52.41787959861153,11.839996928461051,Sachsen-Anhalt,9.317296479824076
g000761,52.41787959861153,11.987944170630495,Sachsen-Anhalt,12.052158967715814
g000762,52.41787959861153,12.13589141279994,Sachsen-Anhalt,9.082850421244743
g000763,52.41787959861153,12.283838654969385,Brandenburg,9.479323739646265
g000764,52.41787959861153,12.431785897138829,Brandenburg,10.000053309413564
g000765,52.41787959861153,12.579733139308273,Brandenburg,12.725624918727238
g000766,52.41787959861153,12.727680381477716,Brandenburg,10.883922518113737
g000767,52.41787959861153,12.87562762364716,Brandenburg,8.995140406890709
g000768,52.41787959861153,13.023574865816604,Brandenburg,12.183314845083949
g000769,52.41787959861153,13.171522107986048,Berlin,10.337832029387476
g000770,52.41787959861153,13.319469350155492,Berlin,15.903604604531697
g000771,52.41787959861153,13.467416592324936,Brandenburg,15.185157079233871
g000772,52.41787959861153,13.61536383449438,Berlin,8.738081133269086
g000773,52.41787959861153,13.763311076663824,Brandenburg,9.3733671913067
g000774,52.41787959861153,13.911258318833267,Brandenburg,9.592645664757798
g000775,52.41787959861153,14.059205561002711,Brandenburg,16.634718965305094
g000776,52.41787959861153,14.207152803172155,Brandenburg,11.906072116842251
g000777,52.41787959861153,14.3551000453416,Brandenburg,9.61094844193082
g000778,52.41787959861153,14.503047287511045,Brandenburg,16.39936087937282
g000779,52.50771071611063,6.809790694699961,Niedersachsen,8.607808875161172
g000780,52.50771071611063,6.957737936869405,Niedersachsen,11.050473153859249
g000781,52.50771071611063,7.105685179038849,Niedersachsen,8.739856917491387
g000782,52.50771071611063,7.253632421208293,Niedersachsen,8.499011007488049
g000783,52.50771071611063,7.401579663377737,Niedersachsen,10.662334966215065
g000784,52.50771071611063,7.5495269055471805,Niedersachsen,9.966104907366294
g000785,52.50771071611063,7.697474147716624,Niedersachsen,10.424154934037995
g000786,52.50771071611063,7.845421389886068,Niedersachsen,8.740568603141835
g000787,52.50771071611063,7.993368632055512,Niedersachsen,8.768071803619426
g000788,52.50771071611063,8.141315874224956,Niedersachsen,7.885617392659636
g000789,52.50771071611063,8.2892631163944,Niedersachsen,8.634562401381988
g000790,52.50771071611063,8.437210358563844,Niedersachsen,11.407536658921913
g000791,52.50771071611063,8.733104842902732,Niedersachsen,9.736462936803099
g000792,52.50771071611063,8.881052085072175,Niedersachsen,9.516607147061057
g000793,52.50771071611063,9.02899932724162,Niedersachsen,9.562798230546132
g000794,52.50771071611063,9.176946569411063,Niedersachsen,12.507792298292943
g000795,52.50771071611063,9.324893811580507,Niedersachsen,9.490459488202651
g000796,52.50771071611063,9.472841053749953,Niedersachsen,8.808554376224892
g000797,52.50771071611063,9.620788295919397,Niedersachsen,8.35954505449373
g000798,52.50771071611063,9.76873553808884,Niedersachsen,9.944129737763848
g000799,52.50771071611063,9.916682780258284,Niedersachsen,10.007061094160495
g000800,52.50771071611063,10.064630022427728,Niedersachsen,11.713598299102408
g000801,52.50771071611063,10.21257726459717,Niedersachsen,13.060264379692855
g000802,52.50771071611063,10.360524506766614,Niedersachsen,12.778241455197355
g000803,52.50771071611063,10.508471748936058,Niedersachsen,8.082780165653292
g000804,52.50771071611063,10.656418991105502,Niedersachsen,8.631442698419445
g000805,52.50771071611063,10.804366233274946,Niedersachsen,13.352076919000444
g000806,52.50771071611063,10.95231347544439,Niedersachsen,9.102996837698727
g000807,52.50771071611063,11.100260717613834,Sachsen-Anhalt,9.229162661927218
g000808,52.50771071611063,11.248207959783278,Sachsen-Anhalt,9.105385867475663
g000809,52.50771071611063,11.39615520195272,Sachsen-Anhalt,10.143851658806158
g000810,52.50771071611063,11.544102444122164,Sachsen-Anhalt,8.529581063260242
g000811,52.50771071611063,11.69204968629161,Sachsen-Anhalt,11.74827581222992
g000812,52.50771071611063,11.839996928461051,Sachsen-Anhalt,13.04062867927706
g000813,52.50771071611063,11.987944170630495,Sachsen-Anhalt,11.982592769828269
g000814,52.50771071611063,12.13589141279994,Brandenburg,9.08561402816928
g000815,52.50771071611063,12.283838654969385,Brandenburg,9.058125709128898
g000816,52.50771071611063,12.431785897138829,Brandenburg,9.803617120805383
g000817,52.50771071611063,12.579733139308273,Brandenburg,10.15914161229223
g000818,52.50771071611063,12.727680381477716,Brandenburg,12.610024959562642
g000819,52.50771071611063,12.87562762364716,Brandenburg,14.255716405008473
g000820,52.50771071611063,13.023574865816604,Brandenburg,11.169658897548151
g000821,52.50771071611063,13.171522107986048,Berlin,12.791469402687854
g000822,52.50771071611063,13.319469350155492,Berlin,12.720578059218536
g000823,52.50771071611063,13.467416592324936,Berlin,14.177698838491855
g000824,52.50771071611063,13.61536383449438,Brandenburg,15.1409914117762
g000825,52.50771071611063,13.763311076663824,Brandenburg,10.231863566139022
g000826,52.50771071611063,13.911258318833267,Brandenburg,15.495911472647906
g000827,52.50771071611063,14.059205561002711,Brandenburg,9.535073754648971
g000828,52.50771071611063,14.207152803172155,Brandenburg,15.450832355059061
g000829,52.50771071611063,14.3551000453416,Brandenburg,13.689710442150124
g000830,52.50771071611063,14.503047287511045,Brandenburg,9.623666802352012
g000831,52.59754183360973,6.809790694699961,Niedersachsen,11.02343889912672
g000832,52.59754183360973,6.957737936869405,Niedersachsen,10.574447851634615
g000833,52.59754183360973,7.105685179038849,Niedersachsen,9.172505101877336
g000834,52.59754183360973,7.253632421208293,Niedersachsen,8.378736394701987
g000835,52.59754183360973,7.401579663377737,Niedersachsen,9.008601235984065
g000836,52.59754183360973,7.5495269055471805,Niedersachsen,11.32285556892568
g000837,52.59754183360973,7.697474147716624,Niedersachsen,9.565137990847333
g000838,52.59754183360973,7.845421389886068,Niedersachsen,9.576231357732611
g000839,52.59754183360973,7.993368632055512,Niedersachsen,11.038686110069223
g000840,52.59754183360973,8.141315874224956,Niedersachsen,11.192894097190807
g000841,52.59754183360973,8.2892631163944,Niedersachsen,9.490402811584312
g000842,52.59754183360973,8.437210358563844,Niedersachsen,9.150910529661424
g000843,52.59754183360973,8.585157600733288,Niedersachsen,11.550888210643343
g000844,52.59754183360973,8.733104842902732,Niedersachsen,13.136706528796502
g000845,52.59754183360973,8.881052085072175,Niedersachsen,8.6289560375373
g000846,52.59754183360973,9.02899932724162,Niedersachsen,8.309706427537423
g000847,52.59754183360973,9.176946569411063,Niedersachsen,13.308348104161038
g000848,52.59754183360973,9.324893811580507,Niedersachsen,10.766141388175788
g000849,52.59754183360973,9.472841053749953,Niedersachsen,10.456243603518349
g000850,52.59754183360973,9.620788295919397,Niedersachsen,9.99533003222131
g000851,52.59754183360973,9.76873553808884,Niedersachsen,8.526274470399695
g000852,52.59754183360973,9.916682780258284,Niedersachsen,8.72746584092733
g000853,52.59754183360973,10.064630022427728,Niedersachsen,8.845813105152985
g000854,52.59754183360973,10.21257726459717,Niedersachsen,8.387516608868976
g000855,52.59754183360973,10.360524506766614,Niedersachsen,8.213322844276592
g000856,52.59754183360973,10.508471748936058,Niedersachsen,8.523189908811739
g000857,52.59754183360973,10.656418991105502,Niedersachsen,9.30128232842999
g000858,52.59754183360973,10.804366233274946,Niedersachsen,8.683620091427187
g000859,52.59754183360973,10.95231347544439,Niedersachsen,10.409929296542195
g000860,52.59754183360973,11.100260717613834,Sachsen-Anhalt,10.060629071577184
g000861,52.59754183360973,11.248207959783278,Sachsen-Anhalt,8.69803852716301
g000862,52.59754183360973,11.39615520195272,Sachsen-Anhalt,10.770561257403484
g000863,52.59754183360973,11.544102444122164,Sachsen-Anhalt,9.797557586412664
g000864,52.59754183360973,11.69204968629161,Sachsen-Anhalt,9.740068145158737
g000865,52.59754183360973,11.839996928461051,Sachsen-Anhalt,10.0063124478174
g000866,52.59754183360973,11.987944170630495,Sachsen-Anhalt,13.230419013151709
g000867,52.59754183360973,12.13589141279994,Brandenburg,8.718852244462495
g000868,52.59754183360973,12.283838654969385,Brandenburg,12.590582989168325
g000869,52.59754183360973,12.431785897138829,Brandenburg,13.016650011333567
g000870,52.59754183360973,12.579733139308273,Brandenburg,16.474191118322537
g000871,52.59754183360973,12.727680381477716,Brandenburg,10.176745986942512
g000872,52.59754183360973,12.87562762364716,Brandenburg,13.70290559310346
g000873,52.59754183360973,13.023574865816604,Brandenburg,10.959433660437895
g000874,52.59754183360973,13.171522107986048,Brandenburg,9.509643954011953
g000875,52.59754183360973,13.319469350155492,Berlin,11.535665010603783
g000876,52.59754183360973,13.467416592324936,Berlin,16.753731263908332
g000877,52.59754183360973,13.61536383449438,Brandenburg,16.38358535425155
g000878,52.59754183360973,13.763311076663824,Brandenburg,16.365229357042296
g000879,52.59754183360973,13.911258318833267,Brandenburg,10.862384203612372
g000880,52.59754183360973,14.059205561002711,Brandenburg,12.736840423834927
g000881,52.59754183360973,14.207152803172155,Brandenburg,9.611746752178808
g000882,52.59754183360973,14.3551000453416,Brandenburg,9.686341615068073
g000883,52.59754183360973,14.503047287511045,Brandenburg,9.854140871392357
g000884,52.687372951108834,7.105685179038849,Niedersachsen,8.27604540331491
g000885,52.687372951108834,7.253632421208293,Niedersachsen,12.578871774746661
g000886,52.687372951108834,7.401579663377737,Niedersachsen,8.821593114233034
g000887,52.687372951108834,7.5495269055471805,Niedersachsen,9.679881928516087
g000888,52.687372951108834,7.697474147716624,Niedersachsen,9.777080022238746
g000889,52.687372951108834,7.845421389886068,Niedersachsen,9.221403868457806
g000890,52.687372951108834,7.993368632055512,Niedersachsen,9.414827642750957
g000891,52.687372951108834,8.141315874224956,Niedersachsen,10.027994649208352
g000892,52.687372951108834,8.2892631163944,Niedersachsen,9.658964739106
g000893,52.687372951108834,8.437210358563844,Niedersachsen,10.508368124344738
g000894,52.687372951108834,8.585157600733288,Niedersachsen,8.292562285492385
g000895,52.687372951108834,8.733104842902732,Niedersachsen,9.513224921868726
g000896,52.687372951108834,8.881052085072175,Niedersachsen,11.616452260448515
g000897,52.687372951108834,9.02899932724162,Niedersachsen,9.236911674606015
g000898,52.687372951108834,9.176946569411063,Niedersachsen,10.034954374906382
g000899,52.687372951108834,9.324893811580507,Niedersachsen,8.585735713830768
g000900,52.687372951108834,9.472841053749953,Niedersachsen,9.652724065584714
g000901,52.687372951108834,9.620788295919397,Niedersachsen,9.713926705842079
g000902,52.687372951108834,9.76873553808884,Niedersachsen,8.49499948135844
g000903,52.687372951108834,9.916682780258284,Niedersachsen,12.3345729658389
g000904,52.687372951108834,10.064630022427728,Niedersachsen,9.50666978670073
g000905,52.687372951108834,10.21257726459717,Niedersachsen,8.096855078229137
g000906,52.687372951108834,10.360524506766614,Niedersachsen,8.708420060808375
g000907,52.687372951108834,10.508471748936058,Niedersachsen,9.23846529216963
g000908,52.687372951108834,10.656418991105502,Niedersachsen,8.05784362474514
g000909,52.687372951108834,10.804366233274946,Niedersachsen,10.155321636795376
g000910,52.687372951108834,10.95231347544439,Sachsen-Anhalt,8.491386702998923
g000911,52.687372951108834,11.100260717613834,Sachsen-Anhalt,9.331238008059477
g000912,52.687372951108834,11.248207959783278,Sachsen-Anhalt,9.919323793754046
g000913,52.687372951108834,11.39615520195272,Sachsen-Anhalt,10.862060634610994
g000914,52.687372951108834,11.544102444122164,Sachsen-Anhalt,9.531670364407697
g000915,52.687372951108834,11.69204968629161,Sachsen-Anhalt,11.45906509614363
g000916,52.687372951108834,11.839996928461051,Sachsen-Anhalt,9.405356094738663
g000917,52.687372951108834,11.987944170630495,Sachsen-Anhalt,10.998144725682865
g000918,52.687372951108834,12.13589141279994,Sachsen-Anhalt,8.351932119083692
g000919,52.687372951108834,12.283838654969385,Brandenburg,10.22300420564865
g000920,52.687372951108834,12.431785897138829,Brandenburg,12.604142909778085
g000921,52.687372951108834,12.579733139308273,Brandenburg,10.191002844165395
g000922,52.687372951108834,12.727680381477716,Brandenburg,11.305524511558689
g000923,52.687372951108834,12.87562762364716,Brandenburg,12.685547146274219
g000924,52.687372951108834,13.023574865816604,Brandenburg,10.660942992658335
g000925,52.687372951108834,13.171522107986048,Brandenburg,12.067088664735516
g000926,52.687372951108834,13.319469350155492,Brandenburg,12.252162252827233
g000927,52.687372951108834,13.467416592324936,Brandenburg,12.371146662079585
g000928,52.687372951108834,13.61536383449438,Brandenburg,12.44101382840959
g000929,52.687372951108834,13.763311076663824,Brandenburg,14.748947511553471
g000930,52.687372951108834,13.911258318833267,Brandenburg,10.026568526201077
g000931,52.687372951108834,14.059205561002711,Brandenburg,11.843970260282596
g000932,52.687372951108834,14.207152803172155,Brandenburg,9.485419488297373
g000933,52.687372951108834,14.3551000453416,Brandenburg,16.928641237524136
g000934,52.77720406860794,7.105685179038849,Niedersachsen,8.962027138725709
g000935,52.77720406860794,7.253632421208293,Niedersachsen,12.391775770356666
g000936,52.77720406860794,7.401579663377737,Niedersachsen,12.811243862593097
g000937,52.77720406860794,7.5495269055471805,Niedersachsen,10.485261911729488
g000938,52.77720406860794,7.697474147716624,Niedersachsen,10.896695220493104
g000939,52.77720406860794,7.845421389886068,Niedersachsen,10.299176035688035
g000940,52.77720406860794,7.993368632055512,Niedersachsen,11.727642692881151
g000941,52.77720406860794,8.141315874224956,Niedersachsen,11.504442044574912
g000942,52.77720406860794,8.2892631163944,Niedersachsen,9.661612818874511
g000943,52.77720406860794,8.437210358563844,Niedersachsen,11.770677092921193
g000944,52.77720406860794,8.585157600733288,Niedersachsen,10.449794337396307
g000945,52.77720406860794,8.733104842902732,Niedersachsen,8.905534877566867
g000946,52.77720406860794,8.881052085072175,Niedersachsen,11.480928928864557
g000947,52.77720406860794,9.02899932724162,Niedersachsen,8.731484894205964
g000948,52.77720406860794,9.176946569411063,Niedersachsen,9.087299046187018
g000949,52.77720406860794,9.324893811580507,Niedersachsen,8.146538743355322
g000950,52.77720406860794,9.472841053749953,Niedersachsen,8.349900832636926
g000951,52.77720406860794,9.620788295919397,Niedersachsen,8.857438883000604
g000952,52.77720406860794,9.76873553808884,Niedersachsen,9.748510253902294
g000953,52.77720406860794,9.916682780258284,Niedersachsen,8.110862467617773
g000954,52.77720406860794,10.064630022427728,Niedersachsen,8.234716306709771
g000955,52.77720406860794,10.21257726459717,Niedersachsen,8.054413519740418
g000956,52.77720406860794,10.360524506766614,Niedersachsen,7.5040788343954254
g000957,52.77720406860794,10.508471748936058,Niedersachsen,7.837957983274419
g000958,52.77720406860794,10.656418991105502,Niedersachsen,8.038565919493983
g000959,52.77720406860794,10.804366233274946,Sachsen-Anhalt,11.321111553118534
g000960,52.77720406860794,10.95231347544439,Sachsen-Anhalt,10.354872057384474
g000961,52.77720406860794,11.100260717613834,Sachsen-Anhalt,10.651134433583616
g000962,52.77720406860794,11.248207959783278,Sachsen-Anhalt,10.53170987180602
g000963,52.77720406860794,11.39615520195272,Sachsen-Anhalt,9.470655686346264
g000964,52.77720406860794,11.544102444122164,Sachsen-Anhalt,14.752076610546546
g000965,52.77720406860794,11.69204968629161,Sachsen-Anhalt,10.73924356262365
g000966,52.77720406860794,11.839996928461051,Sachsen-Anhalt,10.34055120930599
g000967,52.77720406860794,11.987944170630495,Sachsen-Anhalt,10.576789821610596
g000968,52.77720406860794,12.13589141279994,Sachsen-Anhalt,11.270223502436066
g000969,52.77720406860794,12.283838654969385,Brandenburg,9.949877583933912
g000970,52.77720406860794,12.431785897138829,Brandenburg,10.320264565925383
g000971,52.77720406860794,12.579733139308273,Brandenburg,9.653028904040717
g000972,52.77720406860794,12.727680381477716,Brandenburg,13.99606927077098
g000973,52.77720406860794,12.87562762364716,Brandenburg,11.60007395509421
g000974,52.77720406860794,13.023574865816604,Brandenburg,12.597718968541871
g000975,52.77720406860794,13.171522107986048,Brandenburg,11.021609358976269
g000976,52.77720406860794,13.319469350155492,Brandenburg,10.410501965930546
g000977,52.77720406860794,13.467416592324936,Brandenburg,9.22108440816695
g000978,52.77720406860794,13.61536383449438,Brandenburg,9.54730045759856
g000979,52.77720406860794,13.763311076663824,Brandenburg,9.997264661540235
g000980,52.77720406860794,13.911258318833267,Brandenburg,12.348309400008205
g000981,52.77720406860794,14.059205561002711,Brandenburg,11.73692903581192
g000982,52.77720406860794,14.207152803172155,Brandenburg,14.456672221341336
g000983,52.86703518610704,7.253632421208293,Niedersachsen,8.557650713168288
g000984,52.86703518610704,7.401579663377737,Niedersachsen,11.207033775744042
g000985,52.86703518610704,7.5495269055471805,Niedersachsen,9.01589859344021
g000986,52.86703518610704,7.697474147716624,Niedersachsen,8.474781870672434
g000987,52.86703518610704,7.845421389886068,Niedersachsen,9.62756530682237
g000988,52.86703518610704,7.993368632055512,Niedersachsen,9.705648078024437
g000989,52.86703518610704,8.141315874224956,Niedersachsen,10.748335336617016
g000990,52.86703518610704,8.2892631163944,Niedersachsen,10.022903876240006
g000991,52.86703518610704,8.437210358563844,Niedersachsen,10.01700544800921
g000992,52.86703518610704,8.585157600733288,Niedersachsen,9.880149359661479
g000993,52.86703518610704,8.733104842902732,Niedersachsen,9.009001580669526
g000994,52.86703518610704,8.881052085072175,Niedersachsen,8.20041659413434
g000995,52.86703518610704,9.02899932724162,Niedersachsen,12.066754980063367
g000996,52.86703518610704,9.176946569411063,Niedersachsen,10.45502875669709
g000997,52.86703518610704,9.324893811580507,Niedersachsen,8.794616768200484
g000998,52.86703518610704,9.472841053749953,Niedersachsen,8.77894243231934
g000999,52.86703518610704,9.620788295919397,Niedersachsen,10.005463264336163
g001000,52.86703518610704,9.76873553808884,Niedersachsen,8.795022903714603
g001001,52.86703518610704,9.916682780258284,Niedersachsen,9.393460469596212
g001002,52.86703518610704,10.064630022427728,Niedersachsen,7.471293691048277
g001003,52.86703518610704,10.21257726459717,Niedersachsen,10.466688540758037
g001004,52.86703518610704,10.360524506766614,Niedersachsen,7.4379632537183635
g001005,52.86703518610704,10.508471748936058,Niedersachsen,7.961379367812337
g001006,52.86703518610704,10.656418991105502,Niedersachsen,9.64645714840587
g001007,52.86703518610704,10.804366233274946,Niedersachsen,8.852095313845593
g001008,52.86703518610704,10.95231347544439,Niedersachsen,8.522954332303646
g001009,52.86703518610704,11.100260717613834,Sachsen-Anhalt,9.91695110652563
g001010,52.86703518610704,11.248207959783278,Sachsen-Anhalt,9.65242888586575
g001011,52.86703518610704,11.39615520195272,Sachsen-Anhalt,11.1225759149042
g001012,52.86703518610704,11.544102444122164,Sachsen-Anhalt,9.305646872922807
g001013,52.86703518610704,11.69204968629161,Sachsen-Anhalt,11.264778048151536
g001014,52.86703518610704,11.839996928461051,Sachsen-Anhalt,9.606963029962976
g001015,52.86703518610704,11.987944170630495,Sachsen-Anhalt,9.890579136962076
g001016,52.86703518610704,12.13589141279994,Brandenburg,9.13828392266284
g001017,52.86703518610704,12.283838654969385,Brandenburg,11.91630015790612
g001018,52.86703518610704,12.431785897138829,Brandenburg,11.473874985202407
g001019,52.86703518610704,12.579733139308273,Brandenburg,11.760766424827167
g001020,52.86703518610704,12.727680381477716,Brandenburg,13.245431508522048
g001021,52.86703518610704,12.87562762364716,Brandenburg,15.269057892633905
g001022,52.86703518610704,13.023574865816604,Brandenburg,12.70948148458202
g001023,52.86703518610704,13.171522107986048,Brandenburg,10.427622246835638
g001024,52.86703518610704,13.319469350155492,Brandenburg,17.13291497069549
g001025,52.86703518610704,13.467416592324936,Brandenburg,9.84084545661414
g001026,52.86703518610704,13.61536383449438,Brandenburg,9.43990082597493
g001027,52.86703518610704,13.763311076663824,Brandenburg,10.461893091777721
g001028,52.86703518610704,13.911258318833267,Brandenburg,9.93741387391265
g001029,52.86703518610704,14.059205561002711,Brandenburg,12.026174714683856
g001030,52.95686630360614,7.253632421208293,Niedersachsen,9.365542186353348
g001031,52.95686630360614,7.401579663377737,Niedersachsen,10.234801035447212
g001032,52.95686630360614,7.5495269055471805,Niedersachsen,11.52865676237958
g001033,52.95686630360614,7.697474147716624,Niedersachsen,11.874336497655259
g001034,52.95686630360614,7.845421389886068,Niedersachsen,8.595192016450444
g001035,52.95686630360614,7.993368632055512,Niedersachsen,12.955385929239648
g001036,52.95686630360614,8.141315874224956,Niedersachsen,9.61112827509512
g001037,52.95686630360614,8.2892631163944,Niedersachsen,11.382044918023634
g001038,52.95686630360614,8.437210358563844,Niedersachsen,9.510602788600096
g001039,52.95686630360614,8.585157600733288,Niedersachsen,8.026237602439847
g001040,52.95686630360614,8.733104842902732,Niedersachsen,8.880386384626565
g001041,52.95686630360614,8.881052085072175,Niedersachsen,12.332444965028802
g001042,52.95686630360614,9.02899932724162,Niedersachsen,9.539613983792878
g001043,52.95686630360614,9.176946569411063,Niedersachsen,10.47293163828997
g001044,52.95686630360614,9.324893811580507,Niedersachsen,8.059026447973796
g001045,52.95686630360614,9.472841053749953,Niedersachsen,8.129247015586575
g001046,52.95686630360614,9.620788295919397,Niedersachsen,8.762229958730261
g001047,52.95686630360614,9.76873553808884,Niedersachsen,8.01176151425523
g001048,52.95686630360614,9.916682780258284,Niedersachsen,7.729687143821946
g001049,52.95686630360614,10.064630022427728,Niedersachsen,8.352957599003929
g001050,52.95686630360614,10.21257726459717,Niedersachsen,7.606712575737683
g001051,52.95686630360614,10.360524506766614,Niedersachsen,7.649434222400415
g001052,52.95686630360614,10.508471748936058,Niedersachsen,7.953622332229462
g001053,52.95686630360614,10.656418991105502,Niedersachsen,8.320208174260536
g001054,52.95686630360614,10.804366233274946,Niedersachsen,8.891711744688024
g001055,52.95686630360614,10.95231347544439,Niedersachsen,8.000138373231412
g001056,52.95686630360614,11.100260717613834,Niedersachsen,9.675742314945047
g001057,52.95686630360614,11.248207959783278,Niedersachsen,12.080666799149137
g001058,52.95686630360614,11.39615520195272,Niedersachsen,8.563295351436949
g001059,52.95686630360614,11.544102444122164,Sachsen-Anhalt,9.191176574717863
g001060,52.95686630360614,11.69204968629161,Sachsen-Anhalt,8.83522442355612
g001061,52.95686630360614,11.839996928461051,Brandenburg,10.081975221212131
g001062,52.95686630360614,11.987944170630495,Brandenburg,9.658257237948085
g001063,52.95686630360614,12.13589141279994,Brandenburg,9.8207593026946
g001064,52.95686630360614,12.283838654969385,Brandenburg,10.51990649869587
g001065,52.95686630360614,12.431785897138829,Brandenburg,11.2567701471043
g001066,52.95686630360614,12.579733139308273,Brandenburg,9.120465595363381
g001067,52.95686630360614,12.727680381477716,Brandenburg,14.571996463117259
g001068,52.95686630360614,12.87562762364716,Brandenburg,11.712869286566217
g001069,52.95686630360614,13.023574865816604,Brandenburg,11.707611521440748
g001070,52.95686630360614,13.171522107986048,Brandenburg,14.488236129187761
g001071,52.95686630360614,13.319469350155492,Brandenburg,15.963419503639768
g001072,52.95686630360614,13.467416592324936,Brandenburg,10.488801873854323
g001073,52.95686630360614,13.61536383449438,Brandenburg,10.340291847799268
g001074,52.95686630360614,13.763311076663824,Brandenburg,8.527638425759312
g001075,52.95686630360614,13.911258318833267,Brandenburg,14.310430656896193
g001076,52.95686630360614,14.059205561002711,Brandenburg,12.500420005921596
g001077,53.04669742110524,7.253632421208293,Niedersachsen,10.080866306158978
g001078,53.04669742110524,7.401579663377737,Niedersachsen,11.095574278498228
g001079,53.04669742110524,7.5495269055471805,Niedersachsen,8.911535896675904
g001080,53.04669742110524,7.697474147716624,Niedersachsen,7.849188362428468
g001081,53.04669742110524,7.845421389886068,Niedersachsen,11.428927518425777
g001082,53.04669742110524,7.993368632055512,Niedersachsen,10.227346953081069
g001083,53.04669742110524,8.141315874224956,Niedersachsen,9.235171698115211
g001084,53.04669742110524,8.2892631163944,Niedersachsen,9.405652022190417
g001085,53.04669742110524,8.437210358563844,Niedersachsen,9.391572185458113
g001086,53.04669742110524,8.585157600733288,Niedersachsen,8.893644025899533
g001087,53.04669742110524,8.733104842902732,Bremen,10.10921053386823
g001088,53.04669742110524,8.881052085072175,Bremen,11.224822242709172
g001089,53.04669742110524,9.02899932724162,Niedersachsen,9.8481415878259
g001090,53.04669742110524,9.176946569411063,Niedersachsen,8.378500677387411
g001091,53.04669742110524,9.324893811580507,Niedersachsen,9.018579540157948
g001092,53.04669742110524,9.472841053749953,Niedersachsen,9.40994557431537
g001093,53.04669742110524,9.620788295919397,Niedersachsen,10.078965536604269
g001094,53.04669742110524,9.76873553808884,Niedersachsen,10.247232285017061
g001095,53.04669742110524,9.916682780258284,Niedersachsen,8.383015702348814
g001096,53.04669742110524,10.064630022427728,Niedersachsen,7.970563150304132
g001097,53.04669742110524,10.21257726459717,Niedersachsen,8.992171651145064
g001098,53.04669742110524,10.360524506766614,Niedersachsen,7.82004000714472
g001099,53.04669742110524,10.508471748936058,Niedersachsen,7.785075537296318
g001100,53.04669742110524,10.656418991105502,Niedersachsen,10.19087940411466
g001101,53.04669742110524,10.804366233274946,Niedersachsen,10.07340876755277
g001102,53.04669742110524,10.95231347544439,Niedersachsen,7.453274885486246
g001103,53.04669742110524,11.100260717613834,Niedersachsen,10.074400244660065
g001104,53.04669742110524,11.248207959783278,Niedersachsen,8.978276284377067
g001105,53.04669742110524,11.39615520195272,Niedersachsen,8.632198788042972
g001106,53.04669742110524,11.544102444122164,Niedersachsen,8.539515411462821
g001107,53.04669742110524,11.69204968629161,Brandenburg,9.507740060064934
g001108,53.04669742110524,11.839996928461051,Brandenburg,8.840898691047224
g001109,53.04669742110524,11.987944170630495,Brandenburg,9.710714796611459
g001110,53.04669742110524,12.13589141279994,Brandenburg,12.060646891642266
g001111,53.04669742110524,12.283838654969385,Brandenburg,9.091333494101228
g001112,53.04669742110524,12.431785897138829,Brandenburg,9.12675712672436
g001113,53.04669742110524,12.579733139308273,Brandenburg,10.079004452501232
g001114,53.04669742110524,12.727680381477716,Brandenburg,9.93248507380463
g001115,53.04669742110524,12.87562762364716,Brandenburg,12.766754796945524
g001116,53.04669742110524,13.023574865816604,Brandenburg,14.455201600127632
g001117,53.04669742110524,13.171522107986048,Brandenburg,15.648061437383639
g001118,53.04669742110524,13.319469350155492,Brandenburg,8.59666989740279
g001119,53.04669742110524,13.467416592324936,Brandenburg,9.532403738975292
g001120,53.04669742110524,13.61536383449438,Brandenburg,8.88838627659968
g001121,53.04669742110524,13.763311076663824,Brandenburg,10.245937734241833
g001122,53.04669742110524,13.911258318833267,Brandenburg,9.266606566934744
g001123,53.04669742110524,14.059205561002711,Brandenburg,16.476322327433618
g001124,53.04669742110524,14.207152803172155,Brandenburg,14.55012003321174
g001125,53.136528538604345,7.253632421208293,Niedersachsen,11.815035722027078
g001126,53.136528538604345,7.401579663377737,Niedersachsen,12.293982769794537
g001127,53.136528538604345,7.5495269055471805,Niedersachsen,9.556950371888705
g001128,53.136528538604345,7.697474147716624,Niedersachsen,9.405472034671384
g001129,53.136528538604345,7.845421389886068,Niedersachsen,10.914722110594038
g001130,53.136528538604345,7.993368632055512,Niedersachsen,9.144359390285091
g001131,53.136528538604345,8.141315874224956,Niedersachsen,9.489914790621745
g001132,53.136528538604345,8.2892631163944,Niedersachsen,8.650016574566697
g001133,53.136528538604345,8.437210358563844,Niedersachsen,8.334658767335076
g001134,53.136528538604345,8.585157600733288,Niedersachsen,7.846212354256532
g001135,53.136528538604345,8.733104842902732,Bremen,9.468032717948061
g001136,53.136528538604345,8.881052085072175,Niedersachsen,8.951829282357313
g001137,53.136528538604345,9.02899932724162,Niedersachsen,10.165094008093872
g001138,53.136528538604345,9.176946569411063,Niedersachsen,10.996271915857873
g001139,53.136528538604345,9.324893811580507,Niedersachsen,9.997396143764783
g001140,53.136528538604345,9.472841053749953,Niedersachsen,10.231116292839383
g001141,53.136528538604345,9.620788295919397,Niedersachsen,9.279502580820518
g001142,53.136528538604345,9.76873553808884,Niedersachsen,9.241519800699214
g001143,53.136528538604345,9.916682780258284,Niedersachsen,9.376310671241036
g001144,53.136528538604345,10.064630022427728,Niedersachsen,7.641465833281446
g001145,53.136528538604345,10.21257726459717,Niedersachsen,9.756414632852112
g001146,53.136528538604345,10.360524506766614,Niedersachsen,8.435942558359672
g001147,53.136528538604345,10.508471748936058,Niedersachsen,8.590503717211693
g001148,53.136528538604345,10.656418991105502,Niedersachsen,9.057485647947637
g001149,53.136528538604345,10.804366233274946,Niedersachsen,7.400384729960058
g001150,53.136528538604345,10.95231347544439,Niedersachsen,10.725558946859953
g001151,53.136528538604345,11.100260717613834,Niedersachsen,8.71379376008736
g001152,53.136528538604345,11.248207959783278,Mecklenburg-Vorpommern,10.476218029782142
g001153,53.136528538604345,11.39615520195272,Mecklenburg-Vorpommern,9.076211201663526
g001154,53.136528538604345,11.544102444122164,Brandenburg,8.299017424979105
g001155,53.136528538604345,11.69204968629161,Brandenburg,8.70214853125881
g001156,53.136528538604345,11.839996928461051,Brandenburg,10.549324996793251
g001157,53.136528538604345,11.987944170630495,Brandenburg,10.225563513953983
g001158,53.136528538604345,12.13589141279994,Brandenburg,11.769157308399182
g001159,53.136528538604345,12.283838654969385,Brandenburg,9.789496959294915
g001160,53.136528538604345,12.431785897138829,Brandenburg,10.924547896108658
g001161,53.136528538604345,12.579733139308273,Brandenburg,7.7867504501220814
g001162,53.136528538604345,12.727680381477716,Brandenburg,12.33719272033022
g001163,53.136528538604345,12.87562762364716,Brandenburg,8.327857062590208
g001164,53.136528538604345,13.023574865816604,Brandenburg,8.155336510830288
g001165,53.136528538604345,13.171522107986048,Brandenburg,8.874645410650231
g001166,53.136528538604345,13.319469350155492,Brandenburg,8.592193066437051
g001167,53.136528538604345,13.467416592324936,Brandenburg,12.351697750978829
g001168,53.136528538604345,13.61536383449438,Brandenburg,9.001494776192427
g001169,53.136528538604345,13.763311076663824,Brandenburg,11.209155452665337
g001170,53.136528538604345,13.911258318833267,Brandenburg,10.660213754944348
g001171,53.136528538604345,14.059205561002711,Brandenburg,11.960482719941949
g001172,53.136528538604345,14.207152803172155,Brandenburg,11.481506071885146
g001173,53.136528538604345,14.3551000453416,Brandenburg,10.40975968784319
g001174,53.22635965610345,7.253632421208293,Niedersachsen,13.323790823164467
g001175,53.22635965610345,7.401579663377737,Niedersachsen,7.9969437934991605
g001176,53.22635965610345,7.5495269055471805,Niedersachsen,8.373579214202643
g001177,53.22635965610345,7.697474147716624,Niedersachsen,8.983701621006134
g001178,53.22635965610345,7.845421389886068,Niedersachsen,9.76230656597324
g001179,53.22635965610345,7.993368632055512,Niedersachsen,9.974362494672498
g001180,53.22635965610345,8.141315874224956,Niedersachsen,10.775760949683248
g001181,53.22635965610345,8.2892631163944,Niedersachsen,8.790754109192253
g001182,53.22635965610345,8.437210358563844,Niedersachsen,10.995445653760223
g001183,53.22635965610345,8.585157600733288,Niedersachsen,9.902479906855454
g001184,53.22635965610345,8.733104842902732,Niedersachsen,8.351460681297107
g001185,53.22635965610345,8.881052085072175,Niedersachsen,9.99118503662737
g001186,53.22635965610345,9.02899932724162,Niedersachsen,9.049750870883983
g001187,53.22635965610345,9.176946569411063,Niedersachsen,8.558937794282244
g001188,53.22635965610345,9.324893811580507,Niedersachsen,10.005428074631824
g001189,53.22635965610345,9.472841053749953,Niedersachsen,11.03301842331665
g001190,53.22635965610345,9.620788295919397,Niedersachsen,9.825862306924268
g001191,53.22635965610345,9.76873553808884,Niedersachsen,8.915456835765944
g001192,53.22635965610345,9.916682780258284,Niedersachsen,9.396216847123428
g001193,53.22635965610345,10.064630022427728,Niedersachsen,7.299687591357607
g001194,53.22635965610345,10.21257726459717,Niedersachsen,8.534903354447362
g001195,53.22635965610345,10.360524506766614,Niedersachsen,9.141067125654562
g001196,53.22635965610345,10.508471748936058,Niedersachsen,11.059788855258656
g001197,53.22635965610345,10.656418991105502,Niedersachsen,8.39672570563151
g001198,53.22635965610345,10.804366233274946,Niedersachsen,7.599094121375753
g001199,53.22635965610345,10.95231347544439,Mecklenburg-Vorpommern,8.15216843645865
g001200,53.22635965610345,11.100260717613834,Mecklenburg-Vorpommern,9.879316556427389
g001201,53.22635965610345,11.248207959783278,Mecklenburg-Vorpommern,8.09815612141369
g001202,53.22635965610345,11.39615520195272,Mecklenburg-Vorpommern,11.200042986287116
g001203,53.22635965610345,11.544102444122164,Mecklenburg-Vorpommern,8.442877919461047
g001204,53.22635965610345,11.69204968629161,Brandenburg,10.985908593619696
g001205,53.22635965610345,11.839996928461051,Brandenburg,8.93186006747356
g001206,53.22635965610345,11.987944170630495,Brandenburg,9.599350029895449
g001207,53.22635965610345,12.13589141279994,Brandenburg,15.830787357768077
g001208,53.22635965610345,12.283838654969385,Brandenburg,14.723596821751295
g001209,53.22635965610345,12.431785897138829,Brandenburg,10.938576149925256
g001210,53.22635965610345,12.579733139308273,Brandenburg,8.388689233337098
g001211,53.22635965610345,12.727680381477716,Mecklenburg-Vorpommern,10.575719034533437
g001212,53.22635965610345,12.87562762364716,Mecklenburg-Vorpommern,10.409483657283372
g001213,53.22635965610345,13.023574865816604,Mecklenburg-Vorpommern,7.860886512432098
g001214,53.22635965610345,13.171522107986048,Brandenburg,8.577716783248972
g001215,53.22635965610345,13.319469350155492,Brandenburg,9.18359230925116
g001216,53.22635965610345,13.467416592324936,Brandenburg,8.366952348549685
g001217,53.22635965610345,13.61536383449438,Brandenburg,13.424302958735362
g001218,53.22635965610345,13.763311076663824,Brandenburg,9.598777523921031
g001219,53.22635965610345,13.911258318833267,Brandenburg,12.817851237118017
g001220,53.22635965610345,14.059205561002711,Brandenburg,11.629884632539683
g001221,53.22635965610345,14.207152803172155,Brandenburg,14.803991811422557
g001222,53.22635965610345,14.3551000453416,Brandenburg,11.431595345606734
g001223,53.31619077360255,7.253632421208293,Niedersachsen,8.165023449723403
g001224,53.31619077360255,7.401579663377737,Niedersachsen,7.54526637151241
g001225,53.31619077360255,7.5495269055471805,Niedersachsen,8.586207891630863
g001226,53.31619077360255,7.697474147716624,Niedersachsen,9.852042979248932
g001227,53.31619077360255,7.845421389886068,Niedersachsen,12.27246023162912
g001228,53.31619077360255,7.993368632055512,Niedersachsen,9.833736143997472
g001229,53.31619077360255,8.141315874224956,Niedersachsen,9.675083074008068
g001230,53.31619077360255,8.2892631163944,Niedersachsen,8.473873888622032
g001231,53.31619077360255,8.437210358563844,Niedersachsen,8.458535648461169
g001232,53.31619077360255,8.585157600733288,Niedersachsen,10.499094025793728
g001233,53.31619077360255,8.733104842902732,Niedersachsen,9.29215940252051
g001234,53.31619077360255,8.881052085072175,Niedersachsen,8.839040868926165
g001235,53.31619077360255,9.02899932724162,Niedersachsen,13.104023523981393
g001236,53.31619077360255,9.176946569411063,Niedersachsen,8.370761370051053
g001237,53.31619077360255,9.324893811580507,Niedersachsen,9.720939463604248
g001238,53.31619077360255,9.472841053749953,Niedersachsen,9.701777405417344
g001239,53.31619077360255,9.620788295919397,Niedersachsen,10.774970770993612
g001240,53.31619077360255,9.76873553808884,Niedersachsen,11.61559734307535
g001241,53.31619077360255,9.916682780258284,Niedersachsen,10.282320019855002
g001242,53.31619077360255,10.064630022427728,Niedersachsen,9.134695760331148
g001243,53.31619077360255,10.21257726459717,Niedersachsen,8.682763005179158
g001244,53.31619077360255,10.360524506766614,Niedersachsen,9.11651846626382
g001245,53.31619077360255,10.508471748936058,Niedersachsen,9.082234199541372
g001246,53.31619077360255,10.656418991105502,Niedersachsen,9.595145417773745
g001247,53.31619077360255,10.804366233274946,Mecklenburg-Vorpommern,12.081269699139707
g001248,53.31619077360255,10.95231347544439,Mecklenburg-Vorpommern,9.339993323688054
g001249,53.31619077360255,11.100260717613834,Mecklenburg-Vorpommern,9.62748896924339
g001250,53.31619077360255,11.248207959783278,Mecklenburg-Vorpommern,9.676921165909055
g001251,53.31619077360255,11.39615520195272,Mecklenburg-Vorpommern,9.815961700701353
g001252,53.31619077360255,11.544102444122164,Mecklenburg-Vorpommern,7.3405230718575565
g001253,53.31619077360255,11.69204968629161,Mecklenburg-Vorpommern,11.852159692057528
g001254,53.31619077360255,11.839996928461051,Mecklenburg-Vorpommern,9.132943202653202
g001255,53.31619077360255,11.987944170630495,Mecklenburg-Vorpommern,12.351907338819498
g001256,53.31619077360255,12.13589141279994,Brandenburg,9.693738804361272
g001257,53.31619077360255,12.283838654969385,Brandenburg,12.962260832500396
g001258,53.31619077360255,12.431785897138829,Mecklenburg-Vorpommern,8.492329526883967
g001259,53.31619077360255,12.579733139308273,Mecklenburg-Vorpommern,9.642303631757194
g001260,53.31619077360255,12.727680381477716,Mecklenburg-Vorpommern,9.464535635195984
g001261,53.31619077360255,12.87562762364716,Mecklenburg-Vorpommern,9.688417586954076
g001262,53.31619077360255,13.023574865816604,Mecklenburg-Vorpommern,8.966464662705327
g001263,53.31619077360255,13.171522107986048,Mecklenburg-Vorpommern,9.159617643044996
g001264,53.31619077360255,13.319469350155492,Mecklenburg-Vorpommern,8.087567884403477
g001265,53.31619077360255,13.467416592324936,Mecklenburg-Vorpommern,8.334059873282062
g001266,53.31619077360255,13.61536383449438,Brandenburg,10.4867452399201
g001267,53.31619077360255,13.763311076663824,Brandenburg,11.729429690885764
g001268,53.31619077360255,13.911258318833267,Brandenburg,12.84643809236994
g001269,53.31619077360255,14.059205561002711,Brandenburg,13.7275257401556
g001270,53.31619077360255,14.207152803172155,Mecklenburg-Vorpommern,14.620517807510543
g001271,53.31619077360255,14.3551000453416,Brandenburg,16.20973046878544
g001272,53.40602189110165,7.105685179038849,Niedersachsen,9.43275115929804
g001273,53.40602189110165,7.253632421208293,Niedersachsen,8.053649381357884
g001274,53.40602189110165,7.401579663377737,Niedersachsen,8.346328090897375
g001275,53.40602189110165,7.5495269055471805,Niedersachsen,8.626890079337635
g001276,53.40602189110165,7.697474147716624,Niedersachsen,8.971950768788302
g001277,53.40602189110165,7.845421389886068,Niedersachsen,10.313101185615988
g001278,53.40602189110165,7.993368632055512,Niedersachsen,9.538043806191395
g001279,53.40602189110165,8.141315874224956,Niedersachsen,10.396666237008809
g001280,53.40602189110165,8.2892631163944,Niedersachsen,8.223880226921631
g001281,53.40602189110165,8.437210358563844,Niedersachsen,8.117575046853972
g001282,53.40602189110165,8.585157600733288,Niedersachsen,8.370631940477404
g001283,53.40602189110165,8.733104842902732,Niedersachsen,8.945355746400445
g001284,53.40602189110165,8.881052085072175,Niedersachsen,8.997637274085331
g001285,53.40602189110165,9.02899932724162,Niedersachsen,8.799904276534338
g001286,53.40602189110165,9.176946569411063,Niedersachsen,8.686747601038366
g001287,53.40602189110165,9.324893811580507,Niedersachsen,9.473453041148924
g001288,53.40602189110165,9.472841053749953,Niedersachsen,12.001801250848574
g001289,53.40602189110165,9.620788295919397,Niedersachsen,10.414203672140578
g001290,53.40602189110165,9.76873553808884,Niedersachsen,8.767790870817509
g001291,53.40602189110165,9.916682780258284,Niedersachsen,8.990854905034913
g001292,53.40602189110165,10.064630022427728,Niedersachsen,8.814162310162436
g001293,53.40602189110165,10.21257726459717,Hamburg,10.980248404004893
g001294,53.40602189110165,10.360524506766614,Niedersachsen,9.994291573483078
g001295,53.40602189110165,10.508471748936058,Schleswig-Holstein,11.577627895598951
g001296,53.40602189110165,10.656418991105502,Mecklenburg-Vorpommern,10.631476196175075
g001297,53.40602189110165,10.804366233274946,Mecklenburg-Vorpommern,10.69970830463851
g001298,53.40602189110165,10.95231347544439,Mecklenburg-Vorpommern,11.853047716650307
g001299,53.40602189110165,11.100260717613834,Mecklenburg-Vorpommern,9.29471228954738
g001300,53.40602189110165,11.248207959783278,Mecklenburg-Vorpommern,9.182116761563007
g001301,53.40602189110165,11.39615520195272,Mecklenburg-Vorpommern,8.320208174260536
g001302,53.40602189110165,11.544102444122164,Mecklenburg-Vorpommern,7.862937460805049
g001303,53.40602189110165,11.69204968629161,Mecklenburg-Vorpommern,12.703942270431924
g001304,53.40602189110165,11.839996928461051,Mecklenburg-Vorpommern,8.547831318899073
g001305,53.40602189110165,11.987944170630495,Mecklenburg-Vorpommern,9.645275747577056
g001306,53.40602189110165,12.13589141279994,Mecklenburg-Vorpommern,9.861423959235927
g001307,53.40602189110165,12.283838654969385,Mecklenburg-Vorpommern,8.777787846786257
g001308,53.40602189110165,12.431785897138829,Mecklenburg-Vorpommern,11.991217110090387
g001309,53.40602189110165,12.579733139308273,Mecklenburg-Vorpommern,8.958403801392494
g001310,53.40602189110165,12.727680381477716,Mecklenburg-Vorpommern,9.24084476612841
g001311,53.40602189110165,12.87562762364716,Mecklenburg-Vorpommern,8.455695801691688
g001312,53.40602189110165,13.023574865816604,Mecklenburg-Vorpommern,11.360064692891104
g001313,53.40602189110165,13.171522107986048,Mecklenburg-Vorpommern,8.00478028395001
g001314,53.40602189110165,13.319469350155492,Mecklenburg-Vorpommern,10.784857246200534
g001315,53.40602189110165,13.467416592324936,Mecklenburg-Vorpommern,9.487859919877014
g001316,53.40602189110165,13.61536383449438,Brandenburg,11.27128990601487
g001317,53.40602189110165,13.763311076663824,Mecklenburg-Vorpommern,13.378818409661493
g001318,53.40602189110165,13.911258318833267,Brandenburg,11.045655700032686
g001319,53.40602189110165,14.059205561002711,Mecklenburg-Vorpommern,9.09331287435271
g001320,53.40602189110165,14.207152803172155,Mecklenburg-Vorpommern,10.397316703260795
g001321,53.40602189110165,14.3551000453416,Mecklenburg-Vorpommern,13.296704273484195
g001322,53.495853008600754,7.105685179038849,Niedersachsen,8.573416221497524
g001323,53.495853008600754,7.253632421208293,Niedersachsen,9.232787751616856
g001324,53.495853008600754,7.401579663377737,Niedersachsen,9.724723218187705
g001325,53.495853008600754,7.5495269055471805,Niedersachsen,9.366603654726651
g001326,53.495853008600754,7.697474147716624,Niedersachsen,8.749196497822073
g001327,53.495853008600754,7.845421389886068,Niedersachsen,9.836973466476566
g001328,53.495853008600754,7.993368632055512,Niedersachsen,9.256338399618638
g001329,53.495853008600754,8.437210358563844,Niedersachsen,8.593785012630958
g001330,53.495853008600754,8.585157600733288,Bremen,10.603993576118151
g001331,53.495853008600754,8.733104842902732,Niedersachsen,11.380727494617423
g001332,53.495853008600754,8.881052085072175,Niedersachsen,8.934536671439547
g001333,53.495853008600754,9.02899932724162,Niedersachsen,9.127811795637717
g001334,53.495853008600754,9.176946569411063,Niedersachsen,8.848016723824665
g001335,53.495853008600754,9.324893811580507,Niedersachsen,9.726312257829083
g001336,53.495853008600754,9.472841053749953,Niedersachsen,8.826403291562876
g001337,53.495853008600754,9.620788295919397,Niedersachsen,11.146800282687392
g001338,53.495853008600754,9.76873553808884,Hamburg,9.629519448658446
g001339,53.495853008600754,9.916682780258284,Hamburg,8.775366912748366
g001340,53.495853008600754,10.064630022427728,Hamburg,8.753901851376673
g001341,53.495853008600754,10.21257726459717,Schleswig-Holstein,11.273850388856848
g001342,53.495853008600754,10.360524506766614,Schleswig-Holstein,10.474762198540128
g001343,53.495853008600754,10.508471748936058,Schleswig-Holstein,9.635540151367575
g001344,53.495853008600754,10.656418991105502,Schleswig-Holstein,11.206210153567108
g001345,53.495853008600754,10.804366233274946,Mecklenburg-Vorpommern,8.344756092182926
g001346,53.495853008600754,10.95231347544439,Mecklenburg-Vorpommern,11.942763154674111
g001347,53.495853008600754,11.100260717613834,Mecklenburg-Vorpommern,11.441450837438556
g001348,53.495853008600754,11.248207959783278,Mecklenburg-Vorpommern,9.074298276321503
g001349,53.495853008600754,11.39615520195272,Mecklenburg-Vorpommern,9.487697081731563
g001350,53.495853008600754,11.544102444122164,Mecklenburg-Vorpommern,7.910162149638451
g001351,53.495853008600754,11.69204968629161,Mecklenburg-Vorpommern,11.079414839732525
g001352,53.495853008600754,11.839996928461051,Mecklenburg-Vorpommern,10.258439761428253
g001353,53.495853008600754,11.987944170630495,Mecklenburg-Vorpommern,11.382185002967452
g001354,53.495853008600754,12.13589141279994,Mecklenburg-Vorpommern,9.108465257063264
g001355,53.495853008600754,12.283838654969385,Mecklenburg-Vorpommern,10.049938570046077
g001356,53.495853008600754,12.431785897138829,Mecklenburg-Vorpommern,9.990403886092286
g001357,53.495853008600754,12.579733139308273,Mecklenburg-Vorpommern,10.494024327095806
g001358,53.495853008600754,12.727680381477716,Mecklenburg-Vorpommern,8.250295068227915
g001359,53.495853008600754,12.87562762364716,Mecklenburg-Vorpommern,9.179898819453612
g001360,53.495853008600754,13.023574865816604,Mecklenburg-Vorpommern,9.509317069815516
g001361,53.495853008600754,13.171522107986048,Mecklenburg-Vorpommern,8.44981481365686
g001362,53.495853008600754,13.319469350155492,Mecklenburg-Vorpommern,12.968205286678554
g001363,53.495853008600754,13.467416592324936,Mecklenburg-Vorpommern,9.841837477825491
g001364,53.495853008600754,13.61536383449438,Mecklenburg-Vorpommern,8.79175037537633
g001365,53.495853008600754,13.763311076663824,Mecklenburg-Vorpommern,10.086720147561664
g001366,53.495853008600754,13.911258318833267,Mecklenburg-Vorpommern,14.396223395314772
g001367,53.495853008600754,14.059205561002711,Mecklenburg-Vorpommern,11.945543791426006
g001368,53.495853008600754,14.207152803172155,Mecklenburg-Vorpommern,10.51640457501578
g001369,53.585684126099856,7.105685179038849,Niedersachsen,7.512347509609883
g001370,53.585684126099856,7.253632421208293,Niedersachsen,10.167908667215775
g001371,53.585684126099856,7.401579663377737,Niedersachsen,9.452352799585462
g001372,53.585684126099856,7.5495269055471805,Niedersachsen,8.842396319261379
g001373,53.585684126099856,7.697474147716624,Niedersachsen,8.495621521649454
g001374,53.585684126099856,7.845421389886068,Niedersachsen,8.426104852889178
g001375,53.585684126099856,7.993368632055512,Niedersachsen,8.750429684331646
g001376,53.585684126099856,8.2892631163944,Niedersachsen,7.787783475798724
g001377,53.585684126099856,8.585157600733288,Niedersachsen,9.662000600968033
g001378,53.585684126099856,8.733104842902732,Niedersachsen,8.95994995012804
g001379,53.585684126099856,8.881052085072175,Niedersachsen,8.502053263586548
g001380,53.585684126099856,9.02899932724162,Niedersachsen,8.941876248636685
g001381,53.585684126099856,9.176946569411063,Niedersachsen,8.908462770878991
g001382,53.585684126099856,9.324893811580507,Niedersachsen,9.0071387782449
g001383,53.585684126099856,9.472841053749953,Niedersachsen,10.95056671267202
g001384,53.585684126099856,9.76873553808884,Hamburg,9.338746885186984
g001385,53.585684126099856,9.916682780258284,Hamburg,10.031213046755463
g001386,53.585684126099856,10.064630022427728,Hamburg,9.051101682644704
g001387,53.585684126099856,10.21257726459717,Schleswig-Holstein,11.185002786455758
g001388,53.585684126099856,10.360524506766614,Schleswig-Holstein,9.575559099593608
g001389,53.585684126099856,10.508471748936058,Schleswig-Holstein,10.729340328075706
g001390,53.585684126099856,10.656418991105502,Schleswig-Holstein,12.985271755281191
g001391,53.585684126099856,10.804366233274946,Schleswig-Holstein,13.654427688333305
g001392,53.585684126099856,10.95231347544439,Mecklenburg-Vorpommern,8.437704372863042
g001393,53.585684126099856,11.100260717613834,Mecklenburg-Vorpommern,9.784109379179984
g001394,53.585684126099856,11.248207959783278,Mecklenburg-Vorpommern,11.102840466407033
g001395,53.585684126099856,11.39615520195272,Mecklenburg-Vorpommern,9.720579635024945
g001396,53.585684126099856,11.544102444122164,Mecklenburg-Vorpommern,7.911613966812973
g001397,53.585684126099856,11.69204968629161,Mecklenburg-Vorpommern,11.224363212464858
g001398,53.585684126099856,11.839996928461051,Mecklenburg-Vorpommern,10.218523541297834
g001399,53.585684126099856,11.987944170630495,Mecklenburg-Vorpommern,12.837250490103967
g001400,53.585684126099856,12.13589141279994,Mecklenburg-Vorpommern,9.62292968588682
g001401,53.585684126099856,12.283838654969385,Mecklenburg-Vorpommern,7.299451242315073
g001402,53.585684126099856,12.431785897138829,Mecklenburg-Vorpommern,11.30758996544234
g001403,53.585684126099856,12.579733139308273,Mecklenburg-Vorpommern,14.698611051718427
g001404,53.585684126099856,12.727680381477716,Mecklenburg-Vorpommern,10.293674936885466
g001405,53.585684126099856,12.87562762364716,Mecklenburg-Vorpommern,14.274336427182954
g001406,53.585684126099856,13.023574865816604,Mecklenburg-Vorpommern,8.463058753565257
g001407,53.585684126099856,13.171522107986048,Mecklenburg-Vorpommern,8.566304789515453
g001408,53.585684126099856,13.319469350155492,Mecklenburg-Vorpommern,8.598781979467292
g001409,53.585684126099856,13.467416592324936,Mecklenburg-Vorpommern,9.962969476229173
g001410,53.585684126099856,13.61536383449438,Mecklenburg-Vorpommern,12.692941612157316
g001411,53.585684126099856,13.763311076663824,Mecklenburg-Vorpommern,11.758624299628346
g001412,53.585684126099856,13.911258318833267,Mecklenburg-Vorpommern,8.833622845111044
g001413,53.585684126099856,14.059205561002711,Mecklenburg-Vorpommern,8.603314515650633
g001414,53.585684126099856,14.207152803172155,Mecklenburg-Vorpommern,10.939581915664077
g001415,53.67551524359896,6.957737936869405,Niedersachsen,7.361901250511954
g001416,53.67551524359896,7.401579663377737,Niedersachsen,11.74129479101991
g001417,53.67551524359896,7.5495269055471805,Niedersachsen,7.540266548862981
g001418,53.67551524359896,7.697474147716624,Niedersachsen,8.187596421521917
g001419,53.67551524359896,7.845421389886068,Niedersachsen,8.912779583639598
g001420,53.67551524359896,7.993368632055512,Niedersachsen,10.083445490743387
g001421,53.67551524359896,8.585157600733288,Niedersachsen,9.711385669156215
g001422,53.67551524359896,8.733104842902732,Niedersachsen,8.18408823880643
g001423,53.67551524359896,8.881052085072175,Niedersachsen,8.914516338219466
g001424,53.67551524359896,9.02899932724162,Niedersachsen,9.437279085421377
g001425,53.67551524359896,9.176946569411063,Niedersachsen,9.077224440166525
g001426,53.67551524359896,9.324893811580507,Niedersachsen,9.56548185124168
g001427,53.67551524359896,9.472841053749953,Niedersachsen,8.713238548974926
g001428,53.67551524359896,9.620788295919397,Schleswig-Holstein,13.467327327773882
g001429,53.67551524359896,9.76873553808884,Schleswig-Holstein,10.201037677080071
g001430,53.67551524359896,9.916682780258284,Schleswig-Holstein,8.822706957808165
g001431,53.67551524359896,10.064630022427728,Hamburg,10.11933706704925
g001432,53.67551524359896,10.21257726459717,Schleswig-Holstein,10.202190626608761
g001433,53.67551524359896,10.360524506766614,Schleswig-Holstein,9.9862564807685
g001434,53.67551524359896,10.508471748936058,Schleswig-Holstein,11.456382677936897
g001435,53.67551524359896,10.656418991105502,Schleswig-Holstein,8.853818634185467
g001436,53.67551524359896,10.804366233274946,Schleswig-Holstein,8.554188199436368
g001437,53.67551524359896,10.95231347544439,Mecklenburg-Vorpommern,9.23841905584733
g001438,53.67551524359896,11.100260717613834,Mecklenburg-Vorpommern,9.348832468536003
g001439,53.67551524359896,11.248207959783278,Mecklenburg-Vorpommern,9.954865692676476
g001440,53.67551524359896,11.39615520195272,Mecklenburg-Vorpommern,7.916676458769179
g001441,53.67551524359896,11.544102444122164,Mecklenburg-Vorpommern,7.702818985016053
g001442,53.67551524359896,11.69204968629161,Mecklenburg-Vorpommern,8.342194982963724
g001443,53.67551524359896,11.839996928461051,Mecklenburg-Vorpommern,10.47067597721166
g001444,53.67551524359896,11.987944170630495,Mecklenburg-Vorpommern,10.50838521164776
g001445,53.67551524359896,12.13589141279994,Mecklenburg-Vorpommern,11.503734860697904
g001446,53.67551524359896,12.283838654969385,Mecklenburg-Vorpommern,8.71802835172952
g001447,53.67551524359896,12.431785897138829,Mecklenburg-Vorpommern,9.763787124403466
g001448,53.67551524359896,12.579733139308273,Mecklenburg-Vorpommern,12.589974286551033
g001449,53.67551524359896,12.727680381477716,Mecklenburg-Vorpommern,9.807741030108655
g001450,53.67551524359896,12.87562762364716,Mecklenburg-Vorpommern,11.149697325720535
g001451,53.67551524359896,13.023574865816604,Mecklenburg-Vorpommern,8.949261938664844
g001452,53.67551524359896,13.171522107986048,Mecklenburg-Vorpommern,9.375946771058098
g001453,53.67551524359896,13.319469350155492,Mecklenburg-Vorpommern,9.540300872627498
g001454,53.67551524359896,13.467416592324936,Mecklenburg-Vorpommern,14.178506528836792
g001455,53.67551524359896,13.61536383449438,Mecklenburg-Vorpommern,9.168549496938608
g001456,53.67551524359896,13.763311076663824,Mecklenburg-Vorpommern,8.754250644062003
g001457,53.67551524359896,13.911258318833267,Mecklenburg-Vorpommern,11.16477854116603
g001458,53.67551524359896,14.059205561002711,Mecklenburg-Vorpommern,9.142922076071626
g001459,53.67551524359896,14.207152803172155,Mecklenburg-Vorpommern,9.755466414999324
g001460,53.76534636109806,7.697474147716624,Niedersachsen,7.962788896466251
g001461,53.76534636109806,8.585157600733288,Niedersachsen,8.586549556774138
g001462,53.76534636109806,8.733104842902732,Niedersachsen,8.9057220627967
g001463,53.76534636109806,8.881052085072175,Niedersachsen,9.477614140150544
g001464,53.76534636109806,9.02899932724162,Niedersachsen,9.520524267704886
g001465,53.76534636109806,9.176946569411063,Niedersachsen,10.200486842928886
g001466,53.76534636109806,9.324893811580507,Niedersachsen,9.7987384780452
g001467,53.76534636109806,9.472841053749953,Schleswig-Holstein,13.443590968718919
g001468,53.76534636109806,9.620788295919397,Schleswig-Holstein,9.231415337495026
g001469,53.76534636109806,9.76873553808884,Schleswig-Holstein,9.441344990533795
g001470,53.76534636109806,9.916682780258284,Schleswig-Holstein,9.193402254489603
g001471,53.76534636109806,10.064630022427728,Schleswig-Holstein,8.147175989650286
g001472,53.76534636109806,10.21257726459717,Schleswig-Holstein,11.696140176862665
g001473,53.76534636109806,10.360524506766614,Schleswig-Holstein,9.424293618558293
g001474,53.76534636109806,10.508471748936058,Schleswig-Holstein,12.04295513550135
g001475,53.76534636109806,10.656418991105502,Schleswig-Holstein,11.890454444719207
g001476,53.76534636109806,10.804366233274946,Mecklenburg-Vorpommern,9.376591137817924
g001477,53.76534636109806,10.95231347544439,Mecklenburg-Vorpommern,11.529417118240834
g001478,53.76534636109806,11.100260717613834,Mecklenburg-Vorpommern,10.117431391630653
g001479,53.76534636109806,11.248207959783278,Mecklenburg-Vorpommern,10.235880842020695
g001480,53.76534636109806,11.39615520195272,Mecklenburg-Vorpommern,9.39850303767754
g001481,53.76534636109806,11.544102444122164,Mecklenburg-Vorpommern,7.568474659568402
g001482,53.76534636109806,11.69204968629161,Mecklenburg-Vorpommern,10.744444874521506
g001483,53.76534636109806,11.839996928461051,Mecklenburg-Vorpommern,10.37006056935459
g001484,53.76534636109806,11.987944170630495,Mecklenburg-Vorpommern,10.712915425743391
g001485,53.76534636109806,12.13589141279994,Mecklenburg-Vorpommern,13.844364306266296
g001486,53.76534636109806,12.283838654969385,Mecklenburg-Vorpommern,8.796468907520289
g001487,53.76534636109806,12.431785897138829,Mecklenburg-Vorpommern,9.675833575292025
g001488,53.76534636109806,12.579733139308273,Mecklenburg-Vorpommern,14.775002837046959
g001489,53.76534636109806,12.727680381477716,Mecklenburg-Vorpommern,8.58304960992436
g001490,53.76534636109806,12.87562762364716,Mecklenburg-Vorpommern,9.635532395547324
g001491,53.76534636109806,13.023574865816604,Mecklenburg-Vorpommern,9.703127252302973
g001492,53.76534636109806,13.171522107986048,Mecklenburg-Vorpommern,12.14594169894123
g001493,53.76534636109806,13.319469350155492,Mecklenburg-Vorpommern,14.32966833418379
g001494,53.76534636109806,13.467416592324936,Mecklenburg-Vorpommern,13.22983502627744
g001495,53.76534636109806,13.61536383449438,Mecklenburg-Vorpommern,10.142610584813344
g001496,53.76534636109806,13.763311076663824,Mecklenburg-Vorpommern,10.395221325752518
g001497,53.76534636109806,13.911258318833267,Mecklenburg-Vorpommern,9.218282825959184
g001498,53.85517747859716,8.585157600733288,Niedersachsen,7.521732775573377
g001499,53.85517747859716,8.733104842902732,Niedersachsen,8.710151596071086
g001500,53.85517747859716,9.176946569411063,Niedersachsen,9.55898843649556
g001501,53.85517747859716,9.472841053749953,Schleswig-Holstein,12.411824685579447
g001502,53.85517747859716,9.620788295919397,Schleswig-Holstein,8.97815144845529
g001503,53.85517747859716,9.76873553808884,Schleswig-Holstein,8.911620816844016
g001504,53.85517747859716,9.916682780258284,Schleswig-Holstein,9.139678503281713
g001505,53.85517747859716,10.064630022427728,Schleswig-Holstein,10.251866052223612
g001506,53.85517747859716,10.21257726459717,Schleswig-Holstein,12.676689216118852
g001507,53.85517747859716,10.360524506766614,Schleswig-Holstein,9.845134089188058
g001508,53.85517747859716,10.508471748936058,Schleswig-Holstein,11.92987960865441
g001509,53.85517747859716,10.656418991105502,Schleswig-Holstein,13.087915232942883
g001510,53.85517747859716,10.804366233274946,Mecklenburg-Vorpommern,12.212346470424057
g001511,53.85517747859716,10.95231347544439,Mecklenburg-Vorpommern,14.96224014086044
g001512,53.85517747859716,11.100260717613834,Mecklenburg-Vorpommern,15.305551823643777
g001513,53.85517747859716,11.248207959783278,Mecklenburg-Vorpommern,9.97535220390877
g001514,53.85517747859716,11.39615520195272,Mecklenburg-Vorpommern,11.2159598662756
g001515,53.85517747859716,11.544102444122164,Mecklenburg-Vorpommern,8.127829864050645
g001516,53.85517747859716,11.69204968629161,Mecklenburg-Vorpommern,8.388007396729819
g001517,53.85517747859716,11.839996928461051,Mecklenburg-Vorpommern,9.130243075853752
g001518,53.85517747859716,11.987944170630495,Mecklenburg-Vorpommern,11.893519208183125
g001519,53.85517747859716,12.13589141279994,Mecklenburg-Vorpommern,14.86520252630772
g001520,53.85517747859716,12.283838654969385,Mecklenburg-Vorpommern,11.48622208326809
g001521,53.85517747859716,12.431785897138829,Mecklenburg-Vorpommern,13.958691728770402
g001522,53.85517747859716,12.579733139308273,Mecklenburg-Vorpommern,12.618536839523035
g001523,53.85517747859716,12.727680381477716,Mecklenburg-Vorpommern,9.286044508439884
g001524,53.85517747859716,12.87562762364716,Mecklenburg-Vorpommern,10.425927394674995
g001525,53.85517747859716,13.023574865816604,Mecklenburg-Vorpommern,9.695307141744204
g001526,53.85517747859716,13.171522107986048,Mecklenburg-Vorpommern,11.628445375771593
g001527,53.85517747859716,13.319469350155492,Mecklenburg-Vorpommern,9.332932714501576
g001528,53.85517747859716,13.467416592324936,Mecklenburg-Vorpommern,9.733853388256483
g001529,53.85517747859716,13.61536383449438,Mecklenburg-Vorpommern,10.348101519224809
g001530,53.85517747859716,13.763311076663824,Mecklenburg-Vorpommern,12.58082931142943
g001531,53.85517747859716,13.911258318833267,Mecklenburg-Vorpommern,9.612987257776435
g001532,53.945008596096265,8.437210358563844,Niedersachsen,6.737769991359051
g001533,53.945008596096265,9.02899932724162,Schleswig-Holstein,9.767611396882941
g001534,53.945008596096265,9.176946569411063,Schleswig-Holstein,9.339831265150151
g001535,53.945008596096265,9.324893811580507,Schleswig-Holstein,10.32296304281587
g001536,53.945008596096265,9.472841053749953,Schleswig-Holstein,9.466594426129582
g001537,53.945008596096265,9.620788295919397,Schleswig-Holstein,10.723725175341135
g001538,53.945008596096265,9.76873553808884,Schleswig-Holstein,9.778032197457712
g001539,53.945008596096265,9.916682780258284,Schleswig-Holstein,8.452422899089994
g001540,53.945008596096265,10.064630022427728,Schleswig-Holstein,7.9215118218999905
g001541,53.945008596096265,10.21257726459717,Schleswig-Holstein,9.799329366847111
g001542,53.945008596096265,10.360524506766614,Schleswig-Holstein,9.403983301201412
g001543,53.945008596096265,10.508471748936058,Schleswig-Holstein,10.469891009517664
g001544,53.945008596096265,10.656418991105502,Schleswig-Holstein,10.339468834251969
g001545,53.945008596096265,10.804366233274946,Schleswig-Holstein,10.174313194200657
g001546,53.945008596096265,10.95231347544439,Mecklenburg-Vorpommern,14.18838623467262
g001547,53.945008596096265,11.100260717613834,Mecklenburg-Vorpommern,12.431855520925339
g001548,53.945008596096265,11.248207959783278,Mecklenburg-Vorpommern,11.161404459465684
g001549,53.945008596096265,11.544102444122164,Mecklenburg-Vorpommern,9.95226385829024
g001550,53.945008596096265,11.69204968629161,Mecklenburg-Vorpommern,8.900388305263236
g001551,53.945008596096265,11.839996928461051,Mecklenburg-Vorpommern,9.904107539409061
g001552,53.945008596096265,11.987944170630495,Mecklenburg-Vorpommern,13.397839993487098
g001553,53.945008596096265,12.13589141279994,Mecklenburg-Vorpommern,9.997000899224064
g001554,53.945008596096265,12.283838654969385,Mecklenburg-Vorpommern,11.108852866497587
g001555,53.945008596096265,12.431785897138829,Mecklenburg-Vorpommern,15.43539935392161
g001556,53.945008596096265,12.579733139308273,Mecklenburg-Vorpommern,10.45622453083599
g001557,53.945008596096265,12.727680381477716,Mecklenburg-Vorpommern,12.95903726274263
g001558,53.945008596096265,12.87562762364716,Mecklenburg-Vorpommern,8.680493595125466
g001559,53.945008596096265,13.023574865816604,Mecklenburg-Vorpommern,10.885759234348964
g001560,53.945008596096265,13.171522107986048,Mecklenburg-Vorpommern,8.119152419844907
g001561,53.945008596096265,13.319469350155492,Mecklenburg-Vorpommern,9.501038496358063
g001562,53.945008596096265,13.467416592324936,Mecklenburg-Vorpommern,13.588313638330206
g001563,53.945008596096265,13.61536383449438,Mecklenburg-Vorpommern,9.339819867199452
g001564,53.945008596096265,13.763311076663824,Mecklenburg-Vorpommern,12.390930230194707
g001565,53.945008596096265,14.059205561002711,Mecklenburg-Vorpommern,8.373832187237994
g001566,54.03483971359537,8.881052085072175,Schleswig-Holstein,8.15489459178478
g001567,54.03483971359537,9.02899932724162,Schleswig-Holstein,10.84234627883135
g001568,54.03483971359537,9.176946569411063,Schleswig-Holstein,9.518209198634997
g001569,54.03483971359537,9.324893811580507,Schleswig-Holstein,10.244369450416832
g001570,54.03483971359537,9.472841053749953,Schleswig-Holstein,9.478816721956395
g001571,54.03483971359537,9.620788295919397,Schleswig-Holstein,8.081904529392116
g001572,54.03483971359537,9.76873553808884,Schleswig-Holstein,7.767492638400613
g001573,54.03483971359537,9.916682780258284,Schleswig-Holstein,7.93049785379597
g001574,54.03483971359537,10.064630022427728,Schleswig-Holstein,9.463936091235496
g001575,54.03483971359537,10.21257726459717,Schleswig-Holstein,10.49046969809356
g001576,54.03483971359537,10.360524506766614,Schleswig-Holstein,9.4762858540761
g001577,54.03483971359537,10.508471748936058,Schleswig-Holstein,9.56679441505617
g001578,54.03483971359537,10.656418991105502,Schleswig-Holstein,10.678074900366642
g001579,54.03483971359537,11.69204968629161,Mecklenburg-Vorpommern,10.463342074336252
g001580,54.03483971359537,11.839996928461051,Mecklenburg-Vorpommern,14.448052564504104
g001581,54.03483971359537,11.987944170630495,Mecklenburg-Vorpommern,13.499839250127252
g001582,54.03483971359537,12.13589141279994,Mecklenburg-Vorpommern,11.58792280056522
g001583,54.03483971359537,12.283838654969385,Mecklenburg-Vorpommern,9.737754620192444
g001584,54.03483971359537,12.431785897138829,Mecklenburg-Vorpommern,11.483098433510708
g001585,54.03483971359537,12.579733139308273,Mecklenburg-Vorpommern,14.640233920321997
g001586,54.03483971359537,12.727680381477716,Mecklenburg-Vorpommern,9.405894656678305
g001587,54.03483971359537,12.87562762364716,Mecklenburg-Vorpommern,9.69303680984882
g001588,54.03483971359537,13.023574865816604,Mecklenburg-Vorpommern,9.416730749679363
g001589,54.03483971359537,13.171522107986048,Mecklenburg-Vorpommern,8.996510923423111
g001590,54.03483971359537,13.319469350155492,Mecklenburg-Vorpommern,9.18449746173781
g001591,54.03483971359537,13.467416592324936,Mecklenburg-Vorpommern,13.234403178363833
g001592,54.03483971359537,13.61536383449438,Mecklenburg-Vorpommern,8.503259012013416
g001593,54.03483971359537,13.763311076663824,Mecklenburg-Vorpommern,12.257692418751812
g001594,54.03483971359537,13.911258318833267,Mecklenburg-Vorpommern,8.573775854989716
g001595,54.12467083109447,9.02899932724162,Schleswig-Holstein,10.343446646195734
g001596,54.12467083109447,9.176946569411063,Schleswig-Holstein,9.551336851934547
g001597,54.12467083109447,9.324893811580507,Schleswig-Holstein,8.23193642868823
g001598,54.12467083109447,9.472841053749953,Schleswig-Holstein,8.242310677493354
g001599,54.12467083109447,9.620788295919397,Schleswig-Holstein,8.42482265314466
g001600,54.12467083109447,9.76873553808884,Schleswig-Holstein,7.675502914077502
g001601,54.12467083109447,9.916682780258284,Schleswig-Holstein,8.947183875550637
g001602,54.12467083109447,10.064630022427728,Schleswig-Holstein,11.395821238035465
g001603,54.12467083109447,10.21257726459717,Schleswig-Holstein,10.886588136812827
g001604,54.12467083109447,10.360524506766614,Schleswig-Holstein,9.8288585111963
g001605,54.12467083109447,10.508471748936058,Schleswig-Holstein,11.14186012016414
g001606,54.12467083109447,10.656418991105502,Schleswig-Holstein,9.603526686324647
g001607,54.12467083109447,10.804366233274946,Schleswig-Holstein,11.26451831896873
g001608,54.12467083109447,11.69204968629161,Mecklenburg-Vorpommern,11.680145363808023
g001609,54.12467083109447,11.839996928461051,Mecklenburg-Vorpommern,10.956894017524213
g001610,54.12467083109447,11.987944170630495,Mecklenburg-Vorpommern,14.585650805349113
g001611,54.12467083109447,12.13589141279994,Mecklenburg-Vorpommern,9.038858281438147
g001612,54.12467083109447,12.283838654969385,Mecklenburg-Vorpommern,11.588936364825786
g001613,54.12467083109447,12.431785897138829,Mecklenburg-Vorpommern,8.48656485685857
g001614,54.12467083109447,12.579733139308273,Mecklenburg-Vorpommern,13.550843125283397
g001615,54.12467083109447,12.727680381477716,Mecklenburg-Vorpommern,11.23339746232643
g001616,54.12467083109447,12.87562762364716,Mecklenburg-Vorpommern,9.231579769527716
g001617,54.12467083109447,13.023574865816604,Mecklenburg-Vorpommern,8.54473285737404
g001618,54.12467083109447,13.171522107986048,Mecklenburg-Vorpommern,9.007791127503987
g001619,54.12467083109447,13.319469350155492,Mecklenburg-Vorpommern,8.942060018455834
g001620,54.12467083109447,13.61536383449438,Mecklenburg-Vorpommern,9.055935718406332
g001621,54.21450194859357,8.881052085072175,Schleswig-Holstein,10.005878162271001
g001622,54.21450194859357,9.02899932724162,Schleswig-Holstein,9.63964829827956
g001623,54.21450194859357,9.176946569411063,Schleswig-Holstein,8.419010901654717
g001624,54.21450194859357,9.324893811580507,Schleswig-Holstein,8.15869678920442
g001625,54.21450194859357,9.472841053749953,Schleswig-Holstein,7.005644748906122
g001626,54.21450194859357,9.620788295919397,Schleswig-Holstein,7.604838247624557
g001627,54.21450194859357,9.76873553808884,Schleswig-Holstein,6.961455107893909
g001628,54.21450194859357,9.916682780258284,Schleswig-Holstein,7.734747497702012
g001629,54.21450194859357,10.064630022427728,Schleswig-Holstein,8.028078629606341
g001630,54.21450194859357,10.21257726459717,Schleswig-Holstein,10.297619272032406
g001631,54.21450194859357,10.360524506766614,Schleswig-Holstein,9.60579631788479
g001632,54.21450194859357,10.508471748936058,Schleswig-Holstein,7.958978079326321
g001633,54.21450194859357,10.656418991105502,Schleswig-Holstein,8.359208298118759
g001634,54.21450194859357,10.804366233274946,Schleswig-Holstein,9.704021910783649
g001635,54.21450194859357,10.95231347544439,Schleswig-Holstein,10.423148551181486
g001636,54.21450194859357,12.283838654969385,Mecklenburg-Vorpommern,8.180746921877269
g001637,54.21450194859357,12.431785897138829,Mecklenburg-Vorpommern,11.259744814570388
g001638,54.21450194859357,12.579733139308273,Mecklenburg-Vorpommern,9.659834727161156
g001639,54.21450194859357,12.727680381477716,Mecklenburg-Vorpommern,7.88963685818287
g001640,54.21450194859357,12.87562762364716,Mecklenburg-Vorpommern,10.859763212320923
g001641,54.21450194859357,13.023574865816604,Mecklenburg-Vorpommern,8.621349585230266
g001642,54.21450194859357,13.171522107986048,Mecklenburg-Vorpommern,11.734155980234636
g001643,54.304333066092674,8.585157600733288,Schleswig-Holstein,10.490047610136024
g001644,54.304333066092674,8.733104842902732,Schleswig-Holstein,9.232349415094284
g001645,54.304333066092674,8.881052085072175,Schleswig-Holstein,9.474893728111534
g001646,54.304333066092674,9.02899932724162,Schleswig-Holstein,10.316857294292628
g001647,54.304333066092674,9.176946569411063,Schleswig-Holstein,9.120751907842763
g001648,54.304333066092674,9.324893811580507,Schleswig-Holstein,8.62263841065765
g001649,54.304333066092674,9.472841053749953,Schleswig-Holstein,9.644632480948331
g001650,54.304333066092674,9.620788295919397,Schleswig-Holstein,8.002348866873
g001651,54.304333066092674,9.76873553808884,Schleswig-Holstein,8.270973012979049
g001652,54.304333066092674,9.916682780258284,Schleswig-Holstein,8.277062640168477
g001653,54.304333066092674,10.064630022427728,Schleswig-Holstein,8.405565474882115
g001654,54.304333066092674,10.21257726459717,Schleswig-Holstein,9.935855825220726
g001655,54.304333066092674,10.360524506766614,Schleswig-Holstein,8.772212849951417
g001656,54.304333066092674,10.508471748936058,Schleswig-Holstein,10.087270215707054
g001657,54.304333066092674,10.656418991105502,Schleswig-Holstein,8.831387153812392
g001658,54.304333066092674,10.804366233274946,Schleswig-Holstein,10.419332304281566
g001659,54.304333066092674,10.95231347544439,Schleswig-Holstein,12.931863176846306
g001660,54.304333066092674,12.579733139308273,Mecklenburg-Vorpommern,12.380428047068465
g001661,54.304333066092674,12.727680381477716,Mecklenburg-Vorpommern,13.714127411406595
g001662,54.304333066092674,12.87562762364716,Mecklenburg-Vorpommern,8.340627660878829
g001663,54.304333066092674,13.023574865816604,Mecklenburg-Vorpommern,7.934706456688411
g001664,54.304333066092674,13.319469350155492,Mecklenburg-Vorpommern,10.916672019312768
g001665,54.394164183591776,8.733104842902732,Schleswig-Holstein,8.513383088007123
g001666,54.394164183591776,8.881052085072175,Schleswig-Holstein,8.052296528164574
g001667,54.394164183591776,9.02899932724162,Schleswig-Holstein,8.174710751284843
g001668,54.394164183591776,9.176946569411063,Schleswig-Holstein,8.618723167295352
g001669,54.394164183591776,9.324893811580507,Schleswig-Holstein,7.922006504763822
g001670,54.394164183591776,9.472841053749953,Schleswig-Holstein,7.99521972421016
g001671,54.394164183591776,9.620788295919397,Schleswig-Holstein,9.625906670979916
g001672,54.394164183591776,9.76873553808884,Schleswig-Holstein,9.644931178721036
g001673,54.394164183591776,9.916682780258284,Schleswig-Holstein,9.675484146409165
g001674,54.394164183591776,10.064630022427728,Schleswig-Holstein,8.272508988237949
g001675,54.394164183591776,10.21257726459717,Schleswig-Holstein,8.27990129211937
g001676,54.394164183591776,10.360524506766614,Schleswig-Holstein,9.624280338693254
g001677,54.394164183591776,11.100260717613834,Schleswig-Holstein,8.798993103699638
g001678,54.394164183591776,12.579733139308273,Mecklenburg-Vorpommern,7.672342941040387
g001679,54.394164183591776,13.023574865816604,Mecklenburg-Vorpommern,7.944057485985205
g001680,54.394164183591776,13.319469350155492,Mecklenburg-Vorpommern,10.104028401267392
g001681,54.394164183591776,13.467416592324936,Mecklenburg-Vorpommern,13.66791213106996
g001682,54.394164183591776,13.61536383449438,Mecklenburg-Vorpommern,8.284319947755872
g001683,54.48399530109088,8.881052085072175,Schleswig-Holstein,12.158202557900042
g001684,54.48399530109088,9.02899932724162,Schleswig-Holstein,7.135927436738971
g001685,54.48399530109088,9.176946569411063,Schleswig-Holstein,7.552719471285019
g001686,54.48399530109088,9.324893811580507,Schleswig-Holstein,7.573844208810304
g001687,54.48399530109088,9.472841053749953,Schleswig-Holstein,8.100475200395206
g001688,54.48399530109088,9.620788295919397,Schleswig-Holstein,7.630902966675585
g001689,54.48399530109088,9.76873553808884,Schleswig-Holstein,7.086684988025852
g001690,54.48399530109088,11.100260717613834,Schleswig-Holstein,15.616229091287515
g001691,54.48399530109088,11.248207959783278,Schleswig-Holstein,9.540577667137837
g001692,54.48399530109088,13.171522107986048,Mecklenburg-Vorpommern,7.264876684977988
g001693,54.48399530109088,13.319469350155492,Mecklenburg-Vorpommern,9.184204378822482
g001694,54.57382641858998,9.02899932724162,Schleswig-Holstein,7.53557409193261
g001695,54.57382641858998,9.176946569411063,Schleswig-Holstein,7.4498483439450505
g001696,54.57382641858998,9.324893811580507,Schleswig-Holstein,8.785429099113747
g001697,54.57382641858998,9.472841053749953,Schleswig-Holstein,7.717432360397282
g001698,54.57382641858998,9.620788295919397,Schleswig-Holstein,8.254580898588003
g001699,54.57382641858998,9.76873553808884,Schleswig-Holstein,9.496933938373873
g001700,54.57382641858998,9.916682780258284,Schleswig-Holstein,9.767282587853684
g001701,54.57382641858998,13.171522107986048,Mecklenburg-Vorpommern,8.066755581965413
g001702,54.57382641858998,13.61536383449438,Mecklenburg-Vorpommern,7.3377321118493315
g001703,54.66365753608908,8.881052085072175,Schleswig-Holstein,8.164042134200352
g001704,54.66365753608908,9.02899932724162,Schleswig-Holstein,7.425735982334941
g001705,54.66365753608908,9.176946569411063,Schleswig-Holstein,7.781717497927303
g001706,54.66365753608908,9.324893811580507,Schleswig-Holstein,7.872864363152146
g001707,54.66365753608908,9.472841053749953,Schleswig-Holstein,8.706291221495672
g001708,54.66365753608908,9.620788295919397,Schleswig-Holstein,7.374896936815074
g001709,54.66365753608908,9.76873553808884,Schleswig-Holstein,9.854158206182921
g001710,54.66365753608908,9.916682780258284,Schleswig-Holstein,8.789325476333108
g001711,54.66365753608908,13.319469350155492,Mecklenburg-Vorpommern,10.497717741581232
g001712,54.753488653588185,8.2892631163944,Schleswig-Holstein,7.0331120452308244
g001713,54.753488653588185,8.733104842902732,Schleswig-Holstein,10.385112534407211
g001714,54.753488653588185,8.881052085072175,Schleswig-Holstein,8.587862056344813
g001715,54.753488653588185,9.02899932724162,Schleswig-Holstein,7.661851384966412
g001716,54.753488653588185,9.176946569411063,Schleswig-Holstein,10.703675393622735
g001717,54.753488653588185,9.324893811580507,Schleswig-Holstein,7.907181706609107
g001718,54.753488653588185,9.472841053749953,Schleswig-Holstein,9.018400344569205
g001719,54.753488653588185,9.620788295919397,Schleswig-Holstein,7.240466006046685
g001720,54.753488653588185,9.76873553808884,Schleswig-Holstein,9.795817951754431
g001721,54.753488653588185,9.916682780258284,Schleswig-Holstein,8.73103578540675
g001722,54.84331977108729,8.2892631163944,Schleswig-Holstein,7.181072248839885
g001723,54.84331977108729,8.733104842902732,Schleswig-Holstein,8.230129963146595
g001724,54.84331977108729,8.881052085072175,Schleswig-Holstein,7.13066079841774
g001725,54.84331977108729,9.02899932724162,Schleswig-Holstein,7.753997007296149
g001726,54.84331977108729,9.176946569411063,Schleswig-Holstein,8.637056620829544
g001727,55.02298200608549,8.437210358563844,Schleswig-Holstein,7.4663892196609725
