experiment,fold,epoch,train_loss,best_so_far,epochs_since_improvement,lr_group_0,lr_head,train_seconds,train_batch_avg_seconds,train_eval_seconds,val_loss_seconds,val_seconds,total_seconds,data_wait_seconds,to_device_seconds,forward_seconds,backward_seconds,optimizer_seconds,train_pm25_rmse,train_pm25_mae,train_pm25_r2,train_pm25_n,val_pm25_rmse,val_pm25_mae,val_pm25_r2,val_pm25_n,val_loss
resnet_frozen,fold6_balkan_e,1,0.7702106443541226,True,0,1e-05,1e-05,0.9485138189047575,0.13550197412925108,0.5530272927135229,0.11202176660299301,0.24578782357275486,1.8605324216187,0.7460344433784485,0.019497979432344437,0.13180519826710224,0.043034154921770096,0.00704837404191494,4.478759152470466,3.2555531848726575,-0.03992639324355318,827,8.872936072256762,6.75060311381991,-1.0642019458268788,146,0.7319815158843994
resnet_frozen,fold6_balkan_e,2,0.7950708649899392,False,1,1e-05,1e-05,0.7672672644257545,0.10960960920367922,0.5287423692643642,0.08892187289893627,0.24854051508009434,1.6347606424242258,0.5830410998314619,0.019319770857691765,0.11710599437355995,0.0404337365180254,0.006309868767857552,4.494313446785485,3.2593477374313626,-0.047162062004642236,827,8.89827792531504,6.791055063574727,-1.0760098533456603,146,0.7405803203582764
resnet_frozen,fold6_balkan_e,3,0.8182228116055066,False,2,1e-05,1e-05,0.7857774589210749,0.1122539227030107,0.6223964840173721,0.10744180344045162,0.2511970270425081,1.7680945433676243,0.5967714954167604,0.019649315625429153,0.11716975644230843,0.04480701871216297,0.006367187947034836,4.517168698799312,3.273683067493984,-0.05783955817538455,827,8.924503059854644,6.835245679055786,-1.0882647787837936,146,0.7504783868789673
resnet_frozen,fold6_balkan_e,4,0.820487044310195,False,3,1e-05,1e-05,0.8954473715275526,0.12792105307536467,0.5309064500033855,0.09328911453485489,0.24515755474567413,1.766092412173748,0.6991139277815819,0.01918724924325943,0.11741361767053604,0.05215545929968357,0.006570717319846153,4.528310652199113,3.2878882815401704,-0.0630644837385721,827,8.931562938994329,6.852065176305181,-1.0915699999619348,146,0.75480717420578
resnet_frozen,fold6_balkan_e,5,0.82078901426968,False,4,1e-05,1e-05,0.8405572809278965,0.12007961156112808,0.5593443270772696,0.0921089518815279,0.25236122868955135,1.7456503100693226,0.6524002775549889,0.019349340349435806,0.11720457673072815,0.04396607168018818,0.006591439247131348,4.53110067575241,3.294921066063126,-0.06437485702688273,827,8.939644830912853,6.863432501892297,-1.0953569050477454,146,0.7579611539840698
resnet_frozen,fold6_balkan_e,6,0.7555195394421431,False,5,1e-05,1e-05,0.8616588450968266,0.12309412072811808,0.5720023941248655,0.09641252644360065,0.25286385975778103,1.7842517364770174,0.6722304839640856,0.019177980720996857,0.1172789316624403,0.04506666399538517,0.00686282105743885,4.5313254691497695,3.293848184438931,-0.06448046950049435,827,8.962786898948814,6.882957346728626,-1.1062194520921507,146,0.7626518607139587
resnet_frozen,fold6_balkan_e,7,0.7828190168129345,False,6,1e-05,1e-05,0.9542046580463648,0.1363149511494807,0.5890878159552813,0.0959943775087595,0.2552857883274555,1.8958664312958717,0.7608038559556007,0.019071873277425766,0.11758863925933838,0.04775024391710758,0.007833864539861679,4.523522873955391,3.2864489780075883,-0.06081771812493608,827,8.980856439158176,6.896512470850774,-1.114720553721829,146,0.7658941149711609
resnet_frozen,fold6_balkan_e,8,0.792420097821569,False,7,1e-05,1e-05,0.9049982819706202,0.12928546885294573,0.5748796369880438,0.09866097755730152,0.256422670558095,1.8362524788826704,0.7193796206265688,0.019139187410473824,0.11720188334584236,0.041805220767855644,0.00650358572602272,4.51017412253919,3.2768538213119855,-0.054566086944887404,827,8.981075068662237,6.891564337870642,-1.1148235162703601,146,0.7649665474891663
resnet_frozen,fold6_balkan_e,9,0.8192984916567082,False,8,1e-05,1e-05,0.8915567547082901,0.12736525067261287,0.6406454369425774,0.09501668438315392,0.25350169837474823,1.881993256509304,0.7063120938837528,0.01901870220899582,0.1174983587116003,0.04154813289642334,0.006218224763870239,4.500167024026524,3.2649644507984,-0.049891571566317516,827,8.991754148156701,6.896581594772,-1.1198558304225297,146,0.7665156126022339
resnet_frozen,fold6_balkan_e,10,0.7310084812298074,False,9,1e-05,1e-05,0.8632842469960451,0.12332632099943501,0.5782408118247986,0.09516846388578415,0.25293331779539585,1.7909220438450575,0.6772696543484926,0.019534409046173096,0.1171193215996027,0.04171585664153099,0.00660509429872036,4.482187446181961,3.2482887499642783,-0.04151903865483453,827,8.99098048028127,6.888387841165671,-1.1194910531449547,146,0.7653225660324097
resnet_frozen,fold6_balkan_e,11,0.7223778739661663,False,10,1e-05,1e-05,0.8894582744687796,0.12706546778125422,0.5582025591284037,0.09538849629461765,0.2553577497601509,1.7997070644050837,0.703529192134738,0.019170556217432022,0.11710672453045845,0.04157244227826595,0.0069848522543907166,4.46598560857533,3.2309295401684395,-0.0340030548981054,827,8.997121431572026,6.89072595066738,-1.1223873193055791,146,0.76637202501297
resnet_frozen,fold6_balkan_e,12,0.7723070396045099,False,11,1e-05,1e-05,0.8475626613944769,0.12108038019921098,0.571001248434186,0.09946350008249283,0.25315089151263237,1.7724550273269415,0.6568190474063158,0.019217150285840034,0.11709462851285934,0.04649403318762779,0.006918611004948616,4.451959203792475,3.2195324425489935,-0.027518228837572378,827,8.985962911386638,6.874967225382993,-1.117126077496537,146,0.7632803320884705
resnet_frozen,fold6_balkan_e,13,0.7924221089557985,False,12,1e-05,1e-05,0.8687474858015776,0.12410678368593965,0.5520771760493517,0.10122336819767952,0.25026375614106655,1.7735955398529768,0.6799774896353483,0.0192913468927145,0.11718174815177917,0.0438411571085453,0.007352646440267563,4.44184405261188,3.2089196941289466,-0.02285435193227614,827,8.988615802686294,6.87507866585432,-1.1183763240146463,146,0.7635790109634399
resnet_frozen,fold6_balkan_e,14,0.7518336562464575,False,13,1e-05,1e-05,0.8614971004426479,0.12307101434894971,0.5581846199929714,0.09630262665450573,0.252252921462059,1.7695050202310085,0.6711971182376146,0.019436124712228775,0.1172837782651186,0.04557603411376476,0.0069643668830394745,4.423836751365194,3.1970542162572095,-0.014577829347717008,827,8.967550887741792,6.851296517689285,-1.1084590841765252,146,0.7584450244903564
resnet_frozen,fold6_balkan_e,15,0.7558736927996523,False,14,1e-05,1e-05,0.9466776922345161,0.1352396703192166,0.5696003064513206,0.09652292728424072,0.2529238685965538,1.8669950980693102,0.7568464539945126,0.01929546520113945,0.11730221658945084,0.04515547677874565,0.006985632702708244,4.403284418798311,3.184005149510819,-0.005172643311198266,827,8.949335869591751,6.8297192525964086,-1.0999023185794883,146,0.753287672996521
resnet_frozen,fold6_balkan_e,16,0.7349659874765011,False,15,1e-05,1e-05,0.9685315359383821,0.13836164799119746,0.6249495800584555,0.09432845562696457,0.2511782608926296,1.9402649831026793,0.7787949796766043,0.019250566139817238,0.11722366511821747,0.0452143345028162,0.006989952176809311,4.390165025160054,3.1722616842278324,0.0008081696018751305,827,8.943987416883617,6.822201067171714,-1.0973931106765962,146,0.7515401840209961
resnet_frozen,fold6_balkan_e,17,0.7430490127065306,False,16,1e-05,1e-05,0.8984465636312962,0.12834950909018517,0.537035109475255,0.08734091930091381,0.24882973916828632,1.7729204148054123,0.6990928277373314,0.019223008304834366,0.11727959103882313,0.054822636768221855,0.0069844648241996765,4.387113880724612,3.1644185574051655,0.0021965543969864054,827,8.958008680157782,6.836141308893386,-1.103974325696511,146,0.7547814846038818
resnet_frozen,fold6_balkan_e,18,0.7408694505979821,False,17,1e-05,1e-05,0.9092639125883579,0.1298948446554797,0.6223650928586721,0.09447497501969337,0.25089551135897636,1.8782824892550707,0.7108635306358337,0.01956438086926937,0.11719078756868839,0.05113951489329338,0.00941060483455658,4.377424918015896,3.1566873709252223,0.006598995308100153,827,8.949928648346804,6.827526244161826,-1.1001805110008154,146,0.75267094373703
resnet_frozen,fold6_balkan_e,19,0.7418466727131079,False,18,1e-05,1e-05,0.8729530796408653,0.12470758280583791,0.5710131600499153,0.13056729920208454,0.2523047924041748,1.8281265702098608,0.6830287352204323,0.01959916017949581,0.117196936160326,0.04555323161184788,0.0065849535167217255,4.363199182604331,3.1462035647429185,0.01304520388411301,827,8.936725628555786,6.813739887974151,-1.0939886690094562,146,0.749440610408783
resnet_frozen,fold6_balkan_e,20,0.7553668270088021,False,19,1e-05,1e-05,0.8197859209030867,0.11711227441472667,0.5819938685745001,0.09806579723954201,0.25383115373551846,1.754950687289238,0.6340367291122675,0.0191880501806736,0.11741064861416817,0.041466837748885155,0.0066462792456150055,4.347029355800226,3.1355927006305806,0.020346872213543254,827,8.9202170231215,6.7957409867410625,-1.0862594614550058,146,0.745410680770874
resnet_frozen,fold6_balkan_e,21,0.7222280398533739,False,20,1e-05,1e-05,0.8525706212967634,0.12179580304239478,0.6166687402874231,0.10514011420309544,0.263768108561635,1.8394342102110386,0.6642492357641459,0.019424254074692726,0.11722959391772747,0.04359937086701393,0.007007244974374771,4.329272042773558,3.124749216816551,0.02833415506165593,827,8.907046149844822,6.780098098695395,-1.080103204690778,146,0.7419143915176392
resnet_frozen,fold6_balkan_e,22,0.7241798041088837,False,21,1e-05,1e-05,0.9879456590861082,0.14113509415515832,0.6721421126276255,0.1119683962315321,0.263492988422513,2.036910420283675,0.7919327337294817,0.019383881241083145,0.11738704517483711,0.049186717718839645,0.008831793442368507,4.320797800113927,3.1138966874638796,0.03213436590923524,827,8.913889015961432,6.7857004478600045,-1.0833005240053128,146,0.7430570125579834
resnet_frozen,fold6_balkan_e,23,0.790384082724999,False,22,1e-05,1e-05,0.9805901162326336,0.14008430231894767,0.6140379775315523,0.10688076354563236,0.2750498130917549,1.9779112376272678,0.7816839125007391,0.019182268530130386,0.11759493686258793,0.0519280806183815,0.0089230015873909,4.3073378924264025,3.104208401620059,0.03815505542280195,827,8.89863386452498,6.768129123416782,-1.0761759412319298,146,0.73931485414505
resnet_frozen,fold6_balkan_e,24,0.7828367664563181,False,23,1e-05,1e-05,0.9596337266266346,0.13709053237523353,0.609104523435235,0.10765905678272247,0.265417018905282,1.9431657399982214,0.7665876559913158,0.01949269510805607,0.11781146936118603,0.04573780857026577,0.008789509534835815,4.293097214599143,3.094658324911425,0.04450453700825885,827,8.885241092030384,6.752219700543121,-1.0699312011693567,146,0.7356597781181335
resnet_frozen,fold6_balkan_e,25,0.7434007397874235,True,0,1e-05,1e-05,0.9671995788812637,0.1381713684116091,0.617051450535655,0.10603677667677402,0.2637742981314659,1.9554108064621687,0.7736668232828379,0.01938578486442566,0.11755442060530186,0.04640574008226395,0.00892641395330429,4.2752968961478715,3.0832585177463856,0.052411585266650795,827,8.867526838156804,6.730555113120585,-1.061685901992302,146,0.7309525609016418
resnet_frozen,fold6_balkan_e,26,0.7516301442230483,True,0,1e-05,1e-05,1.0259030349552631,0.14655757642218045,0.6150174904614687,0.11217730678617954,0.2631652392446995,2.01766399666667,0.8352353945374489,0.019494786858558655,0.11763597279787064,0.04368939436972141,0.008607190102338791,4.264558226309035,3.080642370838223,0.05716590271609012,827,8.839485400939816,6.7003369716021055,-1.0486673394316068,146,0.7240248918533325
resnet_frozen,fold6_balkan_e,27,0.7669928664884371,False,1,1e-05,1e-05,0.9992223531007767,0.1427460504429681,0.6260490603744984,0.1046180222183466,0.26334873773157597,1.9946754537522793,0.7998342122882605,0.019354622811079025,0.11750735342502594,0.05266760662198067,0.00860961340367794,4.257448767691686,3.0731290266663804,0.0603068858203516,827,8.840740658704656,6.699697583264938,-1.0492492258333903,146,0.7244172692298889
resnet_frozen,fold6_balkan_e,28,0.7508944588676185,False,2,1e-05,1e-05,0.968657435849309,0.13837963369275844,0.6380094438791275,0.11759323254227638,0.2666095718741417,1.9922676850110292,0.7819508351385593,0.019322969019412994,0.11739318259060383,0.04152747429907322,0.007316460832953453,4.2553096485306945,3.0661177454379005,0.06125093032816009,827,8.85481288521497,6.711515205262107,-1.0557781924447465,146,0.7275771498680115
resnet_frozen,fold6_balkan_e,29,0.7367579588146279,False,3,1e-05,1e-05,1.0005888845771551,0.14294126922530787,0.6139112412929535,0.10351964086294174,0.2600229289382696,1.9794464595615864,0.8083756100386381,0.019620969891548157,0.1175290122628212,0.044796327129006386,0.008936429396271706,4.243284908588765,3.058478989393336,0.06654890633170618,827,8.845755168383993,6.700499390753511,-1.051574572717152,146,0.7250970005989075
resnet_frozen,fold6_balkan_e,30,0.734176723383358,True,0,1e-05,1e-05,0.9338134247809649,0.13340191782585212,0.6014009732753038,0.1051311045885086,0.25424889102578163,1.8959672003984451,0.7443057484924793,0.01937089115381241,0.11726242490112782,0.044849153608083725,0.006937552243471146,4.227602244345412,3.050821779590022,0.07343599896094377,827,8.821258858371404,6.670711748779871,-1.0402275662732072,146,0.7186498641967773
resnet_frozen,fold6_balkan_e,31,0.7181430203162197,True,0,1e-05,1e-05,1.03299112431705,0.14757016061672143,0.621507067233324,0.13346553035080433,0.25975709967315197,2.049039462581277,0.8473706971853971,0.01935705915093422,0.1172467116266489,0.04160291515290737,0.006411213427782059,4.214697234981121,3.04398667981436,0.07908414947568831,827,8.802382334239379,6.649675496908497,-1.0315051833682092,146,0.7141932845115662
resnet_frozen,fold6_balkan_e,32,0.7344091523803563,False,1,1e-05,1e-05,0.9026764985173941,0.12895378550248487,0.5642746053636074,0.09577173925936222,0.24964957125484943,1.813708731904626,0.7176392395049334,0.019232895225286484,0.11726566217839718,0.04064740054309368,0.006818734109401703,4.210040720409443,3.0385372736824334,0.08111793218651586,827,8.805565336834173,6.6528600453045685,-1.0329746617779025,146,0.7153003215789795
resnet_frozen,fold6_balkan_e,33,0.7102797253388448,True,0,1e-05,1e-05,0.8920371346175671,0.12743387637393816,0.6457010731101036,0.10220007039606571,0.2620919719338417,1.9033108074218035,0.6963549144566059,0.019287481904029846,0.1173256691545248,0.04688877984881401,0.011108094826340675,4.202238226759675,3.030470193057411,0.08452071532797278,827,8.802045164694384,6.647323492930566,-1.031349555372556,146,0.714249312877655
resnet_frozen,fold6_balkan_e,34,0.6850297229033427,True,0,1e-05,1e-05,0.981487188488245,0.1402124554983207,0.5724654477089643,0.10564523562788963,0.26020224764943123,1.9213620107620955,0.7905496992170811,0.019713468849658966,0.11756535992026329,0.04302671179175377,0.009341968223452568,4.193162275709022,3.0234017091549723,0.08847093045066312,827,8.795692301719033,6.638438249897558,-1.0284183665185895,146,0.7125670909881592
resnet_frozen,fold6_balkan_e,35,0.7328263897417246,True,0,1e-05,1e-05,0.9581511951982975,0.13687874217118537,0.6895144991576672,0.13663945347070694,0.2649899423122406,2.0509202405810356,0.766186248511076,0.019787799566984177,0.11823930405080318,0.04304130934178829,0.009350266307592392,4.177139391720989,3.015209655266316,0.09542387845973199,827,8.777394793509846,6.616907216527857,-1.0199877858134285,146,0.7080556750297546
resnet_frozen,fold6_balkan_e,36,0.6992469104919065,True,0,1e-05,1e-05,1.0915233679115772,0.15593190970165388,0.5830353051424026,0.10088522359728813,0.2579510547220707,2.0348334927111864,0.9009266700595617,0.019713660702109337,0.1179246511310339,0.04296387545764446,0.008794860914349556,4.161388532237585,3.0048862406018215,0.10223283916589665,827,8.765243430643405,6.602797012150963,-1.01439874378715,146,0.7049812078475952
resnet_frozen,fold6_balkan_e,37,0.7367755608518294,False,1,1e-05,1e-05,1.0007586609572172,0.14296552299388818,0.663213798776269,0.16286443918943405,0.28190345130860806,2.110062852501869,0.8106928020715714,0.01952817663550377,0.11743752844631672,0.04258971847593784,0.009206971153616905,4.155830516364673,2.996554607844613,0.10462938150319057,827,8.76625884836175,6.603822843843467,-1.0148654905857568,146,0.7055193185806274
resnet_frozen,fold6_balkan_e,38,0.7318544676110706,False,2,1e-05,1e-05,1.0246085282415152,0.14637264689164503,1.0416975896805525,0.10992601700127125,0.4186177868396044,2.5962451454252005,0.8259545210748911,0.019603118300437927,0.11771250888705254,0.05111008882522583,0.00903674028813839,4.149541726429911,2.9904107832810984,0.10733716148745343,827,8.766661448580106,6.602817973982477,-1.0150505647269146,146,0.7054016590118408
resnet_frozen,fold6_balkan_e,39,0.7545536553268709,True,0,1e-05,1e-05,2.308516636490822,0.32978809092726025,1.1155360974371433,0.11258389241993427,0.2628097701817751,3.800855316221714,2.1233153622597456,0.019408389925956726,0.11769968271255493,0.03937477618455887,0.007553780451416969,4.137368009604527,2.9811351960797583,0.1125671771213903,827,8.74797703032922,6.581244142891034,-1.006470348432436,146,0.7009503245353699
resnet_frozen,fold6_balkan_e,40,0.7587042811992235,True,0,1e-05,1e-05,1.0266664624214172,0.1466666374887739,0.5484839081764221,0.10723314620554447,0.25089066475629807,1.934718981385231,0.8315320126712322,0.01969793625175953,0.11749031022191048,0.048310140147805214,0.008429856970906258,4.130177720439073,2.97770656940029,0.11564901753185941,827,8.737615395974018,6.569077368010182,-1.001719993151454,146,0.6987001895904541
resnet_frozen,fold6_balkan_e,41,0.7510046353507359,True,0,1e-05,1e-05,0.9115553218871355,0.13022218884101935,0.7232853081077337,0.11994960345327854,0.2598061002790928,2.0159308034926653,0.7185732759535313,0.019698109477758408,0.11755738034844398,0.04691247455775738,0.007732631638646126,4.121330389195942,2.972914667699778,0.11943372922273743,827,8.725995809688934,6.555059988878607,-0.9963996187231985,146,0.6955540776252747
resnet_frozen,fold6_balkan_e,42,0.706461259502886,False,1,1e-05,1e-05,1.0377802401781082,0.14825432002544403,0.5569576025009155,0.11367332749068737,0.250715646892786,1.9604216814041138,0.8450335618108511,0.019667504355311394,0.1176105048507452,0.04703006148338318,0.007373373955488205,4.122525508796199,2.97067099707999,0.11892295503233119,827,8.730310984342765,6.559445013043309,-0.9983746238269977,146,0.6969208121299744
resnet_frozen,fold6_balkan_e,43,0.7132238367304404,True,0,1e-05,1e-05,0.8516115974634886,0.12165879963764123,0.5516416598111391,0.09305520914494991,0.25028808414936066,1.7478711102157831,0.6598282773047686,0.01967763528227806,0.11715606786310673,0.04663058556616306,0.007241223007440567,4.1115014241949375,2.9633068366683757,0.1236288475536681,827,8.723179971546884,6.548817056024123,-0.9951113689248525,146,0.6947935819625854
resnet_frozen,fold6_balkan_e,44,0.7322730510670156,True,0,1e-05,1e-05,0.8552969880402088,0.12218528400574412,0.5734711959958076,0.09401299804449081,0.25300728529691696,1.7771767731755972,0.6642527151852846,0.019649263471364975,0.11720715090632439,0.0460660345852375,0.007065948098897934,4.104454585121119,2.958243222631651,0.12663035650168264,827,8.717635835016555,6.543646603349577,-0.9925761341092014,146,0.6939795613288879
resnet_frozen,fold6_balkan_e,45,0.7412031697246731,True,0,1e-05,1e-05,0.9317755065858364,0.1331107866551195,0.5658709108829498,0.10512975603342056,0.25078102573752403,1.8548783604055643,0.7398141529411077,0.01967301033437252,0.11752761155366898,0.046528417617082596,0.007181691005825996,4.088425343990295,2.9498205353090876,0.13343862595408562,827,8.701307345247796,6.525730446197223,-0.9851187708450448,146,0.6901734471321106
resnet_frozen,fold6_balkan_e,46,0.7072689328545383,False,1,1e-05,1e-05,0.9403361342847347,0.13433373346924782,0.5756700076162815,0.10887078568339348,0.2513956855982542,1.8776590172201395,0.7490870859473944,0.019684243947267532,0.117245739325881,0.046110985800623894,0.0071411579847335815,4.090296429012451,2.9465978741125975,0.1326452735536615,827,8.709071140040416,6.536103353652414,-0.9886628200124137,146,0.6924561858177185
resnet_frozen,fold6_balkan_e,47,0.6934743832792307,True,0,1e-05,1e-05,0.8677697610110044,0.12396710871585778,0.5424076281487942,0.09519283100962639,0.25104495510458946,1.7576973512768745,0.6759299300611019,0.019181715324521065,0.11720477417111397,0.047247786074876785,0.007168633863329887,4.081712836308269,2.9428595996997786,0.13628178648022604,827,8.700398315646844,6.52531597987896,-0.9847040199593728,146,0.6904463768005371
resnet_frozen,fold6_balkan_e,48,0.7262629332536653,True,0,1e-05,1e-05,0.8655969873070717,0.12365671247243881,0.5545936282724142,0.09389526024460793,0.25191488675773144,1.767339549958706,0.6741010490804911,0.01958552375435829,0.1176010463386774,0.046157512813806534,0.007086005061864853,4.073328337150105,2.938659739372692,0.13982657611313865,827,8.689658514046316,6.512996942307166,-0.9798071932209704,146,0.688052237033844
resnet_frozen,fold6_balkan_e,49,0.7004045719391201,True,0,1e-05,1e-05,0.8477166872471571,0.12110238389245101,0.5432665776461363,0.09403986856341362,0.2503799181431532,1.7367563545703888,0.6567269191145897,0.019511831924319267,0.11725240014493465,0.04610307700932026,0.007042167708277702,4.067488876486829,2.9316289971934126,0.14229107101554983,827,8.689395419153163,6.508927440602501,-0.9796873106557624,146,0.6878208518028259
resnet_frozen,fold6_balkan_e,50,0.7211971628910974,False,1,1e-05,1e-05,0.8509448319673538,0.1215635474239077,0.5494176242500544,0.09194185771048069,0.2500330079346895,1.7436338681727648,0.6592779327183962,0.019737709313631058,0.11725237220525742,0.046264952048659325,0.007332148030400276,4.067488330909402,2.9289549032045024,0.14229130110670096,827,8.700592074824515,6.522204558784098,-0.9847924202571341,146,0.6904025673866272
resnet_frozen,fold6_balkan_e,51,0.6933145396222227,True,0,1e-05,1e-05,0.8157940283417702,0.11654200404882431,0.5364624764770269,0.09323992766439915,0.24972056411206722,1.696515979245305,0.6276721674948931,0.019504275172948837,0.11719824746251106,0.043879322707653046,0.006514666602015495,4.0512170379803445,2.9239268749054315,0.14913981006221833,827,8.671792598044645,6.488968650118677,-0.9716746049168143,146,0.6837278008460999
resnet_frozen,fold6_balkan_e,52,0.7513855100398773,True,0,1e-05,1e-05,0.8878931030631065,0.12684187186615808,0.5483186449855566,0.10298676416277885,0.2486904263496399,1.789190260693431,0.6883252710103989,0.019662315025925636,0.11736562848091125,0.05328481085598469,0.00807996280491352,4.0420451425367565,2.9181811157284017,0.15298811863471484,827,8.670441169693929,6.485203852525688,-0.9710601138982558,146,0.6828082203865051
resnet_frozen,fold6_balkan_e,53,0.7012473847874707,False,1,1e-05,1e-05,0.8612069003283978,0.12302955718977111,0.5593031197786331,0.09736856073141098,0.250921418890357,1.7701105177402496,0.6701743882149458,0.019365740939974785,0.11723296716809273,0.046183282509446144,0.007181501016020775,4.042529424521313,2.9138314210681835,0.15278514357966055,827,8.692388803604349,6.507678541921345,-0.9810514989881496,146,0.6877320408821106
resnet_frozen,fold6_balkan_e,54,0.7037843199133729,False,2,1e-05,1e-05,0.9035075958818197,0.12907251369740283,0.5754746701568365,0.10316063463687897,0.2572917714715004,1.8407000042498112,0.711856184527278,0.019477132707834244,0.11755526065826416,0.046374306082725525,0.007184367626905441,4.0331472037218346,2.908319145542624,0.156713146056915,827,8.680774120340084,6.493601830600561,-0.9757609134376437,146,0.6850101351737976
resnet_frozen,fold6_balkan_e,55,0.6922438136035038,False,3,1e-05,1e-05,0.9178779646754265,0.13112542352506093,0.5453900415450335,0.09862929210066795,0.25060826539993286,1.8137851674109697,0.7270982936024666,0.019337289035320282,0.11724377609789371,0.04615841619670391,0.007016729563474655,4.036321017067902,2.9078690726361605,0.1553854047061466,827,8.696580613927251,6.508826113990586,-0.9829626409342056,146,0.6882985234260559
resnet_frozen,fold6_balkan_e,56,0.6915106721483667,False,4,1e-05,1e-05,0.846453720703721,0.12092196010053158,0.5444371327757835,0.09420881047844887,0.25037873536348343,1.7368105612695217,0.6559622026979923,0.019339585676789284,0.11713475733995438,0.04603533633053303,0.006971094757318497,4.031343061399811,2.9031557368997882,0.15746743006438513,827,8.689732649175973,6.499444354473729,-0.9798409744999053,146,0.6868818998336792
resnet_frozen,fold6_balkan_e,57,0.6993160686008587,False,5,1e-05,1e-05,0.7356447242200375,0.10509210346000535,0.7270664777606726,0.12074932642281055,0.24979599751532078,1.8345636930316687,0.5447268802672625,0.019523348659276962,0.11714385263621807,0.04598152078688145,0.007186634466052055,4.02581387160304,2.898202973800059,0.15977699673696366,827,8.689307863836886,6.499708685921291,-0.9796474157569817,146,0.6871603727340698
resnet_frozen,fold6_balkan_e,58,0.6789066863607754,False,6,1e-05,1e-05,0.8751979991793633,0.1250282855970519,0.5428237318992615,0.09394391998648643,0.250531816855073,1.7637884486466646,0.6838674414902925,0.01947072334587574,0.11698886752128601,0.04674450308084488,0.0071052368730306625,4.02371276197281,2.8958819612145748,0.16065380823918152,827,8.697780962367453,6.508866318582922,-0.983510076871577,146,0.6889306306838989
resnet_frozen,fold6_balkan_e,59,0.7133449568281439,False,7,1e-05,1e-05,0.8522403445094824,0.12174862064421177,0.5485704764723778,0.09458807855844498,0.24669412337243557,1.7433698680251837,0.661459369584918,0.01943259872496128,0.11724037863314152,0.046135587617754936,0.006935494020581245,4.011946432080053,2.892047252195533,0.16555554193783706,827,8.677668997046247,6.486680944444562,-0.9743477021490483,146,0.6842508316040039
resnet_frozen,fold6_balkan_e,60,0.6927460528630875,True,0,1e-05,1e-05,0.7905188165605068,0.11293125950864383,0.548446936532855,0.09424906969070435,0.25061311572790146,1.6851101014763117,0.5990692414343357,0.01966388337314129,0.11719427444040775,0.046463917940855026,0.007032891735434532,4.005468670671349,2.8895742212163205,0.16824798483356918,827,8.66327012535046,6.469242840966454,-0.9678010607352066,146,0.6805726885795593
resnet_frozen,fold6_balkan_e,61,0.6776669651017656,True,0,1e-05,1e-05,0.8688973877578974,0.1241281982511282,0.5464082527905703,0.09509479999542236,0.25122288800776005,1.7629842031747103,0.6781306471675634,0.019554749131202698,0.11719303205609322,0.04600748047232628,0.006949933245778084,3.9959425382897913,2.8857030086977797,0.1721995612615198,827,8.650374644910285,6.451281556795202,-0.9619471848822516,146,0.6772246956825256
resnet_frozen,fold6_balkan_e,62,0.6892528879887536,True,0,1e-05,1e-05,0.8619878832250834,0.12314112617501191,0.9987017922103405,0.3750656992197037,0.2862306609749794,2.5233166441321373,0.6711880248039961,0.019400808960199356,0.11717459745705128,0.0462106429040432,0.006965557113289833,3.985347719832946,2.8811933327394574,0.17658339230801356,827,8.636110383356229,6.43378272337644,-0.955482111391385,146,0.6740826368331909
resnet_frozen,fold6_balkan_e,63,0.7008552597396464,True,0,1e-05,1e-05,2.333151686936617,0.3333073838480881,0.8552582636475563,0.10119187273085117,0.25850177742540836,3.5496281385421753,2.146762439981103,0.019127558916807175,0.11786885559558868,0.039975911378860474,0.008136119693517685,3.979161156922835,2.8752807953247674,0.17913783178660836,827,8.629771514582984,6.423835231253238,-0.9526125335829301,146,0.6723319292068481
resnet_frozen,fold6_balkan_e,64,0.7005321036803535,True,0,1e-05,1e-05,0.8354579005390406,0.11935112864843436,0.6506052743643522,0.13111216016113758,0.25620642118155956,1.8747192602604628,0.6439293213188648,0.0192751232534647,0.11721678264439106,0.046603383496403694,0.007335871458053589,3.9721761299092893,2.869994392116653,0.18201718835476732,827,8.623094057823055,6.413364257420784,-0.9495919573494862,146,0.6704970598220825
resnet_frozen,fold6_balkan_e,65,0.687587456662825,False,1,1e-05,1e-05,0.8927556052803993,0.12753651504005706,0.5558261424303055,0.0929558090865612,0.2521799001842737,1.795055178925395,0.7028646282851696,0.01935635320842266,0.11717035435140133,0.04547321982681751,0.0068548209965229034,3.969703603513175,2.867795417816991,0.18303519690628944,827,8.624101214623481,6.412297140290529,-0.9500473993180896,146,0.6701793074607849
resnet_frozen,fold6_balkan_e,66,0.6886372502798613,True,0,1e-05,1e-05,0.8972793985158205,0.12818277121654578,0.6246608179062605,0.11334804259240627,0.2548109721392393,1.8913741912692785,0.7096120901405811,0.019465945661067963,0.11746847443282604,0.043279360979795456,0.006466047838330269,3.9637492061935777,2.8635291678382577,0.18548418817431744,827,8.615811039135913,6.401953315222694,-0.9463001183879316,146,0.6682977080345154
resnet_frozen,fold6_balkan_e,67,0.6581215725844544,True,0,1e-05,1e-05,0.9347219225019217,0.13353170321456023,0.5492990501224995,0.10032450221478939,0.2519757691770792,1.8376902490854263,0.7447254452854395,0.019516853615641594,0.11893248930573463,0.044024670496582985,0.006506824865937233,3.957972238310841,2.861472454990342,0.18785669080939604,827,8.60683586376466,6.390611563765431,-0.9422472703591467,146,0.666398823261261
resnet_frozen,fold6_balkan_e,68,0.6426396444890347,True,0,1e-05,1e-05,0.849676001816988,0.12138228597385543,0.5529642831534147,0.09390334784984589,0.24962711706757545,1.7475092839449644,0.6623079217970371,0.0196073055267334,0.11714505776762962,0.04316685162484646,0.006394306197762489,3.9489655251949833,2.856664115861811,0.19154869200926927,827,8.594697859916439,6.377678130144025,-0.9367729284297941,146,0.6637576818466187
resnet_frozen,fold6_balkan_e,69,0.706071021046575,True,0,1e-05,1e-05,0.847485339269042,0.12106933418129172,0.6236375067383051,0.10897098667919636,0.26243462786078453,1.843888945877552,0.6581988669931889,0.019608257338404655,0.11726618930697441,0.04469563625752926,0.006682083010673523,3.940811879476142,2.852898137008257,0.19488375292706905,827,8.584257951457804,6.364505108096299,-0.9320706219528003,146,0.6613407731056213
resnet_frozen,fold6_balkan_e,70,0.670765241371533,False,1,1e-05,1e-05,0.8636719025671482,0.12338170036673546,0.5692912340164185,0.10015583224594593,0.24972791224718094,1.7844683714210987,0.6764275450259447,0.01936480775475502,0.11742650344967842,0.04296990483999252,0.006435897201299667,3.939528845245013,2.849294480115476,0.19540792082845893,827,8.586929469446824,6.365479500326933,-0.9332733734590779,146,0.661904513835907
resnet_frozen,fold6_balkan_e,71,0.66319340402587,True,0,1e-05,1e-05,0.8653033841401339,0.12361476916287627,0.5769214108586311,0.10481923632323742,0.250857412815094,1.7991962730884552,0.674571942538023,0.019454874098300934,0.1171309296041727,0.0459844209253788,0.007146794348955154,3.932463675414964,2.845326162651911,0.19829125156682814,827,8.580485618829252,6.356802505092106,-0.930372906984122,146,0.6606302857398987
resnet_frozen,fold6_balkan_e,72,0.6563990222787914,False,1,1e-05,1e-05,0.8427843004465103,0.12039775720664433,0.5431791581213474,0.09167646802961826,0.2491537593305111,1.7281638756394386,0.6509414222091436,0.01966508850455284,0.11720012128353119,0.04667695052921772,0.007221214473247528,3.9283336914465004,2.8437531826296887,0.19997432145666671,827,8.581863090669868,6.356241895223167,-0.9309927431738163,146,0.6607100963592529
resnet_frozen,fold6_balkan_e,73,0.6956679633623744,False,2,1e-05,1e-05,0.8085986487567425,0.11551409267953464,0.5490900408476591,0.09172771871089935,0.24895272962749004,1.6996671091765165,0.6175422091037035,0.019623829051852226,0.11710704490542412,0.046261051669716835,0.007014244794845581,3.9356763894524325,2.8451286115567656,0.19698076873234782,827,8.597985038118843,6.375903766465541,-0.9382547106506134,146,0.6647008061408997
resnet_frozen,fold6_balkan_e,74,0.6817461495820384,True,0,1e-05,1e-05,0.8106137309223413,0.11580196156033448,0.5456195306032896,0.0918020810931921,0.24849452637135983,1.6978003792464733,0.6201336588710546,0.019393589347600937,0.11712567508220673,0.04593782126903534,0.007004778832197189,3.9254953835169366,2.840238602150335,0.20112997628802087,827,8.576986238313324,6.351097504288545,-0.9287986996092352,146,0.6600964069366455
resnet_frozen,fold6_balkan_e,75,0.6840522009631599,True,0,1e-05,1e-05,0.8106807507574558,0.11581153582249369,0.5356076918542385,0.09271739237010479,0.24937327206134796,1.6897103860974312,0.619452778249979,0.01968294009566307,0.11743714660406113,0.04598257876932621,0.007049117237329483,3.918380701631692,2.837681022507127,0.2040231425636404,827,8.57074564562527,6.343820917767671,-0.9259929429627833,146,0.658907949924469
resnet_frozen,fold6_balkan_e,76,0.679168530502227,True,0,1e-05,1e-05,0.8175120037049055,0.1167874291007008,0.5238381084054708,0.08700024522840977,0.2446890976279974,1.674379076808691,0.6266610231250525,0.019615538418293,0.11723783053457737,0.04591989517211914,0.007023634389042854,3.9168484917534423,2.834198318159881,0.20464552473884035,827,8.570322458083401,6.343869705994889,-0.9258027527201007,146,0.6588875651359558
resnet_frozen,fold6_balkan_e,77,0.6825052835632841,True,0,1e-05,1e-05,0.8185577858239412,0.11693682654627732,0.5503391455858946,0.09182881936430931,0.24995080195367336,1.7119698598980904,0.6281977444887161,0.01945267990231514,0.1170131228864193,0.045907244086265564,0.006944306194782257,3.910316741694856,2.8310125674891102,0.20729598467065735,827,8.566632424594863,6.336037999105015,-0.9241447645061789,146,0.6575961112976074
resnet_frozen,fold6_balkan_e,78,0.699278576630635,True,0,1e-05,1e-05,0.821858998388052,0.11740842834115028,0.5486480128020048,0.09270411916077137,0.2509140111505985,1.715432956814766,0.6308926548808813,0.019541621208190918,0.11730916239321232,0.04599445313215256,0.007036490365862846,3.9028715097617446,2.8234531545654433,0.21031172332847925,827,8.564200430682794,6.32988900488346,-0.9230524229920218,146,0.6567596793174744
resnet_frozen,fold6_balkan_e,79,0.6841411198497251,True,0,1e-05,1e-05,0.8139219842851162,0.11627456918358803,0.5350306928157806,0.0918587613850832,0.25039080902934074,1.692490791901946,0.6230060327798128,0.019615033641457558,0.11720514670014381,0.04589465633034706,0.007147675380110741,3.890067391263966,2.8194206160058686,0.2154846716451373,827,8.531448344502852,6.293078361569298,-0.9083718829165943,146,0.6493883728981018
resnet_frozen,fold6_balkan_e,80,0.6178284982960343,False,1,1e-05,1e-05,0.811981663107872,0.11599738044398171,0.5446038506925106,0.09497925080358982,0.25031918101012707,1.7031729891896248,0.6213161312043667,0.019414542242884636,0.11723795719444752,0.045901671051979065,0.007058039307594299,3.8950686591364097,2.8181278288158906,0.2134661495562602,827,8.54573497676981,6.309076158489897,-0.9147686948831515,146,0.6528252959251404
resnet_frozen,fold6_balkan_e,81,0.6650535279058344,True,0,1e-05,1e-05,0.8185703381896019,0.1169386197413717,0.5443330127745867,0.09491177275776863,0.24957547150552273,1.7086596749722958,0.6279474813491106,0.019597353413701057,0.11723167076706886,0.04580502212047577,0.006952634081244469,3.8805713076978656,2.8121599526781296,0.2193101735959222,827,8.52701279252272,6.285733135169318,-0.906388050413055,146,0.648103654384613
resnet_frozen,fold6_balkan_e,82,0.663381961697967,False,1,1e-05,1e-05,0.8242612518370152,0.11775160740528788,0.5508067682385445,0.0930961687117815,0.25025383196771145,1.7197150625288486,0.6329713054001331,0.01955351047217846,0.1172619853168726,0.04628700949251652,0.00712222047150135,3.8804719818029194,2.8092021471995787,0.21935013767190736,827,8.530079323947659,6.290874119268738,-0.9077594685619856,146,0.6492375135421753
resnet_frozen,fold6_balkan_e,83,0.6610386351432016,False,2,1e-05,1e-05,0.8265124354511499,0.11807320506444999,0.550615843385458,0.09326900355517864,0.25006441958248615,1.7217425554990768,0.6357387509196997,0.019537942484021187,0.11714713089168072,0.04595601558685303,0.00706571526825428,3.8866795781112953,2.8124517041769677,0.21685052666065407,827,8.541584912161879,6.306983811732158,-0.9129094085124769,146,0.6522434949874878
resnet_frozen,fold6_balkan_e,84,0.6587539313061493,False,3,1e-05,1e-05,0.8269443437457085,0.11813490624938693,0.5518299359828234,0.09333706274628639,0.2505612224340439,1.723946725949645,0.6359600853174925,0.019542545080184937,0.11735046282410622,0.04597138985991478,0.0070751141756772995,3.886172244534149,2.807560176772878,0.2170549644510784,827,8.550395590920715,6.313764721442297,-0.9168577911525044,146,0.6539999842643738
resnet_frozen,fold6_balkan_e,85,0.6526654023213139,False,4,1e-05,1e-05,0.8253311049193144,0.11790444355990205,0.5511138346046209,0.09333178028464317,0.25040159188210964,1.7214569970965385,0.6347994618117809,0.019367478787899017,0.11717472597956657,0.04597124084830284,0.0069682300090789795,3.877911351899704,2.8053569254978163,0.22038006179431224,827,8.530123397188792,6.289704963598169,-0.907779182648363,146,0.6489465236663818
resnet_frozen,fold6_balkan_e,86,0.6551550850182087,False,5,1e-05,1e-05,0.8290765378624201,0.11843950540891715,0.5520459469407797,0.09317469969391823,0.25175435468554497,1.7273458931595087,0.6383228152990341,0.019503839313983917,0.11717183515429497,0.04602067731320858,0.007007721811532974,3.8785404137883273,2.8004313572213406,0.2201271065696434,827,8.543402544893677,6.300262356979226,-0.9137236219718134,146,0.6515384316444397
resnet_frozen,fold6_balkan_e,87,0.6924602596186092,False,6,1e-05,1e-05,2.406309053301811,0.343758436185973,1.5141217336058617,0.5808407980948687,0.24856623262166977,4.751136418431997,2.2228519674390554,0.01901421509683132,0.11757991276681423,0.039230888709425926,0.006593000143766403,3.8731915421545535,2.7951436841689574,0.22227665931322715,827,8.540700615311899,6.297325853703939,-0.9125133480112129,146,0.6510300636291504
resnet_frozen,fold6_balkan_e,88,0.6565588036644415,False,7,1e-05,1e-05,0.78909114561975,0.11272730651710715,0.5337956603616476,0.09018388763070107,0.24756576865911484,1.6618953105062246,0.5983616840094328,0.019412104040384293,0.1171835046261549,0.04600893333554268,0.007073663175106049,3.871621068739375,2.7925804116624673,0.22290722260796614,827,8.541286799757781,6.296887361449493,-0.912775884798315,146,0.6511737108230591
resnet_frozen,fold6_balkan_e,89,0.7066183770582206,False,8,1e-05,1e-05,0.7926136944442987,0.11323052777775697,0.5336797591298819,0.09021981805562973,0.24723887257277966,1.6650402061641216,0.6016325764358044,0.01962626725435257,0.11711432598531246,0.04614994116127491,0.007036194205284119,3.8644617413462163,2.790624816137035,0.22577853546957838,827,8.532713038451329,6.288068696420045,-0.9089377153901133,146,0.6491222381591797
resnet_frozen,fold6_balkan_e,90,0.6858561606908796,False,9,1e-05,1e-05,0.7971798814833164,0.11388284021190234,0.5329271294176579,0.08966945484280586,0.24963388219475746,1.6706914603710175,0.6062201149761677,0.019572420045733452,0.11709449253976345,0.04615427553653717,0.007065873593091965,3.864986517173991,2.7885014207218695,0.22556824988599622,827,8.533651659846363,6.2939042650184405,-0.9093577150603533,146,0.6502479910850525
resnet_frozen,fold6_balkan_e,91,0.6579415391693669,False,10,1e-05,1e-05,0.7999365422874689,0.11427664889820985,0.5339139308780432,0.09063464030623436,0.24760171212255955,1.6733813118189573,0.6088656950742006,0.01961362734436989,0.11716553755104542,0.04613839276134968,0.007079772651195526,3.866827824812479,2.785552152549397,0.22483018430094248,827,8.5430729866803,6.303676959353799,-0.9135759826278247,146,0.6522849202156067
resnet_frozen,fold6_balkan_e,92,0.6687190045468608,False,11,1e-05,1e-05,0.7990503422915936,0.11415004889879908,0.5358949601650238,0.09022865816950798,0.24761708080768585,1.6740793641656637,0.6078892536461353,0.019635377451777458,0.11718464829027653,0.04618115350604057,0.007118305191397667,3.86362190605205,2.78319671376331,0.22611501071570828,827,8.538764055622861,6.296329046278462,-0.9116461413207264,146,0.6510179042816162
resnet_frozen,fold6_balkan_e,93,0.671989076515207,True,0,1e-05,1e-05,0.8001220636069775,0.11430315194385392,0.5346434004604816,0.0900940503925085,0.24821857176721096,1.6743812058120966,0.6091359481215477,0.019695820286870003,0.1170839462429285,0.046114830300211906,0.007053719833493233,3.8417420415344052,2.776839538498309,0.23485528312210868,827,8.495366280076771,6.2477437576372585,-0.8922638590852998,146,0.6411992907524109
resnet_frozen,fold6_balkan_e,94,0.6684131899076045,False,1,1e-05,1e-05,0.7922109551727772,0.11317299359611102,0.5334435980767012,0.09030522033572197,0.2480667419731617,1.6653171312063932,0.601278493180871,0.019707543775439262,0.11713243089616299,0.04604469984769821,0.006996173411607742,3.847966525109424,2.7794470829791296,0.23237386248737824,827,8.512666217691896,6.267552047406188,-0.8999785066767794,146,0.6448641419410706
resnet_frozen,fold6_balkan_e,95,0.6486102545852385,False,2,1e-05,1e-05,0.7984351217746735,0.11406216025352478,0.5239789336919785,0.09052562713623047,0.24733345210552216,1.6615525279194117,0.6073248386383057,0.019740773364901543,0.11720882914960384,0.04609078913927078,0.007021581754088402,3.8422056514271663,2.7765543292604393,0.23467060124597128,827,8.497964239548542,6.250335872951862,-0.893421378687403,146,0.6415021419525146
resnet_frozen,fold6_balkan_e,96,0.7020058314774316,True,0,1e-05,1e-05,0.7955050114542246,0.11364357306488923,0.5380880031734705,0.09015885926783085,0.2479495406150818,1.6729852855205536,0.6044680885970592,0.019637158140540123,0.11723139509558678,0.046139879152178764,0.007010260596871376,3.838802662528146,2.771896785264105,0.23602568441445892,827,8.494741673542144,6.2439227292826445,-0.8919856187167567,146,0.6405841112136841
resnet_frozen,fold6_balkan_e,97,0.6623125341523803,True,0,1e-05,1e-05,0.7856579665094614,0.11223685235849448,0.5255603734403849,0.09021547995507717,0.24917022325098515,1.6519169341772795,0.5946992076933384,0.01969141699373722,0.11718353070318699,0.04603011533617973,0.007023219019174576,3.831993936042579,2.769268098933227,0.23873334073332686,827,8.481244163578893,6.228197335303945,-0.8859779477476746,146,0.6374588012695312
resnet_frozen,fold6_balkan_e,98,0.6853997577634947,True,0,1e-05,1e-05,0.7937199492007494,0.11338856417153563,0.524849645793438,0.09102792106568813,0.24731110408902168,1.6581896804273129,0.6027432400733232,0.019636651501059532,0.1172872968018055,0.04599115625023842,0.007009757682681084,3.8255618822138553,2.7677348409393225,0.24128678877337928,827,8.474191790269108,6.216587137256417,-0.8828427731481538,146,0.6353588104248047
resnet_frozen,fold6_balkan_e,99,0.5957040106370919,False,1,1e-05,1e-05,0.7888090275228024,0.11268700393182891,0.5256879851222038,0.09028744883835316,0.2471978645771742,1.6532767657190561,0.5980863515287638,0.019480621442198753,0.11719975247979164,0.04604010842740536,0.006967652589082718,3.8228733598278337,2.7641042614634337,0.2423528286105998,827,8.481488473314167,6.224318589749509,-0.8860866038364745,146,0.6372177600860596
resnet_frozen,fold6_balkan_e,100,0.6697141285242452,False,2,1e-05,1e-05,0.8049276601523161,0.11498966573604516,0.5314954090863466,0.08916370943188667,0.24646193906664848,1.673339169472456,0.6141681894659996,0.019475864246487617,0.11711560934782028,0.046165673062205315,0.006951022893190384,3.818519742064486,2.761916264079647,0.24407751454606852,827,8.481955665183815,6.223258617054342,-0.8862943948624105,146,0.6369995474815369
resnet_frozen,fold6_balkan_e,101,0.6312241560026121,False,3,1e-05,1e-05,0.7884677685797215,0.11263825265424592,0.5216185431927443,0.08926942758262157,0.24666740372776985,1.6473131142556667,0.5977330729365349,0.019595125690102577,0.11713905073702335,0.0460415780544281,0.006926584988832474,3.812626293892024,2.759593788814916,0.24640907358336073,827,8.475092568404342,6.212187269078407,-0.8832430741526436,146,0.6350879073143005
resnet_frozen,fold6_balkan_e,102,0.7001490933142666,True,0,1e-05,1e-05,0.8004567455500364,0.1143509636500052,0.5313912406563759,0.08979612775146961,0.2486632727086544,1.671582231298089,0.6092581059783697,0.019766923040151596,0.11715498566627502,0.046170247718691826,0.007028890773653984,3.807107590058358,2.7567188155107782,0.2485891116410054,827,8.463741735893905,6.199317589199659,-0.8782019346794867,146,0.6326122283935547
resnet_frozen,fold6_balkan_e,103,0.6752818060324876,True,0,1e-05,1e-05,0.7868630308657885,0.11240900440939836,0.5225550159811974,0.09023050032556057,0.24783373437821865,1.6487778276205063,0.5959928594529629,0.01968579925596714,0.11711768805980682,0.04596399515867233,0.0070253536105155945,3.8057948500801766,2.757579102453486,0.2491072147031803,827,8.455953325670414,6.192193517546037,-0.8747468489495336,146,0.6308495402336121
resnet_frozen,fold6_balkan_e,104,0.6461423391874929,False,1,1e-05,1e-05,0.791900971904397,0.11312871027205672,0.5346282050013542,0.08996471017599106,0.24752758257091045,1.6653383169323206,0.6008438635617495,0.019720658659934998,0.11723333597183228,0.046079618856310844,0.006981147453188896,3.809067162664609,2.754512611221018,0.24781538875451148,827,8.47982239076358,6.216909536808974,-0.8853456802711919,146,0.6360411643981934
resnet_frozen,fold6_balkan_e,105,0.642623938268733,False,2,1e-05,1e-05,0.7907356917858124,0.11296224168368749,0.526115657761693,0.09105961211025715,0.24779393151402473,1.6570009030401707,0.599853279069066,0.019745351746678352,0.11710777133703232,0.04603050649166107,0.006976773962378502,3.7994921520973257,2.7490544909090713,0.2515922312673108,827,8.467230901949277,6.201368392621267,-0.8797508262800862,146,0.6330254077911377
resnet_frozen,fold6_balkan_e,106,0.6931997158507194,False,3,1e-05,1e-05,0.7912476118654013,0.11303537312362875,0.523707615211606,0.09096694737672806,0.247073944658041,1.654278315603733,0.6006042137742043,0.019530773162841797,0.11705333925783634,0.04597222059965134,0.007031422108411789,3.7974031860791784,2.7449246228957342,0.2524149562814637,827,8.471184159214175,6.202481007700584,-0.8815065061368965,146,0.6335417628288269
resnet_frozen,fold6_balkan_e,107,0.6577009180292686,False,4,1e-05,1e-05,0.8054981324821711,0.1150711617831673,0.5865287184715271,0.09521005116403103,0.254347650334239,1.742864752188325,0.6124788112938404,0.019780350849032402,0.11720769479870796,0.04782270826399326,0.007149700075387955,3.8007190497343686,2.7436624052472784,0.2511088150959683,827,8.482351209707602,6.214524499463718,-0.886470328537281,146,0.636028528213501
resnet_frozen,fold6_balkan_e,108,0.6507949644593835,False,5,1e-05,1e-05,0.7890368215739727,0.11271954593913895,0.531330032274127,0.0902076680213213,0.24762862548232079,1.6595301870256662,0.5981124881654978,0.019679104909300804,0.11712485365569592,0.046008672565221786,0.007053690031170845,3.799040631277743,2.741481864559013,0.25177009799095085,827,8.4806611032619,6.2144125760958655,-0.8857186459093132,146,0.6360962986946106
resnet_frozen,fold6_balkan_e,109,0.6255419360971508,False,6,1e-05,1e-05,0.7902049832046032,0.11288642617208618,0.5229877550154924,0.09023367054760456,0.24709216505289078,1.651807066053152,0.599065512418747,0.019840644672513008,0.11722964607179165,0.046051423996686935,0.006979290395975113,3.7924348171076874,2.738872647148749,0.25436989672206944,827,8.469639114836733,6.199688811655434,-0.8808202394021689,146,0.633228063583374
resnet_frozen,fold6_balkan_e,110,0.67421061874445,True,0,1e-05,1e-05,0.7876860536634922,0.1125265790947846,0.5268384572118521,0.0906131211668253,0.2474001031368971,1.653828278183937,0.5964890941977501,0.019844289869070053,0.11718042939901352,0.046030743047595024,0.007099814713001251,3.780043072894162,2.738109549508681,0.2592346143594926,827,8.431612866685564,6.158014120073532,-0.8639694662242556,146,0.6245743036270142
resnet_frozen,fold6_balkan_e,111,0.6982487467497118,True,0,1e-05,1e-05,0.7857707589864731,0.11225296556949615,0.524870578199625,0.09025551937520504,0.2473591547459364,1.6495682746171951,0.5946388505399227,0.019867276772856712,0.11721845529973507,0.04604117013514042,0.006956392899155617,3.7740610928191534,2.7328830758411464,0.26157730592879247,827,8.426708444075409,6.152693379300191,-0.8618016638331185,146,0.6237061619758606
resnet_frozen,fold6_balkan_e,112,0.6317891694037773,False,1,1e-05,1e-05,0.7935036066919565,0.11335765809885093,1.0766201242804527,0.171794842928648,0.2554689608514309,2.29866792075336,0.6042701564729214,0.01977536268532276,0.11719378642737865,0.04422328062355518,0.00697571225464344,3.7797023235790275,2.732438440435598,0.25936815988586126,827,8.442157214775445,6.168661474629549,-0.8686344414283622,146,0.6271548867225647
resnet_frozen,fold6_balkan_e,113,0.6085594297176117,True,0,1e-05,1e-05,3.1015804950147867,0.44308292785925524,0.5314193945378065,0.08945677988231182,0.24678772501647472,3.9705492835491896,2.9167199712246656,0.0191276166588068,0.11725846119225025,0.040518686175346375,0.00686100497841835,3.7711179735889453,2.7315300311519946,0.2627285425359682,827,8.42321086710439,6.148273544155267,-0.8602564713586482,146,0.6227648258209229
resnet_frozen,fold6_balkan_e,114,0.6451044786077312,True,0,1e-05,1e-05,0.7912053167819977,0.11302933096885681,0.5229784268885851,0.09030468016862869,0.24651585519313812,1.652292450889945,0.6000048480927944,0.019668811932206154,0.11730283871293068,0.046197718009352684,0.006993230432271957,3.7656735330861193,2.7284709405947773,0.264855833723076,827,8.408046368159859,6.1352421474812715,-0.853564376309411,146,0.6203983426094055
resnet_frozen,fold6_balkan_e,115,0.6477716300623017,False,1,1e-05,1e-05,0.9316127113997936,0.13308753019997052,0.523586692288518,0.08967786096036434,0.24661424569785595,1.7927644960582256,0.740719560533762,0.019598200917243958,0.1170647144317627,0.046166012063622475,0.007035408169031143,3.7655049936585536,2.7232333211889284,0.26492163762411736,827,8.421511017668374,6.146293226687059,-0.8595057275167806,146,0.6226038336753845
resnet_frozen,fold6_balkan_e,116,0.6541543151043635,False,2,1e-05,1e-05,0.7799768503755331,0.11142526433936187,0.5270190238952637,0.09046450071036816,0.24663474597036839,1.645368518307805,0.5893470030277967,0.01966003328561783,0.1171821877360344,0.0458624642342329,0.00690467469394207,3.763345310353223,2.7226004318778996,0.26576459558534204,827,8.42107071878598,6.146147007236754,-0.859311292838963,146,0.6225475072860718
resnet_frozen,fold6_balkan_e,117,0.5894545678504289,False,3,1e-05,1e-05,0.7916797380894423,0.11309710544134889,0.5201916191726923,0.09078810922801495,0.2471082154661417,1.6510405149310827,0.6009600013494492,0.019640032202005386,0.11716261133551598,0.04595169797539711,0.006954682990908623,3.7621013089794584,2.722085593699776,0.26624992914502943,827,8.41748657705993,6.141671969359576,-0.8577289246938302,146,0.6217563152313232
resnet_frozen,fold6_balkan_e,118,0.6375012564976241,True,0,1e-05,1e-05,0.7859438359737396,0.11227769085339137,0.5215897969901562,0.09026358090341091,0.2467221561819315,1.6458035595715046,0.5953050889074802,0.019566882401704788,0.11706514842808247,0.045982200652360916,0.007046900689601898,3.7499274198216237,2.7201472933545405,0.27099097075296885,827,8.398265070786916,6.119340149620338,-0.8492542862197721,146,0.6170531511306763
resnet_frozen,fold6_balkan_e,119,0.6212630173891891,True,0,1e-05,1e-05,0.7852270565927029,0.11217529379895755,0.5314403437077999,0.0895252600312233,0.24668775498867035,1.6542060375213623,0.5944703258574009,0.019481368362903595,0.11720234528183937,0.04607143811881542,0.00697200745344162,3.750969348872313,2.718710297442591,0.27058579959844997,827,8.391598420257052,6.11095645563001,-0.8463195279645492,146,0.6155841946601868
resnet_frozen,fold6_balkan_e,120,0.6513021715895296,True,0,1e-05,1e-05,0.78423878736794,0.11203411248113428,0.530631685629487,0.08935083076357841,0.24644669331610203,1.6519500259310007,0.5935463830828667,0.019767140969634056,0.11717590130865574,0.04580366984009743,0.006923642009496689,3.738735990730262,2.7167154872738077,0.2753358433040626,827,8.368311745123238,6.084025366585131,-0.836086676998536,146,0.6105104684829712
resnet_frozen,fold6_balkan_e,121,0.6816560313952444,False,1,1e-05,1e-05,0.7853728849440813,0.11219612642058305,0.5287223644554615,0.08856911025941372,0.2466051559895277,1.650541827082634,0.5946173258125782,0.019652705639600754,0.11712418124079704,0.04601646214723587,0.006902320310473442,3.749773925011749,2.716625167794052,0.2710506502078731,827,8.395726926305748,6.111300598076999,-0.8481366827018288,146,0.6160681843757629
resnet_frozen,fold6_balkan_e,122,0.5864535219868264,False,2,1e-05,1e-05,0.7866966482251883,0.11238523546074118,0.5308819860219955,0.08919055014848709,0.2466837354004383,1.6547403614968061,0.595808370038867,0.019618375226855278,0.11716119945049286,0.04607678763568401,0.007013658061623573,3.7487938733274175,2.7150386935962683,0.2714316410049038,827,8.401494437938098,6.112921831103774,-0.8506767393528551,146,0.6165900826454163
resnet_frozen,fold6_balkan_e,123,0.6595661435478977,False,3,1e-05,1e-05,0.7873509675264359,0.11247870964663369,0.5292350575327873,0.08888496086001396,0.24699394591152668,1.6537694986909628,0.5963465329259634,0.01968619041144848,0.11718936450779438,0.046176960691809654,0.006951853632926941,3.736028223433012,2.712118867224476,0.27638513447811675,827,8.369887966839775,6.081455202007853,-0.8367784180188318,146,0.6106012463569641
resnet_frozen,fold6_balkan_e,124,0.6195087502051726,False,4,1e-05,1e-05,0.7875093277543783,0.11250133253633976,0.5277019962668419,0.08899064920842648,0.24669316411018372,1.6521741095930338,0.5966705195605755,0.01966756582260132,0.11722020991146564,0.045906974002718925,0.007024483755230904,3.7370292861526737,2.7094933247966195,0.2759972996595974,827,8.381316654007401,6.094071802320609,-0.8417979111801746,146,0.6131431460380554
resnet_frozen,fold6_balkan_e,125,0.6633552265282554,False,5,1e-05,1e-05,0.7899347115308046,0.11284781593297209,0.5739315655082464,0.09681352414190769,0.25404221192002296,1.7160273157060146,0.597862983122468,0.019720934331417084,0.1174418106675148,0.04683794640004635,0.0070290714502334595,3.741441430101804,2.7104459435714428,0.27428669498726566,827,8.39368201928627,6.1071400889243925,-0.8472365087301139,146,0.6155202984809875
resnet_frozen,fold6_balkan_e,126,0.6114271595227243,False,6,1e-05,1e-05,0.7910381909459829,0.11300545584942613,0.5279766358435154,0.08907287009060383,0.24657215550541878,1.6559477150440216,0.6001455914229155,0.019633885473012924,0.117160864174366,0.046091802418231964,0.00697946734726429,3.7398830129752696,2.7103107949068015,0.2748911296818668,827,8.39292260847071,6.105378069240878,-0.846902269734318,146,0.6152366995811462
resnet_frozen,fold6_balkan_e,127,0.6051747138727965,False,7,1e-05,1e-05,0.7835523877292871,0.11193605538989816,0.526342025026679,0.08851360715925694,0.24656911566853523,1.6462621986865997,0.5927907787263393,0.019592180848121643,0.11714734509587288,0.046074023470282555,0.006937010213732719,3.7353626633173405,2.7064372256835703,0.2766429303331359,827,8.381622708444205,6.093180058672563,-0.8419324248222713,146,0.6128628849983215
resnet_frozen,fold6_balkan_e,128,0.6421043645081526,False,8,1e-05,1e-05,0.7862184103578329,0.1123169157654047,0.5307174362242222,0.08936549350619316,0.2468819059431553,1.6544707231223583,0.5952712912112474,0.01958874799311161,0.11721152067184448,0.04617244191467762,0.006966549903154373,3.7404268413902666,2.707302045344935,0.27468023352440785,827,8.38962258593511,6.10238413191921,-0.8454501841662496,146,0.6148198843002319
resnet_frozen,fold6_balkan_e,129,0.6358803284355634,False,9,1e-05,1e-05,0.7870191615074873,0.1124313087867839,0.5257700048387051,0.08829590678215027,0.24625884555280209,1.6486181411892176,0.5961436219513416,0.019652143120765686,0.11720544844865799,0.04606505669653416,0.006924491375684738,3.747796383443428,2.7072412185806662,0.27181930856197223,827,8.40194000887168,6.116228151401752,-0.8508730448161332,146,0.6176998615264893
resnet_frozen,fold6_balkan_e,130,0.6435929082757472,False,10,1e-05,1e-05,0.7861409224569798,0.11230584606528282,0.5292716771364212,0.08877606689929962,0.24689043872058392,1.6523478347808123,0.595463752746582,0.019556129351258278,0.11713520810008049,0.045991770923137665,0.006975084543228149,3.7391578970576536,2.7040686454424394,0.2751722812634726,827,8.38544346690871,6.097013281456987,-0.8436120954985673,146,0.6139646172523499
resnet_frozen,fold6_balkan_e,131,0.6209330068678204,False,11,1e-05,1e-05,0.7860563509166241,0.11229376441666059,0.5279029179364443,0.08991400897502899,0.24695296585559845,1.652106687426567,0.5952857881784439,0.019619695842266083,0.1171466950327158,0.04600392282009125,0.00697721354663372,3.736066086807959,2.7022046581453916,0.27637046722285585,827,8.381761928808524,6.09446202752491,-0.8419936150337308,146,0.6132169961929321
resnet_frozen,fold6_balkan_e,132,0.6466401225854581,False,12,1e-05,1e-05,0.7859352827072144,0.11227646895817348,0.5342975929379463,0.08985904231667519,0.2473560981452465,1.6587203815579414,0.5948640666902065,0.019598321989178658,0.11743819713592529,0.04610742814838886,0.0069137513637542725,3.7322745411246254,2.6991873571846443,0.27783847242350257,827,8.375393571004926,6.08346325814686,-0.8391956309873552,146,0.6115604639053345
resnet_frozen,fold6_balkan_e,133,0.6112778281934893,False,13,1e-05,1e-05,0.7893527168780565,0.11276467383972236,0.5353310517966747,0.08941367082297802,0.2468748465180397,1.6622681766748428,0.5984222702682018,0.019610106945037842,0.11712533049285412,0.04616846516728401,0.0069976262748241425,3.7288834014838166,2.6936975595861923,0.27915018623214827,827,8.378909327560198,6.085995383531052,-0.8407400410974908,146,0.6125104427337646
resnet_frozen,fold6_balkan_e,134,0.5922739889197943,False,14,1e-05,1e-05,0.7870345842093229,0.11243351202990327,0.5327533204108477,0.08966040052473545,0.24870933778584003,1.6594327446073294,0.5962914228439331,0.019572151824831963,0.11719762720167637,0.046018755063414574,0.0069457534700632095,3.7277352262560672,2.6930414230263815,0.2795940373187459,827,8.382013893123313,6.089317897012447,-0.8421043611128747,146,0.6127610802650452
resnet_frozen,fold6_balkan_e,135,0.6585981053049071,False,15,1e-05,1e-05,0.7903960254043341,0.11291371791490487,0.5278087481856346,0.08953925967216492,0.24686960875988007,1.6559015214443207,0.5995766166597605,0.01962064392864704,0.11710864491760731,0.04607708193361759,0.006999308243393898,3.7298786406433617,2.694399650973313,0.2787653451818909,827,8.383789378506055,6.091135717739838,-0.8428848360207208,146,0.6130002737045288
resnet_frozen,fold6_balkan_e,136,0.6469163398788803,False,16,1e-05,1e-05,0.7892758045345545,0.1127536863620792,0.533687824383378,0.0898670107126236,0.24708103574812412,1.66121244430542,0.5985537748783827,0.01953940838575363,0.11707097478210926,0.046134570613503456,0.006963424384593964,3.7264353743505323,2.694192345203881,0.2800963572222195,827,8.379716178583182,6.089375191773813,-0.8410945680260697,146,0.6123580932617188
resnet_frozen,fold6_balkan_e,137,0.6335573761466048,True,0,1e-05,1e-05,0.7860191538929939,0.11228845055614199,0.5374585539102554,0.10627864301204681,0.26141937635838985,1.6924650371074677,0.59519362449646,0.019564839079976082,0.1172463707625866,0.046072229743003845,0.006941165775060654,3.712973614174278,2.692143886234307,0.2852882709547968,827,8.347941460263554,6.054136123886858,-0.8271586905745953,146,0.6051543951034546
resnet_frozen,fold6_balkan_e,138,0.6268136740595714,True,0,1e-05,1e-05,3.2464225254952908,0.46377464649932726,1.3650753367692232,0.1029724907130003,0.2601283472031355,4.976215559989214,3.0602463260293007,0.019552081823349,0.11753072217106819,0.03984231688082218,0.00799066573381424,3.7000344505139755,2.684365137383439,0.2902609206058543,827,8.331245356879645,6.03305230390066,-0.8198572681320722,146,0.601683497428894
resnet_frozen,fold6_balkan_e,139,0.6084031239962779,False,1,1e-05,1e-05,0.949150025844574,0.13559286083493913,0.5882618725299835,0.10363902151584625,0.26204900816082954,1.9044713862240314,0.7526459731161594,0.019448012113571167,0.11754203960299492,0.04929286241531372,0.008982736617326736,3.699753702260205,2.6824287805069305,0.29036862254769713,827,8.3368574518361,6.038741361649322,-0.8223098790614272,146,0.6028810739517212
resnet_frozen,fold6_balkan_e,140,0.6415059321448477,False,2,1e-05,1e-05,0.9463683236390352,0.13519547480557645,0.5872644130140543,0.1032796036452055,0.2616497278213501,1.8999151531606913,0.7503181770443916,0.019573939964175224,0.11734462156891823,0.04903429374098778,0.00889703817665577,3.7042879325529134,2.682916473176006,0.28862818032874915,827,8.35000846325314,6.051228422537571,-0.8280636346416999,146,0.6055164337158203
resnet_frozen,fold6_balkan_e,141,0.644078813988756,False,3,1e-05,1e-05,0.9484655372798443,0.13549507675426348,0.5905294809490442,0.10489246249198914,0.26126648858189583,1.906522260978818,0.7522157449275255,0.019511602818965912,0.11742519773542881,0.04914803244173527,0.008944837376475334,3.7006801087317793,2.67917535900276,0.29001319920888513,827,8.347524052357844,6.0457786778769345,-0.8269759745316505,146,0.6049941778182983
resnet_frozen,fold6_balkan_e,142,0.6305705973430297,False,4,1e-05,1e-05,0.9779417477548122,0.13970596396497317,0.6239822041243315,0.10448302142322063,0.2763217780739069,1.9840814527124166,0.7811648026108742,0.019493842497467995,0.11751311831176281,0.04931747354567051,0.009173570200800896,3.704955207165415,2.682097021966991,0.28837187028082334,827,8.357093978023723,6.0576836423066815,-0.8311674081452607,146,0.6071064472198486
resnet_frozen,fold6_balkan_e,143,0.6167932208244573,False,5,1e-05,1e-05,0.9380173403769732,0.13400247719671046,0.5646911449730396,0.09313488379120827,0.2511258702725172,1.84828937985003,0.734481442719698,0.01939379796385765,0.11750197038054466,0.05649217963218689,0.008927704766392708,3.708636509360924,2.6846181808517304,0.2869569977403912,827,8.362945170730764,6.06560980566853,-0.8337324778401312,146,0.6080865263938904
resnet_frozen,fold6_balkan_e,144,0.6124279202111831,False,6,1e-05,1e-05,0.815629480406642,0.11651849720094885,0.5393931269645691,0.09338071569800377,0.2505029309540987,1.7002057824283838,0.6237229276448488,0.019307678565382957,0.1171185877174139,0.04737702012062073,0.007055347785353661,3.704502452730632,2.68137405212433,0.2885457849908618,827,8.358933946276215,6.060033575922495,-0.8319738274126465,146,0.6074616312980652
resnet_frozen,fold6_balkan_e,145,0.6917097375355435,False,7,1e-05,1e-05,0.8169799968600273,0.11671142812286105,0.5615402422845364,0.09438730403780937,0.25128726102411747,1.725474439561367,0.6262877248227596,0.01939457841217518,0.1171636264771223,0.046109260991215706,0.007012024521827698,3.7019171557202197,2.681416025486156,0.2895384573760895,827,8.34959994402059,6.050004955801507,-0.8278847651500081,146,0.6056346297264099
resnet_frozen,fold6_balkan_e,146,0.6224916358956979,False,8,1e-05,1e-05,0.8167117368429899,0.11667310526328427,0.5380841083824635,0.09292407147586346,0.2513960115611553,1.7004215735942125,0.626179464161396,0.019402027130126953,0.11719970032572746,0.045936932787299156,0.006978582590818405,3.701482083683001,2.6761982289112494,0.2897054431696304,827,8.358301585880435,6.057992430700471,-0.8316966571700106,146,0.6074187159538269
resnet_frozen,fold6_balkan_e,147,0.6364627870423618,False,9,1e-05,1e-05,0.813429094851017,0.11620415640728814,0.5372868683189154,0.09309830516576767,0.25158132426440716,1.6966740116477013,0.6219738814979792,0.01933545619249344,0.11714902333915234,0.0469237994402647,0.007030928507447243,3.6928547054047436,2.672700262430993,0.2930126796628092,827,8.338576247026122,6.0374987478276605,-0.8230613613437403,146,0.6032562851905823
resnet_frozen,fold6_balkan_e,148,0.6499817097489751,True,0,1e-05,1e-05,0.8280637376010418,0.11829481965729169,0.5484216641634703,0.09324166364967823,0.25036029145121574,1.7213568612933159,0.637528795748949,0.019521716982126236,0.11713986471295357,0.045888280496001244,0.006937332451343536,3.6881441944391695,2.673902414494,0.294815159200133,827,8.32843548221557,6.028865253906899,-0.818629910567795,146,0.6016884446144104
resnet_frozen,fold6_balkan_e,149,0.6196647584077958,True,0,1e-05,1e-05,0.8511584438383579,0.12159406340547971,0.547258373349905,0.09234852157533169,0.2505759112536907,1.742697834968567,0.6594634763896465,0.01918633095920086,0.1172811072319746,0.047044647857546806,0.007104240357875824,3.6853160926944977,2.671789946150428,0.2958962285601039,827,8.322682441047098,6.021833161925902,-0.8161182649844596,146,0.6003479361534119
resnet_frozen,fold6_balkan_e,150,0.6180302113691005,False,1,1e-05,1e-05,0.8283334691077471,0.11833335272967815,0.5493990760296583,0.09282558411359787,0.24991250038146973,1.7217836249619722,0.6374925933778286,0.0194372721016407,0.11730821244418621,0.046042054891586304,0.0070093367248773575,3.68408151081558,2.6699398291761733,0.2963678994462726,827,8.325997777316344,6.024576971382125,-0.8175654527236154,146,0.6007121801376343
resnet_frozen,fold6_balkan_e,151,0.6286049765571862,True,0,1e-05,1e-05,0.8251428157091141,0.11787754510130201,0.5497300252318382,0.09320401400327682,0.24974052049219608,1.7190902214497328,0.6347648594528437,0.019362445920705795,0.11715755425393581,0.04588293842971325,0.006939267739653587,3.6768658254023863,2.6700394945285693,0.2991214844304009,827,8.307618593387529,6.001989336060385,-0.8095499570703708,146,0.5962825417518616
resnet_frozen,fold6_balkan_e,152,0.6207320087621981,True,0,1e-05,1e-05,0.8430085983127356,0.12042979975896222,0.5557285621762276,0.09390795230865479,0.2511211223900318,1.7450511567294598,0.6524661239236593,0.019484536722302437,0.11722779832780361,0.04583020880818367,0.006982063874602318,3.668863422871842,2.66493745642334,0.302168975863329,827,8.294308154420762,5.986109719063721,-0.8037560923635627,146,0.593195378780365
resnet_frozen,fold6_balkan_e,153,0.6162705703975212,False,1,1e-05,1e-05,0.8353901971131563,0.1193414567304509,0.5467636752873659,0.09369269385933876,0.2509656213223934,1.7281593680381775,0.6435053236782551,0.01935652457177639,0.1173308677971363,0.04701121710240841,0.007119966670870781,3.6698421962846592,2.664225113768422,0.3017965937484314,827,8.29846109890473,5.99170394530186,-0.8055628191246622,146,0.5943385362625122
resnet_frozen,fold6_balkan_e,154,0.6372056843435894,True,0,1e-05,1e-05,0.8187282923609018,0.11696118462298598,0.5452463366091251,0.09443007595837116,0.24731459096074104,1.7070076242089272,0.6277235802263021,0.01934269443154335,0.11709568649530411,0.046472739428281784,0.00708414614200592,3.6681291594134704,2.663055708665651,0.3024482670162756,827,8.290685131100377,5.980850717680194,-0.8021806449644815,146,0.5922341346740723
resnet_frozen,fold6_balkan_e,155,0.6648734944907468,False,1,1e-05,1e-05,0.8403582479804754,0.12005117828292507,0.5502247400581837,0.09413731470704079,0.2502509020268917,1.73634216748178,0.6490053478628397,0.019359057769179344,0.11717913299798965,0.04669766314327717,0.007079971954226494,3.6691573320365847,2.660755096362051,0.30205716622370204,827,8.302668723872033,5.993652748236735,-0.8073942568140533,146,0.5947477221488953
resnet_frozen,fold6_balkan_e,156,0.6329543541535789,False,2,1e-05,1e-05,0.8283624798059464,0.11833749711513519,0.545200465247035,0.09440052509307861,0.2506314106285572,1.719860266894102,0.6373189892619848,0.019257858395576477,0.11713759787380695,0.046551384031772614,0.007054803892970085,3.669442474280621,2.6601665575617495,0.30194868315753864,827,8.308293293090221,5.995691408854757,-0.8098438926625908,146,0.5952574610710144
resnet_frozen,fold6_balkan_e,157,0.6408509481630705,False,3,1e-05,1e-05,0.8243554010987282,0.11776505729981832,0.5564878545701504,0.09392344392836094,0.2508443519473076,1.7268829997628927,0.6327288970351219,0.019466158002614975,0.11750483512878418,0.046566201373934746,0.007066389545798302,3.6611019705878043,2.655455003017473,0.3051183651573488,827,8.302685584046108,5.986330738697767,-0.8074015973484638,146,0.5938414931297302
resnet_frozen,fold6_balkan_e,158,0.6398728542489325,False,4,1e-05,1e-05,0.8228647857904434,0.11755211225577764,0.5548211615532637,0.09366445429623127,0.2521091438829899,1.724725740030408,0.6316735595464706,0.019489601254463196,0.11719374358654022,0.04642189480364323,0.007063157856464386,3.6601115023533226,2.653394599647028,0.30549429846457243,827,8.305931788513014,5.988568481498812,-0.8088151983007363,146,0.5944411158561707
resnet_frozen,fold6_balkan_e,159,0.6225637784171422,False,5,1e-05,1e-05,0.8206349480897188,0.11723356401281697,0.5421591140329838,0.09323029406368732,0.2507244907319546,1.70802453905344,0.6292786560952663,0.01943086087703705,0.11720790341496468,0.04658365249633789,0.007093820720911026,3.659868105701208,2.651031663833473,0.30558666436213866,827,8.308466838493054,5.9925693965510405,-0.8099195022629568,146,0.5955517888069153
resnet_frozen,fold6_balkan_e,160,0.6532054103127125,False,6,1e-05,1e-05,0.8268311619758606,0.11811873742512294,0.5413001049309969,0.09380151703953743,0.25058229453861713,1.7137830331921577,0.6354112401604652,0.01934116892516613,0.11712136119604111,0.046849312260746956,0.007077941671013832,3.662678615585417,2.653286460516648,0.3045197379859951,827,8.303968373638986,5.989168082334669,-0.8079601383276587,146,0.5947213768959045
resnet_frozen,fold6_balkan_e,161,0.6407887090938987,False,7,1e-05,1e-05,0.8219707887619734,0.11742439839456763,1.0448143519461155,0.29418641328811646,0.34378282725811005,2.5060402918606997,0.6310705877840519,0.019261447712779045,0.11709186993539333,0.04650966264307499,0.007024701684713364,3.6570223869528657,2.6482025089059547,0.30666612227384005,827,8.300565862829577,5.982476395465648,-0.8064788360533839,146,0.5937946438789368
resnet_frozen,fold6_balkan_e,162,0.6517527210092602,False,8,1e-05,1e-05,3.293853599578142,0.47055051422544886,0.5261347834020853,0.0883689820766449,0.24579909071326256,4.155479818582535,3.107678409665823,0.019407356157898903,0.11757895722985268,0.04090730845928192,0.007164100185036659,3.653235647340312,2.6435527331931654,0.30810123274387624,827,8.305770005306444,5.9887119958602915,-0.8087447346657486,146,0.595517635345459
resnet_frozen,fold6_balkan_e,163,0.6179188240540215,True,0,1e-05,1e-05,0.7638726197183132,0.10912465995975903,0.5250545833259821,0.08838578127324581,0.24603375047445297,1.6246320847421885,0.5768409669399261,0.01959826424717903,0.11716081388294697,0.04219574108719826,0.007032450288534164,3.640174905717314,2.6401986806685462,0.31303962613187075,827,8.274808815123368,5.952159882434276,-0.7952850522523223,146,0.5881905555725098
resnet_frozen,fold6_balkan_e,164,0.5799669959957395,False,1,1e-05,1e-05,0.79327242821455,0.11332463260207858,0.5324495602399111,0.0896732322871685,0.24755570106208324,1.6643202044069767,0.6063491851091385,0.019629118964076042,0.11748377606272697,0.041701242327690125,0.007034210488200188,3.6459183159248347,2.642652151202015,0.31087016565505965,827,8.284297821502687,5.963206259298177,-0.7994048426361839,146,0.5901995897293091
resnet_frozen,fold6_balkan_e,165,0.6001095846745815,False,2,1e-05,1e-05,0.7824153937399387,0.1117736276771341,0.5334982294589281,0.08951644413173199,0.2472580522298813,1.653976147994399,0.5957565698772669,0.01950293779373169,0.11747551336884499,0.04166588746011257,0.0069829002022743225,3.6435800582853073,2.6413612049996935,0.3117538093617178,827,8.284197958424722,5.963473963076835,-0.7993614610420159,146,0.5902170538902283
resnet_frozen,fold6_balkan_e,166,0.6206735521014397,True,0,1e-05,1e-05,0.7906070686876774,0.11294386695538249,0.5355057250708342,0.09060032293200493,0.24979882314801216,1.6677908785641193,0.604203587397933,0.01945333182811737,0.11730199120938778,0.041659606620669365,0.006964489817619324,3.6394471378628825,2.640211676359692,0.31331428200082934,827,8.272284981023942,5.95084778746926,-0.7941900878243178,146,0.5873029232025146
resnet_frozen,fold6_balkan_e,167,0.6024031541079391,True,0,1e-05,1e-05,0.7865154352039099,0.11235934788627285,0.5361254438757896,0.08958529122173786,0.2474956326186657,1.6610619239509106,0.5995379164814949,0.019676167517900467,0.11736982502043247,0.04189166985452175,0.007004460319876671,3.6347294475768366,2.637661423865333,0.3150933823678571,827,8.271638151389793,5.94977396973668,-0.7939095148149848,146,0.5870590806007385
resnet_frozen,fold6_balkan_e,168,0.602377000137569,False,1,1e-05,1e-05,0.7812446523457766,0.1116063789065395,0.5390844363719225,0.08966579101979733,0.24746981263160706,1.6587580237537622,0.5947769749909639,0.019369641318917274,0.1174013540148735,0.04168061725795269,0.006980963051319122,3.637235255792073,2.635805706408057,0.314148697901245,827,8.276375266352499,5.953158889428236,-0.7959648244916329,146,0.5880928039550781
resnet_frozen,fold6_balkan_e,169,0.6313679521000227,True,0,1e-05,1e-05,0.7845939863473177,0.11208485519247395,0.534320130944252,0.09029331430792809,0.24733254499733448,1.657839983701706,0.5979280266910791,0.019505586475133896,0.11722031608223915,0.04196011275053024,0.0069553907960653305,3.631103654177382,2.6348465651933903,0.31645914634944694,827,8.261881308218127,5.9395900736494776,-0.7896799847807658,146,0.585389256477356
resnet_frozen,fold6_balkan_e,170,0.6018591330734677,False,1,1e-05,1e-05,0.7838039882481098,0.11197199832115855,0.5289660394191742,0.0895277801901102,0.24794606119394302,1.6515647508203983,0.5969623606652021,0.019535493105649948,0.11739131808280945,0.04194084741175175,0.0069406405091285706,3.6335092528952146,2.634517789674446,0.3155531575158841,827,8.266217884837806,5.9429507792223015,-0.7915592471293333,146,0.586120069026947
resnet_frozen,fold6_balkan_e,171,0.64119827012197,True,0,1e-05,1e-05,0.7820631638169289,0.11172330911670413,0.524524474516511,0.08904786221683025,0.24767433106899261,1.6446157563477755,0.5948322881013155,0.019737625494599342,0.11746334843337536,0.04204421117901802,0.006951788440346718,3.629032584300282,2.634550611575591,0.3172386653507391,827,8.258169785912752,5.935253917829821,-0.7880723738918651,146,0.5845252275466919
resnet_frozen,fold6_balkan_e,172,0.6440271195362096,False,1,1e-05,1e-05,0.7738881185650826,0.11055544550929751,0.5236811749637127,0.09001719206571579,0.2471531443297863,1.6360582187771797,0.5870980601757765,0.01975385844707489,0.11729075573384762,0.04179535247385502,0.00690523162484169,3.640172377301135,2.6354187123275445,0.3130405804382793,827,8.287556712951911,5.9679138186059095,-0.8008208270900932,146,0.5911248326301575
resnet_frozen,fold6_balkan_e,173,0.6448658132495442,False,2,1e-05,1e-05,0.7854263465851545,0.11220376379787922,0.5198376122862101,0.08919097483158112,0.24725568294525146,1.6429783962666988,0.5983225032687187,0.019632119685411453,0.11750938557088375,0.042013201862573624,0.00693393312394619,3.6301812701547718,2.628880544341501,0.3168063725060716,827,8.279330343863263,5.955931814607439,-0.7972475509418058,146,0.5889894366264343
resnet_frozen,fold6_balkan_e,174,0.6204089495694622,False,3,1e-05,1e-05,0.7771052028983831,0.11101502898548331,0.5233583748340607,0.09047153405845165,0.24759162217378616,1.6398262307047844,0.5902592316269875,0.019563084468245506,0.11732215248048306,0.041897041723132133,0.007036998867988586,3.6310957933294605,2.6328579183092464,0.31646210589309787,827,8.278148631980939,5.956997079730413,-0.7967345439398408,146,0.5889262557029724
resnet_frozen,fold6_balkan_e,175,0.6424562945475457,False,4,1e-05,1e-05,0.7761908732354641,0.11088441046220916,0.5237343143671751,0.08954442292451859,0.24707273207604885,1.6378909945487976,0.5895351432263851,0.019612746313214302,0.11712278611958027,0.04195619747042656,0.006934968754649162,3.629828778604628,2.6355953982868803,0.3169390426241959,827,8.264131029423062,5.945923316489872,-0.7906547819346839,146,0.5862275958061218
resnet_frozen,fold6_balkan_e,176,0.5962781802342333,False,5,1e-05,1e-05,0.8136763088405132,0.1162394726915019,0.5411821473389864,0.09348451718688011,0.25104051642119884,1.700673408806324,0.6220781859010458,0.01936209574341774,0.11734500527381897,0.046694425866007805,0.007169764488935471,3.6278853466900687,2.6337754658115102,0.3176702766157128,827,8.264270375307325,5.941998229487641,-0.7907151687985312,146,0.5857715606689453
resnet_frozen,fold6_balkan_e,177,0.5837112251475471,False,6,1e-05,1e-05,0.9457318112254143,0.13510454446077347,0.5438295919448137,0.09376314654946327,0.2506615277379751,1.8352572247385979,0.7540403474122286,0.019192703068256378,0.11749578826129436,0.04678725637495518,0.007170680910348892,3.6225046892160515,2.629342675996705,0.31969275505170025,827,8.25909976483191,5.936014614218059,-0.7884751176685838,146,0.5845267176628113
resnet_frozen,fold6_balkan_e,178,0.6228974675613275,False,7,1e-05,1e-05,0.8133349698036909,0.11619070997195584,0.5418106913566589,0.09294867515563965,0.2505402248352766,1.6999290585517883,0.6218453533947468,0.019454173743724823,0.11736385338008404,0.04652530327439308,0.007131814956665039,3.62340593617775,2.626131891330044,0.31935420415383076,827,8.278189857850608,5.95424717125556,-0.7967524397597574,146,0.5884320139884949
resnet_frozen,fold6_balkan_e,179,0.6204211224667827,False,8,1e-05,1e-05,0.8149145413190126,0.11641636304557323,0.542717132717371,0.09453840367496014,0.2508898936212063,1.7043764106929302,0.6241144202649593,0.019270718097686768,0.11741293221712112,0.045990122482180595,0.007077375426888466,3.619401768671621,2.6231136129467005,0.3208577143418425,827,8.268093982823252,5.9431246570303085,-0.7923725627623956,146,0.5864154100418091
resnet_frozen,fold6_balkan_e,180,0.5873508983828857,False,9,1e-05,1e-05,0.816033499315381,0.11657621418791157,0.54140779748559,0.09839955903589725,0.26509372889995575,1.7222505882382393,0.6252931449562311,0.01952402852475643,0.11730360426008701,0.04589123651385307,0.006997384130954742,3.6221326055975123,2.623691617748231,0.3198325026589599,827,8.275462550402205,5.952141048670954,-0.7955687295096647,146,0.5881829261779785
resnet_frozen,fold6_balkan_e,181,0.5879151691404478,False,10,1e-05,1e-05,0.8746239747852087,0.12494628211217267,0.5481632146984339,0.09258087538182735,0.25021504424512386,1.7670815587043762,0.6796054169535637,0.01940206065773964,0.11751765199005604,0.049744145944714546,0.007228035479784012,3.6198451700005205,2.6213828323662143,0.3206913050528961,827,8.272774198431948,5.948786693513646,-0.794402308506027,146,0.5875107049942017
resnet_frozen,fold6_balkan_e,182,0.6608174472795,False,11,1e-05,1e-05,0.8129410706460476,0.11613443866372108,0.5423383396118879,0.09371818788349628,0.2504375670105219,1.7007095739245415,0.6224575713276863,0.019354144111275673,0.1172872930765152,0.04592516086995602,0.006909571588039398,3.622943301589557,2.6204187716822274,0.31952800206137866,827,8.282004894567484,5.959193762872573,-0.7984089023799728,146,0.5896407961845398
resnet_frozen,fold6_balkan_e,183,0.6167397689358066,False,12,1e-05,1e-05,0.8177282642573118,0.11681832346533026,0.5425809007138014,0.093693096190691,0.2502520363777876,1.7055365946143866,0.6270588543266058,0.019369525834918022,0.11733916960656643,0.04603341966867447,0.006916161626577377,3.615849831342236,2.616898885000031,0.3221900268824428,827,8.27335946671587,5.94678459910131,-0.7946562121866314,146,0.5871788859367371
resnet_frozen,fold6_balkan_e,184,0.5782039139550427,False,13,1e-05,1e-05,0.8188545145094395,0.11697921635849136,0.5416482631117105,0.09373273700475693,0.2496673334389925,1.705188186839223,0.628387451171875,0.01930634304881096,0.1172153428196907,0.045958006754517555,0.006963994354009628,3.6199276681513846,2.620328392310337,0.32066034110434205,827,8.282834528915412,5.959078774772692,-0.7987692249217426,146,0.5889908075332642
resnet_frozen,fold6_balkan_e,185,0.5739584234346069,False,14,1e-05,1e-05,0.8228904474526644,0.11755577820752348,0.5316516030579805,0.08868080377578735,0.246327493339777,1.6908616293221712,0.6322763990610838,0.019389048218727112,0.11726968176662922,0.0460042729973793,0.006913900375366211,3.6217231493705424,2.6234490162815387,0.31998627012489256,827,8.27689178699703,5.953759732890938,-0.7961890003719694,146,0.5876020789146423
resnet_frozen,fold6_balkan_e,186,0.6085186350590661,False,15,1e-05,1e-05,0.760355805978179,0.10862225799688272,0.5288039520382881,0.12231400795280933,0.525801157578826,1.9385498724877834,0.5693773590028286,0.019666606560349464,0.11732324212789536,0.04595702327787876,0.0069815125316381454,3.6145513999235077,2.6184074090546154,0.32267673500828553,827,8.268991426483266,5.940228477013484,-0.7927616828412856,146,0.5855522751808167
resnet_frozen,fold6_balkan_e,187,0.6057541580845972,True,0,1e-05,1e-05,2.974235290661454,0.42489075580877916,1.2979271560907364,0.08608700148761272,0.2446486707776785,4.604224111884832,2.7833338920027018,0.021859101951122284,0.12017238885164261,0.04065757803618908,0.007093608379364014,3.6006779143358476,2.614709492858544,0.3278662038543191,827,8.239835261961494,5.906641391306307,-0.7801415455786609,146,0.5790954828262329
resnet_frozen,fold6_balkan_e,188,0.5591374573713347,True,0,1e-05,1e-05,0.7410315647721291,0.10586165211030416,0.5281516052782536,0.08928029425442219,0.24751476384699345,1.6073286514729261,0.5574035178869963,0.01938970759510994,0.11740189790725708,0.039153195917606354,0.0065751951187849045,3.5989695021663883,2.6136524521585676,0.3285038666343919,827,8.239177194974731,5.905259416525651,-0.7798572181456054,146,0.5788207054138184
resnet_frozen,fold6_balkan_e,189,0.5864138436000321,True,0,1e-05,1e-05,0.7850060146301985,0.11214371637574264,0.5297677833586931,0.08992139250040054,0.24695839546620846,1.6529470551759005,0.5977880712598562,0.019631577655673027,0.11747405864298344,0.04218003712594509,0.006910940632224083,3.5905158376691326,2.6116206645817526,0.33165473306842475,827,8.222705410832381,5.886506861081704,-0.7727477416835866,146,0.5750555992126465
resnet_frozen,fold6_balkan_e,190,0.6323946084480332,False,1,1e-05,1e-05,0.7896188590675592,0.11280269415250846,0.5323006454855204,0.0898918155580759,0.24665271304547787,1.659750310704112,0.6025734450668097,0.0196006391197443,0.11747955530881882,0.04208044335246086,0.0068326424807310104,3.5969917691977167,2.609106719084776,0.32924167513384406,827,8.239154947678779,5.904093485128862,-0.7798476062739614,146,0.5791763663291931
resnet_frozen,fold6_balkan_e,191,0.5992506320127697,True,0,1e-05,1e-05,0.788496196269989,0.11264231375285558,0.5309447757899761,0.08967232331633568,0.24672789312899113,1.657108310610056,0.6019899845123291,0.0195931363850832,0.1171770878136158,0.04187867045402527,0.006837569177150726,3.5846215381793187,2.606410992495835,0.3338472835555465,827,8.21091210081161,5.873913455773168,-0.7676663067599836,146,0.5730446577072144
resnet_frozen,fold6_balkan_e,192,0.5970361241406368,False,1,1e-05,1e-05,0.7810610812157393,0.11158015445939132,0.5289089139550924,0.0902779046446085,0.24724574387073517,1.6487862952053547,0.5944163780659437,0.019599420949816704,0.11732820607721806,0.04178623855113983,0.006874663755297661,3.5911201009890017,2.6066650489303185,0.3314297567522353,827,8.228191157407917,5.894424226030463,-0.7751138945040452,146,0.5770700573921204
resnet_frozen,fold6_balkan_e,193,0.6079778798113711,False,2,1e-05,1e-05,0.784528935328126,0.11207556218973228,0.5278093442320824,0.08974071219563484,0.24750524386763573,1.6508780047297478,0.597548620775342,0.019537871703505516,0.11745755560696125,0.042043885216116905,0.006906559690833092,3.5954178491259627,2.608193887802345,0.3298285483240665,827,8.236401800474292,5.90397021777419,-0.7786583183470395,146,0.5787383913993835
resnet_frozen,fold6_balkan_e,194,0.5728919318682337,False,3,1e-05,1e-05,0.7767583187669516,0.1109654741095645,0.5320909451693296,0.08968883380293846,0.2470239158719778,1.646840425208211,0.5898749083280563,0.019607065245509148,0.11736338399350643,0.042040491476655006,0.006847744807600975,3.593239157561757,2.6083104867313134,0.33064050096321107,827,8.229164700116208,5.896821177322182,-0.7755339750274193,146,0.5773407220840454
resnet_frozen,fold6_balkan_e,195,0.609232430878977,False,4,1e-05,1e-05,0.7835856843739748,0.11194081205342497,0.5286533534526825,0.08984643407166004,0.24717946723103523,1.6505508553236723,0.5968743246048689,0.019596675410866737,0.11735407449305058,0.04189128056168556,0.006844803690910339,3.587592022575788,2.601795406451734,0.3327427785930239,827,8.23747829977206,5.900803940412986,-0.7791232906989198,146,0.5783019661903381
resnet_frozen,fold6_balkan_e,196,0.6153823040705062,False,5,1e-05,1e-05,0.7777826003730297,0.11111180005328995,0.5343989077955484,0.09043721668422222,0.24834235571324825,1.6522433906793594,0.5911603551357985,0.019664669409394264,0.11734803207218647,0.04174681007862091,0.006846999749541283,3.584249688217639,2.5997150847611348,0.3339854828111338,827,8.237492913371327,5.900169015138827,-0.7791296031690542,146,0.5781998038291931
resnet_frozen,fold6_balkan_e,197,0.5764231145598148,False,6,1e-05,1e-05,0.7916605118662119,0.11309435883803028,0.5341004971414804,0.09083995409309864,0.2474457137286663,1.6653300188481808,0.6045248843729496,0.019601600244641304,0.11744196154177189,0.04218315705657005,0.006897136569023132,3.588693486963084,2.6016473364602684,0.3323329923710491,827,8.24252997196634,5.902830346302122,-0.7813060711952124,146,0.578791081905365
resnet_frozen,fold6_balkan_e,198,0.6043644066733346,False,7,1e-05,1e-05,0.7778303921222687,0.11111862744603838,0.5365734789520502,0.09096946567296982,0.2480253241956234,1.6547046322375536,0.5908455513417721,0.01963488757610321,0.117472093552351,0.041993554681539536,0.006876247003674507,3.584449569594207,2.6002552770015517,0.33391119802518243,827,8.23932770490445,5.899985001214381,-0.779922246151507,146,0.5781989097595215
resnet_frozen,fold6_balkan_e,199,0.5775784235335031,False,8,1e-05,1e-05,0.8377564940601587,0.11967949915145125,0.5656405799090862,0.0921752043068409,0.24764746613800526,1.7445059064775705,0.6486253160983324,0.01974949985742569,0.11740079894661903,0.043140044435858727,0.007707037031650543,3.5887465169595747,2.6002360883998477,0.3323132600418327,827,8.24199362959418,5.905754889273196,-0.781074259156106,146,0.5794793963432312
resnet_frozen,fold6_balkan_e,200,0.5957669462229349,False,9,1e-05,1e-05,0.7785663641989231,0.11122376631413187,0.5262015406042337,0.09036201611161232,0.24796747602522373,1.6443803552538157,0.5920612327754498,0.019485943019390106,0.11737045086920261,0.041728300973773,0.006876928731799126,3.5811258536378134,2.599192833066725,0.3351459000406277,827,8.223731050403396,5.885170043656673,-0.7731900081973158,146,0.5755400061607361
resnet_frozen,fold6_balkan_e,201,0.6100111272920288,False,10,1e-05,1e-05,0.7784683629870415,0.11120976614100593,0.5250461548566818,0.090659124776721,0.24816684797406197,1.6436332277953625,0.5917948782444,0.019598867744207382,0.11728704161942005,0.041928213089704514,0.006848221644759178,3.5826326090428697,2.5968612711437356,0.3345863088410612,827,8.232251254405805,5.891658164121203,-0.7768661417697786,146,0.5769515633583069
resnet_frozen,fold6_balkan_e,202,0.646634001541599,False,11,1e-05,1e-05,0.7797772530466318,0.11139675043523312,0.5371277518570423,0.09078090265393257,0.24778278544545174,1.6567538771778345,0.5931705739349127,0.019634978845715523,0.11734894663095474,0.04173700697720051,0.006874801591038704,3.5771616520880705,2.592609739863479,0.3366170334139639,827,8.223505671537295,5.881418682541126,-0.7730928177433154,146,0.5751036405563354
resnet_frozen,fold6_balkan_e,203,0.6264871830231045,False,12,1e-05,1e-05,0.7871687188744545,0.11245267412492208,0.5403807647526264,0.09028482437133789,0.24803867563605309,1.6671650353819132,0.6002896502614021,0.019578689709305763,0.11745223961770535,0.041979093104600906,0.006860567256808281,3.578545587856618,2.5952160349538675,0.3361036336301464,827,8.218047881504695,5.87960405160004,-0.7707400603149615,146,0.5741908550262451
resnet_frozen,fold6_balkan_e,204,0.6153466571775572,False,13,1e-05,1e-05,0.7890385501086712,0.11271979287266731,0.5247321426868439,0.0906994566321373,0.24715900607407093,1.6529156770557165,0.6022691894322634,0.019540833309292793,0.11744255945086479,0.04185219667851925,0.006929870694875717,3.579348010808135,2.595495908267734,0.3358058671796791,827,8.217743985971069,5.878926526760655,-0.7706091021960211,146,0.5743964910507202
resnet_frozen,fold6_balkan_e,205,0.5977065744826698,False,14,1e-05,1e-05,0.7798827644437551,0.11141182349196502,0.5334020480513573,0.09069329686462879,0.2482419665902853,1.6535108350217342,0.5932178795337677,0.01967795379459858,0.11728198081254959,0.041792333126068115,0.006874518468976021,3.583248356314505,2.5928810637596134,0.3343575598068017,827,8.238892744678427,5.8987382478128945,-0.7797343242784998,146,0.5786169767379761
resnet_frozen,fold6_balkan_e,206,0.5628162416322056,False,15,1e-05,1e-05,0.7858367878943682,0.11226239827062402,0.5342950783669949,0.09071440435945988,0.2477743048220873,1.6598971523344517,0.5988287702202797,0.01965632662177086,0.11740156821906567,0.04196973890066147,0.006937718018889427,3.5766867658649724,2.594121752519018,0.3367931565814932,827,8.220809634493234,5.8844698586636515,-0.7719304083021545,146,0.5751224756240845
resnet_frozen,fold6_balkan_e,207,0.6032947046725032,True,0,1e-05,1e-05,0.7918812148272991,0.11312588783247131,0.5326896291226149,0.09070592373609543,0.24770786799490452,1.664261344820261,0.6051575243473053,0.01948232762515545,0.11738777905702591,0.0419824980199337,0.006856255233287811,3.5705926783879263,2.5902327933762415,0.3390512225723482,827,8.205987667150998,5.870229745346869,-0.7655466530482837,146,0.572673499584198
resnet_frozen,fold6_balkan_e,208,0.6097785922030872,True,0,1e-05,1e-05,0.7757641114294529,0.11082344448992185,0.5253616124391556,0.09094435721635818,0.24768528528511524,1.6410564593970776,0.5892161931842566,0.01956186443567276,0.11728018522262573,0.04180849902331829,0.006886465474963188,3.5563562338801704,2.585330396679585,0.344311302806364,827,8.180125066173003,5.839612809162479,-0.7544353340571179,146,0.5665781497955322
resnet_frozen,fold6_balkan_e,209,0.5914572562387229,False,1,1e-05,1e-05,0.787963991984725,0.11256628456924643,0.525234155356884,0.08974622562527657,0.24958084896206856,1.6538126189261675,0.6013930775225163,0.019598281010985374,0.11730618961155415,0.041749659925699234,0.006897695362567902,3.5620623111287917,2.586166740778047,0.34220554533620307,827,8.198069004912128,5.859314965994922,-0.7621408419363027,146,0.5704820156097412
resnet_frozen,fold6_balkan_e,210,0.6136812581404809,False,2,1e-05,1e-05,0.7830641679465771,0.11186630970665387,0.5256087835878134,0.0903902743011713,0.2479886468499899,1.6483319643884897,0.596067788079381,0.019642675295472145,0.11731089651584625,0.04213560186326504,0.0068804435431957245,3.5587214866418337,2.5867915792017584,0.34343884508612277,827,8.187745485640171,5.849988723128627,-0.7577056411594343,146,0.5684881806373596
resnet_frozen,fold6_balkan_e,211,0.5885957258932536,False,3,1e-05,1e-05,0.777921674773097,0.11113166782472815,0.5257774144411087,0.0902041643857956,0.2476502861827612,1.642831463366747,0.5912817250937223,0.019705338403582573,0.11716844327747822,0.04190768301486969,0.006838502362370491,3.55936292197411,2.5865472889885566,0.3432021423949514,827,8.184741095589892,5.844248290621847,-0.7564159419421717,146,0.5674323439598083
resnet_frozen,fold6_balkan_e,212,0.5864694542290942,True,0,1e-05,1e-05,1.0587718449532986,0.15125312070761407,0.7159747127443552,0.14181517250835896,0.3079167790710926,2.2257534880191088,0.8742273300886154,0.019469548016786575,0.1175135038793087,0.039951981976628304,0.006581757217645645,3.551571805150683,2.58281879529905,0.3460743352131974,827,8.16972558376649,5.8280764229985955,-0.7499773039979258,146,0.5642846822738647
resnet_frozen,fold6_balkan_e,213,0.591288560823489,True,0,1e-05,1e-05,2.8159052934497595,0.40227218477853705,0.5265978686511517,0.09154874458909035,0.2492558006197214,3.6847747452557087,2.6311672385782003,0.019289495423436165,0.11736109293997288,0.04016599990427494,0.006816878914833069,3.547872304946593,2.5825981124048,0.34743595101728475,827,8.162977507056105,5.822306936909581,-0.7470875853793804,146,0.5629537105560303
resnet_frozen,fold6_balkan_e,214,0.5772367290602918,False,1,1e-05,1e-05,0.8267840016633272,0.11811200023761817,0.5503276940435171,0.0933303963392973,0.2514298800379038,1.7231823913753033,0.6380597371608019,0.019256848841905594,0.11730036325752735,0.04418398067355156,0.006941821426153183,3.546898980129028,2.575061035481797,0.3477939513085846,827,8.175556416579994,5.833552485033887,-0.7524761557107764,146,0.5654705762863159
resnet_frozen,fold6_balkan_e,215,0.5973398561489193,True,0,1e-05,1e-05,0.826166270300746,0.11802375290010657,0.5538714565336704,0.09355570748448372,0.2516905106604099,1.7265568282455206,0.6355217974632978,0.019371159374713898,0.11732705682516098,0.045960683375597,0.006948146969079971,3.5383092815042136,2.575600044130237,0.35094908473947506,827,8.160325804118822,5.815804056786659,-0.7459527041883753,146,0.5621764063835144
resnet_frozen,fold6_balkan_e,216,0.606420689943768,False,1,1e-05,1e-05,0.8198172580450773,0.11711675114929676,0.5299711674451828,0.08949555642902851,0.24711261875927448,1.6877006888389587,0.6286091078072786,0.019454622641205788,0.11738508753478527,0.04630770906805992,0.007008545100688934,3.551479040529546,2.5796247346199275,0.3461084949473432,827,8.180566970042607,5.838504357585229,-0.7546248941672844,146,0.5665946006774902
resnet_frozen,fold6_balkan_e,217,0.5623852408062013,False,2,1e-05,1e-05,0.76230438798666,0.10890062685523715,0.5400359872728586,0.0979743730276823,0.2597106546163559,1.6613221410661936,0.5712674092501402,0.019513048231601715,0.1172894537448883,0.046195562928915024,0.006995063275098801,3.548177678768165,2.5810797991743026,0.3473236106981251,827,8.171520526111097,5.83138232404799,-0.7507463514754444,146,0.5645818114280701
resnet_frozen,fold6_balkan_e,218,0.5769841379813733,False,3,1e-05,1e-05,0.8207192067056894,0.11724560095795564,0.5340010244399309,0.09022619388997555,0.24883562698960304,1.6950709838420153,0.6283971909433603,0.019718803465366364,0.11749260313808918,0.04668462462723255,0.007355479523539543,3.550721317438443,2.581598204531725,0.3463874862248527,827,8.188789517012406,5.8456111931520764,-0.7581539249596261,146,0.5672443509101868
resnet_frozen,fold6_balkan_e,219,0.5947161055245451,False,4,1e-05,1e-05,0.7879093065857887,0.1125584723693984,0.5213514752686024,0.08934902399778366,0.24753466621041298,1.647443201392889,0.5970645882189274,0.019541501998901367,0.1173440832644701,0.04598689079284668,0.006941076368093491,3.5443672591507225,2.584324735272359,0.3487246879566851,827,8.16168580939395,5.816773109517737,-0.7465347159396449,146,0.5614228844642639
resnet_frozen,fold6_balkan_e,220,0.5726876449123691,False,5,1e-05,1e-05,0.7778413482010365,0.11112019260014806,0.5216533225029707,0.08976495265960693,0.24762336909770966,1.638172835111618,0.5870505962520838,0.01961207017302513,0.1173719372600317,0.04588649794459343,0.006902530789375305,3.542017506243588,2.574527152538913,0.3495879330295907,827,8.180277561445205,5.831738587321807,-0.7545007476260923,146,0.5651674270629883
resnet_frozen,fold6_balkan_e,221,0.551237459194271,False,6,1e-05,1e-05,0.78233952075243,0.11176278867891856,0.5254006776958704,0.08996426686644554,0.24861441925168037,1.6476158630102873,0.591755211353302,0.01957578770816326,0.11717349290847778,0.045898912474513054,0.006918247789144516,3.539468144663733,2.5734432761595607,0.35052386223460075,827,8.169543400797007,5.821437867492725,-0.7498992566990932,146,0.5630556344985962
resnet_frozen,fold6_balkan_e,222,0.6015177476507,False,7,1e-05,1e-05,0.7773644551634789,0.11105206502335412,0.5250054355710745,0.0894501842558384,0.24739470705389977,1.6405179779976606,0.5867348704487085,0.01947977766394615,0.11733083613216877,0.04590447619557381,0.006886167451739311,3.539658936642751,2.5725085682248436,0.35045384144484026,827,8.175011447111082,5.826275404854219,-0.7522425290020169,146,0.5640262365341187
resnet_frozen,fold6_balkan_e,223,0.5626970680910269,False,8,1e-05,1e-05,0.776590758934617,0.11094153699065958,0.5240869354456663,0.08952035568654537,0.24729406833648682,1.6387846674770117,0.5859472155570984,0.019606690853834152,0.11723139695823193,0.045895131304860115,0.006904548034071922,3.5342188954022418,2.5674045847417886,0.3524488599599179,827,8.16798322176944,5.813616230213214,-0.7492309462952267,146,0.5621195435523987
resnet_frozen,fold6_balkan_e,224,0.6240855935406945,False,9,1e-05,1e-05,0.7775803692638874,0.11108290989484106,0.5269934795796871,0.09039899706840515,0.2485209684818983,1.644781593233347,0.5868266709148884,0.019505565986037254,0.11738223768770695,0.04586060903966427,0.006954973563551903,3.542278572045064,2.5654069855931856,0.34949205173885467,827,8.194240962395138,5.840425012047701,-0.7604955825071962,146,0.5678345561027527
resnet_frozen,fold6_balkan_e,225,0.6111165684396728,False,10,1e-05,1e-05,0.7775704488158226,0.11108149268797465,0.5221252962946892,0.08964374288916588,0.247801648452878,1.6384481098502874,0.5868907812982798,0.019643278792500496,0.11721337027847767,0.045893583446741104,0.006896262988448143,3.5410895292027575,2.5638446148329566,0.3499286927234734,827,8.195418692151016,5.844872095372938,-0.7610016786892713,146,0.5687054395675659
resnet_frozen,fold6_balkan_e,226,0.5720072772799841,False,11,1e-05,1e-05,0.7892850190401077,0.11275500272001539,0.5207730773836374,0.08973338454961777,0.2477278709411621,1.6488175485283136,0.5982604715973139,0.01962258853018284,0.11750687472522259,0.045961396768689156,0.006903288885951042,3.5374791062586968,2.5651738427472823,0.3512536159429872,827,8.181597436218656,5.8295819137744775,-0.7550669651115922,146,0.5653696656227112
resnet_frozen,fold6_balkan_e,227,0.6091328958790421,False,12,1e-05,1e-05,0.775434099137783,0.11077629987682615,0.5344394240528345,0.09066286496818066,0.2477390579879284,1.6495924089103937,0.584683783352375,0.019620968028903008,0.11730185709893703,0.045850845053792,0.006951481103897095,3.533978652927272,2.564149320513531,0.35253689299106783,827,8.180361344121089,5.82938731257447,-0.7545366871206012,146,0.5648953318595886
resnet_frozen,fold6_balkan_e,228,0.5686109189975651,False,13,1e-05,1e-05,0.7782703712582588,0.11118148160832268,0.5216559153050184,0.09009141474962234,0.24811121635138988,1.6394305601716042,0.5877241007983685,0.01947011612355709,0.11731056310236454,0.045870380476117134,0.006887627765536308,3.5362241016223868,2.5656199332681706,0.3517138506302,827,8.178477491953045,5.8282528853125735,-0.7537286770544889,146,0.5644715428352356
resnet_frozen,fold6_balkan_e,229,0.6184313819082645,False,14,1e-05,1e-05,0.7796502821147442,0.11137861173067774,0.5209049843251705,0.08964305371046066,0.24900170974433422,1.6404900029301643,0.5888591185212135,0.019543522968888283,0.11734669469296932,0.04597289115190506,0.006903443485498428,3.535271071029205,2.565290272538993,0.35206323645002924,827,8.18051946877136,5.829704108813537,-0.7546045174204503,146,0.5649619102478027
resnet_frozen,fold6_balkan_e,230,0.5810714269635755,False,15,1e-05,1e-05,0.7876011151820421,0.11251444502600602,0.5217339992523193,0.09008132480084896,0.24830019660294056,1.6490429993718863,0.5967296697199345,0.019358590245246887,0.11746101640164852,0.04608459584414959,0.006945641711354256,3.52876841079731,2.561177717653285,0.35444463104572943,827,8.169046512802954,5.816348154874219,-0.7496863984164901,146,0.5627253651618958
resnet_frozen,fold6_balkan_e,231,0.5650409204928157,False,16,1e-05,1e-05,0.7781023439019918,0.11115747770028454,0.5222909450531006,0.08945251442492008,0.24887276999652386,1.6399994026869535,0.5873787757009268,0.01958034187555313,0.1173248365521431,0.04586191289126873,0.00693163089454174,3.533078074127808,2.557098044548716,0.35286684249502176,827,8.20143892493331,5.847861976515423,-0.7635898402799628,146,0.5693159699440002
resnet_frozen,fold6_balkan_e,232,0.5416161838148641,False,17,1e-05,1e-05,0.7798168156296015,0.11140240223280021,0.5245299786329269,0.08946779370307922,0.24743188731372356,1.6425326559692621,0.5889290608465672,0.019587205722928047,0.11741570755839348,0.04593854025006294,0.006929464638233185,3.533749463462307,2.5562082023788673,0.3526208702449346,827,8.197494739409914,5.8436412315166555,-0.7618939786194785,146,0.5683796405792236
resnet_frozen,fold6_balkan_e,233,0.5535899511703989,False,18,1e-05,1e-05,0.7904169596731663,0.11291670852473804,0.5234979595988989,0.08979730308055878,0.24797435849905014,1.6529953423887491,0.5996643677353859,0.0195542573928833,0.11736215837299824,0.04588125832378864,0.006932532414793968,3.527594679976333,2.5561972542580125,0.3548740059048372,827,8.182498056912868,5.8271969305367195,-0.7554533778235011,146,0.5647362470626831
resnet_frozen,fold6_balkan_e,234,0.5798879298218216,False,19,1e-05,1e-05,0.7799757849425077,0.11142511213464397,0.522079586982727,0.09008538350462914,0.24827910959720612,1.6416990384459496,0.5890146307647228,0.019603563472628593,0.11757891066372395,0.04579996503889561,0.006925595924258232,3.535375943425802,2.5595816318405338,0.3520247943120791,827,8.193055187210193,5.838388811853202,-0.7599861025098638,146,0.5667921900749207
resnet_frozen,fold6_balkan_e,235,0.611223619823156,False,20,1e-05,1e-05,0.7831694353371859,0.11188134790531226,0.5222061760723591,0.08966122381389141,0.24750321172177792,1.643833588808775,0.5923332963138819,0.019637642428278923,0.11738183908164501,0.04588878154754639,0.0069129373878240585,3.528651696526216,2.556981963449632,0.3544873339208052,827,8.18081121818453,5.826418238155371,-0.7547296718115679,146,0.5641915798187256
resnet_frozen,fold6_balkan_e,236,0.5368347813745796,False,21,1e-05,1e-05,0.7896190024912357,0.1128027146416051,0.5307310223579407,0.09022227674722672,0.24855897948145866,1.6604157611727715,0.5988661423325539,0.01955714263021946,0.11728548258543015,0.045991215854883194,0.006898153573274612,3.5286196491203063,2.553622325668953,0.35449905902958256,827,8.182802967889856,5.82523087074327,-0.7555842099907983,146,0.564206063747406
resnet_frozen,fold6_balkan_e,237,0.5746714881426478,False,22,1e-05,1e-05,0.7781117744743824,0.11115882492491178,0.5205658283084631,0.08919075317680836,0.24732965975999832,1.6364890933036804,0.5874176770448685,0.019619183614850044,0.11731659807264805,0.0459133330732584,0.006797639653086662,3.5340476491295623,2.560819776929633,0.3525116110434505,827,8.184204717787074,5.8304130815637025,-0.7561857399985898,146,0.5650396943092346
resnet_frozen,fold6_balkan_e,238,0.5839217992042256,False,23,1e-05,1e-05,1.338642532005906,0.19123464742941515,1.053561732172966,0.3396199867129326,0.3076144624501467,3.0407290924340487,1.150066813454032,0.019619405269622803,0.11738284304738045,0.042910220101475716,0.007515208795666695,3.5308651943248806,2.5537449097914466,0.3536772290200715,827,8.195119597168148,5.836943285383367,-0.7608731441566208,146,0.5668985843658447
resnet_frozen,fold6_balkan_e,239,0.5804954215145457,False,24,1e-05,1e-05,2.219611518085003,0.317087359726429,0.5192270074039698,0.08924667350947857,0.2470287811011076,3.0764974001795053,2.033902918919921,0.01939033344388008,0.11740901321172714,0.04084610752761364,0.00701599195599556,3.5254816116368386,2.555654316956737,0.35564664967612236,827,8.175104334145365,5.815394380618457,-0.7522823482824146,146,0.5626053214073181
resnet_frozen,fold6_balkan_e,240,0.5861268579743649,False,25,1e-05,1e-05,0.8942411597818136,0.12774873711168766,0.5220737997442484,0.0894455537199974,0.24726105108857155,1.7543096728622913,0.7075392603874207,0.019459431990981102,0.11737407185137272,0.042010167613625526,0.0068531520664691925,3.527286943450649,2.5555796206009838,0.3549865586159837,827,8.172857194796126,5.81490766823095,-0.7513191602236315,146,0.5624027252197266
