station_code,split,country,land,lat,lon,fold,saved_pm25_target,valid_pm25_days,valid_pm10_days,annual_pm25,annual_pm10,pm25_day_deficit_vs_threshold,passes_pm25_90pct,pm10_or_only_case,annual_pm25_abs_diff,audit_status
AD0942A,development_cv,AD,,42.50969,1.53914,fold1_iberia,6.530256516739194,343,343,6.530256360967124,15.374325292887718,-14,True,False,1.5577206990968762e-07,computed
ES0001R,development_cv,ES,,39.54694,-4.35056,fold1_iberia,8.071823233153939,362,362,8.07182320441989,15.220994475138122,-33,True,False,2.8734049806189432e-08,computed
ES0006R,development_cv,ES,,39.87528,4.31639,fold1_iberia,4.417391409032867,345,317,4.417391304347826,16.460567823343847,-16,True,False,1.0468504108018806e-07,computed
ES0010R,development_cv,ES,,42.31917,3.31583,fold1_iberia,7.158415910931605,303,343,7.158415841584159,13.425655976676385,26,False,True,6.934744600783915e-08,computed
ES0011R,development_cv,ES,,38.47278,-6.92361,fold1_iberia,10.03999999490177,350,299,10.04,15.949832775919733,-21,True,False,5.09822939420701e-09,computed
ES0012R,development_cv,ES,,39.08278,-1.10111,fold1_iberia,5.696531888102402,346,358,5.696531791907514,13.374301675977653,-17,True,False,9.619488761103412e-08,computed
ES0013R,development_cv,ES,,41.23889,-5.8975,fold1_iberia,4.367231749677824,354,337,4.367231638418079,8.931750741839762,-25,True,False,1.1125974541670303e-07,computed
ES0014R,development_cv,ES,,41.39389,0.73472,fold1_iberia,5.871257602138668,334,330,5.87125748502994,11.13030303030303,-5,True,False,1.1710872804826522e-07,computed
ES0016R,development_cv,ES,,42.63472,-7.70472,fold1_iberia,4.023121317928194,346,346,4.023121387283237,8.306358381502891,-17,True,False,6.935504348604127e-08,computed
ES0041A,development_cv,ES,,43.25883,-2.94565,fold1_iberia,10.13084094422823,365,365,10.130840945832013,15.723760368081393,-36,True,False,1.6037819960956767e-09,computed
ES0094A,development_cv,ES,,43.40556,-7.98889,fold1_iberia,5.256614538240563,364,363,5.25661450145241,8.565248487757245,-35,True,False,3.6788152968370014e-08,computed
ES0110A,development_cv,ES,,43.30278,-2.97722,fold1_iberia,8.29836310403051,366,366,8.298363200314375,14.632758592282824,-37,True,False,9.628386443694126e-08,computed
ES0118A,development_cv,ES,,40.42167,-3.68222,fold1_iberia,10.008487275313684,365,365,10.008487277754504,21.654803556685366,-36,True,False,2.440820878746308e-09,computed
ES0126A,development_cv,ES,,40.39472,-3.73194,fold1_iberia,12.948717849169926,117,363,12.948717948717949,24.632188658763152,212,False,True,9.95480231580359e-08,computed
ES0201A,development_cv,ES,,43.45,-7.84722,fold1_iberia,5.398169772827739,345,345,5.398169696447655,7.540497621673082,-16,True,False,7.638008359123205e-08,computed
ES0339A,development_cv,ES,,43.687165,-7.506945,fold1_iberia,5.9164816307934975,366,366,5.916481592475,13.062334396814082,-37,True,False,3.8318497708189625e-08,computed
ES0343A,development_cv,ES,,43.6844,-7.4319,fold1_iberia,6.5210252990860464,343,223,6.5210254231945,11.725548558291988,-14,True,False,1.241084532921377e-07,computed
ES0392A,development_cv,ES,,41.39417,1.84028,fold1_iberia,10.512157537693874,292,342,10.512157534246576,22.06763157894737,37,False,True,3.4472975585231325e-09,computed
ES0559A,development_cv,ES,,41.38917,2.16528,fold1_iberia,15.405521531144366,326,338,15.405521472392637,23.85414201183432,3,False,True,5.8751728815309434e-08,computed
ES0567A,development_cv,ES,,41.38611,2.12167,fold1_iberia,11.892463707025431,345,347,11.892463768115942,20.67521613832853,-16,True,False,6.109051042813007e-08,computed
ES0587A,development_cv,ES,,43.32074,-3.11272,fold1_iberia,5.959809601855411,366,366,5.959809568549767,10.851426545261186,-37,True,False,3.330564357639787e-08,computed
ES0691A,development_cv,ES,,41.40417,2.20528,fold1_iberia,13.150285651798727,350,351,13.150285714285715,19.703418803418803,-21,True,False,6.248698802835406e-08,computed
ES0692A,development_cv,ES,,41.37194,2.11583,fold1_iberia,9.175135980014614,331,348,9.17513595166163,22.629265901419675,-2,True,False,2.835298396064445e-08,computed
ES0805A,development_cv,ES,,43.241105000000005,-2.883935,fold1_iberia,8.109898915139464,366,366,8.109898817623337,15.781557557038669,-37,True,False,9.751612672914689e-08,computed
ES0825A,development_cv,ES,,43.30639,-5.68972,fold1_iberia,8.192191924438703,362,366,8.192192009263294,15.561000454340384,-33,True,False,8.482459179504076e-08,computed
ES0880A,development_cv,ES,,43.5512,-5.9197,fold1_iberia,8.940944531247792,365,365,8.940944521816752,18.88567741750463,-36,True,False,9.431040837171167e-09,computed
ES1037A,development_cv,ES,,43.36764,-4.043195,fold1_iberia,8.203125063267965,64,362,8.203125,16.08431181144575,265,False,True,6.326796508915322e-08,computed
ES1044A,development_cv,ES,,41.67028,-0.87111,fold1_iberia,7.303960274255252,365,312,7.303960307085504,21.128205128205128,-36,True,False,3.2830251406323896e-08,computed
ES1096A,development_cv,ES,,42.35194,-7.87694,fold1_iberia,19.329134923485245,360,360,19.32913459560565,28.16193227877102,-31,True,False,3.2787959369784403e-07,computed
ES1137A,development_cv,ES,,42.21917,-8.74194,fold1_iberia,8.576424046934854,360,360,8.576424071884693,20.361707666396022,-31,True,False,2.494983952772145e-08,computed
ES1138A,development_cv,ES,,43.36778,-8.41889,fold1_iberia,8.785918066359452,366,366,8.785918116694015,14.746405105468156,-37,True,False,5.033456318415119e-08,computed
ES1148A,development_cv,ES,,41.43333,2.22,fold1_iberia,10.665358257363602,321,341,10.665358255451713,23.736795628608224,8,False,True,1.9118893135328108e-09,computed
ES1161A,development_cv,ES,,42.6039,-5.5872,fold1_iberia,8.68306849267215,366,366,8.683068506387428,17.46840945051494,-37,True,False,1.3715277802361925e-08,computed
ES1162A,development_cv,ES,,41.31639,-4.90917,fold1_iberia,6.784844669995919,366,366,6.78484461507448,15.113745707250697,-37,True,False,5.492143895224899e-08,computed
ES1181A,development_cv,ES,,39.48111,-0.44722,fold1_iberia,12.097776637255324,361,361,12.097776710009885,25.238507026981516,-32,True,False,7.275456148647663e-08,computed
ES1185A,development_cv,ES,,39.66722,-0.23472,fold1_iberia,5.5673154343374645,362,362,5.567315529532017,8.098588384572682,-33,True,False,9.519455268502952e-08,computed
ES1193A,development_cv,ES,,40.42,-3.74917,fold1_iberia,6.017180281639929,364,364,6.01718015056156,13.895650812979442,-35,True,False,1.310783686037098e-07,computed
ES1222A,development_cv,ES,,41.69306,2.44194,fold1_iberia,7.801763018284594,346,0,7.801763005780346,,-17,True,False,1.2504247415279224e-08,computed
ES1239A,development_cv,ES,,39.45611,-0.37583,fold1_iberia,6.065852451608064,353,353,6.065852310161954,14.836174836713697,-24,True,False,1.4144610993582774e-07,computed
ES1244A,development_cv,ES,,43.2675,-2.9352,fold1_iberia,8.09392414947538,366,366,8.093924116260181,14.04488634863724,-37,True,False,3.3215199479741386e-08,computed
ES1248A,development_cv,ES,,42.4054,1.13,fold1_iberia,5.2158001854138005,366,366,5.2158001972684795,12.397777155528404,-37,True,False,1.1854679016209957e-08,computed
ES1253A,development_cv,ES,,38.09293,-3.78392,fold1_iberia,13.570283459497814,364,358,13.570283347985784,27.361509135664754,-35,True,False,1.1151202983228359e-07,computed
ES1262A,development_cv,ES,,41.56199,2.10209,fold1_iberia,11.435747777164128,341,362,11.43574780058651,20.174830476702386,-12,True,False,2.3422382255944285e-08,computed
ES1269A,development_cv,ES,,43.36686,-5.8321950000000005,fold1_iberia,11.984618218501852,358,358,11.98461825712371,24.56039475452843,-29,True,False,3.862185771197346e-08,computed
ES1271A,development_cv,ES,,43.539955000000006,-5.697505,fold1_iberia,11.409027206429116,365,362,11.409027212073356,28.085314760441445,-36,True,False,5.644240630431341e-09,computed
ES1272A,development_cv,ES,,43.53111,-5.70583,fold1_iberia,10.805862508974768,362,362,10.805862516835013,23.298582146738333,-33,True,False,7.860245787583153e-09,computed
ES1349A,development_cv,ES,,43.14407,-2.96337,fold1_iberia,8.4748365673995,366,366,8.474836574957557,14.748044300528639,-37,True,False,7.558057291134901e-09,computed
ES1353A,development_cv,ES,,43.29552,-5.681464999999999,fold1_iberia,9.898928333202406,365,364,9.89892834039726,16.673573508661132,-36,True,False,7.194854489966929e-09,computed
ES1386A,development_cv,ES,,40.01278,-0.05722,fold1_iberia,3.0341173559053014,354,354,3.034117489490358,4.4865099837697775,-25,True,False,1.3358505679406107e-07,computed
ES1418A,development_cv,ES,,41.76278,-1.14333,fold1_iberia,10.114006512437864,307,362,10.11400651465798,16.162983425414364,22,False,True,2.2201156468781846e-09,computed
ES1421A,development_cv,ES,,40.33639,-1.10667,fold1_iberia,8.87362633815193,364,362,8.873626373626374,13.466850828729282,-35,True,False,3.547444471507788e-08,computed
ES1432A,development_cv,ES,,43.17829,-6.54996,fold1_iberia,8.167237787555914,364,364,8.167237723693924,15.211799094089608,-35,True,False,6.38619894743897e-08,computed
ES1438A,development_cv,ES,,41.385705,2.15454,fold1_iberia,10.492013798640924,364,364,10.492013802368493,22.279513716641866,-35,True,False,3.7275693642868646e-09,computed
ES1440A,development_cv,ES,,42.21028,-8.73694,fold1_iberia,10.756183423343652,366,0,10.75618342597757,,-37,True,False,2.633917972616473e-09,computed
ES1443A,development_cv,ES,,42.33611,-3.63611,fold1_iberia,5.794428798778728,366,357,5.794428921411835,10.667412611677918,-37,True,False,1.2263310633642277e-07,computed
ES1445A,development_cv,ES,,39.98194,0.01056,fold1_iberia,4.85521818676705,363,363,4.8552182546163865,8.820193542633357,-34,True,False,6.784933681558414e-08,computed
ES1472A,development_cv,ES,,42.80661,-1.652195,fold1_iberia,12.256198421599471,121,363,12.256198347107437,12.879380837404312,208,False,True,7.449203387466241e-08,computed
ES1489A,development_cv,ES,,42.87524,-3.231545,fold1_iberia,4.402880588396515,366,366,4.402880577488561,7.752225670847891,-37,True,False,1.0907954539618459e-08,computed
ES1490A,development_cv,ES,,43.17222,-2.63583,fold1_iberia,9.151101320833764,365,365,9.15110134058913,15.504127808494442,-36,True,False,1.9755367119955736e-08,computed
ES1491A,development_cv,ES,,43.406015,-2.703535,fold1_iberia,4.708046632302561,360,360,4.708046659724292,7.13242901358748,-31,True,False,2.742173066394571e-08,computed
ES1492A,development_cv,ES,,42.85556,-2.66806,fold1_iberia,7.874765815978056,365,363,7.8747657177049675,10.814338123249371,-36,True,False,9.827308833365578e-08,computed
ES1494A,development_cv,ES,,43.32278,-1.96028,fold1_iberia,6.911456641516087,354,366,6.911456575439627,20.770350640094048,-25,True,False,6.607645985923227e-08,computed
ES1497A,development_cv,ES,,43.2675,-1.9777,fold1_iberia,7.607375107035047,365,365,7.607375073804496,15.79790659509242,-36,True,False,3.323055075554748e-08,computed
ES1498A,development_cv,ES,,43.13083,-2.07778,fold1_iberia,7.754153599767893,365,365,7.754153596717623,13.988776712613738,-36,True,False,3.0502693704193007e-09,computed
ES1499A,development_cv,ES,,43.04822,-2.1912450000000003,fold1_iberia,9.859648461352863,352,352,9.859648452255913,14.859182710405536,-23,True,False,9.096950748244126e-09,computed
ES1501A,development_cv,ES,,43.18,-2.26806,fold1_iberia,7.631824707453818,366,366,7.631824622870595,13.817923276137817,-37,True,False,8.458322309223831e-08,computed
ES1502A,development_cv,ES,,42.85476,-2.68063,fold1_iberia,7.2187517480652446,366,366,7.218751682044625,13.836177379878379,-37,True,False,6.60206191938073e-08,computed
ES1525A,development_cv,ES,,40.44528,-3.70639,fold1_iberia,9.227409459893831,366,366,9.227409472933397,18.867909751864016,-37,True,False,1.3039565871508785e-08,computed
ES1529A,development_cv,ES,,43.46778,-3.79028,fold1_iberia,7.380952401021734,63,366,7.380952380952381,18.222041544474205,266,False,True,2.0069352402174445e-08,computed
ES1530A,development_cv,ES,,43.006525,-4.13556,fold1_iberia,5.4531249735801595,64,365,5.453125,10.698401014312271,265,False,True,2.6419840537528216e-08,computed
ES1543A,development_cv,ES,,40.735,-0.16944,fold1_iberia,2.8609026297931694,357,357,2.8609026455044955,5.803363698991836,-28,True,False,1.571132601796421e-08,computed
ES1544A,development_cv,ES,,42.849085,-2.43546,fold1_iberia,7.750161448211639,366,366,7.7501613991457186,13.444590750185903,-37,True,False,4.9065920215696224e-08,computed
ES1559A,development_cv,ES,,41.96028,3.03917,fold1_iberia,9.90902139374749,327,338,9.90902140672783,19.19940828402367,2,False,True,1.2980338581769502e-08,computed
ES1563A,development_cv,ES,,40.47925,-3.377865,fold1_iberia,10.757897655155276,366,365,10.757897653770387,19.771452839514712,-37,True,False,1.3848886482037415e-09,computed
ES1567A,development_cv,ES,,40.33971,-3.745165,fold1_iberia,9.90209023779562,366,365,9.902090238102245,18.84031303774029,-37,True,False,3.0662405947623483e-10,computed
ES1572A,development_cv,ES,,43.37278,-5.87278,fold1_iberia,5.96013863822533,366,366,5.960138599146412,15.265369410245992,-37,True,False,3.9078917879464825e-08,computed
ES1578A,development_cv,ES,,43.38264,-3.220975,fold1_iberia,6.156249996670403,64,363,6.15625,11.828926637353325,265,False,True,3.3295970425228916e-09,computed
ES1595A,development_cv,ES,,43.29846,-2.93038,fold1_iberia,8.061870775244696,366,366,8.061870808173374,14.319067302183837,-37,True,False,3.2928678450616644e-08,computed
ES1598A,development_cv,ES,,43.212985,-3.13442,fold1_iberia,8.119774891829241,366,366,8.11977490514554,14.34471299620463,-37,True,False,1.3316299174448432e-08,computed
ES1599A,development_cv,ES,,43.25056,-2.155,fold1_iberia,4.899206865976101,345,349,4.899206806046922,10.83253931024044,-16,True,False,5.992917895270011e-08,computed
ES1601A,development_cv,ES,,38.88763,-7.01145,fold1_iberia,8.417333281602042,75,361,8.417333333333334,17.595581488511822,254,False,True,5.173129125068954e-08,computed
ES1602A,development_cv,ES,,42.46389,-2.42778,fold1_iberia,10.716965587529645,364,366,10.716965585577029,17.18490916724581,-35,True,False,1.9526158467897403e-09,computed
ES1616A,development_cv,ES,,39.84917,-5.93972,fold1_iberia,6.721333388447889,75,360,6.721333333333334,10.737795298903993,254,False,True,5.511455558604439e-08,computed
ES1619A,development_cv,ES,,39.47806,-0.36833,fold1_iberia,12.210210251179037,333,354,12.21021021021021,23.54237288135593,-4,True,False,4.09688265534669e-08,computed
ES1631A,development_cv,ES,,41.64556,-4.73028,fold1_iberia,9.299984435567517,364,364,9.299984414762529,18.3247712820306,-35,True,False,2.0804987954647913e-08,computed
ES1632A,development_cv,ES,,41.62056,-4.74667,fold1_iberia,7.105269025326786,361,361,7.1052689582287325,19.06379056930063,-32,True,False,6.709805333571239e-08,computed
ES1636A,development_cv,ES,,41.65611,-4.73389,fold1_iberia,9.098077960515557,364,361,9.098077918458353,17.122440684090087,-35,True,False,4.205720394168111e-08,computed
ES1641A,development_cv,ES,,41.63528,-0.89361,fold1_iberia,10.23529411524026,238,355,10.235294117647058,21.024323030487885,91,False,True,2.406798316201275e-09,computed
ES1642A,development_cv,ES,,41.936185,2.2393,fold1_iberia,9.948967726220504,310,365,9.948967741935483,19.058451929015156,19,False,True,1.5714979539893648e-08,computed
ES1649A,development_cv,ES,,42.17583,-1.74333,fold1_iberia,7.322373267537539,361,361,7.322373213388509,21.746831065812156,-32,True,False,5.414902926048626e-08,computed
ES1654A,development_cv,ES,,37.99435,-5.66687,fold1_iberia,5.325514606177968,354,347,5.325514564337802,16.62669654301465,-25,True,False,4.184016599850793e-08,computed
ES1670A,development_cv,ES,,39.55861,-1.28139,fold1_iberia,4.788252238835744,350,351,4.788252191036597,7.853196197735615,-21,True,False,4.779914686281472e-08,computed
ES1671A,development_cv,ES,,39.70806,-0.83194,fold1_iberia,4.367222355996292,366,366,4.367222474996934,9.455472873166162,-37,True,False,1.1900064222913898e-07,computed
ES1673A,development_cv,ES,,42.84361,-2.66139,fold1_iberia,9.344019121391998,361,365,9.344019108570919,13.728380459336698,-32,True,False,1.2821079309333072e-08,computed
ES1684A,development_cv,ES,,41.49333,2.04361,fold1_iberia,9.265213356900093,328,366,9.265213414634145,17.244970042604344,1,False,True,5.773405220566019e-08,computed
ES1685A,development_cv,ES,,40.05194,-0.18972,fold1_iberia,6.271420015576102,351,351,6.271420016862902,20.84915549213418,-22,True,False,1.286799999888899e-09,computed
ES1687A,development_cv,ES,,40.06222,0.07278,fold1_iberia,3.9615454319617394,344,344,3.9615454633121394,5.759375184939667,-15,True,False,3.1350400053753447e-08,computed
ES1691A,development_cv,ES,,39.93056,-0.60333,fold1_iberia,4.6809595597364,332,332,4.680959675116372,7.437392283182714,-3,True,False,1.1537997224309038e-07,computed
ES1697A,development_cv,ES,,43.30944,-2.01111,fold1_iberia,6.434141061091997,366,366,6.434140907599568,12.214974932606792,-37,True,False,1.5349242854512113e-07,computed
ES1712A,development_cv,ES,,43.2984,-2.9871,fold1_iberia,8.21899376684197,366,337,8.218993801409772,19.744484862963127,-37,True,False,3.456780106603219e-08,computed
ES1713A,development_cv,ES,,43.255,-2.90222,fold1_iberia,7.980431368955702,366,366,7.980431269690658,13.829850660347809,-37,True,False,9.926504418444893e-08,computed
ES1718A,development_cv,ES,,38.1744,-3.01022,fold1_iberia,12.964912317114736,57,365,12.964912280701755,28.09949628785945,272,False,True,3.641298107481816e-08,computed
ES1746A,development_cv,ES,,42.34167,-2.23167,fold1_iberia,5.832287918467989,360,364,5.832287793622176,9.669629977833152,-31,True,False,1.2484581279892382e-07,computed
ES1752A,development_cv,ES,,40.455,-3.48417,fold1_iberia,10.157492103676864,334,334,10.157492106728709,19.727511089486207,-5,True,False,3.0518449989358487e-09,computed
ES1753A,development_cv,ES,,42.34,-2.05972,fold1_iberia,6.929201117282425,366,366,6.929201177508376,14.599065282782973,-37,True,False,6.022595133714503e-08,computed
ES1779A,development_cv,ES,,42.43889,-2.25028,fold1_iberia,5.700964511199629,366,366,5.70096455081309,11.352948923421971,-37,True,False,3.961346095593399e-08,computed
ES1798A,development_cv,ES,,43.35417,-8.42472,fold1_iberia,10.084868765987869,366,366,10.084868777806234,17.09829497885895,-37,True,False,1.1818364953342098e-08,computed
ES1799A,development_cv,ES,,37.89261,-4.76234,fold1_iberia,10.589062496780034,64,366,10.5890625,23.50948550856585,265,False,True,3.219966515644046e-09,computed
ES1802A,development_cv,ES,,40.91028,-3.46667,fold1_iberia,5.829406278440019,356,366,5.829406220724134,10.344842142437368,-27,True,False,5.7715885404263645e-08,computed
ES1803A,development_cv,ES,,40.63389,-4.01333,fold1_iberia,12.293874493265225,365,0,12.293874454111611,,-36,True,False,3.9153613684561606e-08,computed
ES1809A,development_cv,ES,,40.18528,-3.67972,fold1_iberia,11.418997889700853,366,0,11.418997856239482,,-37,True,False,3.346137056325915e-08,computed
ES1810A,development_cv,ES,,40.25194,-4.27472,fold1_iberia,6.9588815882624315,366,350,6.958881559888331,12.296818883270664,-37,True,False,2.837410040257282e-08,computed
ES1811A,development_cv,ES,,40.16722,-3.27667,fold1_iberia,9.28655897100438,366,0,9.28655892089887,,-37,True,False,5.010551085149473e-08,computed
ES1818A,development_cv,ES,,39.86806,-4.02083,fold1_iberia,9.853750600377694,366,366,9.853750601791923,22.43075004299448,-37,True,False,1.4142287341201154e-09,computed
ES1828A,development_cv,ES,,40.01061,3.85758,fold1_iberia,9.398244967810491,363,363,9.398244995580557,19.92192903418129,-34,True,False,2.77700653583679e-08,computed
ES1836A,development_cv,ES,,41.64222,-0.86194,fold1_iberia,8.535911708640606,366,366,8.535911657999884,17.16750933358274,-37,True,False,5.0640721838135505e-08,computed
ES1838A,development_cv,ES,,40.59333,-3.50306,fold1_iberia,8.390527796972624,366,0,8.390527783177463,,-37,True,False,1.3795160569429754e-08,computed
ES1851A,development_cv,ES,,42.09778,1.84833,fold1_iberia,7.662378190350341,349,366,7.662378223495702,16.150831612800463,-20,True,False,3.3145361122421946e-08,computed
ES1856A,development_cv,ES,,41.426105,2.1480300000000003,fold1_iberia,10.10068260540268,293,342,10.100682593856655,17.925730994152048,36,False,True,1.1546024580866288e-08,computed
ES1857A,development_cv,ES,,38.993895,-3.93779,fold1_iberia,7.150181765869786,361,363,7.150181807229355,27.650512832803404,-32,True,False,4.135956910289451e-08,computed
ES1858A,development_cv,ES,,40.06192,-2.12957,fold1_iberia,11.143809301665202,366,359,11.143809308931317,25.109740766215715,-37,True,False,7.266114820936309e-09,computed
ES1867A,development_cv,ES,,43.48056,-8.24139,fold1_iberia,6.163654077282503,363,364,6.163653971226735,12.101320857419585,-34,True,False,1.060557686116681e-07,computed
ES1868A,development_cv,ES,,42.87583,-8.55917,fold1_iberia,5.861956067929899,364,363,5.8619559581205545,12.721526802679998,-35,True,False,1.098093447282622e-07,computed
ES1869A,development_cv,ES,,40.4303,-3.544115,fold1_iberia,9.824067074991593,366,366,9.824067071851424,20.52236374132593,-37,True,False,3.140169013704508e-09,computed
ES1877A,development_cv,ES,,39.94528,-0.05639,fold1_iberia,11.614986596216305,351,351,11.614986603410737,20.897858998031356,-22,True,False,7.194431717039151e-09,computed
ES1884A,development_cv,ES,,39.63417,-0.26583,fold1_iberia,7.275447751259461,360,360,7.275447663749294,15.08108429894795,-31,True,False,8.751016622454699e-08,computed
ES1885A,development_cv,ES,,39.48028,-0.33639,fold1_iberia,10.732161964666908,364,364,10.732161973761198,17.58472898304639,-35,True,False,9.094289765698704e-09,computed
ES1889A,development_cv,ES,,40.96083,-5.63972,fold1_iberia,4.484416979069874,366,365,4.484416981476853,13.315267439587236,-37,True,False,2.406979504598894e-09,computed
ES1890A,development_cv,ES,,40.34194,-3.83389,fold1_iberia,11.09460531376186,366,0,11.094605308939101,,-37,True,False,4.822759080980177e-09,computed
ES1891A,development_cv,ES,,41.599765000000005,2.2877150000000004,fold1_iberia,12.002623909780638,343,366,12.002623906705539,23.209871961456223,-14,True,False,3.0750992863204374e-09,computed
ES1901A,development_cv,ES,,42.88778,-8.53083,fold1_iberia,7.182155982267047,365,365,7.182155949934938,14.776015274392597,-36,True,False,3.233210943420772e-08,computed
ES1905A,development_cv,ES,,42.99806,-7.55,fold1_iberia,7.572048666763301,366,366,7.572048682591788,14.362483470550018,-37,True,False,1.5828486965574484e-08,computed
ES1907A,development_cv,ES,,43.30222,-8.50556,fold1_iberia,6.530567213737168,366,0,6.5305670939418645,,-37,True,False,1.1979530345485045e-07,computed
ES1911A,development_cv,ES,,39.70528,-0.33667,fold1_iberia,3.416148805367857,358,358,3.4161487592183843,7.03901245962686,-29,True,False,4.614947268777314e-08,computed
ES1912A,development_cv,ES,,39.4575,-0.34278,fold1_iberia,10.48757842895225,345,352,10.487578430810945,17.45552226733853,-16,True,False,1.8586945316201309e-09,computed
ES1916A,development_cv,ES,,39.99583,-0.065,fold1_iberia,14.69164253112966,347,0,14.69164265129683,,-18,True,False,1.201671704365026e-07,computed
ES1922A,development_cv,ES,,42.0194,-4.5383,fold1_iberia,7.014921726842139,366,362,7.014921741843845,15.165656765632745,-37,True,False,1.500170654367139e-08,computed
ES1926A,development_cv,ES,,39.48111,-0.40833,fold1_iberia,9.670808212870888,359,359,9.670808207868868,12.582030799701373,-30,True,False,5.002020131428253e-09,computed
ES1937A,development_cv,ES,,40.39806,-3.68667,fold1_iberia,8.165796349690789,366,366,8.165796301277519,16.67324555032976,-37,True,False,4.84132698375106e-08,computed
ES1938A,development_cv,ES,,40.43972,-3.69028,fold1_iberia,9.617839994191604,366,366,9.617840011072794,20.07860825727866,-37,True,False,1.688118977938302e-08,computed
ES1940A,development_cv,ES,,40.46583,-3.68833,fold1_iberia,8.727459463532684,365,365,8.727459486742738,19.223356663990185,-36,True,False,2.3210054322930773e-08,computed
ES1943A,development_cv,ES,,40.3847,-3.7186,fold1_iberia,9.778761834268296,366,366,9.7787618106088,17.53897314272344,-37,True,False,2.365949569593795e-08,computed
ES1944A,development_cv,ES,,40.49417,-3.66028,fold1_iberia,7.740149527358237,366,366,7.740149481863666,14.949333340361493,-37,True,False,4.5494570777293575e-08,computed
ES1957A,development_cv,ES,,43.3825,-8.40889,fold1_iberia,11.850600847717146,366,364,11.850600892465021,27.19269276530922,-37,True,False,4.474787473895958e-08,computed
ES1974A,development_cv,ES,,43.51667,-5.67056,fold1_iberia,6.917122449638442,358,364,6.917122521430764,16.198748248419243,-29,True,False,7.179232230924981e-08,computed
ES2005A,development_cv,ES,,42.953605,-9.186105,fold1_iberia,9.912051809942009,366,366,9.912051817272772,13.716270040131853,-37,True,False,7.330763551749442e-09,computed
ES2010A,development_cv,ES,,41.63,-4.74056,fold1_iberia,8.91564082546572,363,363,8.91564083548902,19.4381848488478,-34,True,False,1.0023299523709284e-08,computed
ES2014A,development_cv,ES,,42.061635,-7.408720000000001,fold1_iberia,4.252388511721705,364,366,4.252388495649287,11.695885933683138,-35,True,False,1.6072418063117766e-08,computed
ES2018A,development_cv,ES,,39.78222,-0.35917,fold1_iberia,5.993628045583251,345,345,5.99362813601767,10.969886624511288,-16,True,False,9.04344190644224e-08,computed
ES2028A,development_cv,ES,,40.31455,-3.716865,fold1_iberia,8.339673584245451,366,366,8.339673527351717,23.249976535731214,-37,True,False,5.689373416828403e-08,computed
ES2039A,development_cv,ES,,43.5197,-8.1502,fold1_iberia,5.992546751009247,360,360,5.9925467930969045,10.918753849580016,-31,True,False,4.208765780333579e-08,computed
ES2041A,development_cv,ES,,41.91614,0.1911,fold1_iberia,10.010989002757078,364,365,10.010989010989011,17.279452054794522,-35,True,False,8.231932469016101e-09,computed
ES2051A,development_cv,ES,,43.4015,-5.8028,fold1_iberia,9.07336490510514,366,366,9.073364943165338,19.305645109460944,-37,True,False,3.8060196771994015e-08,computed
ES2054A,development_cv,ES,,43.5705,-5.9583,fold1_iberia,6.015344554886891,365,365,6.015344674969138,18.752798212158364,-36,True,False,1.2008224725690297e-07,computed
ES2061A,development_cv,ES,,42.425915,-8.644,fold1_iberia,5.045021025021774,363,365,5.045021100640795,17.87480237197721,-34,True,False,7.561902037878099e-08,computed
ES2069A,development_cv,ES,,43.5229,-5.6895,fold1_iberia,6.949857878732222,365,366,6.9498578029645275,21.234193858504106,-36,True,False,7.576769434081143e-08,computed
ES2070A,development_cv,ES,,40.94667,-0.29083,fold1_iberia,7.176829346918053,328,330,7.176829268292683,10.742424242424242,1,False,True,7.862537021452454e-08,computed
ES2084A,development_cv,ES,,42.6563,-8.1071,fold1_iberia,4.686879745097407,350,363,4.686879743203656,7.473525291363151,-21,True,False,1.893750933845695e-09,computed
ES2085A,development_cv,ES,,42.0607,-7.7299,fold1_iberia,4.935266281450181,360,360,4.935266242114879,12.745342534693602,-31,True,False,3.933530212663072e-08,computed
ES2089A,development_cv,ES,,41.6752,-0.8869,fold1_iberia,7.061112466585612,359,362,7.061112546710705,18.32303807015178,-30,True,False,8.012509233878973e-08,computed
ES2093A,development_cv,ES,,40.8251,-3.9612,fold1_iberia,6.877799160579781,358,358,6.877799164351699,9.466257115143687,-29,True,False,3.771917889139331e-09,computed
ES2094A,development_cv,ES,,42.06,-1.601,fold1_iberia,6.764554345804186,360,357,6.764554247675966,14.968770474375313,-31,True,False,9.812821932797533e-08,computed
ES2095A,development_cv,ES,,39.44833,-0.37647,fold1_iberia,12.123422608026242,352,352,12.123422538665533,27.096794895530362,-23,True,False,6.936070917618053e-08,computed
ES2101A,development_cv,ES,,43.31217,-1.98083,fold1_iberia,7.744261055423611,366,366,7.744261022299154,16.780043151194256,-37,True,False,3.3124456955135884e-08,computed
ES2102A,development_cv,ES,,43.1407,-8.0331,fold1_iberia,5.884557210956824,366,366,5.884557261727343,10.21024416345514,-37,True,False,5.077051934421206e-08,computed
ES2103A,development_cv,ES,,43.12518,-2.31811,fold1_iberia,9.46048786142161,366,366,9.460487891582762,12.932313116485426,-37,True,False,3.016115179832468e-08,computed
ES2118A,development_cv,ES,,43.27379,-2.05051,fold1_iberia,7.284057806045916,365,365,7.2840578253618595,15.494593097910197,-36,True,False,1.9315943511344358e-08,computed
ES2119A,development_cv,ES,,43.26874,-2.01913,fold1_iberia,6.830729489750854,350,335,6.830729568050996,14.569398930988045,-21,True,False,7.830014236986926e-08,computed
ES2120A,development_cv,ES,,43.27209,-2.03131,fold1_iberia,7.720495009301444,363,362,7.720495048230406,12.786931145102553,-34,True,False,3.8928962275974754e-08,computed
ES2121A,development_cv,ES,,43.2213,-2.02328,fold1_iberia,8.054469295614975,363,353,8.054469212344758,14.01347990326476,-34,True,False,8.327021738807616e-08,computed
ES2125A,development_cv,ES,,43.21901,-2.73453,fold1_iberia,9.276360367475426,366,273,9.276360321985766,17.02284470188197,-37,True,False,4.548966003881105e-08,computed
ES2127A,development_cv,ES,,43.33306,-3.04256,fold1_iberia,7.758425538327318,366,364,7.758425458282907,11.046742090393547,-37,True,False,8.004441109932259e-08,computed
ES2129A,development_cv,ES,,43.3621,-3.0228,fold1_iberia,8.014237882132393,350,346,8.014237893576404,19.27655167056415,-21,True,False,1.144401018393637e-08,computed
ES2132A,development_cv,ES,,43.5427,-5.7093,fold1_iberia,10.58925886144344,354,354,10.589258866062695,25.008145230171,-25,True,False,4.619254312387966e-09,computed
ES2133A,development_cv,ES,,40.5684,-3.2702,fold1_iberia,7.544022496182377,365,0,7.544022491254395,,-36,True,False,4.927981578362051e-09,computed
ES2135A,development_cv,ES,,38.6791,-4.1078,fold1_iberia,11.063039690610086,354,0,11.063039686382487,,-25,True,False,4.22759960372332e-09,computed
ES2137A,development_cv,ES,,39.5769,-3.8652,fold1_iberia,6.206057253633547,360,361,6.206057220299687,16.335840155943544,-31,True,False,3.333386011661332e-08,computed
ES2138A,development_cv,ES,,38.9808,-1.8452,fold1_iberia,7.916577105647165,355,353,7.916577123422971,27.26624840787526,-26,True,False,1.7775805716269133e-08,computed
ES2140A,development_cv,ES,,43.34305,-8.44914,fold1_iberia,7.589406330846597,360,360,7.58940628840469,14.594747294218521,-31,True,False,4.244190687785476e-08,computed
ES2143A,development_cv,ES,,43.6591,-7.3632,fold1_iberia,3.7396505211898208,361,366,3.739650663474725,10.64405312801161,-32,True,False,1.422849043031249e-07,computed
ES2146A,development_cv,ES,,39.9694,0.0089,fold1_iberia,6.321818129613786,366,366,6.3218181843894605,14.239484876436158,-37,True,False,5.4775674662721485e-08,computed
ES2159A,development_cv,ES,,40.4491,-3.8037,fold1_iberia,10.091323178239522,366,0,10.091323173869503,,-37,True,False,4.370019013322235e-09,computed
ES2160A,development_cv,ES,,40.23356,-3.7694,fold1_iberia,11.240044291561944,366,0,11.240044269106992,,-37,True,False,2.2454951675854318e-08,computed
ES2162A,development_cv,ES,,41.35457,-1.65257,fold1_iberia,7.199413473807467,341,331,7.19941348973607,10.945619335347432,-12,True,False,1.5928603325221502e-08,computed
ES2163A,development_cv,ES,,39.46922,-0.40605,fold1_iberia,13.265648091244724,364,364,13.265648216948684,28.655348733823114,-35,True,False,1.2570395924171862e-07,computed
ES2172A,development_cv,ES,,42.9573,-7.5047,fold1_iberia,10.027908196312143,366,366,10.027908211420957,15.13187477484663,-37,True,False,1.5108813755659867e-08,computed
ES2176A,development_cv,ES,,43.20364,-8.41414,fold1_iberia,6.096600060381195,366,366,6.096600142957666,10.85053903664808,-37,True,False,8.257647099441101e-08,computed
ES2182A,development_cv,ES,,42.71528,-7.44944,fold1_iberia,6.92765957505613,365,365,6.9276595322086605,15.189520261344963,-36,True,False,4.284746957239349e-08,computed
PT01048,development_cv,PT,,41.37139,-7.79083,fold1_iberia,3.5767952477544993,299,337,3.576795332701391,9.582921246110903,30,False,True,8.494689174298742e-08,computed
PT02019,development_cv,PT,,40.256665,-8.781255,fold1_iberia,7.5572895167925855,363,360,7.557289464764735,19.07976998163044,-34,True,False,5.202785047231373e-08,computed
PT03063,development_cv,PT,,38.61944,-9.08111,fold1_iberia,7.866525050159791,366,364,7.866525075747607,20.537433899151612,-37,True,False,2.5587815422056792e-08,computed
PT03071,development_cv,PT,,38.769445000000005,-9.107645,fold1_iberia,8.393114480458351,365,365,8.393114493676913,17.70743939819858,-36,True,False,1.321856224478779e-08,computed
PT03072,development_cv,PT,,38.74861,-9.148895,fold1_iberia,7.837558860004074,363,354,7.837558839006367,19.259601804317494,-34,True,False,2.0997706684511286e-08,computed
PT03083,development_cv,PT,,38.66361,-9.15778,fold1_iberia,4.812158980654047,358,366,4.81215898510242,19.306684260639177,-29,True,False,4.44837322532976e-09,computed
PT03089,development_cv,PT,,38.785,-9.34722,fold1_iberia,7.361763775298798,361,366,7.361763820556732,18.797156982580205,-32,True,False,4.525793340093287e-08,computed
PT03092,development_cv,PT,,38.48889,-8.960285,fold1_iberia,4.9937588953033245,366,360,4.993758777013738,16.440442485617762,-37,True,False,1.1828958612625229e-07,computed
PT03096,development_cv,PT,,39.281945,-8.374035,fold1_iberia,5.204915850821832,356,360,5.20491597351638,12.575218189485165,-27,True,False,1.2269454785496237e-07,computed
PT03099,development_cv,PT,,38.63556,-8.69056,fold1_iberia,5.331863316027568,341,365,5.33186328090665,16.581007804154023,-12,True,False,3.512091772961412e-08,computed
PT03102,development_cv,PT,,39.27833,-9.24583,fold1_iberia,6.422683594923441,340,322,6.422683511190263,15.261090333796346,-11,True,False,8.373317861298801e-08,computed
PT04001,development_cv,PT,,37.96042,-8.835695000000001,fold1_iberia,4.359435243407346,324,366,4.359435357017885,15.30058279271216,5,False,True,1.1361053875447169e-07,computed
PT04003,development_cv,PT,,37.86889,-8.72028,fold1_iberia,11.807548886220976,163,351,11.807548884710057,14.473128313695454,166,False,True,1.5109193896023498e-09,computed
PT04006,development_cv,PT,,38.615,-7.397505,fold1_iberia,5.242150312177212,352,342,5.242150257961462,14.044905246450606,-23,True,False,5.421575011155255e-08,computed
PT05007,development_cv,PT,,37.015,-7.926674999999999,fold1_iberia,2.9053246587877393,357,363,2.9053245520754123,17.24502567881809,-28,True,False,1.0671232697490041e-07,computed
PT07002,development_cv,PT,,37.75029,-25.66402,fold1_iberia,7.417541833988338,345,343,7.417541748937082,18.047747973917325,-16,True,False,8.505125581592665e-08,computed
BELAL02,development_cv,BE,,51.30505,4.23356,fold2_france,8.681218949154507,360,360,8.681218914445308,16.254935097611714,-31,True,False,3.470919907044845e-08,computed
BELAL03,development_cv,BE,,51.254235,4.20087,fold2_france,9.238707010028772,366,366,9.238707041962854,16.426045610059774,-37,True,False,3.193408204538173e-08,computed
BELAL04,development_cv,BE,,51.290945,4.292675,fold2_france,9.544191877259172,366,366,9.544191855037903,17.856914784635226,-37,True,False,2.2221268380917536e-08,computed
BELAL05,development_cv,BE,,51.26365,4.27762,fold2_france,9.093057376347517,366,366,9.093057379126972,16.544909464885812,-37,True,False,2.7794548884685355e-09,computed
BELAT83,development_cv,BE,,51.3398,4.30499,fold2_france,8.540394538538406,366,366,8.540394531311872,15.080532966874738,-37,True,False,7.226534037840793e-09,computed
BELEG05,development_cv,BE,,51.17405,3.78608,fold2_france,10.08962629347626,366,366,10.089626320345365,20.258098930978473,-37,True,False,2.686910605120829e-08,computed
BELGK37,development_cv,BE,,50.93175,5.52109,fold2_france,9.12164825856828,351,351,9.121648247932065,19.8867897199419,-22,True,False,1.0636215463932785e-08,computed
BELHB23,development_cv,BE,,51.17029,4.34093,fold2_france,7.925452726055046,366,366,7.925452808279906,15.150161988350579,-37,True,False,8.222485980979855e-08,computed
BELHH08,development_cv,BE,,51.03158,5.37637,fold2_france,8.550181002499839,366,366,8.550180957560686,15.745097060634727,-37,True,False,4.49391528434262e-08,computed
BELMN01,development_cv,BE,,50.79355,3.10965,fold2_france,9.716976184977607,365,365,9.716976161811024,18.153423934942687,-36,True,False,2.316658331835697e-08,computed
BELOB01,development_cv,BE,,50.91714,3.3074,fold2_france,10.36288367777019,366,366,10.36288369247715,18.88013799305046,-37,True,False,1.4706959206023384e-08,computed
BELRL01,development_cv,BE,,50.95337,3.12108,fold2_france,9.441992194751958,360,360,9.441992232311518,16.24134071242766,-31,True,False,3.7559560794875324e-08,computed
BELSA04,development_cv,BE,,51.31474,4.40514,fold2_france,8.832178251904523,366,366,8.832178278688525,15.119773285240129,-37,True,False,2.6784002571389465e-08,computed
BELSZ05,development_cv,BE,,50.91665,4.51518,fold2_france,8.387775166811306,365,365,8.387775068776767,14.320183924671719,-36,True,False,9.803453870915746e-08,computed
BETAL09,development_cv,BE,,51.21989,4.36846,fold2_france,8.718736639508565,360,360,8.718736608224114,15.642907524219336,-31,True,False,3.128445058564466e-08,computed
BETAL10,development_cv,BE,,51.21989,4.36846,fold2_france,9.29716070597104,366,366,9.297160769086085,17.894780574814433,-37,True,False,6.311504563427661e-08,computed
BETB011,development_cv,BE,,50.85781,4.28871,fold2_france,7.39546297245242,366,366,7.395463002416298,12.791187630093154,-37,True,False,2.996387760134667e-08,computed
BETDU07,development_cv,BE,,51.22635,4.44879,fold2_france,10.08139789113105,366,366,10.081397876680073,18.700611867838347,-37,True,False,1.4450977303681611e-08,computed
BETH201,development_cv,BE,,50.62499,5.54746,fold2_france,6.07839569223688,364,364,6.078395713776923,11.455015723609435,-35,True,False,2.1540043526613317e-08,computed
BETM204,development_cv,BE,,50.61192,5.61115,fold2_france,5.472364580135345,366,366,5.472364675187455,10.786943376704798,-37,True,False,9.50521101827917e-08,computed
BETM705,development_cv,BE,,50.94536,3.1524,fold2_france,9.874458271047748,363,363,9.874458259824287,17.90703522196197,-34,True,False,1.1223461271470114e-08,computed
BETM802,development_cv,BE,,51.26099,4.4244,fold2_france,9.776273121463404,366,366,9.776273150027858,18.748605955697887,-37,True,False,2.8564453913304533e-08,computed
BETMEU1,development_cv,BE,,50.895,4.39572,fold2_france,7.751953020144132,366,366,7.751953085307467,14.917230860020782,-37,True,False,6.516333517225803e-08,computed
BETMK02,development_cv,BE,,51.25051,4.42752,fold2_france,9.354446864858186,356,356,9.354446848877762,18.346430598115994,-27,True,False,1.5980424095118906e-08,computed
BETN012,development_cv,BE,,51.25457,3.36254,fold2_france,8.98779207395998,356,356,8.987792067508565,15.085137005003014,-27,True,False,6.451415401897975e-09,computed
BETN016,development_cv,BE,,51.23365,5.16398,fold2_france,8.976011418348504,363,363,8.976011383598834,15.073226289121907,-34,True,False,3.4749669808320505e-08,computed
BETN029,development_cv,BE,,51.01628,2.58232,fold2_france,8.190187599578195,363,363,8.190187619774823,14.245822081759023,-34,True,False,2.0196628369717473e-08,computed
BETN035,development_cv,BE,,50.97758,4.83762,fold2_france,8.429980626778136,363,363,8.429980594874493,14.657253305344398,-34,True,False,3.1903642394581766e-08,computed
BETN043,development_cv,BE,,50.88369,4.38298,fold2_france,6.942298047473933,353,353,6.942297989380336,14.737338960780821,-24,True,False,5.809359748809584e-08,computed
BETN047,development_cv,BE,,50.93554,5.35321,fold2_france,8.69070655994754,366,366,8.690706569611148,15.041987575857904,-37,True,False,9.663608580012806e-09,computed
BETN052,development_cv,BE,,50.81487,3.32249,fold2_france,9.092285143940522,363,363,9.092285191134785,16.15208320389753,-34,True,False,4.719426272004057e-08,computed
BETN054,development_cv,BE,,50.71171,5.10316,fold2_france,7.327775463473864,366,366,7.32777549674257,13.699587289515827,-37,True,False,3.326870601227938e-08,computed
BETN060,development_cv,BE,,50.61671,3.45763,fold2_france,7.933713495928668,362,362,7.933713394850905,14.264641843778561,-33,True,False,1.010777630483517e-07,computed
BETN064,development_cv,BE,,50.72089,4.49436,fold2_france,7.838308050914827,366,366,7.838308031310972,13.392218319439433,-37,True,False,1.960385453969593e-08,computed
BETN067,development_cv,BE,,50.61284,5.99144,fold2_france,4.923455409253611,366,366,4.92345553922151,8.78626784618278,-37,True,False,1.2996789866548397e-07,computed
BETN070,development_cv,BE,,50.46519,3.93971,fold2_france,8.123414946568925,364,364,8.12341494148426,16.479542486909626,-35,True,False,5.08466513338135e-09,computed
BETN073,development_cv,BE,,50.50272,4.98842,fold2_france,6.631973282839757,366,366,6.631973296823751,11.100737799926767,-37,True,False,1.3983993518706939e-08,computed
BETN085,development_cv,BE,,50.30321,6.00174,fold2_france,3.3652250195964903,366,366,3.365224871053473,6.863643540310334,-37,True,False,1.4854301744193776e-07,computed
BETN093,development_cv,BE,,50.27448,5.23517,fold2_france,4.924294725167713,365,365,4.924294627483892,9.263122707097349,-36,True,False,9.768382103203521e-08,computed
BETN100,development_cv,BE,,50.09568,4.59476,fold2_france,4.143970770645696,358,358,4.143970894096593,7.332410986250478,-29,True,False,1.2345089661636166e-07,computed
BETN113,development_cv,BE,,50.02703,5.59302,fold2_france,2.6093013133891456,366,366,2.609301394793356,4.6960375342487515,-37,True,False,8.140421048352664e-08,computed
BETN121,development_cv,BE,,49.87713,5.20239,fold2_france,3.65486567561004,365,365,3.654865476241364,6.549093923091135,-36,True,False,1.9936867579062323e-07,computed
BETN132,development_cv,BE,,49.71928,5.6304,fold2_france,4.01644621803198,365,365,4.016446397180347,7.508689413566877,-36,True,False,1.791483663637905e-07,computed
BETR001,development_cv,BE,,50.84971,4.3341,fold2_france,8.451866296979752,366,366,8.451866320776151,15.966748256300404,-37,True,False,2.3796399517550526e-08,computed
BETR012,development_cv,BE,,50.79665,4.35862,fold2_france,6.980590916661752,366,366,6.980590913289907,12.131097812107017,-37,True,False,3.3718450254127674e-09,computed
BETR020,development_cv,BE,,50.94139,4.43672,fold2_france,9.426401519820176,361,361,9.426401565699145,16.831293792521663,-32,True,False,4.587896818009085e-08,computed
BETR215,development_cv,BE,,50.72797,5.69015,fold2_france,6.957012977851402,360,360,6.957012888394818,12.242531784100061,-31,True,False,8.945658436232407e-08,computed
BETR221,development_cv,BE,,50.65844,5.62784,fold2_france,6.585254993256254,366,366,6.585255078988387,14.26006713675421,-37,True,False,8.573213250429035e-08,computed
BETR222,development_cv,BE,,50.61341,5.57022,fold2_france,6.280439393051234,366,366,6.280439460291234,12.57884537508009,-37,True,False,6.724000023439203e-08,computed
BETR223,development_cv,BE,,50.62067,5.5164,fold2_france,6.704483116840218,366,366,6.704482937157184,13.106831855169656,-37,True,False,1.7968303378523842e-07,computed
BETR237,development_cv,BE,,50.65381,5.47038,fold2_france,6.3449236222935825,359,359,6.3449237113780415,10.918037852999714,-30,True,False,8.908445892075179e-08,computed
BETR240,development_cv,BE,,50.58361,5.39745,fold2_france,6.461000401765379,365,365,6.461000303815164,12.918309864350572,-36,True,False,9.795021416181271e-08,computed
BETR401,development_cv,BE,,50.46243,4.86526,fold2_france,5.629607637318141,366,366,5.629607722030187,10.75572242292781,-37,True,False,8.471204537841004e-08,computed
BETR501,development_cv,BE,,50.40931,4.45217,fold2_france,6.3276207177528025,364,364,6.327620587749389,11.89814339395495,-35,True,False,1.300034133677741e-07,computed
BETR502,development_cv,BE,,50.429,4.45868,fold2_france,6.5510925623727605,366,366,6.551092671284425,12.03930204463559,-37,True,False,1.0891166457582813e-07,computed
BETR503,development_cv,BE,,50.40919,4.44849,fold2_france,7.373234859576634,365,365,7.373234785094561,13.671279421986855,-36,True,False,7.448207295368547e-08,computed
BETR510,development_cv,BE,,50.41643,4.52113,fold2_france,6.4265052135502545,366,366,6.4265051225008465,11.31126588744717,-37,True,False,9.104940801307748e-08,computed
BETR511,development_cv,BE,,50.37759,4.4247,fold2_france,6.1802059477415225,365,365,6.180205953374681,11.496915903386371,-36,True,False,5.633158828288742e-09,computed
BETR512,development_cv,BE,,50.40781,4.3959,fold2_france,7.08784356040778,366,366,7.087843643819058,13.834753610556996,-37,True,False,8.341127788469294e-08,computed
BETR515,development_cv,BE,,50.4516,4.42546,fold2_france,6.98930711817636,362,362,6.989307054061446,12.378723796675775,-33,True,False,6.411491426661087e-08,computed
BETR516,development_cv,BE,,50.46913,4.48496,fold2_france,6.067437171774892,366,366,6.067437223989581,9.766741631724479,-37,True,False,5.221468857286027e-08,computed
BETR701,development_cv,BE,,51.05845,3.72925,fold2_france,8.944574121089067,366,366,8.944574155331829,16.43299054335226,-37,True,False,3.424276151520189e-08,computed
BETR702,development_cv,BE,,51.0408,3.7348,fold2_france,8.758883270789456,366,366,8.758883325413796,16.06297674715796,-37,True,False,5.462434060632404e-08,computed
BETR710,development_cv,BE,,51.06128,3.77526,fold2_france,8.980095179286767,366,366,8.980095180077555,15.349636369807435,-37,True,False,7.907878796231671e-10,computed
BETR740,development_cv,BE,,51.15014,3.80874,fold2_france,10.761876114112964,359,359,10.761876109643659,21.24728293430296,-30,True,False,4.469304926146833e-09,computed
BETR750,development_cv,BE,,51.19606,3.82292,fold2_france,9.29615099669912,341,341,9.296150958861732,16.589436069158417,-12,True,False,3.783738833362804e-08,computed
BETR801,development_cv,BE,,51.20966,4.43182,fold2_france,9.29051147622,364,364,9.290511527794969,16.91341445274346,-35,True,False,5.1574968296108636e-08,computed
BETR802,development_cv,BE,,51.20944,4.43166,fold2_france,9.687418985018304,366,366,9.687418968803275,17.807453972018855,-37,True,False,1.6215029319255336e-08,computed
BETR803,development_cv,BE,,51.22864,4.42848,fold2_france,9.696551302862344,361,361,9.696551280265938,18.220434426767984,-32,True,False,2.259640652368944e-08,computed
BETR804,development_cv,BE,,51.2062,4.442,fold2_france,9.166773476853454,366,366,9.166773493802962,18.074215020842786,-37,True,False,1.6949508463426355e-08,computed
BETR805,development_cv,BE,,51.20825,4.42154,fold2_france,10.321517761212904,364,364,10.321517766314301,20.20162681521377,-35,True,False,5.101396638451661e-09,computed
BETR817,development_cv,BE,,51.17719,4.41796,fold2_france,9.05435319193841,366,366,9.054353188108815,16.124751080965446,-37,True,False,3.829596195714657e-09,computed
BETR818,development_cv,BE,,51.21223,4.35048,fold2_france,8.686574643405377,353,353,8.686574625562752,15.997185901367908,-24,True,False,1.7842625155140013e-08,computed
BETR823,development_cv,BE,,51.21324,4.24049,fold2_france,8.699221570230032,366,366,8.699221556073626,15.249931141164215,-37,True,False,1.4156405825360707e-08,computed
BETR834,development_cv,BE,,51.09282,4.38137,fold2_france,8.13466214591716,366,366,8.13466211045775,14.474838710133602,-37,True,False,3.5459409630789196e-08,computed
BETR842,development_cv,BE,,51.02037,4.48326,fold2_france,8.775122650356382,354,354,8.775122693406972,15.322483848336883,-25,True,False,4.305059064790839e-08,computed
BETREG1,development_cv,BE,,50.84357,4.36701,fold2_france,7.967311392668529,365,365,7.96731129122484,15.21474342598243,-36,True,False,1.0144368900455447e-07,computed
BETZD01,development_cv,BE,,51.2155,4.32592,fold2_france,9.29427035366387,366,366,9.294270295052268,16.949901230768123,-37,True,False,5.8611602682390185e-08,computed
BETZD08,development_cv,BE,,51.22731,4.33152,fold2_france,8.814964709985693,366,366,8.814964748158708,16.09361496288617,-37,True,False,3.8173014971221164e-08,computed
FR01011,development_cv,FR,,49.11944,6.18083,fold2_france,8.01300090876752,342,349,8.013000830604382,11.344964910509946,-13,True,False,7.816313818409526e-08,computed
FR01020,development_cv,FR,,49.35834,6.15694,fold2_france,7.0054319040831645,357,358,7.005431946686143,13.113379161686629,-28,True,False,4.26029789224458e-08,computed
FR01065,development_cv,FR,,49.16778,5.38746,fold2_france,7.564222585542412,360,0,7.564222601275924,,-31,True,False,1.573351227079911e-08,computed
FR02008,development_cv,FR,,43.40195,4.98192,fold2_france,8.056584839269393,354,360,8.05658474782646,16.307790836708527,-25,True,False,9.144293322549402e-08,computed
FR02009,development_cv,FR,,43.39378,4.80102,fold2_france,7.42436442969478,363,0,7.42436436503916,,-34,True,False,6.465561952495591e-08,computed
FR02013,development_cv,FR,,43.45893,4.93457,fold2_france,9.086471940613585,354,0,9.086471892903166,,-25,True,False,4.77104187268651e-08,computed
FR02020,development_cv,FR,,43.5108,5.22005,fold2_france,9.129427250687897,355,0,9.129427252666215,,-26,True,False,1.9783179538990225e-09,computed
FR02022,development_cv,FR,,43.67511,4.62921,fold2_france,10.323604396023525,362,362,10.32360438381773,17.50596332698533,-33,True,False,1.220579548544265e-08,computed
FR02041,development_cv,FR,,43.639,5.1011,fold2_france,7.959308565055991,366,366,7.959308620519419,13.735969191970618,-37,True,False,5.54634276284105e-08,computed
FR02043,development_cv,FR,,43.41653,5.22228,fold2_france,9.832107402825017,366,366,9.832107390845362,18.496635060482866,-37,True,False,1.1979654601645962e-08,computed
FR03006,development_cv,FR,,43.27645,5.39736,fold2_france,10.527139495978275,359,359,10.527139487174866,26.17133564970279,-30,True,False,8.803409556890074e-09,computed
FR03014,development_cv,FR,,43.34805,5.36012,fold2_france,8.975504522316486,365,365,8.975504492897466,18.328321214389685,-36,True,False,2.9419020108889526e-08,computed
FR03021,development_cv,FR,,43.52407,5.44816,fold2_france,17.13611121955853,6,357,17.13611111111111,18.94110364863062,323,False,True,1.0844741993309981e-07,computed
FR03027,development_cv,FR,,43.3352,5.72737,fold2_france,7.138020490304764,366,366,7.138020432501478,11.101087015728808,-37,True,False,5.7803285713475816e-08,computed
FR03029,development_cv,FR,,43.53029,5.44091,fold2_france,7.574232257460881,363,363,7.574232174089152,14.381319381808725,-34,True,False,8.337172907602053e-08,computed
FR03030,development_cv,FR,,43.45358,5.46667,fold2_france,10.736700385623577,362,363,10.736700382950383,20.18222136286545,-33,True,False,2.6731932223356125e-09,computed
FR03043,development_cv,FR,,43.30529,5.39472,fold2_france,8.58551838350195,360,360,8.585518346052767,17.300724063024333,-31,True,False,3.744918330994551e-08,computed
FR03064,development_cv,FR,,43.1359,6.01151,fold2_france,8.270200425579223,364,0,8.27020052204198,,-35,True,False,9.646275778152358e-08,computed
FR03070,development_cv,FR,,43.43787,6.76839,fold2_france,7.821898936721905,363,359,7.821898961070523,17.338068884172493,-34,True,False,2.434861734457172e-08,computed
FR03071,development_cv,FR,,43.13111,5.92418,fold2_france,7.588164585130043,362,365,7.588164508597761,17.984069823034524,-33,True,False,7.653228184523186e-08,computed
FR03080,development_cv,FR,,43.94967,4.80434,fold2_france,9.330763793397145,363,363,9.330763732549732,15.559747310432776,-34,True,False,6.084741244194447e-08,computed
FR03091,development_cv,FR,,43.9314,4.82688,fold2_france,12.85891451542182,365,362,12.858914575779801,24.47314327300665,-36,True,False,6.035798172376872e-08,computed
FR04002,development_cv,FR,,48.93032,2.29435,fold2_france,9.2575347262865,366,366,9.25753466768107,14.294057926669229,-37,True,False,5.860543161873011e-08,computed
FR04004,development_cv,FR,,48.89167,2.34667,fold2_france,7.560457725082367,363,364,7.560457764308226,15.101684341275304,-34,True,False,3.9225859005398434e-08,computed
FR04024,development_cv,FR,,48.99083,2.44472,fold2_france,7.761727871816318,351,0,7.761727812785399,,-22,True,False,5.903091970793639e-08,computed
FR04031,development_cv,FR,,48.86883,2.311585,fold2_france,9.161509248261106,363,0,9.161509195089678,,-34,True,False,5.3171428149312305e-08,computed
FR04034,development_cv,FR,,48.7759,2.37579,fold2_france,8.52469013696496,360,360,8.524690179050687,13.099724248611023,-31,True,False,4.208572690345136e-08,computed
FR04048,development_cv,FR,,49.10028,2.34389,fold2_france,6.430594120183681,366,366,6.430593998814672,10.274591064582404,-37,True,False,1.2136900906511983e-07,computed
FR04055,development_cv,FR,,48.86212,2.34462,fold2_france,9.69521697844894,366,365,9.695216952292393,15.59904667726653,-37,True,False,2.6156547150435472e-08,computed
FR04058,development_cv,FR,,48.92528,2.35667,fold2_france,13.713617818213134,360,364,13.713617711301241,25.964704941198086,-31,True,False,1.0691189267220125e-07,computed
FR04066,development_cv,FR,,48.36417,2.23694,fold2_france,6.843961652117269,362,362,6.8439615688759865,10.38689486113373,-33,True,False,8.324128231151917e-08,computed
FR04122,development_cv,FR,,48.52806,2.65361,fold2_france,9.579883200939298,365,363,9.579883187696531,18.516354035507845,-36,True,False,1.3242766883081458e-08,computed
FR04131,development_cv,FR,,48.87333,2.33028,fold2_france,7.963950120628499,363,366,7.96395005365971,20.15793812530359,-34,True,False,6.696878873668766e-08,computed
FR04150,development_cv,FR,,48.89139,2.24056,fold2_france,8.234287763536743,359,0,8.234287770408828,,-30,True,False,6.872085123177385e-09,computed
FR04156,development_cv,FR,,48.9025,2.4525,fold2_france,7.812827972092572,366,366,7.812827902279079,12.721979575096928,-37,True,False,6.981349276458104e-08,computed
FR04173,development_cv,FR,,48.8059,3.08416,fold2_france,8.899413534838564,366,366,8.899413573220123,16.48608912388103,-37,True,False,3.8381559264166754e-08,computed
FR04180,development_cv,FR,,48.64093,2.26872,fold2_france,11.75976227629491,363,0,11.759762313051928,,-34,True,False,3.6757016985689006e-08,computed
FR04181,development_cv,FR,,48.63373,1.83053,fold2_france,7.392428263935373,366,366,7.3924282793313445,10.907633062800562,-37,True,False,1.5395971608711534e-08,computed
FR04328,development_cv,FR,,48.3547,2.6453,fold2_france,5.6765301456065105,362,0,5.67653023103699,,-33,True,False,8.543047957942917e-08,computed
FR04329,development_cv,FR,,48.83862,2.41278,fold2_france,10.549255384144171,361,361,10.549255389613554,20.632121095973808,-32,True,False,5.469383168588138e-09,computed
FR05087,development_cv,FR,,49.49842,0.7587,fold2_france,9.133703907541449,362,0,9.13370396953805,,-33,True,False,6.199660163019871e-08,computed
FR05089,development_cv,FR,,49.50019,0.1109,fold2_france,8.456207933559023,361,364,8.456207832355352,17.75966271306333,-32,True,False,1.0120367122112839e-07,computed
FR05090,development_cv,FR,,49.51469,0.10065,fold2_france,8.83306358389256,348,348,8.833063531710293,13.263132360825997,-19,True,False,5.2182267396005955e-08,computed
FR06003,development_cv,FR,,50.37822,3.06586,fold2_france,9.616519567517145,332,332,9.616519502262253,14.286709623815337,-3,True,False,6.525489126829598e-08,computed
FR06006,development_cv,FR,,50.36425,3.52273,fold2_france,9.485899264058991,349,349,9.485899211260197,15.019646222249841,-20,True,False,5.279879466968396e-08,computed
FR06011,development_cv,FR,,50.32276,3.39593,fold2_france,9.34472591458994,366,366,9.344725935526373,14.021055071383831,-37,True,False,2.0936433031693014e-08,computed
FR06133,development_cv,FR,,50.09225,3.85003,fold2_france,8.230834517709656,331,349,8.230834475331852,12.108600386494793,-2,True,False,4.2377804376769745e-08,computed
FR07004,development_cv,FR,,45.79728,3.11383,fold2_france,6.535997149134305,365,365,6.535997024886653,10.603172264273766,-36,True,False,1.242476521667868e-07,computed
FR07022,development_cv,FR,,46.65267,3.60067,fold2_france,5.815687458847706,363,363,5.815687547520552,9.341741006577962,-34,True,False,8.867284595481806e-08,computed
FR07031,development_cv,FR,,45.10472,3.27736,fold2_france,3.647047430050857,335,335,3.647047520443122,6.7296120421756855,-6,True,False,9.039226522844501e-08,computed
FR07051,development_cv,FR,,45.769,3.155,fold2_france,6.326298505300245,353,353,6.326298599991788,11.368707250482407,-24,True,False,9.469154349517339e-08,computed
FR07052,development_cv,FR,,44.92008,2.44108,fold2_france,5.198422934346482,366,366,5.198422938528961,8.877538009923077,-37,True,False,4.182479251824134e-09,computed
FR07057,development_cv,FR,,46.56197,3.34064,fold2_france,7.757608192788767,351,351,7.7576082787314675,11.457114008732367,-22,True,False,8.594270095585443e-08,computed
FR07058,development_cv,FR,,46.34072,2.59395,fold2_france,7.281395794993349,366,366,7.281395812534969,13.437843813186015,-37,True,False,1.75416197123468e-08,computed
FR07059,development_cv,FR,,46.13043,3.42569,fold2_france,7.106229885230177,352,353,7.106229861419181,10.953214988522076,-23,True,False,2.3810995841699878e-08,computed
FR08016,development_cv,FR,,43.5915,3.88681,fold2_france,9.295299258670005,365,365,9.295299297089649,16.40847628205624,-36,True,False,3.8419644354803495e-08,computed
FR08020,development_cv,FR,,43.6758,4.08838,fold2_france,7.427470607686081,366,366,7.427470573162136,12.725799063664352,-37,True,False,3.4523944592024236e-08,computed
FR08030,development_cv,FR,,43.6096,3.89878,fold2_france,8.666280948490211,347,345,8.666280965408763,18.623141004685625,-18,True,False,1.6918551892786127e-08,computed
FR08614,development_cv,FR,,43.8344,4.3744,fold2_france,8.11350821084152,366,366,8.113508143375643,13.854230423417398,-37,True,False,6.746587644101965e-08,computed
FR08714,development_cv,FR,,42.6955,2.90053,fold2_france,7.631736470557328,366,366,7.631736447305762,14.146635270071657,-37,True,False,2.3251566005910718e-08,computed
FR09003,development_cv,FR,,46.16265,-1.15368,fold2_france,6.069542445424238,365,365,6.069542595197929,13.768208380070657,-36,True,False,1.4977369122703976e-07,computed
FR09103,development_cv,FR,,45.64743,0.16716,fold2_france,7.080836744069239,366,366,7.080836806764939,11.494579603668793,-37,True,False,6.269570018702098e-08,computed
FR09203,development_cv,FR,,46.16163,-1.21123,fold2_france,7.448560537403216,365,364,7.44856043955522,15.098847091997992,-36,True,False,9.784799548384626e-08,computed
FR09302,development_cv,FR,,46.14323,-0.39591,fold2_france,6.346574544269101,364,364,6.346574665193832,10.762902286602072,-35,True,False,1.2092473067326637e-07,computed
FR09303,development_cv,FR,,46.32003,-0.48286,fold2_france,7.1262323004874215,366,366,7.126232348173724,11.259258642580988,-37,True,False,4.76863029064134e-08,computed
FR09404,development_cv,FR,,46.584,0.34558,fold2_france,7.609638965050875,365,365,7.60963892961317,11.902608441355065,-36,True,False,3.5437705214746984e-08,computed
FR10004,development_cv,FR,,51.04858,2.42004,fold2_france,10.145759327449875,366,366,10.145759342225842,15.538323702610054,-37,True,False,1.4775967116520405e-08,computed
FR10016,development_cv,FR,,50.94729,1.84308,fold2_france,9.359292491549398,351,351,9.359292485913386,14.609337739637446,-22,True,False,5.636012545551239e-09,computed
FR10017,development_cv,FR,,51.03276,2.33236,fold2_france,9.946705035381058,359,359,9.946705029728458,16.111672561104413,-30,True,False,5.652600165717558e-09,computed
FR10030,development_cv,FR,,50.71703,1.60591,fold2_france,9.799518162938355,350,350,9.799518131626828,16.145965251449724,-21,True,False,3.131152759294764e-08,computed
FR10132,development_cv,FR,,50.61048,1.99145,fold2_france,8.011841041167564,366,366,8.011840972987178,11.581553986818598,-37,True,False,6.818038578160213e-08,computed
FR11038,development_cv,FR,,50.73333,3.17361,fold2_france,9.970275069548975,364,364,9.970275084426083,14.38676513495205,-35,True,False,1.4877107545885337e-08,computed
FR12004,development_cv,FR,,43.57569,1.41806,fold2_france,8.204649668028136,360,360,8.204649695714913,13.033918920049354,-31,True,False,2.7686777315238942e-08,computed
FR12020,development_cv,FR,,43.6287,0.17907,fold2_france,5.165671927670784,353,353,5.165671940130563,8.704541171505609,-24,True,False,1.2459778986340098e-08,computed
FR12021,development_cv,FR,,43.62361,1.43853,fold2_france,7.623981274093367,366,366,7.6239812273534655,12.27955698887185,-37,True,False,4.6739901726766675e-08,computed
FR12030,development_cv,FR,,43.58735,1.444,fold2_france,7.650222852819198,366,366,7.6502228869834,12.481686952339125,-37,True,False,3.4164202133979416e-08,computed
FR12042,development_cv,FR,,43.09625,-0.0405,fold2_france,7.267641253890823,357,357,7.2676412838369355,12.030946949469968,-28,True,False,2.9946112256595825e-08,computed
FR12052,development_cv,FR,,43.2303,0.06234,fold2_france,8.956675034930454,362,362,8.956675077658867,13.623259693893498,-33,True,False,4.272841280794637e-08,computed
FR12053,development_cv,FR,,43.6105,2.23015,fold2_france,8.54142352716222,366,366,8.54142350301028,12.42783480230469,-37,True,False,2.4151939115313326e-08,computed
FR12054,development_cv,FR,,43.64394,1.46824,fold2_france,8.525019464206691,364,364,8.525019385376527,14.63560145211931,-35,True,False,7.883016373000373e-08,computed
FR12085,development_cv,FR,,43.61039,1.4152,fold2_france,10.263554535867494,360,362,10.26355455122751,18.93143557089655,-31,True,False,1.5360017258103653e-08,computed
FR12095,development_cv,FR,,44.35699,2.5707,fold2_france,6.23762573828208,366,366,6.237625740656745,10.482740521239275,-37,True,False,2.3746649091549443e-09,computed
FR14008,development_cv,FR,,49.90778,4.63,fold2_france,6.253947815386156,360,360,6.253947823211409,9.151909297425602,-31,True,False,7.825253334203808e-09,computed
FR14011,development_cv,FR,,49.25073,4.02306,fold2_france,7.615330763174219,345,345,7.615330729658657,17.27177737092527,-16,True,False,3.3515561881358735e-08,computed
FR14012,development_cv,FR,,49.22417,4.02056,fold2_france,9.139415300549931,357,363,9.139415280868198,14.476550321789395,-28,True,False,1.9681733576248917e-08,computed
FR14028,development_cv,FR,,49.0461,3.95591,fold2_france,6.559738660539771,363,352,6.559738708188118,15.817689127982085,-34,True,False,4.764834748982594e-08,computed
FR14033,development_cv,FR,,48.295,4.05028,fold2_france,5.932301338700868,364,364,5.932301418971821,11.055129883640657,-35,True,False,8.027095255158656e-08,computed
FR14042,development_cv,FR,,48.64584,4.96611,fold2_france,6.945662232907718,331,342,6.9456621512832815,12.502048257145699,-2,True,False,8.162443609904813e-08,computed
FR15038,development_cv,FR,,45.1828,5.7531,fold2_france,9.96406029128114,366,366,9.964060286281537,16.390170618058463,-37,True,False,4.999602509769829e-09,computed
FR15043,development_cv,FR,,45.1619,5.7356,fold2_france,9.050380598521272,357,357,9.050380581103088,15.047345962978955,-28,True,False,1.7418184228290556e-08,computed
FR15048,development_cv,FR,,45.2797,5.8822,fold2_france,9.475824810233853,365,365,9.47582482660282,14.467902121558472,-36,True,False,1.6368966626600923e-08,computed
FR15053,development_cv,FR,,45.15467,5.74523,fold2_france,9.608914045569978,360,352,9.608914096702236,21.462442144071346,-31,True,False,5.113225753916595e-08,computed
FR16066,development_cv,FR,,47.73742,7.30908,fold2_france,8.626749869684271,357,361,8.626749755293519,13.570345825426992,-28,True,False,1.1439075287000833e-07,computed
FR16302,development_cv,FR,,48.49299,7.1298,fold2_france,4.233481104231003,363,363,4.233480879003365,7.123919706591757,-34,True,False,2.2522763742927054e-07,computed
FR18039,development_cv,FR,,50.12945,1.61083,fold2_france,8.79330129143679,355,355,8.793301270614803,12.377777048290215,-26,True,False,2.0821987689600974e-08,computed
FR18042,development_cv,FR,,49.85133,3.284,fold2_france,9.086063290251488,357,357,9.086063242972267,13.920831177307246,-28,True,False,4.7279220538598565e-08,computed
FR18043,development_cv,FR,,49.25955,2.4744,fold2_france,8.854467433685306,347,347,8.85446749003555,12.925426834200962,-18,True,False,5.6350243582414805e-08,computed
FR18053,development_cv,FR,,49.90167,2.3046,fold2_france,8.147181991125166,357,357,8.147182016000354,12.316139883732426,-28,True,False,2.4875188131545656e-08,computed
FR18057,development_cv,FR,,49.17493,3.26082,fold2_france,8.020096892465064,366,366,8.020096849692735,11.929495683584525,-37,True,False,4.277232967808686e-08,computed
FR18058,development_cv,FR,,49.61563,1.96326,fold2_france,8.300293607797796,356,356,8.300293662067968,12.094426487831582,-27,True,False,5.427017235604126e-08,computed
FR18080,development_cv,FR,,49.84282,3.28144,fold2_france,10.100717206984452,338,0,10.100717205982539,,-9,True,False,1.001913219056405e-09,computed
FR18089,development_cv,FR,,49.43593,2.08429,fold2_france,10.07299578345419,143,339,10.072995792930946,15.490742925240355,186,False,True,9.476757156789972e-09,computed
FR19002,development_cv,FR,,48.10861,-1.66586,fold2_france,7.684085654154035,366,366,7.684085675253708,13.352270901665056,-37,True,False,2.109967223162812e-08,computed
FR19012,development_cv,FR,,48.38618,-4.4866,fold2_france,7.962562735526068,364,364,7.962562718526495,14.098619400752403,-35,True,False,1.6999572416409592e-08,computed
FR19014,development_cv,FR,,48.39746,-4.48871,fold2_france,7.838276829560991,352,354,7.8382768908651546,15.322334220734653,-23,True,False,6.130416352334578e-08,computed
FR19020,development_cv,FR,,48.26196,-2.94363,fold2_france,5.374295713307319,366,366,5.3742956953795105,8.404623244872026,-37,True,False,1.7927808571016612e-08,computed
FR19032,development_cv,FR,,47.7425,-3.39501,fold2_france,7.685838006734979,366,366,7.685837916635769,12.92019749970883,-37,True,False,9.009920987068654e-08,computed
FR19033,development_cv,FR,,47.64892,-2.76399,fold2_france,7.826339507838599,363,363,7.8263395828066304,12.245161329854954,-34,True,False,7.496803178241862e-08,computed
FR19037,development_cv,FR,,47.75895,-3.36938,fold2_france,8.138652102380266,366,366,8.138652209568106,13.434566241188657,-37,True,False,1.0718783904906104e-07,computed
FR19039,development_cv,FR,,48.11521,-1.67309,fold2_france,8.185233081567757,364,364,8.185233106673218,12.8099963391915,-35,True,False,2.510546082135079e-08,computed
FR19053,development_cv,FR,,47.98661,-4.09766,fold2_france,6.874093035471842,366,366,6.87409302197592,11.420435548547157,-37,True,False,1.3495921713513326e-08,computed
FR19061,development_cv,FR,,48.51351,-2.74953,fold2_france,6.58738933372965,358,365,6.587389241538327,13.169123950531736,-29,True,False,9.219132302007438e-08,computed
FR19082,development_cv,FR,,48.65306,-2.00268,fold2_france,7.979990795547368,363,358,7.979990826021792,16.170449598255495,-34,True,False,3.047442387327237e-08,computed
FR20013,development_cv,FR,,45.72002,4.81816,fold2_france,11.03194150915036,360,359,11.03194150543569,22.30204666554064,-31,True,False,3.7146712372759794e-09,computed
FR20017,development_cv,FR,,45.73529,4.82979,fold2_france,10.001421887841728,366,366,10.001421859593822,15.19942823432113,-37,True,False,2.824790534816657e-08,computed
FR20048,development_cv,FR,,45.7533,5.0722,fold2_france,8.64506854621914,366,366,8.645068540316505,13.53719362146567,-37,True,False,5.9026348253610195e-09,computed
FR20062,development_cv,FR,,45.75773,4.85421,fold2_france,9.5186550871135,366,366,9.51865506582987,16.038562999277985,-37,True,False,2.128362908138115e-08,computed
FR20077,development_cv,FR,,45.99011,4.71557,fold2_france,9.03593093527524,366,366,9.035930926629904,13.352819338305972,-37,True,False,8.645336890822364e-09,computed
FR21001,development_cv,FR,,49.19222,-0.39111,fold2_france,6.888485799946503,366,366,6.888485792900283,11.000447651857131,-37,True,False,7.046219607786952e-09,computed
FR21031,development_cv,FR,,48.44555,0.11083,fold2_france,6.821870613512295,366,366,6.821870722035548,9.990910929373154,-37,True,False,1.0852325349475223e-07,computed
FR21038,development_cv,FR,,49.64225,-1.62436,fold2_france,7.901841840192518,366,366,7.9018418710061615,12.773114494399241,-37,True,False,3.081364319257318e-08,computed
FR21039,development_cv,FR,,49.63389,-1.62472,fold2_france,6.474146187638705,363,358,6.474146125579971,13.678809676258645,-34,True,False,6.205873415154883e-08,computed
FR21050,development_cv,FR,,48.645,-0.45833,fold2_france,5.691962261682984,366,366,5.691962411895145,8.330923386574224,-37,True,False,1.5021216093202838e-07,computed
FR22054,development_cv,FR,,49.18742,6.91087,fold2_france,6.7417500473884555,352,359,6.7417501609718045,12.15898642443595,-23,True,False,1.1358334894850941e-07,computed
FR23003,development_cv,FR,,47.3227,-2.03924,fold2_france,7.252752687515683,365,365,7.252752760056862,11.656982013264816,-36,True,False,7.254117928567894e-08,computed
FR23068,development_cv,FR,,47.24735,-1.93652,fold2_france,7.218863543662484,366,366,7.218863623738001,11.734742104269902,-37,True,False,8.007551688393733e-08,computed
FR23070,development_cv,FR,,47.28313,-1.78308,fold2_france,6.83122966810033,366,366,6.831229627761167,10.743881046489742,-37,True,False,4.033916312096153e-08,computed
FR23107,development_cv,FR,,47.25278,-1.57333,fold2_france,7.488143578227509,359,359,7.488143537917777,11.359150718773288,-30,True,False,4.0309732440846346e-08,computed
FR23110,development_cv,FR,,47.26411,-2.25015,fold2_france,7.521424796163133,366,366,7.521424822150711,12.347933235227403,-37,True,False,2.598757742333646e-08,computed
FR23120,development_cv,FR,,47.4685,-0.55593,fold2_france,7.4277409301188575,366,366,7.427740986505335,11.446378409305408,-37,True,False,5.638647770922489e-08,computed
FR23123,development_cv,FR,,48.0693,-0.76813,fold2_france,7.673693394840424,262,363,7.673693380272786,12.300895475812831,67,False,True,1.4567637762752383e-08,computed
FR23124,development_cv,FR,,46.65662,-0.74338,fold2_france,6.6569895999267406,358,358,6.656989448018471,10.737209817991891,-29,True,False,1.519082699630303e-07,computed
FR23152,development_cv,FR,,46.66065,-1.43686,fold2_france,7.465773977247265,366,366,7.46577397022871,11.872646900992411,-37,True,False,7.018554626370133e-09,computed
FR23177,development_cv,FR,,47.78833,-0.44476,fold2_france,6.985586361867145,366,366,6.985586333758108,10.967217956471343,-37,True,False,2.8109036875889615e-08,computed
FR23178,development_cv,FR,,47.31889,-2.06688,fold2_france,6.410487918350521,362,362,6.410487762781031,10.509920277463214,-33,True,False,1.555694897348303e-07,computed
FR23182,development_cv,FR,,47.97115,0.22136,fold2_france,7.269209987301634,366,366,7.269209969566349,10.75610626553695,-37,True,False,1.7735285240405574e-08,computed
FR23188,development_cv,FR,,47.22219,-1.53743,fold2_france,7.59298825505218,366,366,7.592988179160666,11.917075789696959,-37,True,False,7.58915144061234e-08,computed
FR23238,development_cv,FR,,47.19416,-1.58169,fold2_france,8.009822056745875,339,351,8.009822089662304,16.057713063014994,-10,True,False,3.291642869385214e-08,computed
FR23239,development_cv,FR,,47.18594,-1.5915,fold2_france,8.419172634965225,363,361,8.419172636072275,13.644303677981505,-34,True,False,1.1070504513099877e-09,computed
FR23249,development_cv,FR,,47.32113,-2.12734,fold2_france,7.401277258587618,366,366,7.401277340403321,12.427130383126977,-37,True,False,8.181570265719529e-08,computed
FR23251,development_cv,FR,,47.23356,-1.56481,fold2_france,8.60112857876029,350,360,8.601128577251632,15.893107152282818,-21,True,False,1.5086580873457933e-09,computed
FR23252,development_cv,FR,,48.07104,-0.76699,fold2_france,6.902154873018684,351,0,6.9021548105361195,,-22,True,False,6.248256489982396e-08,computed
FR24009,development_cv,FR,,43.55839,7.00592,fold2_france,8.911877976277738,365,365,8.911877995044463,14.781408464872431,-36,True,False,1.876672506284649e-08,computed
FR24018,development_cv,FR,,43.83578,5.78613,fold2_france,7.581698973793935,366,366,7.581699003063935,13.243487868451341,-37,True,False,2.927000064545382e-08,computed
FR24021,development_cv,FR,,43.78658,7.37328,fold2_france,10.832026620019024,366,366,10.83202661993111,19.612775121647182,-37,True,False,8.79136763387578e-11,computed
FR24033,development_cv,FR,,44.5552,6.07302,fold2_france,10.46857153530354,365,365,10.468571517659274,16.845445613284205,-36,True,False,1.7644264715954705e-08,computed
FR24035,development_cv,FR,,43.68929,7.24207,fold2_france,9.352591808959906,361,361,9.352591745903666,20.41674932531972,-32,True,False,6.305623934110827e-08,computed
FR24036,development_cv,FR,,43.70208,7.28626,fold2_france,9.203582322659646,363,363,9.20358235096283,17.9854201283178,-34,True,False,2.8303183796651865e-08,computed
FR24038,development_cv,FR,,44.54865,6.06724,fold2_france,9.071532278886888,360,360,9.071532251115164,16.717927386171475,-31,True,False,2.77717244756559e-08,computed
FR24039,development_cv,FR,,43.93348,5.71181,fold2_france,4.267820942269669,348,348,4.2678211403684605,8.180251218099325,-19,True,False,1.9809879159282673e-07,computed
FR25036,development_cv,FR,,49.44236,1.09379,fold2_france,9.02431762438911,361,361,9.024317684985695,13.687308087053012,-32,True,False,6.059658552715064e-08,computed
FR25039,development_cv,FR,,49.02134,1.14832,fold2_france,7.283720190899369,366,366,7.283720130744364,11.28321984996076,-37,True,False,6.015500453315781e-08,computed
FR25043,development_cv,FR,,49.4005,1.09904,fold2_france,8.172874388352847,364,364,8.172874423712933,11.743119485328338,-35,True,False,3.536008641447097e-08,computed
FR25049,development_cv,FR,,49.30487,1.21437,fold2_france,7.7891989918366225,365,365,7.789198913390647,11.515018152886684,-36,True,False,7.844597504913509e-08,computed
FR25051,development_cv,FR,,49.91801,1.07397,fold2_france,10.12221179410154,277,362,10.12221177045455,17.321261449300867,52,False,True,2.364699014378857e-08,computed
FR25053,development_cv,FR,,49.4367,1.09884,fold2_france,8.49665267018441,353,364,8.496652696502883,15.686583631824341,-24,True,False,2.631847273448784e-08,computed
FR25055,development_cv,FR,,49.92049,1.04789,fold2_france,8.022668699820747,366,366,8.022668641151355,12.175774719756365,-37,True,False,5.8669391123089554e-08,computed
FR26005,development_cv,FR,,47.30737,5.06588,fold2_france,6.223207471577141,361,362,6.223207554498269,13.173116080862911,-32,True,False,8.292112774199722e-08,computed
FR26012,development_cv,FR,,47.27476,4.09948,fold2_france,4.310619993245144,360,360,4.310619937956977,7.906100476394527,-31,True,False,5.528816693356475e-08,computed
FR26017,development_cv,FR,,46.99683,3.17109,fold2_france,5.71319149603155,318,366,5.71319153046829,10.699999874007357,11,False,True,3.44367396820644e-08,computed
FR26019,development_cv,FR,,47.80058,3.57619,fold2_france,7.309749371508755,355,357,7.309749354302727,11.450055562356056,-26,True,False,1.7206028601890466e-08,computed
FR26094,development_cv,FR,,47.35137,5.07071,fold2_france,6.769093412756423,341,351,6.7690935090006334,13.887250059219916,-12,True,False,9.624421082321533e-08,computed
FR27007,development_cv,FR,,45.60822,5.27087,fold2_france,8.044117089313799,358,359,8.044117066403718,11.886753790581833,-29,True,False,2.2910080943461253e-08,computed
FR27011,development_cv,FR,,45.34408,4.80748,fold2_france,9.63457680284305,358,362,9.634576832753726,16.61736983998887,-29,True,False,2.991067660218505e-08,computed
FR28010,development_cv,FR,,50.44914,2.9,fold2_france,7.54891920644285,349,0,7.548919247172821,,-20,True,False,4.072997050741378e-08,computed
FR28022,development_cv,FR,,50.30886,2.80737,fold2_france,7.489748260306607,361,356,7.489748176001337,14.088553127195276,-32,True,False,8.430527032032842e-08,computed
FR28028,development_cv,FR,,50.53539,2.63569,fold2_france,8.526686994928667,145,346,8.526686933160818,12.958212631248617,184,False,True,6.17678495018481e-08,computed
FR29424,development_cv,FR,,45.42009,4.39542,fold2_france,8.148365231095033,364,364,8.1483651759956,12.850456628898641,-35,True,False,5.5099432572092155e-08,computed
FR29426,development_cv,FR,,45.47533,4.515,fold2_france,8.86627216052768,364,143,8.86627210565487,12.321958415980156,-35,True,False,5.487281029559199e-08,computed
FR30019,development_cv,FR,,48.17265,6.45282,fold2_france,8.308861204530007,366,366,8.308861214740796,12.479488657357766,-37,True,False,1.0210788659037462e-08,computed
FR30026,development_cv,FR,,48.58482,6.4839,fold2_france,8.241098550365395,347,0,8.241098509304416,,-18,True,False,4.1060978617224464e-08,computed
FR30033,development_cv,FR,,49.06583,5.78556,fold2_france,8.144190980940259,357,360,8.144191019639504,14.085897537748082,-28,True,False,3.8699244697681934e-08,computed
FR30034,development_cv,FR,,48.68817,6.19043,fold2_france,8.1412821389607,363,365,8.141282235246985,12.725883087914388,-34,True,False,9.628628561131336e-08,computed
FR30036,development_cv,FR,,48.69708,6.15419,fold2_france,8.63796903087585,351,0,8.63796906556726,,-22,True,False,3.4691410633058695e-08,computed
FR31002,development_cv,FR,,44.80046,-0.5894,fold2_france,8.158656856550069,348,348,8.158656869980994,12.826597622703174,-19,True,False,1.343092570493809e-08,computed
FR31007,development_cv,FR,,44.90029,-0.51584,fold2_france,8.590347237017228,360,360,8.590347281006702,13.372379002237698,-31,True,False,4.398947339723236e-08,computed
FR31013,development_cv,FR,,43.3108,-0.39154,fold2_france,7.53296259798551,365,365,7.532962668755199,12.179371649791541,-36,True,False,7.076968877584022e-08,computed
FR31017,development_cv,FR,,43.49404,-1.52875,fold2_france,13.424702384683686,14,350,13.42470238095238,19.339480709409003,315,False,True,3.731305042720123e-09,computed
FR31033,development_cv,FR,,45.18982,0.72718,fold2_france,7.772313993088751,361,361,7.772314086145993,12.30373150728545,-32,True,False,9.305724191221998e-08,computed
FR31043,development_cv,FR,,43.47024,-1.55388,fold2_france,5.501036164113646,363,365,5.501036291220158,17.15008263973052,-34,True,False,1.2710651198233336e-07,computed
FR31045,development_cv,FR,,44.83382,-0.59853,fold2_france,7.765772618848254,361,362,7.765772572339259,17.712616382411966,-32,True,False,4.6508994877569876e-08,computed
FR31055,development_cv,FR,,43.88897,-0.50703,fold2_france,8.761931623054537,355,360,8.761931566813944,12.669659182139677,-26,True,False,5.6240592627432306e-08,computed
FR32001,development_cv,FR,,46.78231,4.84732,fold2_france,8.402649401887524,362,5,8.402649503193759,11.753333333333332,-33,True,False,1.0130623451232168e-07,computed
FR32002,development_cv,FR,,46.82106,4.83508,fold2_france,7.272356207827985,347,358,7.2723562540556275,12.69491393986352,-18,True,False,4.622764215866937e-08,computed
FR32005,development_cv,FR,,46.67878,4.36689,fold2_france,7.072099395314754,362,363,7.0720994371977035,12.261043037142121,-33,True,False,4.188294955298488e-08,computed
FR32006,development_cv,FR,,46.31617,4.83999,fold2_france,6.179472879951512,362,0,6.179472713109074,,-33,True,False,1.6684243853148928e-07,computed
FR33101,development_cv,FR,,45.56472,5.92833,fold2_france,7.636141374613624,360,360,7.636141276613363,11.452702654665933,-31,True,False,9.800026123940597e-08,computed
FR33121,development_cv,FR,,45.675,6.38972,fold2_france,8.422609536188224,363,363,8.422609594525197,14.200378768157911,-34,True,False,5.833697258594839e-08,computed
FR33201,development_cv,FR,,45.89528,6.11833,fold2_france,7.942851352066538,343,358,7.942851340091194,17.669669838902927,-14,True,False,1.1975343383596737e-08,computed
FR33211,development_cv,FR,,46.19583,6.24056,fold2_france,8.109985251985089,309,361,8.109985338409613,15.179766026115173,20,False,True,8.642452442586546e-08,computed
FR33212,development_cv,FR,,46.19364,6.21453,fold2_france,8.403892442421743,366,366,8.403892343829977,12.84232126872362,-37,True,False,9.859176586246576e-08,computed
FR33220,development_cv,FR,,45.92361,6.71361,fold2_france,12.790952757690036,365,360,12.790952816572405,18.655079526499435,-36,True,False,5.8882369202706286e-08,computed
FR33305,development_cv,FR,,46.21167,5.22639,fold2_france,7.551971799289996,358,358,7.551971707284898,11.495483387428132,-29,True,False,9.200509776263743e-08,computed
FR34024,development_cv,FR,,47.34414,0.65378,fold2_france,7.106089716648248,364,364,7.106089625318744,10.658767518134857,-35,True,False,9.132950395951411e-08,computed
FR34028,development_cv,FR,,47.39464,0.70486,fold2_france,6.8608422776606455,363,363,6.860842457737277,13.63360885992662,-34,True,False,1.8007663182828537e-07,computed
FR34029,development_cv,FR,,47.83775,1.94467,fold2_france,6.940729990086507,364,364,6.940730017663099,10.439029249338017,-35,True,False,2.7576591676847784e-08,computed
FR34032,development_cv,FR,,47.08278,2.40533,fold2_france,7.113431055559308,362,362,7.113430964392995,11.117821674108496,-33,True,False,9.116631272121367e-08,computed
FR34038,development_cv,FR,,46.81469,2.61007,fold2_france,5.477569174429958,358,0,5.477569127831451,,-29,True,False,4.6598507275064094e-08,computed
FR34041,development_cv,FR,,48.44442,1.51014,fold2_france,7.263272358766912,365,365,7.263272329715153,11.529666942481118,-36,True,False,2.9051759220521944e-08,computed
FR34046,development_cv,FR,,48.72969,1.35847,fold2_france,7.0262745842320005,366,366,7.026274679130167,11.131814087057316,-37,True,False,9.489816665819717e-08,computed
FR34048,development_cv,FR,,48.44916,1.49247,fold2_france,6.3352192978714585,365,0,6.335219463273126,,-36,True,False,1.6540166747347484e-07,computed
FR34051,development_cv,FR,,46.79828,1.69314,fold2_france,6.967611981437969,364,364,6.967611975652664,10.96749215573158,-35,True,False,5.7853046797617935e-09,computed
FR34061,development_cv,FR,,47.59426,1.30267,fold2_france,7.016916698616246,366,366,7.016916730258441,10.959139411183198,-37,True,False,3.164219553042358e-08,computed
FR34063,development_cv,FR,,47.58654,1.32653,fold2_france,6.6420165649688165,344,0,6.642016718793713,,-15,True,False,1.538248968202538e-07,computed
FR34064,development_cv,FR,,48.00694,2.74011,fold2_france,6.916817361630204,363,0,6.9168172862226065,,-34,True,False,7.540759749957715e-08,computed
FR34066,development_cv,FR,,48.00145,2.72618,fold2_france,6.871569779260313,366,366,6.871569759594948,11.086078725352728,-37,True,False,1.9665365336152263e-08,computed
FR34067,development_cv,FR,,47.9103,1.87343,fold2_france,8.717967892962685,366,366,8.71796787169827,13.389459848775601,-37,True,False,2.1264414229449358e-08,computed
FR35007,development_cv,FR,,45.87331,1.30792,fold2_france,9.756946996437089,56,362,9.756946966712414,11.891460961021304,273,False,True,2.972467427753145e-08,computed
FR35027,development_cv,FR,,45.8422,1.25969,fold2_france,6.717573004696016,366,366,6.717573006307861,10.045368309276453,-37,True,False,1.6118448797897145e-09,computed
FR36002,development_cv,FR,,44.93351,4.89348,fold2_france,9.726118388966286,364,364,9.726118402430503,15.525312089178536,-35,True,False,1.346421640846529e-08,computed
FR36019,development_cv,FR,,45.0425,5.0443,fold2_france,11.075164188597531,364,364,11.07516418622785,17.740815376393794,-35,True,False,2.369681340042007e-09,computed
FR36021,development_cv,FR,,44.56944,5.27897,fold2_france,4.823279565149778,366,366,4.8232795014771135,8.627302377541152,-37,True,False,6.3672664474268e-08,computed
FR41001,development_cv,FR,,41.92469,8.73569,fold2_france,9.140261607232576,362,362,9.140261617102837,18.845110190140815,-33,True,False,9.870261052924434e-09,computed
FR41002,development_cv,FR,,42.69792,9.44642,fold2_france,7.387016931420275,360,360,7.387016965723487,14.188993702553487,-31,True,False,3.43032118266251e-08,computed
FR41017,development_cv,FR,,42.67133,9.43464,fold2_france,8.136610706854096,338,0,8.136610652185684,,-9,True,False,5.466841201950956e-08,computed
FR41024,development_cv,FR,,42.23603,9.19003,fold2_france,4.116580012160043,358,355,4.116579905187468,10.626835891500477,-29,True,False,1.06972574798192e-07,computed
FR42010,development_cv,FR,,48.57281,7.76783,fold2_france,9.351613583891146,366,366,9.351613560768051,14.440403590430318,-37,True,False,2.3123094550214773e-08,computed
FR42011,development_cv,FR,,48.81835,7.78641,fold2_france,7.943177271753184,365,0,7.94317718096509,,-36,True,False,9.078809348750383e-08,computed
FR50060,development_cv,FR,,44.01286,1.37531,fold2_france,8.27591214517193,366,366,8.275912120303603,12.345270043372324,-37,True,False,2.4868326065075053e-08,computed
FR50225,development_cv,FR,,43.61161,3.82787,fold2_france,13.472348080628665,365,364,13.472348101868352,26.000385129254592,-36,True,False,2.1239687342244906e-08,computed
FR82006,development_cv,FR,,47.2474,6.01542,fold2_france,6.279723561022523,363,365,6.2797235352620895,11.828983196921902,-34,True,False,2.576043378610393e-08,computed
FR82010,development_cv,FR,,47.51031,6.794,fold2_france,9.000102094831345,366,366,9.000102124750201,12.47946148302082,-37,True,False,2.991885672543049e-08,computed
FR82040,development_cv,FR,,47.09672,5.49639,fold2_france,7.769587574491982,366,366,7.769587483906066,11.845557047955793,-37,True,False,9.058591565747065e-08,computed
FR82050,development_cv,FR,,46.67132,5.55662,fold2_france,5.541840338660793,364,0,5.541840407028955,,-35,True,False,6.836816179855987e-08,computed
FR82060,development_cv,FR,,47.62002,6.15764,fold2_france,7.090162265543673,363,363,7.090162221296246,12.559835517618486,-34,True,False,4.4247427055665867e-08,computed
FR82070,development_cv,FR,,47.35129,6.35972,fold2_france,7.395095771849378,358,366,7.395095824799768,11.497522110742278,-29,True,False,5.2950389850536794e-08,computed
LU0101A,development_cv,LU,,49.59801,6.137825,fold2_france,7.424579137997662,366,366,7.424579081412415,12.784094515221666,-37,True,False,5.658524671048326e-08,computed
LU0102A,development_cv,LU,,49.50528,5.97668,fold2_france,7.601539764053077,366,360,7.6015396981020436,16.779234281720694,-37,True,False,6.595103307915906e-08,computed
LU0105A,development_cv,LU,,49.72226,6.30533,fold2_france,7.116976806356449,360,360,7.1169768349286455,12.003333238678302,-31,True,False,2.857219616458906e-08,computed
LU0109A,development_cv,LU,,49.61157,6.11847,fold2_france,7.782848092357698,361,363,7.7828481300132974,16.01156315297976,-32,True,False,3.76555995273975e-08,computed
NL00007,development_cv,NL,,52.38111,4.84501,fold2_france,8.874215282095076,362,365,8.874215308167797,17.221796217084485,-33,True,False,2.6072720871184174e-08,computed
NL00012,development_cv,NL,,52.39,4.88806,fold2_france,8.465266486868787,366,366,8.46526657343211,15.637315816756301,-37,True,False,8.656332362022567e-08,computed
NL00014,development_cv,NL,,52.36,4.8089,fold2_france,8.727544715883909,365,365,8.72754469437521,15.820680108298665,-36,True,False,2.150869882200368e-08,computed
NL00016,development_cv,NL,,52.393515,4.87008,fold2_france,8.557732612095212,360,366,8.55773271872049,15.150669427191165,-31,True,False,1.0662527927252086e-07,computed
NL00017,development_cv,NL,,52.35806,4.9,fold2_france,10.081590353231512,365,362,10.081590368899183,13.606833489626862,-36,True,False,1.566767160454674e-08,computed
NL00131,development_cv,NL,,51.54052,5.85309,fold2_france,8.785189954035724,350,365,8.785190004048905,16.89226095016003,-21,True,False,5.001318115205322e-08,computed
NL00136,development_cv,NL,,50.88796,5.97053,fold2_france,7.444362544062571,348,365,7.44436263440725,14.941128938605981,-19,True,False,9.034467929325274e-08,computed
NL00138,development_cv,NL,,50.90032,5.98685,fold2_france,7.717752603941532,358,353,7.717752499828471,14.979684771088438,-29,True,False,1.0411306128332853e-07,computed
NL00230,development_cv,NL,,51.51894,5.148675000000001,fold2_france,10.815766853345748,364,366,10.815766852562339,16.548938517098144,-35,True,False,7.834088933122985e-10,computed
NL00240,development_cv,NL,,51.59354,4.82499,fold2_france,8.414217559078883,363,366,8.414217483114163,17.35407290094064,-34,True,False,7.596472073601035e-08,computed
NL00241,development_cv,NL,,51.603205,4.780935,fold2_france,9.877986233996198,360,366,9.87798622880598,18.656075286091397,-31,True,False,5.190218033135352e-09,computed
NL00247,development_cv,NL,,51.40737,5.39333,fold2_france,9.803150668377844,326,365,9.803150647039379,17.212751570222792,3,False,True,2.1338465217013436e-08,computed
NL00404,development_cv,NL,,52.07715,4.28919,fold2_france,7.860677979116891,347,366,7.860678030111428,18.200836929018816,-18,True,False,5.0994537481585667e-08,computed
NL00418,development_cv,NL,,51.91423,4.48,fold2_france,7.980246827454914,356,366,7.980246779670532,19.44689648360426,-27,True,False,4.778438178476563e-08,computed
NL00444,development_cv,NL,,52.29656,4.51082,fold2_france,7.587770220597638,364,365,7.587770270721534,15.404541845000988,-35,True,False,5.012389614478252e-08,computed
NL00449,development_cv,NL,,51.91488,4.32943,fold2_france,9.284814202635904,365,366,9.284814232209673,19.685581886571562,-36,True,False,2.957376921131072e-08,computed
NL00450,development_cv,NL,,52.06254,4.31855,fold2_france,9.699842698300658,365,361,9.699842706524215,19.484330470652576,-36,True,False,8.223556946518329e-09,computed
NL00485,development_cv,NL,,51.86676,4.35526,fold2_france,8.530045143083663,360,360,8.530045030620212,16.356812829380765,-31,True,False,1.1246345188453688e-07,computed
NL00487,development_cv,NL,,51.89115,4.48069,fold2_france,9.474510455583776,366,366,9.474510473588342,17.360199374356537,-37,True,False,1.8004566726403937e-08,computed
NL00488,development_cv,NL,,51.89363,4.48753,fold2_france,8.63105736464155,366,366,8.631057411247182,15.921359982577018,-37,True,False,4.660563313052535e-08,computed
NL00489,development_cv,NL,,51.86943,4.58006,fold2_france,8.690705137344558,366,366,8.690705132539069,16.49298922704388,-37,True,False,4.8054893397875276e-09,computed
NL00491,development_cv,NL,,51.93859,4.43071,fold2_france,8.796633647140935,366,366,8.796633656594455,16.78981232496022,-37,True,False,9.453520632973778e-09,computed
NL00493,development_cv,NL,,51.92711,4.46134,fold2_france,8.369808619727447,366,366,8.369808518182538,16.252440972447207,-37,True,False,1.0154490936997718e-07,computed
NL00494,development_cv,NL,,51.92125,4.40139,fold2_france,8.790007008803718,366,366,8.79000702858953,16.51875336194652,-37,True,False,1.9785812099826217e-08,computed
NL00495,development_cv,NL,,51.93204,4.22803,fold2_france,7.974487878378755,366,366,7.9744879749022655,14.781139126475015,-37,True,False,9.652351007360949e-08,computed
NL00496,development_cv,NL,,51.97783,4.1219,fold2_france,8.988457341442095,366,366,8.988457364089937,16.33991842876376,-37,True,False,2.2647842712331112e-08,computed
NL00538,development_cv,NL,,52.80366,5.05051,fold2_france,7.34652182176204,363,366,7.346521872291193,14.370094646689529,-34,True,False,5.0529153305944874e-08,computed
NL00551,development_cv,NL,,52.46302,4.60192,fold2_france,8.151879063663623,365,365,8.151879087564167,16.206721104311143,-36,True,False,2.3900543766330884e-08,computed
NL00553,development_cv,NL,,52.494,4.60238,fold2_france,8.554342326181557,365,362,8.554342355809501,18.605334904506176,-36,True,False,2.9627944542198748e-08,computed
NL00556,development_cv,NL,,52.56359,4.8617,fold2_france,6.5072011085113814,365,365,6.507201053465775,12.346860475906382,-36,True,False,5.504560629532307e-08,computed
NL00561,development_cv,NL,,52.33362,4.77347,fold2_france,8.561081499325988,366,366,8.56108151226361,15.023513320521328,-37,True,False,1.2937622528852444e-08,computed
NL00570,development_cv,NL,,52.48927,4.64054,fold2_france,9.61584913344343,364,365,9.615849088734697,18.302447275841562,-35,True,False,4.4708732716003396e-08,computed
NL00572,development_cv,NL,,52.4744,4.62853,fold2_france,11.07864242668342,358,362,11.07864242294466,14.989562457386741,-29,True,False,3.738760412375086e-09,computed
NL00573,development_cv,NL,,52.478,4.57877,fold2_france,12.613149619000712,355,361,12.613149611705813,21.156020563130927,-26,True,False,7.294898907161951e-09,computed
NL00636,development_cv,NL,,52.10506,5.12446,fold2_france,9.366706058257924,364,365,9.366706104257398,16.152834973301605,-35,True,False,4.5999474451718925e-08,computed
NL00641,development_cv,NL,,52.20153,4.98744,fold2_france,10.24516513197722,365,363,10.245165146214651,15.58430865231399,-36,True,False,1.4237430789876271e-08,computed
NL00643,development_cv,NL,,52.10133,5.12821,fold2_france,9.55061344723732,364,0,9.55061349227341,,-35,True,False,4.503609041250911e-08,computed
NL00644,development_cv,NL,,51.97449,4.9233,fold2_france,9.443185588950264,352,366,9.443185636715837,16.362215011652786,-23,True,False,4.776557283037164e-08,computed
NL00701,development_cv,NL,,52.45,4.81667,fold2_france,8.196569224936132,366,366,8.196569194644747,14.662137411175188,-37,True,False,3.029138540000531e-08,computed
NL00703,development_cv,NL,,52.399285,4.7292950000000005,fold2_france,8.153389300786433,366,366,8.15338927880296,14.552529189964478,-37,True,False,2.1983472819897543e-08,computed
NL00704,development_cv,NL,,52.43,4.77,fold2_france,7.501200429154459,366,366,7.50120040903897,13.567545497485805,-37,True,False,2.0115489718364188e-08,computed
NL00738,development_cv,NL,,52.11162,5.70842,fold2_france,8.0045370360857,363,366,8.004536946505707,15.8913505355542,-34,True,False,8.957999320102772e-08,computed
NL00741,development_cv,NL,,51.84138,5.85778,fold2_france,10.652229823119049,359,366,10.652229817168609,18.38002385143326,-30,True,False,5.950440140622959e-09,computed
NL00742,development_cv,NL,,51.83822,5.85694,fold2_france,8.551209303886697,360,0,8.551209288658841,,-31,True,False,1.5227856309252275e-08,computed
NL00821,development_cv,NL,,52.2345,6.91949,fold2_france,7.005647684962775,340,0,7.00564764645436,,-11,True,False,3.8508415123317263e-08,computed
NL00934,development_cv,NL,,53.33043,6.27694,fold2_france,6.532215100656203,352,365,6.532214983093488,14.02922248752947,-23,True,False,1.1756271511842442e-07,computed
NL00937,development_cv,NL,,53.21783,6.5789,fold2_france,8.0258802395294,363,364,8.025880138220254,19.1669822561599,-34,True,False,1.0130914596118146e-07,computed
NL00938,development_cv,NL,,53.24653,6.60894,fold2_france,7.169024221565132,340,0,7.169024282885421,,-11,True,False,6.132028929073385e-08,computed
NL01497,development_cv,NL,,51.93352,3.99972,fold2_france,7.656129649931768,362,362,7.656129648546791,14.12718829483032,-33,True,False,1.3849765778672918e-09,computed
NL01912,development_cv,NL,,51.86169,4.56377,fold2_france,8.504342613865905,365,0,8.504342576621314,,-36,True,False,3.724459141096759e-08,computed
NL01913,development_cv,NL,,51.27938,3.83859,fold2_france,9.84580228348296,366,366,9.845802285146547,17.815875827137408,-37,True,False,1.663586601807765e-09,computed
NL10248,development_cv,NL,,51.69816,5.54332,fold2_france,10.147642208696244,349,366,10.147642238089027,14.422109583347334,-20,True,False,2.9392783318371585e-08,computed
NL49557,development_cv,NL,,52.49005,4.59931,fold2_france,10.206921126236146,361,363,10.206921108817328,18.628173823784437,-32,True,False,1.7418818387682222e-08,computed
IT0459A,development_cv,IT,,43.59889,13.34194,fold3_italy,20.76945117130578,344,357,20.76945130860564,30.503939174965172,-15,True,False,1.372998603699216e-07,computed
IT0460A,development_cv,IT,,43.52694,13.245,fold3_italy,13.25414484662915,358,353,13.254144735251028,20.58526912181303,-29,True,False,1.1137812094830224e-07,computed
IT0461A,development_cv,IT,,43.63334,13.3875,fold3_italy,16.80405476039665,342,342,16.804055056823383,21.45497076023392,-13,True,False,2.964267338256832e-07,computed
IT0470A,development_cv,IT,,45.10361,7.695,fold3_italy,20.06818192654986,352,347,20.068181818181817,30.259365994236312,-23,True,False,1.0836804520408805e-07,computed
IT0477A,development_cv,IT,,45.49556,9.19139,fold3_italy,20.40608652402196,355,352,20.40608676056338,33.43375258522727,-26,True,False,2.3654142111695364e-07,computed
IT0480A,development_cv,IT,,45.53389,9.23639,fold3_italy,20.636416151837132,346,0,20.636416184971097,,-17,True,False,3.3133964905118773e-08,computed
IT0499A,development_cv,IT,,46.61944,10.85917,fold3_italy,10.814289813695382,362,352,10.814289791290847,15.436548464272505,-33,True,False,2.240453511603846e-08,computed
IT0591A,development_cv,IT,,45.89306,11.03639,fold3_italy,13.08090345868178,332,352,13.08090361445783,17.155568181818182,-3,True,False,1.557760498371863e-07,computed
IT0594A,development_cv,IT,,45.54083,10.22361,fold3_italy,15.202752124197056,358,366,15.202751983240224,27.167213551912567,-29,True,False,1.4095683198434017e-07,computed
IT0663A,development_cv,IT,,45.71444,11.36861,fold3_italy,16.59609998460679,359,359,16.596100278551532,22.643454038997213,-30,True,False,2.9394474054811326e-07,computed
IT0692A,development_cv,IT,,45.10167,8.90556,fold3_italy,18.655501888414125,347,336,18.655501930835737,28.297319910714286,-18,True,False,4.2421611112786195e-08,computed
IT0703A,development_cv,IT,,46.05111,11.45444,fold3_italy,14.04964895082218,342,360,14.049649122807018,20.197555555555557,-13,True,False,1.7198483881486482e-07,computed
IT0707A,development_cv,IT,,45.69028,9.64389,fold3_italy,17.526404100691824,356,362,17.52640449438202,23.345303867403317,-27,True,False,3.936901968870643e-07,computed
IT0771A,development_cv,IT,,45.80444,9.08361,fold3_italy,14.776433576609026,349,350,14.776433524355301,21.793952085714288,-20,True,False,5.225372490258451e-08,computed
IT0777A,development_cv,IT,,45.697590000000005,9.40629,fold3_italy,16.70082867661361,362,362,16.700828729281767,26.553591160220993,-33,True,False,5.2668156058643945e-08,computed
IT0778A,development_cv,IT,,45.51833,9.59139,fold3_italy,20.51810600193684,359,363,20.518105849582174,27.820385674931128,-30,True,False,1.5235466577223633e-07,computed
IT0804A,development_cv,IT,,44.79361,10.33167,fold3_italy,16.561452827409365,358,355,16.56145251396648,26.51830985915493,-29,True,False,3.134428858686533e-07,computed
IT0825A,development_cv,IT,,41.947475,12.46964,fold3_italy,13.16638436721075,354,357,13.166384322033899,28.371990084033616,-25,True,False,4.5176850704820026e-08,computed
IT0840A,development_cv,IT,,45.28472,9.86417,fold3_italy,24.716712817856383,359,362,24.716713091922003,34.84696132596685,-30,True,False,2.74065619976227e-07,computed
IT0854A,development_cv,IT,,44.41816,8.92737,fold3_italy,10.097513309138971,346,337,10.09751329938876,16.31193040613304,-17,True,False,9.750211305004086e-09,computed
IT0858A,development_cv,IT,,44.39489,8.99154,fold3_italy,5.804062401161301,346,346,5.8040624171561594,9.177613280055791,-17,True,False,1.5994858770795872e-08,computed
IT0861A,development_cv,IT,,43.77306,11.27222,fold3_italy,13.925501572796744,349,349,13.925501432664756,29.501432664756447,-20,True,False,1.4013198779139202e-07,computed
IT0862A,development_cv,IT,,43.78667,11.2875,fold3_italy,11.396396427847469,333,335,11.396396396396396,21.99402985074627,-4,True,False,3.1451072857180407e-08,computed
IT0863A,development_cv,IT,,42.42195,12.10917,fold3_italy,8.55766034786819,359,360,8.557660334261838,18.575278611111113,-30,True,False,1.3606351600969901e-08,computed
IT0867A,development_cv,IT,,42.40417,12.85833,fold3_italy,9.546723843720091,351,357,9.546723846153846,18.30672330532213,-22,True,False,2.433754531239174e-09,computed
IT0871A,development_cv,IT,,41.68895,13.257925,fold3_italy,16.42885238517685,357,359,16.428852016806722,27.315879080779943,-28,True,False,3.683701272905182e-07,computed
IT0885A,development_cv,IT,,42.09159,11.80249,fold3_italy,8.847262224808928,347,354,8.847262247838616,23.461582401129945,-18,True,False,2.302968837852859e-08,computed
IT0887A,development_cv,IT,,41.99556,12.72639,fold3_italy,9.30311623462374,353,353,9.303116232294618,20.97110611898017,-24,True,False,2.329121784327981e-09,computed
IT0889A,development_cv,IT,,41.725,13.00944,fold3_italy,17.285754409760898,358,352,17.285754581005587,30.335797017045454,-29,True,False,1.7124468953966243e-07,computed
IT0892A,development_cv,IT,,44.48333,11.355,fold3_italy,14.191549475934504,355,348,14.191549295774648,22.155172413793103,-26,True,False,1.8015985681074653e-07,computed
IT0898A,development_cv,IT,,40.85278,14.25139,fold3_italy,14.704863039611576,359,359,14.704863033432458,27.249685733432756,-30,True,False,6.179117661986311e-09,computed
IT0903A,development_cv,IT,,44.51611,10.73389,fold3_italy,14.786703769763928,361,362,14.786703601108034,23.519337016574585,-32,True,False,1.686558945834804e-07,computed
IT0908A,development_cv,IT,,46.47028,10.3725,fold3_italy,9.160227272948468,352,361,9.160227272727273,12.068421052631578,-23,True,False,2.21195506355798e-10,computed
IT0912A,development_cv,IT,,45.19389,9.16472,fold3_italy,19.31652044890151,331,341,19.31652,27.709874721407623,-2,True,False,4.489015097419724e-07,computed
IT0934A,development_cv,IT,,41.13146,14.78938,fold3_italy,17.39031458788808,342,343,17.390314427692832,27.450793862844016,-13,True,False,1.6019524906596416e-07,computed
IT0940A,development_cv,IT,,44.69083,10.66472,fold3_italy,15.572222170929953,360,360,15.572222222222223,24.055555555555557,-31,True,False,5.1292269986902284e-08,computed
IT0945A,development_cv,IT,,43.87472,11.10528,fold3_italy,12.937676895498663,353,353,12.937677053824363,22.320113314447593,-24,True,False,1.5832569921769846e-07,computed
IT0950A,development_cv,IT,,43.46111,11.88889,fold3_italy,13.014326660879654,349,349,13.01432664756447,20.326647564469916,-20,True,False,1.3315183622353288e-08,computed
IT0953A,development_cv,IT,,41.93278,12.50695,fold3_italy,10.954706012555306,340,352,10.95470605882353,22.738069176136364,-11,True,False,4.626822480702231e-08,computed
IT0956A,development_cv,IT,,41.85778,12.56861,fold3_italy,13.26022747100741,352,357,13.260227528409091,24.9997206162465,-23,True,False,5.740168163015369e-08,computed
IT0957A,development_cv,IT,,41.93139,12.65917,fold3_italy,11.767732926372132,344,349,11.767732936046512,21.828941203438394,-15,True,False,9.674380407886929e-09,computed
IT0963A,development_cv,IT,,45.49917,12.26222,fold3_italy,21.819484203179492,349,352,21.81948424068768,28.025568181818183,-20,True,False,3.750818677872303e-08,computed
IT0966A,development_cv,IT,,46.06611,13.24056,fold3_italy,12.161473239328002,353,354,12.161473087818697,18.23446327683616,-24,True,False,1.515093046577931e-07,computed
IT0983A,development_cv,IT,,45.73583,7.32417,fold3_italy,8.886118891996313,366,366,8.886118889228298,15.354140928169794,-37,True,False,2.768015150422798e-09,computed
IT0989A,development_cv,IT,,42.5725,12.96195,fold3_italy,7.589887657988891,356,356,7.589887696629213,13.7311797752809,-27,True,False,3.864032205314061e-08,computed
IT0992A,development_cv,IT,,41.67,13.67445,fold3_italy,10.668907661175933,357,361,10.668907675070027,15.266759224376731,-28,True,False,1.3894094763600151e-08,computed
IT1011A,development_cv,IT,,42.56,12.65083,fold3_italy,17.246537513692374,361,360,17.246537396121884,28.125,-32,True,False,1.1757049023231048e-07,computed
IT1016A,development_cv,IT,,45.46972,9.19806,fold3_italy,21.131163757763165,338,339,21.131163698224853,31.03185843657817,-9,True,False,5.953831205829374e-08,computed
IT1037A,development_cv,IT,,46.06445,11.12667,fold3_italy,12.928480560358244,362,361,12.928480662983425,18.50994459833795,-33,True,False,1.026251812419332e-07,computed
IT1043A,development_cv,IT,,44.0625,12.55333,fold3_italy,16.030986203731953,355,360,16.03098591549296,25.119444444444444,-26,True,False,2.882389935621177e-07,computed
IT1048A,development_cv,IT,,44.21917,12.04889,fold3_italy,14.900552116342569,362,355,14.900552486187845,21.422535211267604,-33,True,False,3.6984527618244556e-07,computed
IT1065A,development_cv,IT,,45.76083,11.73667,fold3_italy,14.415730299090583,356,355,14.415730337078651,23.49014084507042,-27,True,False,3.798806780253017e-08,computed
IT1110A,development_cv,IT,,43.73889,10.40167,fold3_italy,12.51977400089935,354,354,12.519774011299434,21.550847457627118,-25,True,False,1.040008434927131e-08,computed
IT1128A,development_cv,IT,,45.15508,7.65859,fold3_italy,17.022099532285953,362,357,17.022099447513813,24.04201680672269,-33,True,False,8.477213953028695e-08,computed
IT1130A,development_cv,IT,,45.14313,7.77813,fold3_italy,19.630372618893105,349,349,19.630372492836678,32.44699140401146,-20,True,False,1.260564275185061e-07,computed
IT1143A,development_cv,IT,,44.2725,8.43889,fold3_italy,8.62000001703219,340,342,8.620000000000001,17.501169590643272,-11,True,False,1.703218899251624e-08,computed
IT1144A,development_cv,IT,,44.29389,8.41139,fold3_italy,8.980169946919206,353,355,8.980169971671389,16.350422535211266,-24,True,False,2.4752182525844546e-08,computed
IT1145A,development_cv,IT,,44.31268,8.47293,fold3_italy,12.38198789875769,350,356,12.381987957654351,16.881637597635574,-21,True,False,5.88966617698361e-08,computed
IT1153A,development_cv,IT,,45.13278,10.01667,fold3_italy,23.1617089010221,363,366,23.16170798898072,32.53715846994535,-34,True,False,9.120413793084481e-07,computed
IT1159A,development_cv,IT,,44.49972,11.32833,fold3_italy,14.347107602183982,363,363,14.347107438016529,25.46005509641873,-34,True,False,1.641674529651027e-07,computed
IT1166A,development_cv,IT,,46.40194,13.01111,fold3_italy,11.002890116843949,346,345,11.002890173410405,16.457971014492752,-17,True,False,5.6566456407836085e-08,computed
IT1170A,development_cv,IT,,46.03505,13.22529,fold3_italy,12.954674383864049,353,352,12.954674220963172,18.8125,-24,True,False,1.6290087678783038e-07,computed
IT1177A,development_cv,IT,,45.56056,11.53972,fold3_italy,20.636871047300374,358,354,20.636871508379887,28.717514124293785,-29,True,False,4.610795123483058e-07,computed
IT1179A,development_cv,IT,,44.83972,11.96111,fold3_italy,12.213888789519489,360,360,12.213888888888889,20.302777777777777,-31,True,False,9.936939981969317e-08,computed
IT1180A,development_cv,IT,,43.10306,12.36611,fold3_italy,13.039215711883683,357,358,13.03921568627451,21.463687150837988,-28,True,False,2.560917344851532e-08,computed
IT1182A,development_cv,IT,,43.089445,12.441665,fold3_italy,11.633431074053746,341,357,11.633431085043988,18.168067226890756,-12,True,False,1.0990241605668416e-08,computed
IT1183A,development_cv,IT,,41.49,13.83056,fold3_italy,20.14753624572393,345,344,20.147536753623186,33.45843206395349,-16,True,False,5.078992550977546e-07,computed
IT1184A,development_cv,IT,,41.53139,12.94611,fold3_italy,8.731356135431842,354,357,8.731356129943503,21.149860644257704,-25,True,False,5.488338672421378e-09,computed
IT1186A,development_cv,IT,,43.88389,10.245,fold3_italy,13.324022498903656,358,358,13.324022346368714,24.93854748603352,-29,True,False,1.525349411224397e-07,computed
IT1187A,development_cv,IT,,43.84083,10.57389,fold3_italy,18.761643898779333,365,365,18.76164383561644,28.386301369863013,-36,True,False,6.31628935821027e-08,computed
IT1204A,development_cv,IT,,44.42,12.22556,fold3_italy,13.82369924484936,346,346,13.823699421965317,23.502890173410403,-17,True,False,1.7711595745595332e-07,computed
IT1215A,development_cv,IT,,45.07472,11.78333,fold3_italy,23.490303823428956,361,363,23.490304709141274,31.517906336088153,-32,True,False,8.857123177108406e-07,computed
IT1222A,development_cv,IT,,45.63028,12.59167,fold3_italy,20.378829798717845,359,359,20.37883008356546,27.484679665738163,-30,True,False,2.8484761571689887e-07,computed
IT1247A,development_cv,IT,,45.558705,8.056395,fold3_italy,9.59405940659894,303,353,9.594059405940595,15.337110481586402,26,False,True,6.583462663911632e-10,computed
IT1264A,development_cv,IT,,42.46667,14.21306,fold3_italy,13.311965808988392,351,354,13.311965811965813,22.64491525423729,-22,True,False,2.9774209764354964e-09,computed
IT1269A,development_cv,IT,,39.07,9.01667,fold3_italy,10.27006556248809,360,353,10.270065555555554,21.892917620396602,-31,True,False,6.932536322779015e-09,computed
IT1286A,development_cv,IT,,45.30528,9.48556,fold3_italy,13.467400744069714,350,356,13.46740057142857,30.3292227247191,-21,True,False,1.726411440472475e-07,computed
IT1294A,development_cv,IT,,45.52583,8.73667,fold3_italy,14.893328645041615,325,334,14.893328830769232,21.6937125748503,4,False,True,1.857276163974575e-07,computed
IT1328A,development_cv,IT,,45.89056,12.30806,fold3_italy,16.733146292639066,356,364,16.73314606741573,24.63186813186813,-27,True,False,2.2522333509300552e-07,computed
IT1361A,development_cv,IT,,43.83972,13.01861,fold3_italy,17.15732715836088,364,351,17.15732734806329,25.93019943019943,-35,True,False,1.8970241200122473e-07,computed
IT1388A,development_cv,IT,,45.410835,10.69194,fold3_italy,18.435515166223126,343,353,18.43551501457726,28.06521416430595,-14,True,False,1.5164586741889252e-07,computed
IT1409A,development_cv,IT,,43.71389,10.41056,fold3_italy,13.828651784577955,356,356,13.82865168539326,22.64887640449438,-27,True,False,9.918469601188917e-08,computed
IT1423A,development_cv,IT,,42.45667,14.23472,fold3_italy,12.748265953140905,346,345,12.748265895953756,23.804927536231887,-17,True,False,5.718714923830248e-08,computed
IT1451A,development_cv,IT,,44.66222,11.63944,fold3_italy,15.177842621072944,343,352,15.177842565597668,22.610795454545453,-14,True,False,5.54752759285293e-08,computed
IT1453A,development_cv,IT,,45.37194,11.84194,fold3_italy,22.315641963334503,358,362,22.31564245810056,29.494475138121548,-29,True,False,4.947660556808842e-07,computed
IT1456A,development_cv,IT,,44.11081,9.83211,fold3_italy,10.74462918559804,354,364,10.744629200071822,18.891854276205947,-25,True,False,1.4473782172785832e-08,computed
IT1457A,development_cv,IT,,44.10165,9.8187,fold3_italy,9.379109160537883,358,358,9.37910914952426,15.41904526251702,-29,True,False,1.1013623790745442e-08,computed
IT1464A,development_cv,IT,,45.4975,9.55639,fold3_italy,20.829544988852582,352,355,20.829545454545453,29.942253521126762,-23,True,False,4.656928709323438e-07,computed
IT1475A,development_cv,IT,,45.62421,13.78026,fold3_italy,11.061624598037644,357,357,11.061624649859944,17.81232492997199,-28,True,False,5.182229934064253e-08,computed
IT1487A,development_cv,IT,,41.07795,14.33122,fold3_italy,10.045619333178726,331,341,10.045619335347432,31.84926686217009,-2,True,False,2.168706103589102e-09,computed
IT1488A,development_cv,IT,,41.04592,14.37809,fold3_italy,15.442568687360216,365,365,15.442568710589258,31.883092193955207,-36,True,False,2.3229041801187122e-08,computed
IT1493A,development_cv,IT,,40.86427,14.34108,fold3_italy,18.622209857963735,357,358,18.622209583588422,31.839683537154002,-28,True,False,2.7437531358032174e-07,computed
IT1497A,development_cv,IT,,40.86369,14.25451,fold3_italy,11.66729878413414,338,338,11.667298838505273,21.559548098076306,-9,True,False,5.437113337336541e-08,computed
IT1504A,development_cv,IT,,40.68389,14.76972,fold3_italy,12.043944856098136,361,362,12.043944829236949,24.92198938202894,-32,True,False,2.6861187052418245e-08,computed
IT1510A,development_cv,IT,,45.9303,8.5655,fold3_italy,10.162534432133718,363,363,10.162534435261708,14.03581267217631,-34,True,False,3.12799031121358e-09,computed
IT1523A,development_cv,IT,,44.9089,8.2055,fold3_italy,19.280701887179777,342,347,19.280701754385966,25.596541786743515,-13,True,False,1.3279381150255176e-07,computed
IT1529A,development_cv,IT,,44.3818,7.5382,fold3_italy,11.121126778484836,355,355,11.12112676056338,19.661971830985916,-26,True,False,1.7921456318958917e-08,computed
IT1532A,development_cv,IT,,45.7132,8.2835,fold3_italy,11.955089866436897,334,334,11.955089820359282,16.57185628742515,-5,True,False,4.60776146127273e-08,computed
IT1533A,development_cv,IT,,45.3284,8.4151,fold3_italy,16.533191236271705,366,366,16.53319141162156,23.993002633371486,-37,True,False,1.753498537482301e-07,computed
IT1536A,development_cv,IT,,44.116905,9.84336,fold3_italy,9.765158224201482,351,357,9.765158226949291,18.228392285109038,-22,True,False,2.74780909137462e-09,computed
IT1544A,development_cv,IT,,44.10666,9.8577,fold3_italy,13.73868280790715,356,358,13.738682747231799,20.89990019909559,-27,True,False,6.067535096576648e-08,computed
IT1549A,development_cv,IT,,44.51859,8.87383,fold3_italy,7.318944508968057,360,360,7.318944444444445,13.816722222222221,-31,True,False,6.452361223097114e-08,computed
IT1553A,development_cv,IT,,43.91611,11.00695,fold3_italy,16.497159286630556,352,352,16.49715909090909,25.170454545454547,-23,True,False,1.9572146570112636e-07,computed
IT1557A,development_cv,IT,,43.52,10.32167,fold3_italy,7.670391004254705,358,359,7.670391061452514,16.401114206128135,-29,True,False,5.71978082675173e-08,computed
IT1560A,development_cv,IT,,43.55472,10.32972,fold3_italy,10.387005666683256,354,354,10.387005649717514,21.610169491525422,-25,True,False,1.6965742588581634e-08,computed
IT1575A,development_cv,IT,,39.17722,8.43028,fold3_italy,4.85895494090943,355,346,4.858954985915493,18.98468210982659,-26,True,False,4.500606287649589e-08,computed
IT1576A,development_cv,IT,,39.20334,8.38611,fold3_italy,2.9805102830272476,356,363,2.980510393258427,26.50523338842975,-27,True,False,1.1023117929553905e-07,computed
IT1578A,development_cv,IT,,43.89333,12.91889,fold3_italy,13.288656284473715,365,357,13.288656159785551,26.556582633053225,-36,True,False,1.246881637939623e-07,computed
IT1582A,development_cv,IT,,45.1361,8.4452,fold3_italy,13.696818241995809,278,343,13.696818257599334,20.74868328898124,51,False,True,1.5603525582719158e-08,computed
IT1588A,development_cv,IT,,45.81694,8.82028,fold3_italy,13.1506982515351,358,361,13.150698324022345,18.204155124653738,-29,True,False,7.248724465114265e-08,computed
IT1590A,development_cv,IT,,45.6725,12.23861,fold3_italy,19.232352794452748,340,359,19.23235294117647,28.78272980501393,-11,True,False,1.467237211727479e-07,computed
IT1593A,development_cv,IT,,42.77861,11.11917,fold3_italy,9.546742206236138,353,349,9.546742209631729,18.226361031518625,-24,True,False,3.39559136364187e-09,computed
IT1594A,development_cv,IT,,46.14139,12.21694,fold3_italy,12.441666510552604,360,362,12.441666666666666,18.823204419889503,-31,True,False,1.5611406212201473e-07,computed
IT1596A,development_cv,IT,,45.83695,12.51028,fold3_italy,18.41159459244235,345,361,18.411594202898552,25.42382271468144,-16,True,False,3.895437963308268e-07,computed
IT1606A,development_cv,IT,,41.11322,16.887999999999998,fold3_italy,11.181213865147884,346,341,11.18121387283237,22.88856304985337,-17,True,False,7.684485936465535e-09,computed
IT1609A,development_cv,IT,,40.52111,17.20417,fold3_italy,8.864117651079656,340,353,8.864117647058823,17.28325779036827,-11,True,False,4.02083344397397e-09,computed
IT1611A,development_cv,IT,,40.48861,17.22583,fold3_italy,10.651381193039812,362,363,10.651381215469614,24.495316804407718,-33,True,False,2.242980201572209e-08,computed
IT1613A,development_cv,IT,,40.49445,17.26361,fold3_italy,11.212034313223164,349,352,11.212034383954155,22.353693181818183,-20,True,False,7.073099084209389e-08,computed
IT1618A,development_cv,IT,,40.639075,17.947940000000003,fold3_italy,11.509850771737348,335,335,11.509850746268658,21.90955223880597,-6,True,False,2.5468690267871352e-08,computed
IT1619A,development_cv,IT,,46.03083,11.90583,fold3_italy,17.11977730294851,359,364,17.119777158774372,21.3489010989011,-30,True,False,1.441741375174388e-07,computed
IT1621A,development_cv,IT,,41.12231,16.87256,fold3_italy,11.40361117330491,360,357,11.403611111111111,23.378991596638652,-31,True,False,6.219379855565421e-08,computed
IT1650A,development_cv,IT,,45.62694,9.02417,fold3_italy,19.020127113523177,354,355,19.02012711864407,23.245915492957746,-25,True,False,5.1208921547640784e-09,computed
IT1654A,development_cv,IT,,43.87278,11.09194,fold3_italy,14.581460811621172,356,356,14.581460674157304,23.036516853932586,-27,True,False,1.3746386784418974e-07,computed
IT1681A,development_cv,IT,,43.66028,11.90167,fold3_italy,5.052941086721481,340,347,5.052941176470588,10.463976945244957,-11,True,False,8.974910681303072e-08,computed
IT1692A,development_cv,IT,,45.47833,9.23583,fold3_italy,17.176923092725897,351,354,17.176923076923078,28.43672316384181,-22,True,False,1.580281860924515e-08,computed
IT1696A,development_cv,IT,,46.43444,11.33944,fold3_italy,11.393929983303256,366,0,11.393930040485635,,-37,True,False,5.718237972018869e-08,computed
IT1698A,development_cv,IT,,44.40492,8.96819,fold3_italy,15.072373846755436,356,359,15.072374073717507,21.554327521839205,-27,True,False,2.269620704709041e-07,computed
IT1702A,development_cv,IT,,40.65006,17.94258,fold3_italy,11.203089938764974,356,355,11.203089887640449,21.58732394366197,-27,True,False,5.112452505784404e-08,computed
IT1728A,development_cv,IT,,42.55222,12.65167,fold3_italy,16.40517207182939,348,351,16.405172413793103,29.344729344729345,-19,True,False,3.419637124579822e-07,computed
IT1737A,development_cv,IT,,45.51528,10.21944,fold3_italy,21.762572767284546,342,343,21.762573099415206,30.15918367346939,-13,True,False,3.3213066075177267e-07,computed
IT1739A,development_cv,IT,,45.14222,10.04583,fold3_italy,20.596264730796396,348,351,20.596264367816094,28.855840455840454,-19,True,False,3.629803018156963e-07,computed
IT1743A,development_cv,IT,,45.58111,9.274445,fold3_italy,24.30817690099661,318,335,24.30817610062893,30.484776119402984,11,False,True,8.00367679687497e-07,computed
IT1771A,development_cv,IT,,44.65061,10.90633,fold3_italy,18.823188098629625,345,344,18.8231884057971,27.712209302325583,-16,True,False,3.071674754551168e-07,computed
IT1773A,development_cv,IT,,43.46806,12.95222,fold3_italy,8.317373164316086,362,363,8.317373192077289,21.993820256320273,-33,True,False,2.7761203114096134e-08,computed
IT1788A,development_cv,IT,,45.4512,7.878,fold3_italy,19.027131857330097,258,358,19.027131782945737,22.337988826815643,71,False,True,7.438436000484216e-08,computed
IT1795A,development_cv,IT,,43.285,13.42861,fold3_italy,9.114084088210362,341,340,9.114084097835917,17.16205882352941,-12,True,False,9.625555463799174e-09,computed
IT1796A,development_cv,IT,,43.33556,13.67472,fold3_italy,11.975235719115773,345,343,11.97523567775513,17.417738026193955,-16,True,False,4.136064291060393e-08,computed
IT1798A,development_cv,IT,,41.55417,14.67472,fold3_italy,10.376436750520693,348,356,10.376436781609195,17.640449438202246,-19,True,False,3.108850243904726e-08,computed
IT1801A,development_cv,IT,,41.99806,14.99333,fold3_italy,9.88857142613296,350,348,9.888571428571428,21.35919540229885,-21,True,False,2.438467205934103e-09,computed
IT1817A,development_cv,IT,,40.95667,17.29028,fold3_italy,9.790196084063302,357,366,9.790196078431372,19.80334412430314,-28,True,False,5.631930477534297e-09,computed
IT1818A,development_cv,IT,,40.82714,16.56017,fold3_italy,10.22097701403949,348,348,10.220977011494254,19.794540229885058,-19,True,False,2.5452369101230943e-09,computed
IT1822A,development_cv,IT,,41.23153,16.30331,fold3_italy,12.814647990869531,355,355,12.814647887323943,26.405352112676056,-26,True,False,1.0354558810377057e-07,computed
IT1823A,development_cv,IT,,40.95141,16.91985,fold3_italy,11.504913366627164,346,346,11.504913294797687,20.409537572254333,-17,True,False,7.182947747708113e-08,computed
IT1826A,development_cv,IT,,45.84944,9.39583,fold3_italy,11.124778786904516,339,337,11.124778761061947,15.511275964391691,-10,True,False,2.584256897364412e-08,computed
IT1827A,development_cv,IT,,43.611665,13.50861,fold3_italy,14.287353355244992,356,334,14.28735338949804,21.479041916167663,-27,True,False,3.425304839765886e-08,computed
IT1830A,development_cv,IT,,44.91932,8.622015000000001,fold3_italy,17.728155633872223,309,334,17.728155339805824,24.077844311377245,20,False,True,2.940663996753301e-07,computed
IT1836A,development_cv,IT,,41.906375,12.447545,fold3_italy,11.89138886898044,360,362,11.891388916666667,24.718232928176793,-31,True,False,4.768622652306931e-08,computed
IT1842A,development_cv,IT,,42.90056,13.33667,fold3_italy,5.29819815462253,333,363,5.2981981981981985,19.246761971944565,-4,True,False,4.357566840695881e-08,computed
IT1843A,development_cv,IT,,42.84861,13.61945,fold3_italy,9.82242424361578,330,320,9.822424242424242,14.4865625,-1,True,False,1.1915375353055424e-09,computed
IT1856A,development_cv,IT,,42.36417,13.38195,fold3_italy,9.108882502113202,349,347,9.10888252148997,17.21613832853026,-20,True,False,1.937676863406068e-08,computed
IT1860A,development_cv,IT,,42.73972,12.735415,fold3_italy,8.494382030130545,356,358,8.49438202247191,14.972067039106145,-27,True,False,7.658634615381743e-09,computed
IT1863A,development_cv,IT,,41.75944,14.20889,fold3_italy,8.033333342012838,330,329,8.033333333333333,14.50759878419453,-1,True,False,8.679505114628228e-09,computed
IT1865A,development_cv,IT,,44.99694,11.07083,fold3_italy,19.282072730921264,357,357,19.282072829131653,29.971988795518207,-28,True,False,9.821038915447389e-08,computed
IT1868A,development_cv,IT,,45.16056,10.79556,fold3_italy,16.466449370406682,364,362,16.46644936813187,27.295365552486185,-35,True,False,2.274813226676997e-09,computed
IT1871A,development_cv,IT,,45.22667,11.66583,fold3_italy,21.80277749665492,360,359,21.802777777777777,29.651810584958216,-31,True,False,2.811228583254888e-07,computed
IT1874A,development_cv,IT,,45.28111,8.75472,fold3_italy,19.541931059501195,343,355,19.541930962099123,26.794620225352112,-14,True,False,9.740207218555952e-08,computed
IT1876A,development_cv,IT,,45.68333,9.46667,fold3_italy,12.485833435607004,348,354,12.485833333333332,22.616764406779662,-19,True,False,1.02273672197839e-07,computed
IT1877A,development_cv,IT,,45.0419,7.6259,fold3_italy,18.667366507617775,344,361,18.667366556249544,23.310249307479225,-15,True,False,4.8631768834184186e-08,computed
IT1878A,development_cv,IT,,45.31889,8.4025,fold3_italy,14.742465699895344,365,360,14.742465753424657,21.144444444444446,-36,True,False,5.352931253810311e-08,computed
IT1883A,development_cv,IT,,44.31528,8.48556,fold3_italy,8.057058825108042,340,339,8.057058823529411,15.346017699115045,-11,True,False,1.5786305596066086e-09,computed
IT1894A,development_cv,IT,,42.99222,13.78472,fold3_italy,7.459233445069993,365,336,7.459233538481901,17.558630952380952,-36,True,False,9.341190843059621e-08,computed
IT1900A,development_cv,IT,,42.95167,12.70764,fold3_italy,14.038356067733186,365,365,14.038356164383561,19.945205479452056,-36,True,False,9.665037481454419e-08,computed
IT1902A,development_cv,IT,,43.06694,12.46806,fold3_italy,12.073239328442773,355,361,12.073239436619719,19.0387811634349,-26,True,False,1.0817694651166221e-07,computed
IT1904A,development_cv,IT,,44.76415,9.052865,fold3_italy,7.617563676670447,353,354,7.61756373937677,11.203389830508474,-24,True,False,6.270632280092059e-08,computed
IT1906A,development_cv,IT,,41.89389,12.47528,fold3_italy,13.37226583515944,357,361,13.372265994397761,23.83622216066482,-28,True,False,1.5923832030750873e-07,computed
IT1908A,development_cv,IT,,44.09583,12.4025,fold3_italy,15.75433555719629,346,358,15.754335260115607,24.164804469273744,-17,True,False,2.9708068360889683e-07,computed
IT1911A,development_cv,IT,,44.6575,10.28889,fold3_italy,9.834269655066285,356,356,9.834269662921349,17.59269662921348,-27,True,False,7.855064154682623e-09,computed
IT1914A,development_cv,IT,,44.87306,10.66389,fold3_italy,15.85635386364624,362,362,15.856353591160222,25.781767955801104,-33,True,False,2.7248601774942927e-07,computed
IT1915A,development_cv,IT,,43.93278,12.6275,fold3_italy,10.807262534068778,358,0,10.807262569832401,,-29,True,False,3.5763623174034365e-08,computed
IT1918A,development_cv,IT,,44.825,11.64972,fold3_italy,16.590395400886393,354,361,16.59039548022599,22.878116343490305,-25,True,False,7.933959622619113e-08,computed
IT1919A,development_cv,IT,,44.74167,11.94222,fold3_italy,13.31195341025165,343,0,13.31195335276968,,-14,True,False,5.748197118293774e-08,computed
IT1921A,development_cv,IT,,44.92784,11.17795,fold3_italy,18.10220984487605,362,361,18.10220994475138,25.074792243767313,-33,True,False,9.987532934019328e-08,computed
IT1924A,development_cv,IT,,44.98945,10.01917,fold3_italy,14.206703903944076,358,0,14.206703910614525,,-29,True,False,6.670449081980223e-09,computed
IT1927A,development_cv,IT,,44.52649,11.98138,fold3_italy,15.747875623694435,353,0,15.747875354107649,,-24,True,False,2.6958678667199365e-07,computed
IT1932A,development_cv,IT,,40.36445,18.17306,fold3_italy,11.12082107196003,341,342,11.120821114369502,20.304093567251464,-12,True,False,4.2409471490145734e-08,computed
IT1936A,development_cv,IT,,45.438335,12.20556,fold3_italy,19.35180072959862,361,360,19.35180055401662,31.094444444444445,-32,True,False,1.7558199871814395e-07,computed
IT1947A,development_cv,IT,,39.06667,9.00889,fold3_italy,8.657322383928829,352,365,8.657322386363637,22.76986276712329,-23,True,False,2.4348079108449383e-09,computed
IT1948A,development_cv,IT,,44.80806,8.31028,fold3_italy,13.55652157447378,345,328,13.556521739130435,17.664634146341463,-16,True,False,1.6465665453324618e-07,computed
IT1953A,development_cv,IT,,40.16717,18.17483,fold3_italy,12.32318855102288,345,343,12.3231884057971,22.983090379008747,-16,True,False,1.452257798462142e-07,computed
IT1962A,development_cv,IT,,41.47889,14.03333,fold3_italy,23.70796481416292,113,341,23.707964601769913,31.366568914956012,216,False,True,2.1239300806996653e-07,computed
IT1965A,development_cv,IT,,45.3032,9.39848,fold3_italy,21.464772679008163,352,348,21.464772727272727,29.02126436781609,-23,True,False,4.8264563901057045e-08,computed
IT1967A,development_cv,IT,,46.16861,9.88028,fold3_italy,15.87226924859856,357,342,15.872268907563024,20.400877192982456,-28,True,False,3.410355358113293e-07,computed
IT1975A,development_cv,IT,,45.03833,9.66917,fold3_italy,17.387186988694072,359,359,17.38718662952646,26.899721448467968,-30,True,False,3.591676112080222e-07,computed
IT1977A,development_cv,IT,,42.52667,14.14833,fold3_italy,12.758771919668886,342,346,12.758771929824562,21.739884393063583,-13,True,False,1.015567541173823e-08,computed
IT1993A,development_cv,IT,,39.26056,9.13639,fold3_italy,7.939778634738146,349,363,7.939778624641834,27.614049311294767,-20,True,False,1.0096312230700732e-08,computed
IT1996A,development_cv,IT,,40.25639,8.77306,fold3_italy,3.2191103036173674,332,365,3.2191102710843373,18.587670684931506,-3,True,False,3.2533030047687816e-08,computed
IT2003A,development_cv,IT,,41.31671,16.28618,fold3_italy,10.333237789810394,349,346,10.33323782234957,22.036994219653177,-20,True,False,3.253917668644135e-08,computed
IT2004A,development_cv,IT,,43.10444,12.37472,fold3_italy,12.313019276305887,361,361,12.313019390581717,19.130193905817176,-32,True,False,1.1427582968792649e-07,computed
IT2009A,development_cv,IT,,40.72445,8.57611,fold3_italy,5.2034188392574245,351,346,5.203418803418804,20.68670494219653,-22,True,False,3.583862095979384e-08,computed
IT2010A,development_cv,IT,,40.83139,8.40528,fold3_italy,7.187008978958243,331,348,7.187009063444109,22.32528738505747,-2,True,False,8.44858663029413e-08,computed
IT2011A,development_cv,IT,,39.8425,9.21639,fold3_italy,8.356190839146798,356,350,8.356190786516853,14.981714,-27,True,False,5.2629944846671606e-08,computed
IT2012A,development_cv,IT,,41.87556,12.345,fold3_italy,10.713296489858264,361,360,10.71329650969529,21.465556944444447,-32,True,False,1.9837026243862965e-08,computed
IT2013A,development_cv,IT,,41.63889,13.32333,fold3_italy,12.054006044747185,342,352,12.054006169590643,22.598836732954545,-13,True,False,1.248434582379332e-07,computed
IT2019A,development_cv,IT,,41.45452,15.54822,fold3_italy,10.746478861337955,355,353,10.746478873239436,22.110481586402265,-26,True,False,1.1901480689857635e-08,computed
IT2023A,development_cv,IT,,42.73657,11.87643,fold3_italy,8.875623517849203,361,357,8.87562349030471,14.88319355742297,-32,True,False,2.754449290875982e-08,computed
IT2032A,development_cv,IT,,43.47278,11.14194,fold3_italy,10.765217346798154,345,343,10.765217391304347,18.250728862973762,-16,True,False,4.450619250917498e-08,computed
IT2038A,development_cv,IT,,44.05195,8.20694,fold3_italy,8.146827792727855,331,329,8.146827794561933,16.400303951367782,-2,True,False,1.8340777785397222e-09,computed
IT2039A,development_cv,IT,,44.35173,9.22261,fold3_italy,11.213915492953744,355,357,11.213915492957746,21.185042016806722,-26,True,False,4.002131959168764e-12,computed
IT2056A,development_cv,IT,,39.23583,9.115,fold3_italy,13.134877560665489,325,353,13.134877415384615,28.423228895184135,4,False,True,1.452808735535882e-07,computed
IT2063A,development_cv,IT,,45.14833,9.94028,fold3_italy,22.65819177997913,354,351,22.65819209039548,29.15213675213675,-25,True,False,3.1041635040196525e-07,computed
IT2064A,development_cv,IT,,43.27389,12.61167,fold3_italy,9.260355023447085,338,340,9.2603550295858,18.076470588235296,-9,True,False,6.138714425674152e-09,computed
IT2066A,development_cv,IT,,43.35833,12.55722,fold3_italy,12.591176329614887,340,343,12.591176470588236,21.309037900874635,-11,True,False,1.409733485502329e-07,computed
IT2067A,development_cv,IT,,43.31833,12.61861,fold3_italy,12.255255125501398,333,339,12.255255255255255,19.182890855457227,-4,True,False,1.2975385743629886e-07,computed
IT2068A,development_cv,IT,,42.74333,12.66639,fold3_italy,12.89221549627336,334,341,12.892215568862275,19.193548387096776,-5,True,False,7.258891443484572e-08,computed
IT2073A,development_cv,IT,,44.54028,10.79222,fold3_italy,15.616021900149596,362,361,15.616022099447514,24.182825484764543,-33,True,False,1.992979186127286e-07,computed
IT2078A,development_cv,IT,,38.87028,16.66917,fold3_italy,6.453625909677021,262,364,6.453625954198473,15.81098901098901,67,False,True,4.452145141442543e-08,computed
IT2097A,development_cv,IT,,44.15,10.92611,fold3_italy,4.53055559890817,360,347,4.530555555555556,9.861671469740633,-31,True,False,4.335261394317058e-08,computed
IT2100A,development_cv,IT,,43.13308,12.205815,fold3_italy,13.674863362915383,366,366,13.674863387978142,22.743169398907103,-37,True,False,2.5062758979288446e-08,computed
IT2101A,development_cv,IT,,45.0028,7.8375,fold3_italy,18.837911872224495,364,364,18.837912087912088,25.62912087912088,-35,True,False,2.1568759223100642e-07,computed
IT2104A,development_cv,IT,,45.665155,8.16018,fold3_italy,8.038690431874064,336,336,8.038690476190476,13.363095238095237,-7,True,False,4.4316411873523975e-08,computed
IT2107A,development_cv,IT,,44.38333,8.28389,fold3_italy,13.081315674656896,342,347,13.081315789473685,20.84100864553314,-13,True,False,1.1481678896529957e-07,computed
IT2108A,development_cv,IT,,44.375,8.29861,fold3_italy,11.832011384720696,353,356,11.83201133144476,18.91994382022472,-24,True,False,5.327593655124474e-08,computed
IT2109A,development_cv,IT,,42.55192,12.41971,fold3_italy,9.497237562543884,362,362,9.497237569060774,16.135359116022098,-33,True,False,6.516890138641429e-09,computed
IT2113A,development_cv,IT,,42.737210000000005,12.136685,fold3_italy,8.847025490302343,353,354,8.847025495750708,13.861581920903955,-24,True,False,5.448365314464354e-09,computed
IT2114A,development_cv,IT,,43.3675,12.5469,fold3_italy,9.27325579912682,344,344,9.273255813953488,17.002906976744185,-15,True,False,1.4826667893430567e-08,computed
IT2116A,development_cv,IT,,45.2948,8.0434,fold3_italy,18.517914500680902,358,358,18.517914107520106,26.682094399743782,-29,True,False,3.931607963636452e-07,computed
IT2118A,development_cv,IT,,44.4018,7.8146,fold3_italy,14.470254905061838,353,353,14.470254957507082,22.056657223796034,-24,True,False,5.2445244591581286e-08,computed
IT2121A,development_cv,IT,,45.6894,8.4584,fold3_italy,13.332612622752444,354,354,13.332612630541227,19.25272147778433,-25,True,False,7.788782951934081e-09,computed
IT2128A,development_cv,IT,,46.1276,8.2921,fold3_italy,16.135057301853163,348,348,16.135057471264368,21.580459770114942,-19,True,False,1.6941120506430707e-07,computed
IT2129A,development_cv,IT,,45.80518,13.52205,fold3_italy,11.565868212810544,334,332,11.565868263473053,18.31024096385542,-5,True,False,5.066250885477075e-08,computed
IT2131A,development_cv,IT,,45.73162,13.48636,fold3_italy,10.603550262569382,338,338,10.603550295857989,15.896449704142011,-9,True,False,3.32886074261296e-08,computed
IT2134A,development_cv,IT,,42.5342,12.5219,fold3_italy,14.38271588738323,324,333,14.382716049382717,24.465465465465467,5,False,True,1.6199948760231564e-07,computed
IT2141A,development_cv,IT,,41.695,15.3792,fold3_italy,9.38282547525007,361,361,9.382825484764542,19.6005540166205,-32,True,False,9.514470988847279e-09,computed
IT2143A,development_cv,IT,,40.96157,17.28435,fold3_italy,9.610481587097167,353,352,9.610481586402265,19.483522727272728,-24,True,False,6.94901913789181e-10,computed
IT2144A,development_cv,IT,,41.1079,16.7662,fold3_italy,11.727945871655669,344,344,11.727945867302628,23.24275524806671,-15,True,False,4.353040594651247e-09,computed
IT2148A,development_cv,IT,,40.64929,17.51271,fold3_italy,13.898299426386425,315,353,13.898299422776441,20.087488475405614,14,False,True,3.609983423302765e-09,computed
IT2151A,development_cv,IT,,40.48967,18.04731,fold3_italy,10.881992168156694,328,361,10.881992237654556,20.172406106973973,1,False,True,6.949786168775063e-08,computed
IT2152A,development_cv,IT,,45.821945,13.271395,fold3_italy,14.480337018266464,356,353,14.480337078651685,22.56657223796034,-27,True,False,6.038522037954408e-08,computed
IT2155A,development_cv,IT,,44.39703,8.20604,fold3_italy,9.107753375559705,350,355,9.107753401308782,12.405311246602917,-21,True,False,2.5749077536829645e-08,computed
IT2161A,development_cv,IT,,41.77944,14.10361,fold3_italy,8.382596648789034,362,362,8.382596685082873,14.827348066298342,-33,True,False,3.629383904524275e-08,computed
IT2166A,development_cv,IT,,42.34611,14.13778,fold3_italy,14.40423745060744,354,355,14.404237288135594,21.929577464788732,-25,True,False,1.6247184575490792e-07,computed
IT2167A,development_cv,IT,,42.42139,14.27917,fold3_italy,10.879714319127617,350,351,10.879714285714286,18.535327635327633,-21,True,False,3.341333076889441e-08,computed
IT2168A,development_cv,IT,,45.0249,7.6491,fold3_italy,15.759530854434246,341,313,15.759530791788857,21.62619808306709,-12,True,False,6.264538932043706e-08,computed
IT2169A,development_cv,IT,,45.84194,13.30194,fold3_italy,14.410764735203182,353,353,14.410764872521247,21.39943342776204,-24,True,False,1.3731806447481176e-07,computed
IT2170A,development_cv,IT,,45.8108,13.2622,fold3_italy,14.49441337896562,358,357,14.494413407821229,23.41176470588235,-29,True,False,2.885560945742327e-08,computed
IT2172A,development_cv,IT,,42.0993,11.79834,fold3_italy,9.373371206443522,353,352,9.373371218130313,23.12187619318182,-24,True,False,1.1686790202247721e-08,computed
IT2174A,development_cv,IT,,41.45113,12.89173,fold3_italy,12.791643677994076,359,355,12.791643676880222,24.749297295774646,-30,True,False,1.1138538980048907e-09,computed
IT2177A,development_cv,IT,,42.94444,13.87944,fold3_italy,11.811730130879216,341,349,11.811730205278593,23.322063037249286,-12,True,False,7.439937732556245e-08,computed
IT2201A,development_cv,IT,,45.96261,12.65592,fold3_italy,14.263456228062235,353,353,14.263456090651559,22.23512747875354,-24,True,False,1.3741067661499073e-07,computed
IT2202A,development_cv,IT,,40.28839,15.89143,fold3_italy,10.272578413571162,287,341,10.272578397212543,20.824105571847507,42,False,True,1.6358619348011416e-08,computed
IT2203A,development_cv,IT,,40.33486,15.9007,fold3_italy,9.368176455934057,340,343,9.368176470588235,18.135160349854228,-11,True,False,1.4654178315254285e-08,computed
IT2204A,development_cv,IT,,40.32423,15.86736,fold3_italy,13.023791959243091,269,342,13.023791821561339,18.93798245614035,60,False,True,1.376817522213969e-07,computed
IT2205A,development_cv,IT,,40.31562,15.9548,fold3_italy,8.375616040967024,349,344,8.375616045845273,16.523982558139537,-20,True,False,4.878248915929362e-09,computed
IT2209A,development_cv,IT,,44.28561,11.8734,fold3_italy,13.338935559698797,357,353,13.338935574229692,23.246458923512748,-28,True,False,1.4530895597886229e-08,computed
IT2210A,development_cv,IT,,40.83555,14.82459,fold3_italy,13.574201805822176,363,363,13.57420187260737,22.860467346264144,-34,True,False,6.678519426372986e-08,computed
IT2212A,development_cv,IT,,40.92431,14.48133,fold3_italy,23.159489408353306,358,358,23.159490049819187,36.631413518206756,-29,True,False,6.414658813014285e-07,computed
IT2213A,development_cv,IT,,40.71099,14.70244,fold3_italy,12.790493024774385,365,365,12.790492899178854,21.96124575114535,-36,True,False,1.2559553042024163e-07,computed
IT2214A,development_cv,IT,,40.7404,14.64345,fold3_italy,14.258290052840556,355,355,14.258290074038412,24.635175743362833,-26,True,False,2.119785591503387e-08,computed
IT2216A,development_cv,IT,,40.91463,14.29866,fold3_italy,18.052134626096443,365,365,18.052134680288937,27.930290600835864,-36,True,False,5.4192494047811124e-08,computed
IT2218A,development_cv,IT,,40.99052,14.42397,fold3_italy,15.891629237768376,350,350,15.891629046308639,29.45331277865165,-21,True,False,1.9145973695344765e-07,computed
IT2219A,development_cv,IT,,40.94108,14.36981,fold3_italy,20.292081803612913,364,364,20.29208191623236,35.366421003049346,-35,True,False,1.1261944621310249e-07,computed
IT2221A,development_cv,IT,,40.84495,14.20567,fold3_italy,10.856573287425745,362,362,10.856573283157177,20.324711539828044,-33,True,False,4.268567721510408e-09,computed
IT2223A,development_cv,IT,,40.8864,14.34998,fold3_italy,18.92519617164719,363,363,18.925196247832034,32.82140775993113,-34,True,False,7.618484332283515e-08,computed
IT2226A,development_cv,IT,,40.92087,14.38946,fold3_italy,17.166787443059775,345,341,17.166787280504348,35.12455318579049,-16,True,False,1.6255542689691538e-07,computed
IT2227A,development_cv,IT,,40.91882,14.78553,fold3_italy,10.334293983652278,365,365,10.3342940066229,18.45713456838518,-36,True,False,2.2970620960904853e-08,computed
IT2228A,development_cv,IT,,41.11575,14.77998,fold3_italy,15.027567664243689,365,365,15.027567298301522,24.634841897368904,-36,True,False,3.6594216723528916e-07,computed
IT2233A,development_cv,IT,,45.73444,7.30433,fold3_italy,10.033057844187276,363,331,10.03305785123967,16.12688821752266,-34,True,False,7.052394224160707e-09,computed
IT2241A,development_cv,IT,,44.0311,10.13276,fold3_italy,11.834733868866424,357,357,11.834733893557424,21.781512605042018,-28,True,False,2.4690999467225083e-08,computed
IT2243A,development_cv,IT,,45.43301,11.0301,fold3_italy,19.803371011206107,356,354,19.803370786516854,30.559322033898304,-27,True,False,2.2468925209295776e-07,computed
IT2247A,development_cv,IT,,41.76823,12.23704,fold3_italy,9.923268869376006,361,361,9.923268864265928,20.805540941828255,-32,True,False,5.11007769432581e-09,computed
IT2249A,development_cv,IT,,42.15998,11.74271,fold3_italy,6.013829276676591,357,350,6.0138292436974785,16.540000428571428,-28,True,False,3.2979112774000896e-08,computed
IT2251A,development_cv,IT,,42.09884,11.81765,fold3_italy,8.134203029633701,345,347,8.13420304347826,17.29884804034582,-16,True,False,1.3844559276776636e-08,computed
IT2254A,development_cv,IT,,42.16097,11.9,fold3_italy,8.66855539537427,353,357,8.668555382436262,17.10532299719888,-24,True,False,1.2938007998286594e-08,computed
IT2263A,development_cv,IT,,45.62061,13.78378,fold3_italy,10.611111144626385,360,360,10.61111111111111,17.647222222222222,-31,True,False,3.351527411155075e-08,computed
IT2268A,development_cv,IT,,40.61107,14.97584,fold3_italy,9.513855422446213,332,325,9.513855421686747,21.42246153846154,-3,True,False,7.594653794740225e-10,computed
IT2270A,development_cv,IT,,40.81588,14.34927,fold3_italy,10.43124124009572,359,359,10.431241272061062,19.524886544390686,-30,True,False,3.1965342373041494e-08,computed
IT2273A,development_cv,IT,,40.48701,15.52825,fold3_italy,9.299407250783862,351,351,9.299407237038967,17.27712650955462,-22,True,False,1.3744894999945245e-08,computed
IT2280A,development_cv,IT,,45.64049,13.76608,fold3_italy,11.66860469665484,344,347,11.668604651162791,17.740634005763688,-15,True,False,4.5492049238760046e-08,computed
IT2282A,development_cv,IT,,45.4397,8.6204,fold3_italy,15.330508753817991,354,352,15.330508474576272,21.673295454545453,-25,True,False,2.792417195252028e-07,computed
IT2284A,development_cv,IT,,45.7324,7.32189,fold3_italy,10.573298063243111,366,366,10.573298089727695,19.973222660141186,-37,True,False,2.6484583415253837e-08,computed
IT2286A,development_cv,IT,,44.26179,8.44565,fold3_italy,8.76637928782057,348,348,8.766379310344828,17.620977011494254,-19,True,False,2.2524258014300358e-08,computed
IT2294A,development_cv,IT,,44.7043,7.6853,fold3_italy,17.652542061545457,354,358,17.652542372881356,24.97486033519553,-25,True,False,3.113358992834492e-07,computed
IT2298A,development_cv,IT,,44.50842,8.70463,fold3_italy,10.504093575691696,342,342,10.504093567251463,16.058479532163744,-13,True,False,8.440233401074693e-09,computed
IT2299A,development_cv,IT,,44.39951,8.28096,fold3_italy,11.499999947961504,357,358,11.5,20.239106145251398,-28,True,False,5.2038496178852256e-08,computed
IT2300A,development_cv,IT,,45.53861,10.23194,fold3_italy,17.770007772825576,316,336,17.770007848101265,27.125057738095236,13,False,True,7.527568968157539e-08,computed
IT2301A,development_cv,IT,,45.50867,10.25637,fold3_italy,20.225706659089564,354,0,20.225706214689264,,-25,True,False,4.444002996706331e-07,computed
IT2302A,development_cv,IT,,44.31906,9.32947,fold3_italy,6.01322312529088,363,363,6.013223140495868,12.2297520661157,-34,True,False,1.5204988379480255e-08,computed
IT2303A,development_cv,IT,,44.25306,8.44256,fold3_italy,8.217664638672984,334,331,8.217664670658682,14.185498489425981,-5,True,False,3.198569764606418e-08,computed
IT2321A,development_cv,IT,,45.95746,12.50816,fold3_italy,17.492918294057283,353,355,17.492917847025495,24.23380281690141,-24,True,False,4.470317875870933e-07,computed
IT2322A,development_cv,IT,,42.5723,12.67886,fold3_italy,15.286549535088092,342,343,15.286549707602338,32.005830903790084,-13,True,False,1.7251424644371127e-07,computed
IT2323A,development_cv,IT,,44.56784,8.94896,fold3_italy,14.192797896117462,361,361,14.19279778393352,20.28725761772853,-32,True,False,1.1218394213585725e-07,computed
IT2324A,development_cv,IT,,45.93648,13.61613,fold3_italy,12.101408365469029,355,352,12.101408450704225,18.255681818181817,-26,True,False,8.523519667846813e-08,computed
IT2325A,development_cv,IT,,45.79561,13.14656,fold3_italy,13.465015596992476,342,337,13.46501567535481,17.114425336991356,-13,True,False,7.836233351099509e-08,computed
IT2327A,development_cv,IT,,44.43438,8.89251,fold3_italy,11.27196484094444,354,354,11.271964812085482,19.200342872349136,-25,True,False,2.885895789006554e-08,computed
IT2336A,development_cv,IT,,40.40444,16.1191,fold3_italy,4.6969132107689555,311,340,4.696913183279743,20.945264705882355,18,False,True,2.7489212683917685e-08,computed
IT2339A,development_cv,IT,,44.40444,8.96563,fold3_italy,11.9717781021803,351,348,11.971778151665896,20.891850039752796,-22,True,False,4.948559606532399e-08,computed
AT0ENK1,development_cv,AT,,48.39164,13.67086,fold4_alpine,7.574507124857111,353,353,7.574507211784343,11.028700771200304,-24,True,False,8.692723163505889e-08,computed
AT0ILL1,development_cv,AT,,47.77028,16.76639,fold4_alpine,8.997244512125375,366,364,8.997244460138024,12.473926942868882,-37,True,False,5.1987351312732244e-08,computed
AT0PIL1,development_cv,AT,,48.7212,15.936,fold4_alpine,8.815364917089292,366,366,8.815364866293042,12.991908857078883,-37,True,False,5.0796250761209194e-08,computed
AT0ZOE2,development_cv,AT,,47.83828,14.44091,fold4_alpine,3.5043852072443182,366,366,3.5043850263209513,5.858656269162434,-37,True,False,1.8092336695474387e-07,computed
AT10001,development_cv,AT,,47.84011,16.52617,fold4_alpine,11.496320992549052,366,365,11.496320967908677,17.00062125865159,-37,True,False,2.4640375073659015e-08,computed
AT10003,development_cv,AT,,48.10915,17.07032,fold4_alpine,11.293543097782273,333,354,11.293543102102102,17.709996863739892,-4,True,False,4.31982982718182e-09,computed
AT2KA21,development_cv,AT,,46.62556,14.31806,fold4_alpine,10.75052478385302,360,366,10.750524778350751,20.696734353499355,-31,True,False,5.502268862755955e-09,computed
AT2KA71,development_cv,AT,,46.62662,14.29914,fold4_alpine,10.996662678207526,366,365,10.996662714419761,16.9799305955183,-37,True,False,3.621223498839754e-08,computed
AT2WO15,development_cv,AT,,46.83498,14.84346,fold4_alpine,10.993837976681135,365,365,10.993838006510884,19.495319443116117,-36,True,False,2.982974933729565e-08,computed
AT30101,development_cv,AT,,48.1199,14.8788,fold4_alpine,9.132815866412429,366,366,9.132815884728803,13.439031207636297,-37,True,False,1.831637419513754e-08,computed
AT30104,development_cv,AT,,48.19234,14.51954,fold4_alpine,10.54448740363794,366,366,10.544487400297168,18.222637596367733,-37,True,False,3.340771215221139e-09,computed
AT30201,development_cv,AT,,47.9592,16.20573,fold4_alpine,8.497121003990223,366,366,8.497120978134877,13.73178263389418,-37,True,False,2.5855346308389926e-08,computed
AT30301,development_cv,AT,,48.1442,16.95787,fold4_alpine,10.340341472435204,366,366,10.340341472742203,15.362384098610745,-37,True,False,3.069988707693483e-10,computed
AT30407,development_cv,AT,,48.2307,16.6363,fold4_alpine,10.04844113783968,357,357,10.04844113108314,16.18838361949772,-28,True,False,6.756540216201756e-09,computed
AT30599,development_cv,AT,,48.30833,16.32803,fold4_alpine,10.65347520212819,366,366,10.653475192048784,16.81297179744703,-37,True,False,1.007940575448174e-08,computed
AT30701,development_cv,AT,,48.52832,15.94185,fold4_alpine,8.157288334854206,286,366,8.157288240415712,12.898316063341902,43,False,True,9.443849435797347e-08,computed
AT31406,development_cv,AT,,48.08333,16.33722,fold4_alpine,9.254371710895445,355,355,9.254371703905763,14.709188920087753,-26,True,False,6.989681722302521e-09,computed
AT31413,development_cv,AT,,48.0843,16.329,fold4_alpine,9.556534339396508,366,366,9.556534345499486,16.93273659746842,-37,True,False,6.102977678779098e-09,computed
AT31901,development_cv,AT,,48.32945,16.0625,fold4_alpine,10.86219869954366,364,364,10.862198683821354,16.12090492969763,-35,True,False,1.5722305235499334e-08,computed
AT31902,development_cv,AT,,48.34509,15.90706,fold4_alpine,9.882899210867706,364,364,9.882899225714564,13.857075395439884,-35,True,False,1.484685796526719e-08,computed
AT31903,development_cv,AT,,48.33097,15.8578,fold4_alpine,10.314057133797393,366,366,10.31405713406337,15.168387591164675,-37,True,False,2.659774622770783e-10,computed
AT31905,development_cv,AT,,48.32184,15.96462,fold4_alpine,10.091924191722324,363,363,10.091924183673905,15.032178989159457,-34,True,False,8.0484188202945e-09,computed
AT32301,development_cv,AT,,48.2116,15.6325,fold4_alpine,9.99911409494276,363,363,9.999114106040086,14.77442619646626,-34,True,False,1.1097325725017981e-08,computed
AT32701,development_cv,AT,,48.14558,16.4759,fold4_alpine,9.676838064744697,366,366,9.676838072605953,14.677894261317567,-37,True,False,7.861256534624772e-09,computed
AT4S108,development_cv,AT,,48.53111,14.57472,fold4_alpine,6.232991835848359,362,362,6.2329919229836825,9.739917136188543,-33,True,False,8.713532384518885e-08,computed
AT4S125,development_cv,AT,,47.71611,13.63222,fold4_alpine,5.920569484703196,366,366,5.920569612374637,9.035696920370142,-37,True,False,1.2767144053071888e-07,computed
AT4S156,development_cv,AT,,48.25747,13.03923,fold4_alpine,8.987647579148291,366,366,8.98764757458281,12.483749553849266,-37,True,False,4.5654804381456415e-09,computed
AT4S173,development_cv,AT,,48.27975,14.3665,fold4_alpine,9.948453877929422,366,366,9.94845388118278,15.903459599685545,-37,True,False,3.253358471511092e-09,computed
AT4S184,development_cv,AT,,48.30612,14.2975,fold4_alpine,10.111473780201807,366,366,10.11147377409444,14.102976969795408,-37,True,False,6.107367056529256e-09,computed
AT4S217,development_cv,AT,,48.20944,14.43694,fold4_alpine,11.0323698712072,366,366,11.03236990537797,17.75906728777153,-37,True,False,3.417076932521468e-08,computed
AT4S235,development_cv,AT,,47.81586,13.72074,fold4_alpine,4.101452499165903,365,365,4.101452670877606,6.211486791199136,-36,True,False,1.7171170263452495e-07,computed
AT4S404,development_cv,AT,,48.22535,14.23755,fold4_alpine,10.81775418756776,366,366,10.817754189054067,15.660449992888648,-37,True,False,1.4863079655924594e-09,computed
AT4S406,development_cv,AT,,48.1649,14.0366,fold4_alpine,10.062743952772395,366,366,10.062743958297453,14.934353784133512,-37,True,False,5.5250577446486204e-09,computed
AT4S407,development_cv,AT,,48.0009,13.66761,fold4_alpine,9.383825382714589,366,365,9.383825368837899,11.980689177249216,-37,True,False,1.3876690019287707e-08,computed
AT4S409,development_cv,AT,,48.04925,14.44236,fold4_alpine,8.422633509419034,364,364,8.422633522128319,12.540579658023882,-35,True,False,1.2709284291645417e-08,computed
AT4S415,development_cv,AT,,48.32333,14.29778,fold4_alpine,8.653730372495218,366,366,8.653730336392195,14.366243456700655,-37,True,False,3.6103022793554373e-08,computed
AT4S416,development_cv,AT,,48.27329,14.31479,fold4_alpine,10.81727602818063,366,366,10.817276014473615,16.978447407797916,-37,True,False,1.3707015966701874e-08,computed
AT4S431,development_cv,AT,,48.30299,14.28217,fold4_alpine,12.750085225866318,366,366,12.750085202700562,17.171503015840578,-37,True,False,2.316575553606981e-08,computed
AT4S432,development_cv,AT,,47.97386,13.60892,fold4_alpine,9.319852844252717,366,366,9.319852868555078,14.405117614129702,-37,True,False,2.430236101247374e-08,computed
AT51000,development_cv,AT,,47.7974,13.05329,fold4_alpine,6.7874777545229605,366,366,6.787477762388833,13.158551405785513,-37,True,False,7.865872397871954e-09,computed
AT51201,development_cv,AT,,47.81575,13.02801,fold4_alpine,7.038211816156589,365,364,7.0382117950547185,10.882247989452306,-36,True,False,2.1101870473216877e-08,computed
AT52000,development_cv,AT,,47.68259,13.09995,fold4_alpine,8.422096335332386,353,353,8.422096317280452,12.392845642980832,-24,True,False,1.8051933281526544e-08,computed
AT52300,development_cv,AT,,47.69135,13.10815,fold4_alpine,6.4760753915450335,231,365,6.476075283684311,10.891445750798242,98,False,True,1.0786072213164744e-07,computed
AT55032,development_cv,AT,,47.12566,13.80804,fold4_alpine,8.342083884527245,196,366,8.34208386369182,12.106434839276714,133,False,True,2.0835424052734197e-08,computed
AT56072,development_cv,AT,,47.32664,12.79512,fold4_alpine,6.774959103364405,213,360,6.774959036270316,9.356201559977453,116,False,True,6.709408939542527e-08,computed
AT60107,development_cv,AT,,47.04472,15.15278,fold4_alpine,9.866308684458971,366,366,9.866308696675077,18.335958177902448,-37,True,False,1.2216105460538529e-08,computed
AT60138,development_cv,AT,,47.094955,15.414645,fold4_alpine,11.902129879698784,365,364,11.902129879452055,21.650692649102268,-36,True,False,2.467288595653372e-10,computed
AT60164,development_cv,AT,,47.05561,15.4166,fold4_alpine,15.94474740000609,365,366,15.944747446575342,24.22856025070474,-36,True,False,4.656925156609759e-08,computed
AT60170,development_cv,AT,,47.04172,15.43308,fold4_alpine,15.797969082486135,366,366,15.797969198478464,22.46206100138693,-37,True,False,1.1599232863090947e-07,computed
AT60173,development_cv,AT,,47.05008,15.42861,fold4_alpine,15.571122657355255,366,366,15.571122624321182,24.63975895491662,-37,True,False,3.303407325461194e-08,computed
AT60176,development_cv,AT,,47.42567,15.27053,fold4_alpine,9.992880352655476,366,366,9.99288036575439,18.36538672841431,-37,True,False,1.3098913953513147e-08,computed
AT60178,development_cv,AT,,47.2157,15.62839,fold4_alpine,9.848966599105966,362,366,9.848966603062001,19.063527197270087,-33,True,False,3.956035499186328e-09,computed
AT60197,development_cv,AT,,46.77833,15.54056,fold4_alpine,13.468119086559474,362,366,13.468118993243113,19.23785662064396,-33,True,False,9.331636086074013e-08,computed
AT72110,development_cv,AT,,47.26262,11.39236,fold4_alpine,8.879469609313093,366,366,8.879469633830372,14.155228236184907,-37,True,False,2.4517278873759096e-08,computed
AT72519,development_cv,AT,,47.42855,11.8718,fold4_alpine,9.323982924461646,366,366,9.323982935017266,13.896352036161296,-37,True,False,1.0555620377772357e-08,computed
AT72710,development_cv,AT,,47.4476,10.74412,fold4_alpine,6.924706189574236,361,361,6.924706188685081,10.263624907612149,-32,True,False,8.891545277833757e-10,computed
AT72821,development_cv,AT,,47.34877,11.69203,fold4_alpine,8.839339278856434,231,366,8.839339316644708,15.499566732624597,98,False,True,3.7788273843375464e-08,computed
AT72910,development_cv,AT,,46.82773,12.76562,fold4_alpine,9.90126309832164,366,366,9.90126308900875,18.025109257615785,-37,True,False,9.312890014712139e-09,computed
AT80706,development_cv,AT,,47.41084,9.65278,fold4_alpine,7.943305316201962,363,366,7.943305404958679,11.70101050273224,-34,True,False,8.875671664299034e-08,computed
AT80807,development_cv,AT,,47.40945,9.7432,fold4_alpine,7.433122861849411,365,365,7.433122838356165,12.313024189041096,-36,True,False,2.349324645933848e-08,computed
AT900KE,development_cv,AT,,48.15671,16.47605,fold4_alpine,10.40769961145042,366,366,10.407699614097073,16.842767567887343,-37,True,False,2.6466526747981334e-09,computed
AT90A23,development_cv,AT,,48.20306,16.43455,fold4_alpine,10.548751098404272,366,366,10.548751091194754,16.95734249937486,-37,True,False,7.209518315676178e-09,computed
AT90AKC,development_cv,AT,,48.21911,16.34982,fold4_alpine,9.934565264296593,366,366,9.934565280044069,16.81632227035441,-37,True,False,1.5747476211913636e-08,computed
AT90FLO,development_cv,AT,,48.26109,16.39695,fold4_alpine,9.82875048222038,366,366,9.828750472418747,16.035259363981307,-37,True,False,9.801633282791045e-09,computed
AT90LOB,development_cv,AT,,48.16207,16.52561,fold4_alpine,9.21262771269115,364,366,9.212627752150155,13.82751355383901,-35,True,False,3.9459004952391297e-08,computed
AT90TAB,development_cv,AT,,48.21674,16.38092,fold4_alpine,10.116003612697453,366,366,10.116003616818817,17.631427693039086,-37,True,False,4.121364582942988e-09,computed
AT9BELG,development_cv,AT,,48.17435,16.36142,fold4_alpine,9.877831687334783,363,363,9.877831685674503,15.675353398446106,-34,True,False,1.660280801729641e-09,computed
AT9KEND,development_cv,AT,,48.205,16.30975,fold4_alpine,10.112767840325876,366,366,10.112767836639739,15.99042787722737,-37,True,False,3.686137617364693e-09,computed
AT9LIES,development_cv,AT,,48.14125,16.30008,fold4_alpine,10.071390618456023,366,366,10.071390625478708,14.470340529109247,-37,True,False,7.022684656021738e-09,computed
AT9SCHA,development_cv,AT,,48.23537,16.30156,fold4_alpine,9.552726333716956,366,366,9.552726351739139,14.6401083563618,-37,True,False,1.802218285718027e-08,computed
AT9STAD,development_cv,AT,,48.22636,16.45835,fold4_alpine,10.027519463875242,364,364,10.027519472987244,15.606846241239507,-35,True,False,9.112001819744364e-09,computed
CH0002R,development_cv,CH,,46.8131,6.94448,fold4_alpine,6.51310823969708,364,366,6.513108241758242,9.821991803278689,-35,True,False,2.061161907818132e-09,computed
CH0005A,development_cv,CH,,47.4029,8.6134,fold4_alpine,7.2025674317127795,365,365,7.202567397260275,11.106928767123287,-36,True,False,3.4452504849014076e-08,computed
CH0005R,development_cv,CH,,47.0674,8.46333,fold4_alpine,4.673892905375784,338,360,4.673892899408283,6.440388333333333,-9,True,False,5.967500271708559e-09,computed
CH0008A,development_cv,CH,,47.5411,7.58328,fold4_alpine,7.432428901928573,364,366,7.432428846153846,11.270207650273223,-35,True,False,5.5774727059088036e-08,computed
CH0010A,development_cv,CH,,47.3776,8.53041,fold4_alpine,8.060644035815653,364,365,8.060643956043956,11.846159178082193,-35,True,False,7.977169680373208e-08,computed
CH0011A,development_cv,CH,,46.0111,8.9571,fold4_alpine,9.302252480349596,366,366,9.302252459016394,13.632900546448088,-37,True,False,2.1333201871698293e-08,computed
CH0031A,development_cv,CH,,46.951,7.44087,fold4_alpine,8.936186892063906,366,366,8.936186885245903,14.597037158469945,-37,True,False,6.818003939201844e-09,computed
CH0033A,development_cv,CH,,46.1603,8.93394,fold4_alpine,9.023804903127107,366,366,9.023804918032786,13.837492349726777,-37,True,False,1.490567846929025e-08,computed
DEBW004,development_cv,DE,Baden-Wuerttemberg,49.07655,8.40666,fold4_alpine,6.574683598812081,366,366,6.574683636671107,11.441952777334592,-37,True,False,3.7859026136288776e-08,computed
DEBW005,development_cv,DE,Baden-Wuerttemberg,49.54408,8.46528,fold4_alpine,8.307678416942242,366,366,8.30767842034738,13.237061699431557,-37,True,False,3.405137505296807e-09,computed
DEBW009,development_cv,DE,Baden-Wuerttemberg,49.41953,8.6767,fold4_alpine,7.023157901050032,366,366,7.023157951312927,11.010877952559762,-37,True,False,5.026289517928717e-08,computed
DEBW010,development_cv,DE,Baden-Wuerttemberg,49.30073,8.7001,fold4_alpine,6.895681652832511,366,366,6.895681692189176,11.067784702868853,-37,True,False,3.935666459398135e-08,computed
DEBW013,development_cv,DE,Baden-Wuerttemberg,48.8088,9.22974,fold4_alpine,7.627999927575681,366,366,7.627999968133599,12.87765471773802,-37,True,False,4.055791791301999e-08,computed
DEBW015,development_cv,DE,Baden-Wuerttemberg,49.16551,9.22479,fold4_alpine,7.909295555379289,366,366,7.909295651808154,13.870493861448535,-37,True,False,9.642886489302782e-08,computed
DEBW019,development_cv,DE,Baden-Wuerttemberg,48.39684,9.97903,fold4_alpine,7.908036826884734,366,366,7.9080367647234455,12.889670493880086,-37,True,False,6.216128856095793e-08,computed
DEBW022,development_cv,DE,Baden-Wuerttemberg,48.57818,7.80232,fold4_alpine,6.983011476411987,366,366,6.9830114149061,11.802310411513314,-37,True,False,6.150588660602807e-08,computed
DEBW023,development_cv,DE,Baden-Wuerttemberg,47.58815,7.63327,fold4_alpine,6.476100599420888,366,366,6.476100514990957,10.167760133150033,-37,True,False,8.442993060242543e-08,computed
DEBW024,development_cv,DE,Baden-Wuerttemberg,48.89923,9.17279,fold4_alpine,7.286274563278447,366,366,7.286274502997597,12.672883704695261,-37,True,False,6.02808496452667e-08,computed
DEBW027,development_cv,DE,Baden-Wuerttemberg,48.48889,9.20732,fold4_alpine,7.205758168467791,366,366,7.205758127386966,11.350273102811327,-37,True,False,4.108082496401266e-08,computed
DEBW029,development_cv,DE,Baden-Wuerttemberg,48.84792,10.09629,fold4_alpine,6.875229096951096,366,366,6.875229036624261,10.13042133716639,-37,True,False,6.032683508294667e-08,computed
DEBW031,development_cv,DE,Baden-Wuerttemberg,47.80989,7.76453,fold4_alpine,3.1259075106010807,366,366,3.1259075448747042,5.5277575603638205,-37,True,False,3.427362349484042e-08,computed
DEBW033,development_cv,DE,Baden-Wuerttemberg,48.88904,8.66554,fold4_alpine,6.669330584702454,366,366,6.669330545915809,11.388850290266317,-37,True,False,3.8786645006894105e-08,computed
DEBW038,development_cv,DE,Baden-Wuerttemberg,47.66006,9.48568,fold4_alpine,6.94460664162137,366,366,6.944606627830077,10.963929751271733,-37,True,False,1.379129255241196e-08,computed
DEBW039,development_cv,DE,Baden-Wuerttemberg,48.04866,8.4636,fold4_alpine,5.465100342984948,366,366,5.465100423849533,9.19475642900365,-37,True,False,8.086458525013995e-08,computed
DEBW042,development_cv,DE,Baden-Wuerttemberg,48.67807,9.22777,fold4_alpine,7.559740106527915,366,366,7.5597400482083685,13.981388343669556,-37,True,False,5.831954652535387e-08,computed
DEBW046,development_cv,DE,Baden-Wuerttemberg,48.08989,9.80033,fold4_alpine,7.383860270412435,366,366,7.383860238142868,10.204981428105844,-37,True,False,3.22695665744277e-08,computed
DEBW052,development_cv,DE,Baden-Wuerttemberg,47.66436,9.16929,fold4_alpine,6.344442446558084,366,366,6.344442379500216,9.79348628853475,-37,True,False,6.705786770311306e-08,computed
DEBW059,development_cv,DE,Baden-Wuerttemberg,49.63484,9.65792,fold4_alpine,6.8136754897723355,366,366,6.813675579134768,10.215020752255656,-37,True,False,8.936243212076533e-08,computed
DEBW073,development_cv,DE,Baden-Wuerttemberg,47.81902,7.56797,fold4_alpine,6.927798740003845,366,366,6.927798695127633,10.981226062648167,-37,True,False,4.487621207971415e-08,computed
DEBW076,development_cv,DE,Baden-Wuerttemberg,48.77307,8.22021,fold4_alpine,5.987719660592923,366,366,5.9877195743197165,9.621561601389033,-37,True,False,8.627320635667957e-08,computed
DEBW080,development_cv,DE,Baden-Wuerttemberg,49.00796,8.38719,fold4_alpine,7.497496451606608,366,366,7.497496417929713,12.554882730794546,-37,True,False,3.3676895050405165e-08,computed
DEBW081,development_cv,DE,Baden-Wuerttemberg,49.02859,8.35563,fold4_alpine,6.890638857308098,366,366,6.890638818684889,11.42666649061704,-37,True,False,3.8623209519528245e-08,computed
DEBW084,development_cv,DE,Baden-Wuerttemberg,48.00151,7.83212,fold4_alpine,6.185054176309,366,366,6.185054193279977,10.273488765224087,-37,True,False,1.6970976624008927e-08,computed
DEBW087,development_cv,DE,Baden-Wuerttemberg,48.34578,9.20764,fold4_alpine,4.2771317936236,366,366,4.2771318708563335,7.778193223014817,-37,True,False,7.723273309778733e-08,computed
DEBW098,development_cv,DE,Baden-Wuerttemberg,49.49258,8.472175,fold4_alpine,8.903126508997733,366,366,8.903126547244792,15.587089603001504,-37,True,False,3.8247058853357885e-08,computed
DEBW099,development_cv,DE,Baden-Wuerttemberg,48.78313,9.180745000000002,fold4_alpine,9.403177387957015,366,366,9.40317740979006,17.428312906786683,-37,True,False,2.1833043817309772e-08,computed
DEBW107,development_cv,DE,Baden-Wuerttemberg,48.5077,9.05118,fold4_alpine,7.23243772978445,366,366,7.232437817727254,11.845418691096711,-37,True,False,8.794280415003186e-08,computed
DEBW112,development_cv,DE,Baden-Wuerttemberg,48.64561,8.90444,fold4_alpine,6.41998372681575,364,366,6.41998362838381,9.659885817053972,-35,True,False,9.843193993219757e-08,computed
DEBW118,development_cv,DE,Baden-Wuerttemberg,48.788175,9.1912,fold4_alpine,8.623715493527571,366,366,8.623715465049616,17.01811539704624,-37,True,False,2.8477955993366777e-08,computed
DEBW122,development_cv,DE,Baden-Wuerttemberg,47.98837,7.859895,fold4_alpine,6.49081070009617,365,365,6.490810555470419,11.454912725066599,-36,True,False,1.4462575137486056e-07,computed
DEBW125,development_cv,DE,Baden-Wuerttemberg,49.00375,8.52615,fold4_alpine,8.386906086033063,364,362,8.386906131868132,13.655769950276243,-35,True,False,4.583506907351875e-08,computed
DEBW136,development_cv,DE,Baden-Wuerttemberg,48.52023,9.05802,fold4_alpine,8.43886150583532,366,366,8.438861491917443,16.189832917461626,-37,True,False,1.3917876628966042e-08,computed
DEBW147,development_cv,DE,Baden-Wuerttemberg,48.48934,9.210765,fold4_alpine,7.851096636921896,366,366,7.851096664046316,14.278822248108224,-37,True,False,2.712442004337845e-08,computed
DEBW152,development_cv,DE,Baden-Wuerttemberg,49.14602,9.22586,fold4_alpine,8.666554265550811,364,360,8.666554315934066,15.632055886111111,-35,True,False,5.0383254901475993e-08,computed
DEBW156,development_cv,DE,Baden-Wuerttemberg,48.22916,8.39056,fold4_alpine,7.017162198069409,361,363,7.017162235457064,11.974383542699725,-32,True,False,3.7387655638099204e-08,computed
DEBY001,development_cv,DE,Bayern,49.30489,10.5723,fold4_alpine,7.943262373329064,366,365,7.943262340736751,14.739229882535279,-37,True,False,3.259231373675675e-08,computed
DEBY002,development_cv,DE,Bayern,50.05819,12.18865,fold4_alpine,8.067795197819553,366,0,8.06779512804811,,-37,True,False,6.977144373365718e-08,computed
DEBY004,development_cv,DE,Bayern,49.86942,9.17155,fold4_alpine,8.161889684461624,355,0,8.161889646538867,,-26,True,False,3.792275649061594e-08,computed
DEBY005,development_cv,DE,Bayern,49.99152,9.11797,fold4_alpine,7.179422902761571,366,0,7.179422872731598,,-37,True,False,3.002997317480549e-08,computed
DEBY007,development_cv,DE,Bayern,48.37658,10.88837,fold4_alpine,7.734651180147504,364,352,7.734651245460091,13.593734338610124,-35,True,False,6.531258645026128e-08,computed
DEBY009,development_cv,DE,Bayern,49.89833,10.88769,fold4_alpine,7.850393575398637,366,363,7.850393496713816,13.672090152713988,-37,True,False,7.868482043704716e-08,computed
DEBY012,development_cv,DE,Bayern,48.17717,12.82931,fold4_alpine,10.337521239403245,366,366,10.337521239266326,13.768697823914357,-37,True,False,1.369180324672925e-10,computed
DEBY013,development_cv,DE,Bayern,48.18284,12.78139,fold4_alpine,8.051838599328581,366,0,8.051838697029385,,-37,True,False,9.77008038915983e-08,computed
DEBY014,development_cv,DE,,50.26058,10.95931,fold4_alpine,9.09435202806238,366,0,9.09435207487055,,-37,True,False,4.6808169784640086e-08,computed
DEBY031,development_cv,DE,Bayern,47.72514,10.30656,fold4_alpine,6.6744252090309475,366,0,6.674425178441489,,-37,True,False,3.058945807765667e-08,computed
DEBY035,development_cv,DE,Bayern,47.55439,9.69002,fold4_alpine,7.422099499445923,366,359,7.422099415114438,12.61225436794538,-37,True,False,8.433148490638587e-08,computed
DEBY037,development_cv,DE,Bayern,48.13725,11.56493,fold4_alpine,8.788148116889404,364,366,8.788148059379232,18.193352795961534,-35,True,False,5.751017262412006e-08,computed
DEBY039,development_cv,DE,Bayern,48.15453,11.55467,fold4_alpine,6.6915921745348275,350,366,6.691592217140908,13.569239249498086,-21,True,False,4.260608044148739e-08,computed
DEBY052,development_cv,DE,Bayern,48.39708,10.00829,fold4_alpine,7.903199812863848,366,365,7.903199752498255,15.97157043380656,-37,True,False,6.036559341282555e-08,computed
DEBY053,development_cv,DE,Bayern,49.44591,11.08844,fold4_alpine,8.70661935121044,366,0,8.7066193540732,,-37,True,False,2.862760695165889e-09,computed
DEBY058,development_cv,DE,Bayern,49.46223,11.02547,fold4_alpine,8.002076581973773,366,0,8.002076543634402,,-37,True,False,3.8339370789231e-08,computed
DEBY067,development_cv,DE,Bayern,49.32196,12.12814,fold4_alpine,7.913213902970684,350,0,7.913213871755056,,-21,True,False,3.121562741625894e-08,computed
DEBY072,development_cv,DE,Bayern,49.43847,12.54887,fold4_alpine,5.569772727496308,362,325,5.569772831268945,10.093561164543436,-33,True,False,1.0377263670591219e-07,computed
DEBY075,development_cv,DE,Bayern,49.67895,12.15936,fold4_alpine,8.882944463437202,365,0,8.882944462414045,,-36,True,False,1.0231566704987927e-09,computed
DEBY077,development_cv,DE,Bayern,49.8047,9.95642,fold4_alpine,7.477658397733464,366,366,7.477658481978769,13.34051494635574,-37,True,False,8.424530495432236e-08,computed
DEBY088,development_cv,DE,Bayern,48.02166,12.53818,fold4_alpine,7.644853472423114,360,366,7.644853412542088,13.301678729505435,-31,True,False,5.988102635967607e-08,computed
DEBY089,development_cv,DE,Bayern,48.1732,11.64804,fold4_alpine,7.3908471202412604,366,342,7.3908470988398,13.563289393424132,-37,True,False,2.1401460159609087e-08,computed
DEBY099,development_cv,DE,Bayern,48.32601,10.90305,fold4_alpine,6.95800204516974,366,366,6.958002096800826,11.175125837850237,-37,True,False,5.163108518502213e-08,computed
DEBY109,development_cv,DE,Bayern,47.96875,11.22017,fold4_alpine,5.620315028725121,365,306,5.620315128699617,10.167600501104953,-36,True,False,9.997449623710963e-08,computed
DEBY115,development_cv,DE,Bayern,48.14961,11.53651,fold4_alpine,8.61217381777073,366,366,8.612173851565935,18.57136858804785,-37,True,False,3.379520485680132e-08,computed
DEBY118,development_cv,DE,Bayern,48.57362,13.42204,fold4_alpine,10.975207023980104,366,365,10.975207055234423,16.17524084060958,-37,True,False,3.1254318244577917e-08,computed
DEBY121,development_cv,DE,Bayern,47.64846,12.18833,fold4_alpine,8.467076997801623,345,350,8.46707704414224,14.036473929784814,-16,True,False,4.6340616677298385e-08,computed
DEBY124,development_cv,DE,Bayern,49.44452,10.31658,fold4_alpine,7.551440828075594,365,0,7.551440776505787,,-36,True,False,5.156980709131176e-08,computed
DEBY187,development_cv,DE,Bayern,48.95218,10.59772,fold4_alpine,8.1446353356069,366,0,8.144635379596417,,-37,True,False,4.3989517806153344e-08,computed
DEBY198,development_cv,DE,Bayern,48.74262,11.43464,fold4_alpine,9.485371478918523,366,366,9.485371459862794,16.91390803224751,-37,True,False,1.9055729438832714e-08,computed
DEBY200,development_cv,DE,Bayern,48.57663,13.46936,fold4_alpine,9.470010728892698,356,366,9.470010756275602,17.639468558057473,-27,True,False,2.7382904832506938e-08,computed
DEHE001,development_cv,DE,Hessen,49.8723,8.66462,fold4_alpine,8.140122265465124,366,366,8.14012231349799,12.998885934803504,-37,True,False,4.803286657306671e-08,computed
DEHE005,development_cv,DE,Hessen,50.10175,8.54252,fold4_alpine,8.561455695491635,366,366,8.561455727156634,13.890217229720692,-37,True,False,3.166499951134938e-08,computed
DEHE008,development_cv,DE,Hessen,50.12533,8.74634,fold4_alpine,8.453562431523055,366,366,8.453562480173863,14.479458862164183,-37,True,False,4.865080782678888e-08,computed
DEHE011,development_cv,DE,Hessen,50.13577,8.92157,fold4_alpine,8.312079470397027,366,366,8.312079455362607,13.137235239191632,-37,True,False,1.5034419931225784e-08,computed
DEHE013,development_cv,DE,Hessen,51.31425,9.4834,fold4_alpine,8.493641872354353,366,366,8.49364192130415,13.223630349380773,-37,True,False,4.894979710456937e-08,computed
DEHE018,development_cv,DE,Hessen,50.01032,8.45153,fold4_alpine,8.374445847253176,366,366,8.374445899067466,13.163999273346171,-37,True,False,5.1814289747653675e-08,computed
DEHE020,development_cv,DE,Hessen,50.56718,8.50062,fold4_alpine,8.141774896732562,341,365,8.141774930347346,13.992088716567432,-12,True,False,3.3614783845337115e-08,computed
DEHE022,development_cv,DE,Hessen,50.05034,8.24495,fold4_alpine,8.230101123467168,366,365,8.230101128747817,13.541503957623373,-37,True,False,5.28064880711554e-09,computed
DEHE024,development_cv,DE,Hessen,51.29176,9.77459,fold4_alpine,6.331407054067234,364,364,6.3314072215461525,9.753190122015353,-35,True,False,1.6747891873336584e-07,computed
DEHE028,development_cv,DE,Hessen,49.65347,8.81725,fold4_alpine,6.511959403586216,365,365,6.511959354424983,10.206128735742368,-36,True,False,4.91612333064495e-08,computed
DEHE030,development_cv,DE,Hessen,50.80426,8.76932,fold4_alpine,8.290790069516309,363,363,8.29079009812815,13.177180023238192,-34,True,False,2.8611841784709213e-08,computed
DEHE032,development_cv,DE,Hessen,50.97002,9.80026,fold4_alpine,8.430296208199893,365,365,8.430296259206107,13.357110337359623,-36,True,False,5.1006214363269464e-08,computed
DEHE037,development_cv,DE,Hessen,50.07719,8.23032,fold4_alpine,8.190354849362697,366,366,8.190354868904206,13.923231231194572,-37,True,False,1.95415097437035e-08,computed
DEHE040,development_cv,DE,Hessen,49.86946,8.65375,fold4_alpine,8.191789379730626,366,366,8.19178932292652,13.30761034229868,-37,True,False,5.680410630759525e-08,computed
DEHE041,development_cv,DE,Hessen,50.12459,8.69191,fold4_alpine,9.562646513283523,366,366,9.562646518464222,18.355210493330038,-37,True,False,5.180698536833006e-09,computed
DEHE043,development_cv,DE,Hessen,49.82517,8.5168,fold4_alpine,8.201283446975596,357,366,8.201283482797301,13.68644207986997,-28,True,False,3.5821704713612235e-08,computed
DEHE044,development_cv,DE,Hessen,50.38322,8.061,fold4_alpine,7.559092354861739,366,366,7.559092353906582,12.153835499857808,-37,True,False,9.551568425081314e-10,computed
DEHE045,development_cv,DE,Hessen,49.67251,9.00198,fold4_alpine,7.777409536127248,364,364,7.777409601628397,11.944510781704134,-35,True,False,6.550114939329887e-08,computed
DEHE049,development_cv,DE,Hessen,51.31208,9.49112,fold4_alpine,10.20940786873402,365,365,10.2094078687729,18.67553281363492,-36,True,False,3.887912214395328e-11,computed
DEHE050,development_cv,DE,Hessen,51.36076,9.27123,fold4_alpine,6.639977748442312,366,366,6.639977736203356,10.677188196716362,-37,True,False,1.2238955626742154e-08,computed
DEHE051,development_cv,DE,Hessen,50.49771,9.93586,fold4_alpine,4.7164165561328275,366,366,4.716416554396424,7.5258329898161955,-37,True,False,1.7364039095468797e-09,computed
DEHE052,development_cv,DE,Hessen,50.22194,8.44608,fold4_alpine,4.925871728788249,366,366,4.925871600279138,7.6898915878696394,-37,True,False,1.2850911090822592e-07,computed
DEHE059,development_cv,DE,Hessen,50.55003,9.68485,fold4_alpine,8.570727165469837,366,366,8.570727133107805,14.564984139606192,-37,True,False,3.2362031276989e-08,computed
DEHE060,development_cv,DE,Hessen,51.15484,9.03175,fold4_alpine,6.085151862608293,351,366,6.085151793713332,9.750151013460963,-22,True,False,6.889496084738767e-08,computed
DEHE061,development_cv,DE,Hessen,50.58411,8.66858,fold4_alpine,8.908122443479627,365,365,8.908122501004517,14.986333280062711,-36,True,False,5.752488974053449e-08,computed
DEHE062,development_cv,DE,Hessen,50.80701,8.7694,fold4_alpine,8.183615987257316,366,366,8.183615912618935,13.35544257519113,-37,True,False,7.463838080923324e-08,computed
DEHE063,development_cv,DE,Hessen,49.64324,8.642,fold4_alpine,8.505879273106208,366,366,8.50587922005065,13.355409533433049,-37,True,False,5.3055558169035066e-08,computed
DEHE112,development_cv,DE,Hessen,50.07212,8.22887,fold4_alpine,8.74471315228157,366,366,8.744713144401967,14.856967545805075,-37,True,False,7.879602748062098e-09,computed
DEHE116,development_cv,DE,Hessen,50.10149,8.78489,fold4_alpine,9.390254340430502,366,366,9.390254328647158,16.80585413081987,-37,True,False,1.1783344078253322e-08,computed
DEHE131,development_cv,DE,Hessen,50.38643,8.05991,fold4_alpine,9.027467523083216,366,366,9.02746746426058,15.959280447192208,-37,True,False,5.8822635651267774e-08,computed
DEHE134,development_cv,DE,Hessen,50.54638,9.68017,fold4_alpine,7.866858707696258,364,364,7.86685881244023,12.435537303355677,-35,True,False,1.0474397260651358e-07,computed
DEHE135,development_cv,DE,Hessen,50.07546,8.57631,fold4_alpine,7.549984146433133,366,366,7.549984229216631,13.081998400694792,-37,True,False,8.278349739043733e-08,computed
DENW002,development_cv,DE,Nordrhein-Westfalen,51.64138,7.33141,fold4_alpine,10.26862840100646,366,366,10.268628403049082,14.887270266302163,-37,True,False,2.0426220714853116e-09,computed
DENW006,development_cv,DE,Nordrhein-Westfalen,51.592205,7.5698,fold4_alpine,9.174033189486805,181,366,9.17403314917127,14.016256718579289,148,False,True,4.031553402228383e-08,computed
DENW008,development_cv,DE,Nordrhein-Westfalen,51.53691,7.45746,fold4_alpine,9.58235868400827,366,366,9.582358697436941,14.845746868932233,-37,True,False,1.3428671508108891e-08,computed
DENW010,development_cv,DE,Nordrhein-Westfalen,51.54749,7.69384,fold4_alpine,9.96158435788034,366,0,9.961584354156575,,-37,True,False,3.7237661842937086e-09,computed
DENW021,development_cv,DE,Nordrhein-Westfalen,51.525955,6.976895000000001,fold4_alpine,10.138840869107687,366,366,10.138840862713947,14.839305426394054,-37,True,False,6.393740648036328e-09,computed
DENW022,development_cv,DE,Nordrhein-Westfalen,51.53365,7.10179,fold4_alpine,9.28009793594857,366,182,9.280097930567965,13.035164835164835,-37,True,False,5.380604406468592e-09,computed
DENW024,development_cv,DE,Nordrhein-Westfalen,51.49653,6.98104,fold4_alpine,9.506048350511326,366,366,9.506048332575457,14.617718920765027,-37,True,False,1.793586967835381e-08,computed
DENW029,development_cv,DE,Nordrhein-Westfalen,51.40301,7.20857,fold4_alpine,8.108702639039686,366,366,8.108702684298951,12.223713462648067,-37,True,False,4.5259264780384e-08,computed
DENW034,development_cv,DE,Nordrhein-Westfalen,51.524025,6.74838,fold4_alpine,9.621978031844066,182,366,9.621978021978022,16.03037141267917,147,False,True,9.866043981787698e-09,computed
DENW038,development_cv,DE,Nordrhein-Westfalen,51.45346,6.86508,fold4_alpine,8.765320815571952,366,366,8.765320796609544,12.444889339443156,-37,True,False,1.896240853227482e-08,computed
DENW040,development_cv,DE,Nordrhein-Westfalen,51.38526,6.763,fold4_alpine,9.966446658197482,77,366,9.966446645021644,12.113048974831637,252,False,True,1.3175837310086536e-08,computed
DENW042,development_cv,DE,Nordrhein-Westfalen,51.33767,6.64024,fold4_alpine,9.92607777382304,58,366,9.92607777525711,15.272024895445417,271,False,True,1.4340688636593768e-09,computed
DENW043,development_cv,DE,Nordrhein-Westfalen,51.45118,7.0306,fold4_alpine,10.135705635705692,208,366,10.135705628671426,15.507056091727101,121,False,True,7.034266502614628e-09,computed
DENW053,development_cv,DE,Nordrhein-Westfalen,51.01934,6.88464,fold4_alpine,8.247356509999005,306,366,8.24735654827743,11.543040203402946,23,False,True,3.8278425762428014e-08,computed
DENW058,development_cv,DE,Nordrhein-Westfalen,50.87615,6.873805,fold4_alpine,8.455289783202776,366,366,8.455289796383035,12.38667481459797,-37,True,False,1.3180258662259803e-08,computed
DENW059,development_cv,DE,Nordrhein-Westfalen,50.88982,6.98516,fold4_alpine,7.646537628492005,182,365,7.646537721982987,11.809264044916558,147,False,True,9.34909820671237e-08,computed
DENW062,development_cv,DE,Nordrhein-Westfalen,50.75364,7.08268,fold4_alpine,8.189095663214706,366,366,8.189095689200437,12.0286132616,-37,True,False,2.5985730900401904e-08,computed
DENW065,development_cv,DE,Nordrhein-Westfalen,50.93033,8.19192,fold4_alpine,5.092150404992907,366,366,5.0921503107548185,7.310455046866692,-37,True,False,9.423808844388759e-08,computed
DENW066,development_cv,DE,Nordrhein-Westfalen,51.32693,6.19583,fold4_alpine,8.876556360424322,366,366,8.876556401249024,13.25250657172443,-37,True,False,4.082470184130216e-08,computed
DENW067,development_cv,DE,Nordrhein-Westfalen,52.02316,8.548375,fold4_alpine,8.181236105526775,366,366,8.181236196294599,11.438480938374516,-37,True,False,9.076782347960943e-08,computed
DENW068,development_cv,DE,Nordrhein-Westfalen,51.57066,8.14806,fold4_alpine,7.533472109528438,366,366,7.533472107769675,11.184960272909573,-37,True,False,1.7587629130844107e-09,computed
DENW071,development_cv,DE,Nordrhein-Westfalen,51.24921,6.73238,fold4_alpine,9.07280979184146,366,366,9.072809823657574,13.649159768777196,-37,True,False,3.181611418767716e-08,computed
DENW074,development_cv,DE,Nordrhein-Westfalen,50.88348,6.46931,fold4_alpine,8.54355249353845,366,366,8.54355244675634,14.743061085535343,-37,True,False,4.6782108853449245e-08,computed
DENW078,development_cv,DE,Nordrhein-Westfalen,51.30392,6.81997,fold4_alpine,8.717859408975949,363,363,8.717859442034365,12.582402358296848,-34,True,False,3.305841644873908e-08,computed
DENW079,development_cv,DE,Nordrhein-Westfalen,51.02888,7.00506,fold4_alpine,8.104807109307078,366,366,8.104807029000623,11.871096708335923,-37,True,False,8.030645481937881e-08,computed
DENW081,development_cv,DE,Nordrhein-Westfalen,51.86202,6.87451,fold4_alpine,9.592287207278911,366,366,9.5922872386607,14.239156423156283,-37,True,False,3.138178961137328e-08,computed
DENW082,development_cv,DE,Nordrhein-Westfalen,51.21311,6.78256,fold4_alpine,10.523052949965813,366,366,10.523052955698674,16.23349348344365,-37,True,False,5.73286129679218e-09,computed
DENW094,development_cv,DE,Nordrhein-Westfalen,50.754715,6.093875,fold4_alpine,6.998882645317614,179,361,6.998882681564246,12.740580998247154,150,False,True,3.624663236223569e-08,computed
DENW095,development_cv,DE,Nordrhein-Westfalen,51.936545,7.61158,fold4_alpine,9.456502922031245,365,365,9.45650294833963,13.31912327030226,-36,True,False,2.6308384803996887e-08,computed
DENW096,development_cv,DE,Nordrhein-Westfalen,51.15461,6.42561,fold4_alpine,7.634163225323167,365,364,7.634163312499219,12.9991639574031,-36,True,False,8.717605215480262e-08,computed
DENW114,development_cv,DE,Nordrhein-Westfalen,51.27765,7.23189,fold4_alpine,7.9927632148177485,366,364,7.992763160081314,11.543190060395071,-37,True,False,5.4736434940139134e-08,computed
DENW116,development_cv,DE,Nordrhein-Westfalen,51.34256,6.67019,fold4_alpine,10.69599457392507,366,211,10.695994556914869,15.430125132549936,-37,True,False,1.7010201247558143e-08,computed
DENW133,development_cv,DE,Nordrhein-Westfalen,51.36283,7.46353,fold4_alpine,9.972826496632797,366,366,9.97282648955444,14.868154159839921,-37,True,False,7.0783574557253814e-09,computed
DENW136,development_cv,DE,Nordrhein-Westfalen,51.523555,7.48358,fold4_alpine,10.028004457533626,366,366,10.02800446265938,14.965194073936082,-37,True,False,5.125754043433517e-09,computed
DENW179,development_cv,DE,Nordrhein-Westfalen,51.44876,7.58229,fold4_alpine,7.803533262176657,366,366,7.80353323115505,11.426851573451712,-37,True,False,3.1021607505010707e-08,computed
DENW181,development_cv,DE,Nordrhein-Westfalen,51.44301,8.36071,fold4_alpine,7.759261350852804,366,366,7.7592614450816075,17.137284616928373,-37,True,False,9.422880342668805e-08,computed
DENW182,development_cv,DE,Nordrhein-Westfalen,50.92711,6.58221,fold4_alpine,9.067482395258631,366,366,9.067482386807182,14.620251170960188,-37,True,False,8.451449318158666e-09,computed
DENW188,development_cv,DE,Nordrhein-Westfalen,51.47498,6.86366,fold4_alpine,9.807844116044798,366,366,9.80784411239944,14.489709716967914,-37,True,False,3.6453577934025816e-09,computed
DENW189,development_cv,DE,Nordrhein-Westfalen,51.26068,7.14739,fold4_alpine,10.448798627557023,366,366,10.448798624038378,15.109590550690116,-37,True,False,3.5186449309776435e-09,computed
DENW200,development_cv,DE,Nordrhein-Westfalen,52.00562,8.55279,fold4_alpine,9.469138314288148,366,366,9.469138309609532,14.611722354395823,-37,True,False,4.6786166052470435e-09,computed
DENW207,development_cv,DE,Nordrhein-Westfalen,50.77313,6.09577,fold4_alpine,7.657207946922144,363,366,7.657207982673891,12.352481069867979,-34,True,False,3.5751747340384554e-08,computed
DENW208,development_cv,DE,Nordrhein-Westfalen,51.52789,7.0846,fold4_alpine,11.152023958791544,365,365,11.152023994866559,18.01024689497717,-36,True,False,3.607501497526755e-08,computed
DENW211,development_cv,DE,Nordrhein-Westfalen,50.96285,7.0046,fold4_alpine,9.456977744546826,364,364,9.456977725970544,14.718833051403394,-35,True,False,1.857628184609439e-08,computed
DENW212,development_cv,DE,Nordrhein-Westfalen,50.94737,6.9577,fold4_alpine,9.068364071809397,366,366,9.068364056025942,14.234049108605468,-37,True,False,1.578345454333885e-08,computed
DENW247,development_cv,DE,Nordrhein-Westfalen,51.40697,6.96564,fold4_alpine,7.65611040287153,366,365,7.656110378507759,11.486027397260273,-37,True,False,2.4363770556590225e-08,computed
DENW259,development_cv,DE,Nordrhein-Westfalen,51.169435,6.439965,fold4_alpine,9.42213778530991,366,366,9.422137785484097,13.874570565363598,-37,True,False,1.7418599895790976e-10,computed
DENW260,development_cv,DE,Nordrhein-Westfalen,51.953275000000005,7.619384999999999,fold4_alpine,9.643740493700674,366,366,9.643740464863994,14.097744821059592,-37,True,False,2.883668059894262e-08,computed
DENW329,development_cv,DE,Nordrhein-Westfalen,51.03383,6.45148,fold4_alpine,8.121837892273637,364,364,8.12183787404638,13.048135482938113,-35,True,False,1.822725792521851e-08,computed
DENW337,development_cv,DE,Nordrhein-Westfalen,51.0976,6.4695,fold4_alpine,8.880731365858574,252,366,8.880731409283799,17.090192259519814,77,False,True,4.3425224305337906e-08,computed
DENW338,development_cv,DE,Nordrhein-Westfalen,51.48549,6.73543,fold4_alpine,10.405334793115308,363,366,10.405334796348528,17.26359533619491,-34,True,False,3.2332199140228113e-09,computed
DENW355,development_cv,DE,Nordrhein-Westfalen,51.03147,7.01093,fold4_alpine,8.403765556038465,365,365,8.40376558365531,12.514076501580613,-36,True,False,2.7616845699185433e-08,computed
DENW356,development_cv,DE,Nordrhein-Westfalen,51.22761,7.64309,fold4_alpine,8.172205271306074,366,366,8.172205303485118,12.07504600331092,-37,True,False,3.217904342989186e-08,computed
DENW405,development_cv,DE,Nordrhein-Westfalen,51.67355,6.65512,fold4_alpine,8.69628453252928,366,366,8.69628458467236,13.1752650667197,-37,True,False,5.2143080964128785e-08,computed
DENW415,development_cv,DE,Nordrhein-Westfalen,51.47844,6.84252,fold4_alpine,10.073467148867689,366,366,10.073467154553887,15.205169476088312,-37,True,False,5.686198178977975e-09,computed
DENW430,development_cv,DE,Nordrhein-Westfalen,51.20255,6.77635,fold4_alpine,9.474245893990291,366,366,9.474245901957786,14.099215376972753,-37,True,False,7.967495108118783e-09,computed
DENW431,development_cv,DE,Nordrhein-Westfalen,51.27743,6.74429,fold4_alpine,7.989786142960877,366,366,7.989786245084746,11.654863194465248,-37,True,False,1.021238684728587e-07,computed
DERP003,development_cv,DE,Rheinland-Pfalz,49.45538,8.42558,fold4_alpine,11.66762497148605,365,366,11.667625005333177,19.797119642532923,-36,True,False,3.384712599086015e-08,computed
DERP009,development_cv,DE,Rheinland-Pfalz,49.995,8.27397,fold4_alpine,8.817913651442598,366,366,8.817913624609966,15.12164141964253,-37,True,False,2.6832632116224886e-08,computed
DERP010,development_cv,DE,Rheinland-Pfalz,50.00103,8.26113,fold4_alpine,10.399357685277309,360,359,10.399357688618183,15.668859984663019,-31,True,False,3.340874243917824e-09,computed
DERP017,development_cv,DE,Rheinland-Pfalz,49.27026,7.82641,fold4_alpine,4.8870149784782235,363,362,4.887015105699207,9.05812427584042,-34,True,False,1.2722098308159957e-07,computed
DERP019,development_cv,DE,Rheinland-Pfalz,49.446,7.7673,fold4_alpine,8.093172873206786,366,362,8.09317277152231,13.322223580495574,-37,True,False,1.0168447595049201e-07,computed
DERP020,development_cv,DE,Rheinland-Pfalz,49.75423,6.64672,fold4_alpine,7.761919632208902,365,364,7.7619196881971035,12.33515009013325,-36,True,False,5.598820163044138e-08,computed
DERP022,development_cv,DE,Rheinland-Pfalz,49.84213,7.86621,fold4_alpine,8.260317684700231,364,169,8.260317687341388,13.003550295857988,-35,True,False,2.641156626737029e-09,computed
DERP023,development_cv,DE,Rheinland-Pfalz,49.62877,8.36478,fold4_alpine,10.73240469438406,366,366,10.73240468234099,15.281830846810932,-37,True,False,1.204307054081255e-08,computed
DERP024,development_cv,DE,Rheinland-Pfalz,50.3544,7.59658,fold4_alpine,9.035051214715589,366,0,9.035051240961845,,-37,True,False,2.6246256723538863e-08,computed
DERP028,development_cv,DE,Rheinland-Pfalz,50.4243,7.7299,fold4_alpine,5.644109809288217,366,0,5.644109821275762,,-37,True,False,1.1987545178726577e-08,computed
DERP041,development_cv,DE,Rheinland-Pfalz,49.4785,8.44385,fold4_alpine,9.698359350718732,366,366,9.69835932865065,18.487960214971327,-37,True,False,2.2068082472515016e-08,computed
DERP045,development_cv,DE,Rheinland-Pfalz,50.35937,7.59224,fold4_alpine,8.701219906427335,155,365,8.701219917771686,13.70983758245814,174,False,True,1.1344351236175498e-08,computed
DERP046,development_cv,DE,Rheinland-Pfalz,50.4314,7.46081,fold4_alpine,8.654589831359228,363,365,8.65458987812056,15.246211202926608,-34,True,False,4.676133258385562e-08,computed
DERP047,development_cv,DE,Rheinland-Pfalz,49.78402,6.69026,fold4_alpine,9.41633571579207,366,179,9.416335710239519,11.711173184357543,-37,True,False,5.552550419452018e-09,computed
DERP053,development_cv,DE,Rheinland-Pfalz,49.3511,8.423,fold4_alpine,9.62000693880438,366,180,9.620006929462173,13.147777777777778,-37,True,False,9.3422070079896e-09,computed
DESL003,development_cv,DE,Saarland,49.35786,6.73354,fold4_alpine,9.315710240158742,366,366,9.315710220523123,12.433652402949669,-37,True,False,1.9635619352698086e-08,computed
DESL012,development_cv,DE,Saarland,49.23346,6.9876,fold4_alpine,8.0783373072631,366,366,8.078337304185647,11.659956520365526,-37,True,False,3.0774529591326427e-09,computed
DEUB004,development_cv,DE,Baden-Wuerttemberg,47.91325,7.90804,fold4_alpine,4.127725520795408,366,366,4.127725425604949,6.932988296988235,-37,True,False,9.519045907069312e-08,computed
DK0012R,development_cv,DK,,55.69411,12.08867,fold5_north,5.996220852594072,353,361,5.996220963172805,10.781927977839334,-24,True,False,1.1057873283704112e-07,computed
DK0030A,development_cv,DK,,55.69833,12.55334,fold5_north,6.7203844202496725,359,362,6.720384401114206,14.074593922651934,-30,True,False,1.9135466544639712e-08,computed
DK0034A,development_cv,DK,,55.6743,12.5711,fold5_north,9.67257528917897,366,362,9.672575300578758,17.698226519337016,-37,True,False,1.1399787780419501e-08,computed
DK0045A,development_cv,DK,,55.70028,12.5614,fold5_north,6.667836615374111,361,361,6.667836565096953,11.391462603878116,-32,True,False,5.0277158436529135e-08,computed
DK0051A,development_cv,DK,,56.15056,10.20084,fold5_north,7.097863829487653,360,359,7.09786388888889,13.757587743732591,-31,True,False,5.940123681824616e-08,computed
DK0053A,development_cv,DK,,57.04667,9.93085,fold5_north,5.898186851666885,353,0,5.898186968838527,,-24,True,False,1.1717164127844626e-07,computed
DK0056A,development_cv,DK,,56.15978,10.19362,fold5_north,6.25864269329163,333,0,6.258642642642643,,-4,True,False,5.0648987226509234e-08,computed
DK0059A,development_cv,DK,,57.04528,9.915,fold5_north,6.5203835779503585,352,0,6.520383522727273,,-23,True,False,5.5223085659861226e-08,computed
DK0060A,development_cv,DK,,55.6375,12.4617,fold5_north,6.400765138303088,362,0,6.400765193370165,,-33,True,False,5.50670771204409e-08,computed
EE0009R,development_cv,EE,,59.49445,25.93057,fold5_north,4.179395660073366,364,365,4.179395604395604,5.776438356164384,-35,True,False,5.5677761956474114e-08,computed
EE0011R,development_cv,EE,,58.37611,21.84501,fold5_north,4.27178775745809,358,0,4.2717877094972065,,-29,True,False,4.7960883264863696e-08,computed
EE0016A,development_cv,EE,,58.70278,26.7589,fold5_north,3.735245754802542,366,0,3.735245901639344,,-37,True,False,1.4683680182869807e-07,computed
EE0018A,development_cv,EE,,59.41417,24.64946,fold5_north,3.4234637080244363,358,366,3.423463687150838,8.708834244080146,-29,True,False,2.087359840530212e-08,computed
EE0019A,development_cv,EE,,59.40973,27.27862,fold5_north,4.176502858846511,366,364,4.176502732240437,17.097352647352647,-37,True,False,1.2660607406900226e-07,computed
EE0021A,development_cv,EE,,58.37056,26.73472,fold5_north,4.83351790450421,361,364,4.833518005540166,12.119093406593407,-32,True,False,1.0103595649013641e-07,computed
EE0022A,development_cv,EE,,59.37616,28.17917,fold5_north,4.006849493876628,365,364,4.006849315068493,9.98543956043956,-36,True,False,1.7880813540926965e-07,computed
FI00027,development_cv,FI,,64.99473,25.47926,fold5_north,4.373020269467252,365,0,4.373020178993722,,-36,True,False,9.04735300011339e-08,computed
FI00208,development_cv,FI,,60.31439,24.68486,fold5_north,4.124022720156493,366,366,4.124022663594724,7.173155817401675,-37,True,False,5.656176860213691e-08,computed
FI00280,development_cv,FI,,61.05748,28.24585,fold5_north,4.925455710857658,366,0,4.925455610152872,,-37,True,False,1.0070478673185335e-07,computed
FI00349,development_cv,FI,,59.77923,21.37395,fold5_north,4.331311316223721,366,366,4.331311195668727,6.534481778066271,-37,True,False,1.2055499443164308e-07,computed
FI00356,development_cv,FI,,67.96715,24.11233,fold5_north,1.766934171682823,365,362,1.766934161157379,2.7734057474925478,-36,True,False,1.0525444071873835e-08,computed
FI00370,development_cv,FI,,60.28995,25.03953,fold5_north,5.564238168212592,366,366,5.56423820743282,12.017256713903146,-37,True,False,3.9220227954217535e-08,computed
FI00397,development_cv,FI,,63.67912,22.71837,fold5_north,5.1131706697778,366,366,5.11317073425769,12.288981713325084,-37,True,False,6.447989076008298e-08,computed
FI00425,development_cv,FI,,60.18739,24.9506,fold5_north,5.337644236234493,365,366,5.337644135415073,9.082152230888017,-36,True,False,1.0081942036777036e-07,computed
FI00427,development_cv,FI,,68.00049,24.24566,fold5_north,1.93367908458808,364,364,1.9336790665430275,2.8634057900945664,-35,True,False,1.8045052563309127e-08,computed
FI00564,development_cv,FI,,60.16964,24.93924,fold5_north,6.4495194866378585,366,366,6.449519554315685,16.687960979433885,-37,True,False,6.767782689820478e-08,computed
FI00721,development_cv,FI,,61.49307,23.76938,fold5_north,4.117607440158635,366,0,4.117607418101413,,-37,True,False,2.2057222714977343e-08,computed
FI00781,development_cv,FI,,60.22393,25.10244,fold5_north,5.019756433626804,366,366,5.01975647004345,8.544701693575545,-37,True,False,3.6416645698977845e-08,computed
FI00801,development_cv,FI,,61.4991,23.80221,fold5_north,4.193546838090941,363,0,4.193546817628791,,-34,True,False,2.0462150196465245e-08,computed
FI00838,development_cv,FI,,61.50854,23.67583,fold5_north,4.429029863289047,366,366,4.429029676646981,10.014828896190826,-37,True,False,1.8664206624663393e-07,computed
FI00841,development_cv,FI,,60.22024,24.81133,fold5_north,5.8429133512040705,354,354,5.842913336678247,13.965433273239677,-25,True,False,1.4525823210931321e-08,computed
FI00889,development_cv,FI,,60.99129,25.66579,fold5_north,4.734816826011507,366,366,4.734816716703745,10.920305469160601,-37,True,False,1.0930776195294811e-07,computed
FI00928,development_cv,FI,,61.48226,21.81329,fold5_north,6.2439968575310925,366,366,6.24399689415281,13.868467519354011,-37,True,False,3.662171721430241e-08,computed
FI00952,development_cv,FI,,62.23817,25.74788,fold5_north,5.174940143301644,366,366,5.1749402211602575,11.414927689147323,-37,True,False,7.78586137784032e-08,computed
FI00955,development_cv,FI,,62.89553,27.64725,fold5_north,5.044262998316447,366,0,5.044262970042549,,-37,True,False,2.8273897889619093e-08,computed
FI00972,development_cv,FI,,60.24903,24.06947,fold5_north,4.773639948511276,365,365,4.773639837631707,9.55747472504819,-36,True,False,1.1087956863775617e-07,computed
FI01004,development_cv,FI,,60.53774,27.55872,fold5_north,4.39263181216384,366,366,4.392631961410025,6.922134697353261,-37,True,False,1.4924618518818988e-07,computed
IE001AP,development_cv,IE,,53.33629,-6.30902,fold5_north,7.793698615218285,365,365,7.793698630136986,16.783835616438356,-36,True,False,1.4918700941279894e-08,computed
IE001CM,development_cv,IE,,53.03612,-7.28867,fold5_north,8.148633800072442,366,366,8.148633879781421,11.53497267759563,-37,True,False,7.970897897280338e-08,computed
IE001DP,development_cv,IE,,55.3722,-7.3389,fold5_north,7.319827545591599,348,348,7.319827586206897,13.320689655172416,-19,True,False,4.061529867982472e-08,computed
IE001LM,development_cv,IE,,53.94455,-8.08649,fold5_north,6.0337912377824585,364,364,6.033791208791209,9.554945054945055,-35,True,False,2.8991249401144614e-08,computed
IE001WD,development_cv,IE,,52.26381,-7.11791,fold5_north,8.284660854548324,339,339,8.284660766961652,14.000294985250738,-10,True,False,8.758667213726312e-08,computed
IE0028A,development_cv,IE,,53.35389,-6.27806,fold5_north,7.623032067034395,343,358,7.623032069970845,13.130446927374301,-14,True,False,2.9364501941131493e-09,computed
IE0029D,development_cv,IE,,53.35241,-6.24899,fold5_north,8.060223994858767,357,357,8.060224089635854,16.010084033613445,-28,True,False,9.477708751148839e-08,computed
IE002AP,development_cv,IE,,53.36879,-6.17264,fold5_north,6.396317365138733,353,353,6.396317280453258,10.503399433427761,-24,True,False,8.468547552098471e-08,computed
IE002BP,development_cv,IE,,51.88409,-8.53304,fold5_north,6.51355925184801,354,354,6.513559322033899,11.433898305084746,-25,True,False,7.018588910057133e-08,computed
IE002CM,development_cv,IE,,54.00313,-6.39263,fold5_north,8.191977149901824,349,349,8.191977077363896,12.334957020057306,-20,True,False,7.253792766448441e-08,computed
IE002LH,development_cv,IE,,53.7322,-6.32,fold5_north,6.334722327238663,360,360,6.334722222222222,11.930277777777777,-31,True,False,1.0501644087668183e-07,computed
IE002SO,development_cv,IE,,54.26733,-8.48043,fold5_north,7.858725765061059,361,361,7.858725761772853,13.29584487534626,-32,True,False,3.2882052636296066e-09,computed
IE0030D,development_cv,IE,,53.34916,-6.45031,fold5_north,7.2945206254563555,365,365,7.294520547945205,13.045205479452054,-36,True,False,7.751115038701073e-08,computed
IE0036A,development_cv,IE,,53.336905,-6.359465,fold5_north,7.279831897265236,357,357,7.279831932773109,11.489915966386553,-28,True,False,3.550787308626013e-08,computed
IE003AP,development_cv,IE,,53.39025,-6.30527,fold5_north,7.027049265835548,366,366,7.027049180327869,12.430327868852459,-37,True,False,8.550767915949109e-08,computed
IE003CP,development_cv,IE,,52.83972,-6.93167,fold5_north,6.922388033743945,335,335,6.922388059701492,11.325074626865671,-6,True,False,2.595754722278798e-08,computed
IE003DP,development_cv,IE,,52.19333,-6.37667,fold5_north,8.683889396430612,334,365,8.683889446107784,14.773794010958905,-5,True,False,4.967717259773963e-08,computed
IE003WW,development_cv,IE,,53.14987,-6.07031,fold5_north,6.319125820110102,366,366,6.3191256830601095,10.63688524590164,-37,True,False,1.3704999268782103e-07,computed
IE004AP,development_cv,IE,,53.34188,-6.21408,fold5_north,7.103591135537034,362,362,7.1035911602209945,15.500276243093923,-33,True,False,2.468396065324896e-08,computed
IE004DP,development_cv,IE,,52.4792,-8.15638,fold5_north,6.942241240188806,348,348,6.942241379310345,10.673275862068966,-19,True,False,1.391215391777223e-07,computed
IE004KY,development_cv,IE,,52.05828,-9.50488,fold5_north,7.009836227068517,366,366,7.00983606557377,11.311748633879782,-37,True,False,1.614947464645411e-07,computed
IE005AP,development_cv,IE,,53.34584,-6.2948,fold5_north,7.823224105922193,366,366,7.823224043715848,13.244535519125684,-37,True,False,6.220634585218932e-08,computed
IE005CP,development_cv,IE,,52.24706,-7.15163,fold5_north,7.955757578353365,330,330,7.955757575757576,12.235757575757576,-1,True,False,2.5957893612371663e-09,computed
IE005DP,development_cv,IE,,51.855,-8.28778,fold5_north,6.746408866556575,362,362,6.746408839779005,11.532872928176795,-33,True,False,2.6777569495095577e-08,computed
IE005OY,development_cv,IE,,53.3425,-7.0475,fold5_north,12.024309338213438,362,362,12.024309392265193,15.565745856353592,-33,True,False,5.405175507178228e-08,computed
IE006AP,development_cv,IE,,53.34502,-6.25431,fold5_north,7.881741562531784,356,356,7.881741573033708,14.498595505617978,-27,True,False,1.0501924663230966e-08,computed
IE006CP,development_cv,IE,,54.95445,-7.73515,fold5_north,10.304815866302787,353,353,10.304815864022663,14.251558073654392,-24,True,False,2.280124533626804e-09,computed
IE006KE,development_cv,IE,,53.21809,-6.65909,fold5_north,7.151895053339235,343,343,7.151895043731778,11.041107871720117,-14,True,False,9.607457052140944e-09,computed
IE007CP,development_cv,IE,,52.65856,-8.6287,fold5_north,8.00535720006752,336,336,8.005357142857143,12.289285714285715,-7,True,False,5.721037688033448e-08,computed
IE007DP,development_cv,IE,,51.90467,-8.95293,fold5_north,8.002222259620478,360,360,8.002222222222223,11.913611111111111,-31,True,False,3.7398255159359906e-08,computed
IE007GY,development_cv,IE,,53.274,-9.0485,fold5_north,7.701092976141832,366,366,7.701092896174863,13.439071038251365,-37,True,False,7.99669690465521e-08,computed
IE007KE,development_cv,IE,,53.3719,-6.4867,fold5_north,6.718579128072866,366,366,6.718579234972678,10.180601092896175,-37,True,False,1.0689981166933649e-07,computed
IE008CP,development_cv,IE,,53.6556,-6.68933,fold5_north,7.859726050875262,365,365,7.859726027397261,13.50876712328767,-36,True,False,2.3478001764942746e-08,computed
IE0095A,development_cv,IE,,53.358605,-6.357825,fold5_north,7.457058893880037,340,364,7.457058823529412,9.527197802197803,-11,True,False,7.035062488114363e-08,computed
IE0098A,development_cv,IE,,53.34167,-6.28889,fold5_north,6.350270168836831,185,358,6.35027027027027,11.575418994413408,144,False,True,1.0143343942559113e-07,computed
IE009CP,development_cv,IE,,52.26726,-9.69792,fold5_north,11.032240441565753,366,366,11.032240437158471,15.233060109289617,-37,True,False,4.407281650742334e-09,computed
IE0106A,development_cv,IE,,53.36111,-6.225,fold5_north,7.636592189957708,358,358,7.63659217877095,12.23268156424581,-29,True,False,1.1186757298276007e-08,computed
IE0108A,development_cv,IE,,52.63917,-8.95417,fold5_north,4.945000106999535,360,360,4.945,8.35611111111111,-31,True,False,1.0699953456594358e-07,computed
IE010LK,development_cv,IE,,52.6613,-8.6316,fold5_north,6.8552485825355465,362,362,6.85524861878453,11.974309392265193,-33,True,False,3.624898337051263e-08,computed
IE0110A,development_cv,IE,,51.88194,-8.456900000000001,fold5_north,5.005571138774109,359,347,5.005571030640668,11.626224783861671,-30,True,False,1.0813344086813004e-07,computed
IE011CP,development_cv,IE,,53.42478,-7.93766,fold5_north,8.822188430666259,329,329,8.822188449848024,12.064437689969605,0,True,False,1.918176550930184e-08,computed
IE0127A,development_cv,IE,,53.31184,-6.23532,fold5_north,7.2223140056136925,363,363,7.222314049586776,11.395316804407713,-34,True,False,4.397308384085363e-08,computed
IE012CK,development_cv,IE,,52.13405,-8.64071,fold5_north,6.383519496344511,358,358,6.3835195530726265,9.925977653631286,-29,True,False,5.6728115538362545e-08,computed
IE012CP,development_cv,IE,,52.33742,-6.46162,fold5_north,8.814958476786575,361,361,8.814958448753462,13.339612188365653,-32,True,False,2.803311360821681e-08,computed
IE0131A,development_cv,IE,,53.3856,-6.370105000000001,fold5_north,7.275690559335788,362,362,7.275690607734807,12.848618784530386,-33,True,False,4.839901901476651e-08,computed
IE0132A,development_cv,IE,,53.28583,-6.131945,fold5_north,7.473770497998085,366,366,7.473770491803279,11.844808743169398,-37,True,False,6.194805557413474e-09,computed
IE0136A,development_cv,IE,,53.28034,-6.35877,fold5_north,6.214929523054116,355,355,6.2149295774647895,10.414647887323943,-26,True,False,5.441067330025362e-08,computed
IE0137A,development_cv,IE,,52.8432,-8.9893,fold5_north,12.240896286361892,357,357,12.240896358543417,16.002240896358543,-28,True,False,7.218152475729767e-08,computed
IE013CK,development_cv,IE,,51.90168,-8.46206,fold5_north,7.783879800395597,366,366,7.783879781420765,13.78415300546448,-37,True,False,1.8974831483831167e-08,computed
IE0140A,development_cv,IE,,53.4638,-6.2235,fold5_north,6.351506901084732,365,365,6.351506849315069,10.242191780821917,-36,True,False,5.176966322295584e-08,computed
IE0142A,development_cv,IE,,53.725570000000005,-7.79151,fold5_north,9.500277807874388,360,360,9.500277777777777,15.717500000000001,-31,True,False,3.009661142527875e-08,computed
IE0145A,development_cv,IE,,53.68741,-9.0128,fold5_north,5.361538478513999,351,351,5.361538461538462,8.313675213675213,-22,True,False,1.6975536532015667e-08,computed
IE016CK,development_cv,IE,,51.83057,-8.32085,fold5_north,6.454246449257609,365,365,6.4542465753424665,11.451232876712329,-36,True,False,1.2608485722154228e-07,computed
IE028D,development_cv,IE,,53.35274,-6.20385,fold5_north,7.442191739202565,365,365,7.4421917808219185,14.829589041095891,-36,True,False,4.161935329705102e-08,computed
IS0002A,development_cv,IS,,64.05887,-21.99073,fold5_north,3.954492787763012,366,0,3.954492767872356,,-37,True,False,1.9890655789112088e-08,computed
IS0006A,development_cv,IS,,64.13886,-21.87341,fold5_north,4.026985258502949,366,366,4.026985083192288,10.993357854401244,-37,True,False,1.7531066021092556e-07,computed
IS0025A,development_cv,IS,,64.37358,-21.75914,fold5_north,4.917546722954429,366,366,4.917546773931497,5.667099170428447,-37,True,False,5.0977067900248585e-08,computed
IS0037A,development_cv,IS,,64.10495,-21.889,fold5_north,3.9943270767937262,366,366,3.994327032925477,11.5683939880316,-37,True,False,4.386824903335196e-08,computed
IS0046A,development_cv,IS,,64.04416,-21.98535,fold5_north,6.826563504282249,366,305,6.826563354498598,8.45230085020349,-37,True,False,1.4978365125983828e-07,computed
IS0061A,development_cv,IS,,64.15335,-21.886,fold5_north,3.70824736514642,366,366,3.708247512365278,9.65047274416924,-37,True,False,1.4721885799318102e-07,computed
IS0063A,development_cv,IS,,64.08564,-21.82489,fold5_north,2.7850421161207732,366,366,2.785042130033856,7.75558175496951,-37,True,False,1.391308268594571e-08,computed
IS0064A,development_cv,IS,,64.08799,-21.99609,fold5_north,3.5399474437372964,365,365,3.539947308789191,8.268987479501687,-36,True,False,1.349481055790136e-07,computed
LT00002,development_cv,LT,,54.68611,25.210835000000003,fold5_north,6.178846165835086,52,356,6.178846153846154,13.368900516575849,277,False,True,1.1988932513418149e-08,computed
LT00003,development_cv,LT,,54.71528,25.28944,fold5_north,10.847088534717091,354,354,10.847088531215244,22.61022380427817,-25,True,False,3.5018477007042748e-09,computed
LT00012,development_cv,LT,,55.725,24.36557,fold5_north,10.487151659152545,359,359,10.487151662693476,16.388003507584017,-30,True,False,3.540931103884759e-09,computed
LT00021,development_cv,LT,,56.31944,22.87084,fold5_north,8.38150353984848,361,361,8.381503470122972,13.680788245442084,-32,True,False,6.972550714579029e-08,computed
LT00022,development_cv,LT,,55.93784,23.30803,fold5_north,10.588092241287727,331,331,10.588092240450706,20.37009259361929,-2,True,False,8.370211190822374e-10,computed
LT00023,development_cv,LT,,56.30972,22.33139,fold5_north,8.792462775373677,364,364,8.792462743738534,14.117382157014562,-35,True,False,3.163514250559274e-08,computed
LT00041,development_cv,LT,,54.89513,23.98622,fold5_north,13.315769738769074,364,364,13.315769859707336,23.19875729586453,-35,True,False,1.209382620714905e-07,computed
LT00042,development_cv,LT,,55.07222,24.28389,fold5_north,12.45696032054942,366,366,12.456960389254311,20.668691740214623,-37,True,False,6.870489066557184e-08,computed
LT00043,development_cv,LT,,55.28,23.95778,fold5_north,10.463832266306827,365,365,10.463832265628376,16.451776015949818,-36,True,False,6.784510730994953e-10,computed
LT00044,development_cv,LT,,54.88361,23.835835000000003,fold5_north,8.427517355279681,356,351,8.427517362754953,23.855847841477075,-27,True,False,7.475271956991492e-09,computed
LT00053,development_cv,LT,,56.00834,21.88695,fold5_north,7.248700718625442,357,357,7.248700649725715,11.927374136532544,-28,True,False,6.889972681278778e-08,computed
LV0010R,development_cv,LV,,56.16235,21.17333,fold5_north,7.578958743760406,366,366,7.5789587586536955,13.59199598021671,-37,True,False,1.4893289268513854e-08,computed
LV0022A,development_cv,LV,,57.404,21.59032,fold5_north,7.87187581080994,360,360,7.871875737412962,16.526737810297593,-31,True,False,7.339697827291047e-08,computed
LV0026A,development_cv,LV,,56.95485,24.10476,fold5_north,8.956401187678395,366,366,8.956401179382093,18.020478059795593,-37,True,False,8.296302311805448e-09,computed
LV0029A,development_cv,LV,,56.49628,21.01441,fold5_north,11.55262117444602,364,364,11.552621199273732,18.291832250008312,-35,True,False,2.4827711442299005e-08,computed
LV0031A,development_cv,LV,,56.51101,27.33775,fold5_north,10.6777256105512,366,366,10.677725609245472,17.035299744209222,-37,True,False,1.3057270820127087e-09,computed
NO0011A,development_cv,NO,,59.9331,10.725335,fold5_north,6.969200120977507,350,350,6.969200261274738,14.420323001857726,-21,True,False,1.4029723072184197e-07,computed
NO0057A,development_cv,NO,,59.92815,10.847725,fold5_north,7.098080437479221,366,366,7.098080388567583,20.412249765572675,-37,True,False,4.8911638295123794e-08,computed
NO0059A,development_cv,NO,,60.37579,5.341324999999999,fold5_north,5.9728620667452095,366,366,5.972862117487881,12.863090862139686,-37,True,False,5.0742671398040784e-08,computed
NO0060A,development_cv,NO,,63.41845,10.39714,fold5_north,5.049377612650575,366,366,5.049377700091407,15.729638552375302,-37,True,False,8.744083146439152e-08,computed
NO0061A,development_cv,NO,,59.1593,9.63573,fold5_north,7.858726147555201,336,366,7.85872610730086,22.462802352467545,-7,True,False,4.025434119370175e-08,computed
NO0063A,development_cv,NO,,58.14888,7.99183,fold5_north,7.15199948163803,350,350,7.15199956662015,9.503727692656085,-21,True,False,8.49821200077372e-08,computed
NO0065A,development_cv,NO,,58.96152,5.7314,fold5_north,7.84325001045393,366,366,7.843249978770433,13.113983555026257,-37,True,False,3.168349760329647e-08,computed
NO0071A,development_cv,NO,,59.898625,10.814955,fold5_north,7.4495218075892815,365,364,7.4495218717917755,19.283547242218045,-36,True,False,6.420249398786382e-08,computed
NO0073A,development_cv,NO,,59.63944,10.765935,fold5_north,7.062909279106641,364,364,7.0629092690242805,12.464142289501694,-35,True,False,1.0082360724084083e-08,computed
NO0074A,development_cv,NO,,61.11314,10.465635,fold5_north,6.6903555401797625,365,365,6.690355674880185,18.576836937268027,-36,True,False,1.347004223717363e-07,computed
NO0075A,development_cv,NO,,61.12113,10.46629,fold5_north,6.314441575188234,354,354,6.31444160647722,13.765517841532558,-25,True,False,3.128898562465565e-08,computed
NO0076A,development_cv,NO,,58.964195,5.727824999999999,fold5_north,7.37518425522656,353,353,7.375184273937335,10.483294340639926,-24,True,False,1.87107751514759e-08,computed
NO0083A,development_cv,NO,,59.919375,10.69645,fold5_north,8.55702547633439,345,345,8.557025390593443,21.78400788457499,-16,True,False,8.574094678692745e-08,computed
NO0084A,development_cv,NO,,59.245975,10.9474,fold5_north,9.943350984721572,361,361,9.943351004781979,14.540329283225798,-32,True,False,2.0060406669131225e-08,computed
NO0093A,development_cv,NO,,59.911325,10.703935,fold5_north,7.912287006167302,364,366,7.912286998273329,24.40799743679843,-35,True,False,7.893973474892846e-09,computed
NO0095A,development_cv,NO,,59.9325,10.66987,fold5_north,7.1939889163553055,358,358,7.193988886504105,19.04561668232592,-29,True,False,2.985120062248825e-08,computed
NO0103A,development_cv,NO,,60.79089,10.6967,fold5_north,6.217575650541405,358,358,6.217575579592972,14.061582479936327,-29,True,False,7.094843290644803e-08,computed
NO0108A,development_cv,NO,,60.46267,5.33245,fold5_north,4.082618404914416,363,363,4.082618365621722,7.1753538320643555,-34,True,False,3.929269354330245e-08,computed
NO0109A,development_cv,NO,,60.36114,5.23686,fold5_north,5.1414373962098345,366,366,5.141437376334622,10.801256897261549,-37,True,False,1.9875212586839552e-08,computed
NO0110A,development_cv,NO,,59.27378,11.08919,fold5_north,9.101663785607975,361,361,9.101663793968086,13.22766332090035,-32,True,False,8.360110825833544e-09,computed
NO0112A,development_cv,NO,,59.43347,10.66176,fold5_north,8.662558729285697,361,361,8.662558754952572,19.527336864377244,-32,True,False,2.566687484772956e-08,computed
NO0114A,development_cv,NO,,59.91822,10.58393,fold5_north,8.42711457016766,357,357,8.427114606053225,13.859523480214017,-28,True,False,3.5885564741988674e-08,computed
NO0115A,development_cv,NO,,59.0573,9.69557,fold5_north,7.299158482403761,338,338,7.299158440854521,13.257205039454906,-9,True,False,4.154923960442147e-08,computed
NO0118A,development_cv,NO,,59.13354,9.6219,fold5_north,10.500150179586363,366,366,10.500150180456625,17.177464293055028,-37,True,False,8.702620846179343e-10,computed
NO0119A,development_cv,NO,,60.88364,11.5593,fold5_north,7.522017626023471,366,366,7.522017644610677,16.761294336499038,-37,True,False,1.858720555247828e-08,computed
NO0120A,development_cv,NO,,60.39593,5.31267,fold5_north,5.453511811122855,355,355,5.453511799816863,9.032409936626054,-26,True,False,1.130599169840707e-08,computed
NO0121A,development_cv,NO,,60.29427,5.32462,fold5_north,5.1704660808981195,357,357,5.170466109032814,10.624966041382443,-28,True,False,2.8134694574077912e-08,computed
NO0122A,development_cv,NO,,59.92556,10.85037,fold5_north,9.811242688504269,347,347,9.811242667282619,21.887449338933504,-18,True,False,2.1221650214897636e-08,computed
NO0123A,development_cv,NO,,66.31219,14.14992,fold5_north,6.745874980400815,363,363,6.74587496154243,15.3246309043086,-34,True,False,1.8858385075759543e-08,computed
NO0125A,development_cv,NO,,58.95188,5.72188,fold5_north,7.463683212382993,353,353,7.463683260229092,11.201028273573305,-24,True,False,4.784609952679375e-08,computed
NO0126A,development_cv,NO,,67.2755,14.41906,fold5_north,3.4492085077841814,366,366,3.449208575481099,10.73313694382496,-37,True,False,6.769691740515782e-08,computed
NO0127A,development_cv,NO,,68.79223,16.53742,fold5_north,4.678777152637412,338,338,4.678777300971186,10.630401269817868,-9,True,False,1.4833377370848666e-07,computed
NO0128A,development_cv,NO,,59.26373,10.41117,fold5_north,6.017466389057627,366,366,6.017466475022804,13.032169459652858,-37,True,False,8.596517719894337e-08,computed
NO0129A,development_cv,NO,,59.92861,10.9532,fold5_north,9.37161037340002,356,356,9.371610320700379,17.858924492590877,-27,True,False,5.2699641983622314e-08,computed
NO0130A,development_cv,NO,,60.88593,10.93785,fold5_north,10.311906877067624,366,366,10.31190688320945,19.48505052947765,-37,True,False,6.141824826499942e-09,computed
NO0135A,development_cv,NO,,59.74953,10.1653,fold5_north,9.406258471277836,366,366,9.406258478790553,15.154574336430182,-37,True,False,7.512717559166049e-09,computed
NO0136A,development_cv,NO,,59.75362,10.1444,fold5_north,8.526736052095162,364,364,8.526735985503455,20.043871163558663,-35,True,False,6.659170637135503e-08,computed
NO0140A,development_cv,NO,,59.91405,10.73598,fold5_north,8.308072854539992,355,355,8.308072921856812,12.06162386855912,-26,True,False,6.731682056226873e-08,computed
NO0141A,development_cv,NO,,58.97265,5.7265,fold5_north,6.416202131707681,353,353,6.416202031502424,8.084892935017464,-24,True,False,1.002052574250456e-07,computed
NO0143A,development_cv,NO,,59.91694,10.766,fold5_north,8.641520823704882,334,334,8.641520787475939,15.524969290125282,-5,True,False,3.622894340082894e-08,computed
NO0148A,development_cv,NO,,68.43541,17.42491,fold5_north,3.907919282651916,366,366,3.9079191368683786,11.380676732719209,-37,True,False,1.4578353724203907e-07,computed
NO0150A,development_cv,NO,,59.92845,10.80186,fold5_north,12.185637539071625,363,363,12.185637470643336,43.57998429513601,-34,True,False,6.842828881303831e-08,computed
NO0151A,development_cv,NO,,60.79646,11.09676,fold5_north,10.455725649809157,357,357,10.455725655585818,18.091837293137996,-28,True,False,5.776660927381272e-09,computed
NO0152A,development_cv,NO,,59.90826,10.74947,fold5_north,11.270699895323258,334,334,11.270699913060474,17.21683600799271,-5,True,False,1.7737216140290002e-08,computed
SE0001A,development_cv,SE,,55.60639,13.00196,fold5_north,7.042559655230562,366,366,7.0425595028206285,11.15149306907958,-37,True,False,1.524099335625806e-07,computed
SE0003A,development_cv,SE,,59.31722,18.048920000000003,fold5_north,5.623008231828935,366,366,5.623008294478103,16.007108618877208,-37,True,False,6.264916763143447e-08,computed
SE0004A,development_cv,SE,,57.70902,11.97024,fold5_north,7.448901644318939,330,330,7.448901565536862,12.85184086858556,-1,True,False,7.878207686218275e-08,computed
SE0005R,development_cv,SE,,63.8455,15.31973,fold5_north,2.549657183180323,365,283,2.5496572875749144,3.626630482587954,-36,True,False,1.0439459119382377e-07,computed
SE0022A,development_cv,SE,,59.31601,18.05781,fold5_north,4.501581978414549,366,366,4.501582105958351,8.116291119987451,-37,True,False,1.2754380218638062e-07,computed
SE0058A,development_cv,SE,,55.58475,13.00623,fold5_north,7.567034209006533,363,366,7.56703427714385,13.407012985735832,-34,True,False,6.813731712185245e-08,computed
SE0059A,development_cv,SE,,63.82886,20.25849,fold5_north,5.0737825760537625,359,359,5.073782553440769,16.991898095747562,-30,True,False,2.2612993255677338e-08,computed
SE0066A,development_cv,SE,,59.83238,18.63131,fold5_north,3.36897134769342,366,366,3.3689714698953654,5.82495581755343,-37,True,False,1.2220194545164986e-07,computed
SE0071A,development_cv,SE,,59.4422,17.92332,fold5_north,4.522210259627198,365,365,4.5222101410310955,11.313956483939561,-36,True,False,1.1859610271613974e-07,computed
SE0085A,development_cv,SE,,56.04718,12.69163,fold5_north,7.424664438785832,366,366,7.424664490593749,12.40818151489953,-37,True,False,5.1807917067492326e-08,computed
SE0095A,development_cv,SE,,62.38856,17.30889,fold5_north,5.485787063003851,366,366,5.485787084391414,16.67197937011907,-37,True,False,2.138756283187604e-08,computed
SE0117A,development_cv,SE,,57.63693,18.30357,fold5_north,7.394794395621023,359,359,7.394794470736492,18.08470920069794,-30,True,False,7.511546851191042e-08,computed
SE09569,development_cv,SE,,62.38646,17.30323,fold5_north,4.962508204834731,361,361,4.96250813548496,16.34110608067211,-32,True,False,6.934977125894193e-08,computed
SE156417,development_cv,SE,,59.85709,17.64631,fold5_north,4.999725059370921,360,360,4.999725048335536,14.49436830819106,-31,True,False,1.1035385050206514e-08,computed
SE157992,development_cv,SE,,59.3405,18.03702,fold5_north,5.404799044904284,366,366,5.404798987344039,15.934021689824563,-37,True,False,5.7560245458887493e-08,computed
SE159388,development_cv,SE,,60.08583,17.50528,fold5_north,3.7811288653245008,366,366,3.7811288558447846,6.770414820401319,-37,True,False,9.479716123195203e-09,computed
SE159402,development_cv,SE,,59.44592,17.95499,fold5_north,4.797464239855008,366,366,4.797464199228195,12.796471853972271,-37,True,False,4.062681302485771e-08,computed
SE159404,development_cv,SE,,59.86052,17.6376,fold5_north,3.884501513042696,356,356,3.884501454233377,7.365911266835007,-27,True,False,5.880931919222121e-08,computed
SE165095,development_cv,SE,,60.2814,15.9891,fold5_north,5.458501775087933,366,366,5.458501751597707,16.82486480359547,-37,True,False,2.34902266527115e-08,computed
SE181002,development_cv,SE,,56.87988,14.79927,fold5_north,6.882045494426324,341,341,6.882045564930256,10.18842629838355,-12,True,False,7.050393246998965e-08,computed
SE181259,development_cv,SE,,63.17391,14.64109,fold5_north,5.437972137366293,366,366,5.43797214411874,26.350684227702004,-37,True,False,6.752447490043778e-09,computed
SE181993,development_cv,SE,,56.66419,16.33362,fold5_north,6.812982384276474,364,364,6.812982398437042,12.784321108113614,-35,True,False,1.4160568717613842e-08,computed
SE274590,development_cv,SE,,57.69371,11.95677,fold5_north,7.10065709393743,352,352,7.100657045177855,13.987933833020863,-23,True,False,4.8759575044243775e-08,computed
SE274652,development_cv,SE,,59.43364,17.94974,fold5_north,4.788383442627049,361,361,4.788383457523849,13.803357665458808,-32,True,False,1.4896799349628509e-08,computed
SE301111,development_cv,SE,,58.59152,16.17788,fold5_north,5.004811565911375,357,357,5.004811532405068,11.524853234803608,-28,True,False,3.350630706222546e-08,computed
SE301113,development_cv,SE,,58.59204,16.18933,fold5_north,4.458747957332821,366,366,4.45874802053635,9.042290185039993,-37,True,False,6.320352952116082e-08,computed
SE301757,development_cv,SE,,59.36426,17.97628,fold5_north,4.856340148333705,355,355,4.856340033323856,12.689841199305626,-26,True,False,1.150098487556761e-07,computed
SE313381,development_cv,SE,,57.63993,18.30972,fold5_north,5.912927452557222,366,366,5.9129273937517555,9.968997699159269,-37,True,False,5.880546627423655e-08,computed
SE338683,development_cv,SE,,60.67617,17.13764,fold5_north,5.6617925037279555,362,362,5.661792457969983,16.776680649310567,-33,True,False,4.575797252215352e-08,computed
SE338685,development_cv,SE,,58.41239,15.63008,fold5_north,5.077570434100569,366,366,5.077570404244195,14.136410501790234,-37,True,False,2.9856374261783e-08,computed
SE343956,development_cv,SE,,59.37667,13.49034,fold5_north,5.666642347515626,366,366,5.6666423140888575,13.353378078720203,-37,True,False,3.3426768020206055e-08,computed
SE344172,development_cv,SE,,59.6077,16.53592,fold5_north,6.193639122736489,366,366,6.193639055122039,19.3396251403918,-37,True,False,6.761445003888866e-08,computed
SE363072,development_cv,SE,,59.23663,17.83619,fold5_north,4.90755067414831,366,366,4.907550579036984,13.15571268133266,-37,True,False,9.511132592621152e-08,computed
SE363816,development_cv,SE,,56.10229,13.42008,fold5_north,5.899247391791588,358,358,5.8992473830538215,10.164674284283992,-29,True,False,8.737766954425297e-09,computed
SE37479,development_cv,SE,,59.489,17.91992,fold5_north,4.629284886353567,357,357,4.629284859926597,10.803813435332804,-28,True,False,2.642696994570315e-08,computed
SE37658,development_cv,SE,,63.8208,20.2893,fold5_north,3.943991724767405,360,0,3.943991666666667,,-31,True,False,5.810073799850102e-08,computed
SE38350,development_cv,SE,,55.70334,13.18028,fold5_north,6.281235318898432,33,366,6.28123525,11.863933028175625,296,False,True,6.889843184865185e-08,computed
SE429526,development_cv,SE,,57.6281,18.32356,fold5_north,8.39069861602185,366,366,8.390698679510278,23.73047878900512,-37,True,False,6.348842696013435e-08,computed
BA0029A,development_cv,BA,,43.8675,18.42306,fold6_balkan_e,25.40410892360851,357,357,25.404107924241284,31.890752060237663,-28,True,False,9.993672271946252e-07,computed
BA0032A,development_cv,BA,,44.53472,18.66168,fold6_balkan_e,25.12989409745457,363,0,25.129893052189704,,-34,True,False,1.045264866661455e-06,computed
BA0043A,development_cv,BA,,43.8301,18.3111,fold6_balkan_e,25.838499036326077,362,362,25.83849824078956,31.293746252701727,-33,True,False,7.955365184386665e-07,computed
BA0045A,development_cv,BA,,44.5332,18.5347,fold6_balkan_e,24.750340495106688,336,0,24.750339327263262,,-7,True,False,1.167843425520232e-06,computed
BA0047A,development_cv,BA,,45.07,17.59,fold6_balkan_e,33.3939183402549,363,366,33.393917667867115,37.74849770690685,-34,True,False,6.723877845615789e-07,computed
BA0058A,development_cv,BA,,44.8077,15.8664,fold6_balkan_e,21.935364758187152,357,357,21.935364619923767,28.037639045832197,-28,True,False,1.3826338474132172e-07,computed
BA0061A,development_cv,BA,,43.9,18.342,fold6_balkan_e,28.66676673426863,365,365,28.666766834150142,36.46374904154251,-36,True,False,9.988151106199439e-08,computed
BA0062A,development_cv,BA,,44.225,17.667,fold6_balkan_e,23.45514954361054,345,182,23.45514902604222,46.45318922908406,-16,True,False,5.175683170932643e-07,computed
BA0065A,development_cv,BA,,44.798,17.204,fold6_balkan_e,32.34282050422839,341,341,32.34282009900208,38.737477651374945,-12,True,False,4.0522630939676674e-07,computed
BG0020A,development_cv,BG,,43.0742,25.60488,fold6_balkan_e,14.27585150767539,323,358,14.275851393188855,24.915642458100557,6,False,True,1.1448653403078879e-07,computed
BG0039A,development_cv,BG,,42.4342,25.63152,fold6_balkan_e,17.023224435753086,366,0,17.023224043715846,,-37,True,False,3.920372400045835e-07,computed
BG0045A,development_cv,BG,,43.85137,25.96409,fold6_balkan_e,14.649522596931329,356,359,14.64952247191011,31.096239554317545,-27,True,False,1.2502121826685197e-07,computed
BG0046A,development_cv,BG,,42.57828,23.11398,fold6_balkan_e,16.81369009942619,336,341,16.813690476190477,25.906744868035194,-7,True,False,3.767642873242494e-07,computed
BG0050A,development_cv,BG,,42.68056,23.29679,fold6_balkan_e,12.652182467952064,362,362,12.65218232044199,28.463756906077347,-33,True,False,1.4751007526569992e-07,computed
BG0051A,development_cv,BG,,42.14289,24.76524,fold6_balkan_e,16.667213509475275,366,362,16.667213114754098,29.592044198895028,-37,True,False,3.947211766330838e-07,computed
BG0053R,development_cv,BG,,41.69434,24.73808,fold6_balkan_e,6.927214554495106,359,354,6.9272144846796655,9.210564971751412,-30,True,False,6.981544053985544e-08,computed
BG0070A,development_cv,BG,,42.63719,23.24386,fold6_balkan_e,8.301227540396328,334,303,8.30122754491018,12.875247524752474,-5,True,False,4.513852402965313e-09,computed
BG0075A,development_cv,BG,,43.22439,27.91573,fold6_balkan_e,10.989943373096931,353,365,10.989943342776204,25.28227397260274,-24,True,False,3.0320727262278524e-08,computed
HR0005A,development_cv,HR,,45.32079,14.48351,fold6_balkan_e,8.04281840690966,361,362,8.042818424622151,14.240175760876257,-32,True,False,1.771249102944239e-08,computed
HR0010A,development_cv,HR,,45.15947,17.9951,fold6_balkan_e,25.16595091010249,366,0,25.16595081967213,,-37,True,False,9.043036186540121e-08,computed
HR0011A,development_cv,HR,,45.69803,18.83464,fold6_balkan_e,11.00764837083937,363,365,11.007648400630995,15.250494867123635,-34,True,False,2.9791625166808444e-08,computed
HR0012A,development_cv,HR,,46.16906,15.66064,fold6_balkan_e,13.32741962408466,366,366,13.327419583324707,17.568207004523188,-37,True,False,4.075995363450602e-08,computed
HR0013A,development_cv,HR,,44.89933,15.60978,fold6_balkan_e,7.05675371820729,366,366,7.056753763377681,11.72826460668088,-37,True,False,4.517039098317355e-08,computed
HR0015A,development_cv,HR,,45.2912,13.74978,fold6_balkan_e,6.363283602802879,352,357,6.3632836287285865,12.087827043976864,-23,True,False,2.592570780279857e-08,computed
HR0017A,development_cv,HR,,44.02109,15.51611,fold6_balkan_e,7.275879505462179,366,366,7.275879520156454,14.467675247385639,-37,True,False,1.4694274241833227e-08,computed
HR0021A,development_cv,HR,,45.83437,15.97839,fold6_balkan_e,13.892975559435088,366,0,13.892975409836065,,-37,True,False,1.4959902294719996e-07,computed
HR0022A,development_cv,HR,,43.51065,16.44934,fold6_balkan_e,9.66675414397964,362,362,9.666754143646408,17.357226519337015,-33,True,False,3.332321085736112e-10,computed
HR0023A,development_cv,HR,,43.54812,16.43496,fold6_balkan_e,9.867615390995624,364,364,9.867615384615384,20.80267032967033,-35,True,False,6.380240336056886e-09,computed
HR0031A,development_cv,HR,,45.32079,14.48351,fold6_balkan_e,7.712888071131045,366,0,7.712887978142076,,-37,True,False,9.298896852527605e-08,computed
HR0035A,development_cv,HR,,45.48563,16.76852,fold6_balkan_e,22.805120358964277,357,0,22.805119958102594,,-28,True,False,4.008616834028089e-07,computed
HR0037A,development_cv,HR,,46.16129,16.84325,fold6_balkan_e,18.574731729351953,364,0,18.57473148860908,,-35,True,False,2.4074287452435783e-07,computed
HR0039A,development_cv,HR,,45.55772,18.73086,fold6_balkan_e,15.6067631089297,363,0,15.60676308539945,,-34,True,False,2.3530249748660026e-08,computed
HR0043A,development_cv,HR,,43.50417,16.45333,fold6_balkan_e,8.39453595115751,351,351,8.394535991116095,17.91745562513526,-22,True,False,3.9958585773547384e-08,computed
HR0044A,development_cv,HR,,43.50417,16.45333,fold6_balkan_e,8.436622929163603,366,0,8.436622950819672,,-37,True,False,2.1656068938114004e-08,computed
HR0045A,development_cv,HR,,42.64483,18.08517,fold6_balkan_e,7.234223011530504,364,365,7.23422303394786,18.587142251737003,-35,True,False,2.241735597152683e-08,computed
HR0046A,development_cv,HR,,45.71485,16.06829,fold6_balkan_e,20.775336171926128,366,0,20.77533606557377,,-37,True,False,1.0635235625500172e-07,computed
HU0017A,development_cv,HU,,47.86667,19.93333,fold6_balkan_e,9.408630948107982,336,336,9.408630952380953,14.781398809523811,-7,True,False,4.272971310115281e-09,computed
HU0022A,development_cv,HU,,47.43084,19.18417,fold6_balkan_e,7.407407457294433,297,345,7.407407407407407,21.849275362318842,32,False,True,4.9887025177497435e-08,computed
HU0023A,development_cv,HU,,47.51333,21.62445,fold6_balkan_e,19.98311931451001,54,350,19.98311898148148,21.908571428571427,275,False,True,3.3302853097438856e-07,computed
HU0026A,development_cv,HU,,48.24722,20.6164,fold6_balkan_e,18.286207052714666,348,348,18.286206896551725,23.629310344827587,-19,True,False,1.5616294035680767e-07,computed
HU0029A,development_cv,HU,,46.08028,18.21112,fold6_balkan_e,11.609539539345384,304,362,11.609539473684212,20.676795580110497,25,False,True,6.566117249917625e-08,computed
HU0030A,development_cv,HU,,46.07111,18.22529,fold6_balkan_e,14.346874874354445,352,352,14.346875,24.50284090909091,-23,True,False,1.2564555618155282e-07,computed
HU0033A,development_cv,HU,,46.97611,18.93611,fold6_balkan_e,13.17404141694056,339,340,13.174041297935103,21.988235294117647,-10,True,False,1.1900545615617375e-07,computed
HU0034A,development_cv,HU,,47.09111,17.90112,fold6_balkan_e,12.377744757637991,337,341,12.377744807121662,17.592375366568916,-8,True,False,4.948367049451008e-08,computed
HU0037A,development_cv,HU,,47.10528,17.55667,fold6_balkan_e,13.456546104568448,359,359,13.456545961002785,18.729805013927578,-30,True,False,1.435656624693138e-07,computed
HU0039A,development_cv,HU,,47.79,18.74612,fold6_balkan_e,13.339080428635596,348,344,13.339080459770114,18.299418604651162,-19,True,False,3.1134518962971924e-08,computed
HU0044A,development_cv,HU,,48.47389,21.21168,fold6_balkan_e,13.303921520298168,357,357,13.303921568627452,19.27170868347339,-28,True,False,4.8329283686143754e-08,computed
HU0056A,development_cv,HU,,47.52278,19.06972,fold6_balkan_e,12.840700432665116,357,0,12.840700280112046,,-28,True,False,1.5255307062034262e-07,computed
HU0057A,development_cv,HU,,46.26661,20.15305,fold6_balkan_e,11.96590915503446,352,345,11.965909090909092,21.47536231884058,-23,True,False,6.412536812661074e-08,computed
ME0008A,development_cv,ME,,42.10383,19.09431,fold6_balkan_e,7.212567424053834,366,0,7.212567445237669,,-37,True,False,2.1183835130500484e-08,computed
RO0065A,development_cv,RO,,44.44727,26.03669,fold6_balkan_e,12.920710412339792,366,271,12.92071038251366,25.07649040590406,-37,True,False,2.9826132674770633e-08,computed
RO0069A,development_cv,RO,,44.41949,26.03364,fold6_balkan_e,12.091497275469782,336,362,12.091497321428571,25.521092468905103,-7,True,False,4.59587887746693e-08,computed
RO0070A,development_cv,RO,,44.43504,26.0983,fold6_balkan_e,14.126876142174767,339,221,14.126876106194691,27.769373415276934,-10,True,False,3.5980075807628964e-08,computed
RO0071A,development_cv,RO,,44.34922,26.03083,fold6_balkan_e,12.027076801883922,329,338,12.027076899696048,21.68289319526627,0,True,False,9.781212639836667e-08,computed
RO0072A,development_cv,RO,,44.64903,26.14448,fold6_balkan_e,19.54626772659279,352,283,19.54626792847131,18.127403533568902,-23,True,False,2.0187851745845364e-07,computed
RO0074A,development_cv,RO,,46.77503,23.59662,fold6_balkan_e,16.310990540801882,366,366,16.310990862657682,20.13499665417831,-37,True,False,3.218558006778949e-07,computed
RO0077A,development_cv,RO,,47.14501,23.87739,fold6_balkan_e,22.07308101758866,366,356,22.07308184379175,27.331858014817374,-37,True,False,8.262030917194352e-07,computed
RO0079A,development_cv,RO,,44.31914,23.79671,fold6_balkan_e,11.999939311128156,362,365,11.999939226820354,16.337380723995814,-33,True,False,8.430780162882456e-08,computed
RO0084A,development_cv,RO,,47.15095,27.58192,fold6_balkan_e,15.496289122909698,353,357,15.49628895184136,27.534089635854343,-24,True,False,1.710683381617173e-07,computed
RO0087A,development_cv,RO,,47.13574,27.69309,fold6_balkan_e,14.033911416753956,365,365,14.033911293693262,26.85490404565898,-36,True,False,1.2306069407941322e-07,computed
RO0092A,development_cv,RO,,46.06428,23.56352,fold6_balkan_e,15.470745834473504,356,0,15.470745786516854,,-27,True,False,4.7956650206515405e-08,computed
RO0111A,development_cv,RO,,47.12737,24.49549,fold6_balkan_e,19.37979663532375,348,0,19.37979683908046,,-19,True,False,2.0375670928274303e-07,computed
RO0112A,development_cv,RO,,47.73992,26.65852,fold6_balkan_e,10.311338585439737,254,341,10.311338582677164,26.235454545454548,75,False,True,2.7625723930668755e-09,computed
RO0119A,development_cv,RO,,45.65222,25.58306,fold6_balkan_e,13.99091051405522,333,327,13.990910510510512,20.213077981651374,-4,True,False,3.544707638525324e-09,computed
RO0126A,development_cv,RO,,44.20176,27.32796,fold6_balkan_e,12.312348217008338,362,0,12.312348066298341,,-33,True,False,1.5070999737076818e-07,computed
RO0142A,development_cv,RO,,45.43154,28.05474,fold6_balkan_e,14.463021132395514,227,341,14.463021145374448,17.83832697947214,102,False,True,1.2978933483509536e-08,computed
RO0154A,development_cv,RO,,45.87141,22.90859,fold6_balkan_e,14.80392565898314,348,0,14.803925862068965,,-19,True,False,2.0308582548977938e-07,computed
RO0159A,development_cv,RO,,44.56497,27.36608,fold6_balkan_e,11.93189667236558,348,0,11.931896551724138,,-19,True,False,1.2064144172541091e-07,computed
RO0176A,development_cv,RO,,44.93924,26.02583,fold6_balkan_e,15.602637708265958,364,350,15.602637362637362,23.989857142857144,-35,True,False,3.4562859596576345e-07,computed
RO0205A,development_cv,RO,,46.63214,27.73089,fold6_balkan_e,12.11239056381576,343,0,12.112390670553937,,-14,True,False,1.0673817740780578e-07,computed
RO0211A,development_cv,RO,,47.21564,27.76873,fold6_balkan_e,17.129916117701494,356,0,17.12991573033708,,-27,True,False,3.8736441609898975e-07,computed
RO0219A,development_cv,RO,,45.13399,24.67663,fold6_balkan_e,13.651892181624945,339,292,13.65189203539823,17.59922705479452,-10,True,False,1.462267142926521e-07,computed
RO0220A,development_cv,RO,,44.42884,24.36884,fold6_balkan_e,12.855100959729787,366,366,12.855101092896174,22.81159289617486,-37,True,False,1.331663863624044e-07,computed
RO0222A,development_cv,RO,,45.13581,25.74695,fold6_balkan_e,15.062404014637783,366,317,15.0624043715847,22.013501577287066,-37,True,False,3.569469164688144e-07,computed
RO0223A,development_cv,RO,,45.70226,25.44714,fold6_balkan_e,19.93567592901845,360,260,19.935675555555555,29.06698769230769,-31,True,False,3.734628961638009e-07,computed
RO0226A,development_cv,RO,,43.81685,28.56623,fold6_balkan_e,11.670426879935029,360,357,11.670426944444444,19.65953193277311,-31,True,False,6.450941469893223e-08,computed
RO0227A,development_cv,RO,,45.86476,25.78332,fold6_balkan_e,16.71161182376192,335,349,16.711611940298507,24.427679083094556,-6,True,False,1.1653658660293331e-07,computed
RO0229A,development_cv,RO,,44.49181,26.03093,fold6_balkan_e,12.2365444803278,366,366,12.236544539298905,26.07837213114754,-37,True,False,5.8971105332261686e-08,computed
RO0230A,development_cv,RO,,44.46039,25.98738,fold6_balkan_e,17.26365851322415,354,355,17.263658806393693,27.27185323943662,-25,True,False,2.9316954197611267e-07,computed
RO0231A,development_cv,RO,,44.36974,25.9748,fold6_balkan_e,16.590664849386645,349,302,16.59066515628798,33.4210857615894,-20,True,False,3.069013345680105e-07,computed
RO0233A,development_cv,RO,,44.42548,26.091,fold6_balkan_e,15.217364983060149,366,366,15.217365153605703,19.52937663366426,-37,True,False,1.7054555456752496e-07,computed
RO0234A,development_cv,RO,,44.45076,26.1303,fold6_balkan_e,15.895925407434436,366,366,15.895925216681631,27.726832360918692,-37,True,False,1.9075280555114205e-07,computed
RO0235A,development_cv,RO,,44.44618,26.06627,fold6_balkan_e,15.1428753603041,366,366,15.142875190123815,16.905410206329663,-37,True,False,1.7018028408699593e-07,computed
RO0236A,development_cv,RO,,44.46806,26.14091,fold6_balkan_e,18.03680101303584,364,366,18.036801244186943,32.419505733703616,-35,True,False,2.3115110181493037e-07,computed
RO0237A,development_cv,RO,,44.43214,26.14021,fold6_balkan_e,24.046795240169363,366,366,24.04679436490836,36.33642971825995,-37,True,False,8.752610014539641e-07,computed
RO0238A,development_cv,RO,,44.41974,26.13615,fold6_balkan_e,25.182126800956453,365,365,25.182127986204637,36.02963693982057,-36,True,False,1.1852481840435303e-06,computed
RO0239A,development_cv,RO,,44.43411,26.04233,fold6_balkan_e,10.494382840345404,366,366,10.49438282039329,11.7903863150392,-37,True,False,1.9952114627130868e-08,computed
RO0241A,development_cv,RO,,44.39268,26.12042,fold6_balkan_e,17.147881487152862,366,366,17.14788120233229,29.577288908327755,-37,True,False,2.8482057246037584e-07,computed
RO0242A,development_cv,RO,,44.38614,26.13041,fold6_balkan_e,16.652696873595644,366,366,16.652697196483725,25.40741308307595,-37,True,False,3.2288808071712083e-07,computed
RO0243A,development_cv,RO,,44.41851,26.1492,fold6_balkan_e,13.985898831284848,366,366,13.985898687859487,20.3269997118454,-37,True,False,1.4342536047706744e-07,computed
RO0244A,development_cv,RO,,44.47031,26.00246,fold6_balkan_e,20.45772807251426,366,366,20.45772790257041,27.160829173148556,-37,True,False,1.699438492153149e-07,computed
RO0245A,development_cv,RO,,44.4071,26.11314,fold6_balkan_e,15.121494276953214,366,366,15.12149413192731,19.190306023695182,-37,True,False,1.450259041746449e-07,computed
RO0246A,development_cv,RO,,44.30011,26.12012,fold6_balkan_e,17.591911265507793,364,366,17.59191164610378,23.566205284077224,-35,True,False,3.8059598850281873e-07,computed
RO0247A,development_cv,RO,,44.49926,26.13543,fold6_balkan_e,15.65302483283322,363,363,15.653025071132124,20.414066309882873,-34,True,False,2.3829890416493527e-07,computed
RO0248A,development_cv,RO,,44.48824,26.18419,fold6_balkan_e,19.520945167498088,365,365,19.520945574199214,27.625079750866774,-36,True,False,4.067011261099651e-07,computed
RO0249A,development_cv,RO,,44.38578,26.24713,fold6_balkan_e,17.192146091847718,366,366,17.192145723475463,19.88357507785831,-37,True,False,3.683722553660118e-07,computed
RO0250A,development_cv,RO,,44.55027,26.07054,fold6_balkan_e,16.459820164195456,353,352,16.45982037255736,18.85695255685866,-24,True,False,2.0836190373074714e-07,computed
RO0251A,development_cv,RO,,44.56106,25.9471,fold6_balkan_e,14.74303063314644,364,364,14.743030598298912,17.482966273222576,-35,True,False,3.4847527530246225e-08,computed
RO0252A,development_cv,RO,,45.29934,21.87213,fold6_balkan_e,10.685718449397022,315,330,10.685718412698412,20.289109999999997,14,False,True,3.6698610372809526e-08,computed
RO0253A,development_cv,RO,,44.91519,25.46655,fold6_balkan_e,12.824636575428364,365,358,12.824636712328767,21.290587709497206,-36,True,False,1.3690040212566146e-07,computed
RO0255A,development_cv,RO,,45.05019,23.27398,fold6_balkan_e,24.74435653137269,348,0,24.74435632183908,,-19,True,False,2.0953361001829762e-07,computed
RO0257A,development_cv,RO,,47.19514,23.04705,fold6_balkan_e,14.814444075874814,362,256,14.814444198895028,20.84581015625,-33,True,False,1.2302021445975697e-07,computed
RO0258A,development_cv,RO,,45.69455,21.89308,fold6_balkan_e,13.282813680730063,354,364,13.28281384180791,20.068543406593406,-25,True,False,1.610778461724749e-07,computed
RO0262A,development_cv,RO,,44.55968,23.52724,fold6_balkan_e,18.547665114769455,347,362,18.547665129682997,29.44395303867403,-18,True,False,1.4913542401018276e-08,computed
RO0263A,development_cv,RO,,47.93056,23.8889,fold6_balkan_e,30.5981176335788,365,0,30.59811780821918,,-36,True,False,1.746403803792873e-07,computed
RS0028A,development_cv,RS,,44.79875,20.45018,fold6_balkan_e,21.317670374827475,361,361,21.31767063857219,32.22250982758018,-32,True,False,2.637447131803583e-07,computed
RS0029A,development_cv,RS,,45.26263,19.81902,fold6_balkan_e,17.35928234144612,366,366,17.359282137855796,26.91358068155262,-37,True,False,2.0359032504302377e-07,computed
RS0030A,development_cv,RS,,43.31655,21.91355,fold6_balkan_e,36.00295118963324,365,365,36.00295034861866,36.24718740308006,-36,True,False,8.410145753146026e-07,computed
RS0032A,development_cv,RS,,44.82112,20.45911,fold6_balkan_e,21.611368136245915,366,366,21.611367730922662,33.479464115416064,-37,True,False,4.0532325229492017e-07,computed
RS0033A,development_cv,RS,,43.32255,21.91903,fold6_balkan_e,25.38032092056719,366,366,25.38032053692758,38.322339470974896,-37,True,False,3.8363960896958815e-07,computed
RS0049A,development_cv,RS,,45.20839,19.72171,fold6_balkan_e,17.98135121173732,366,366,17.981351624731555,28.309676260755996,-37,True,False,4.129942361430494e-07,computed
RS0050A,development_cv,RS,,44.66408,20.92673,fold6_balkan_e,22.32123192579292,366,366,22.321232240124843,28.921790900955088,-37,True,False,3.143319240450637e-07,computed
RS0051A,development_cv,RS,,44.65948,20.2045,fold6_balkan_e,26.657795800951455,366,366,26.657797074663556,45.888778623256975,-37,True,False,1.273712101124147e-06,computed
RS0052A,development_cv,RS,,44.00294,19.90517,fold6_balkan_e,30.482628212817936,363,363,30.48262879045961,42.384803326761734,-34,True,False,5.776416749370128e-07,computed
RS0053A,development_cv,RS,,43.91059,21.50839,fold6_balkan_e,21.599368241373757,359,359,21.599367983704585,58.7433684387413,-30,True,False,2.5766917133296374e-07,computed
RS0054A,development_cv,RS,,43.85426,19.84318,fold6_balkan_e,30.516178674974487,366,366,30.51617757270897,46.1394573965471,-37,True,False,1.1022655179715457e-06,computed
RS0055A,development_cv,RS,,43.1397,20.51635,fold6_balkan_e,41.31696448730704,366,366,41.31696636412093,49.833017336661804,-37,True,False,1.8768138900782105e-06,computed
SI0001A,development_cv,SI,,46.23451,15.26248,fold6_balkan_e,14.892537458406576,335,343,14.892537313432836,22.857142857142858,-6,True,False,1.4497373967969907e-07,computed
SI0002A,development_cv,SI,,46.55887,15.6513,fold6_balkan_e,11.700872209844595,366,364,11.700872221990807,22.541208791208792,-37,True,False,1.2146211147978647e-08,computed
SI0003A,development_cv,SI,,46.06554,14.51272,fold6_balkan_e,14.033057876074247,363,331,14.03305785123967,21.477341389728096,-34,True,False,2.4834577061483287e-08,computed
SI0008R,development_cv,SI,,45.561245,14.86043,fold6_balkan_e,6.753541106323683,353,360,6.753541076487252,11.022222222222222,-24,True,False,2.9836431103547056e-08,computed
SI0033A,development_cv,SI,,46.65209,16.19132,fold6_balkan_e,15.149390568432962,366,359,15.149390313891384,20.342618384401113,-37,True,False,2.5454157714932535e-07,computed
SI0034A,development_cv,SI,,45.95557,13.65239,fold6_balkan_e,11.598885813967389,359,362,11.598885793871867,18.3121546961326,-30,True,False,2.009552169113249e-08,computed
SI0036A,development_cv,SI,,46.13139,15.00084,fold6_balkan_e,15.314793902572822,366,362,15.314793849682035,20.861878453038674,-37,True,False,5.289078686132598e-08,computed
SI0037A,development_cv,SI,,46.14391,15.08329,fold6_balkan_e,11.933321622132857,366,338,11.93332163787349,19.653846153846153,-37,True,False,1.5740633685368266e-08,computed
SI0038A,development_cv,SI,,45.54301,13.71352,fold6_balkan_e,10.29778843069891,366,366,10.297788451154451,15.350796455871592,-37,True,False,2.0455541260844257e-08,computed
SI0059A,development_cv,SI,,46.56835,15.62612,fold6_balkan_e,11.103746353727692,347,361,11.103746397694524,16.157894736842106,-18,True,False,4.3966831952957364e-08,computed
SI0061A,development_cv,SI,,45.80182,15.17726,fold6_balkan_e,13.658896733640036,366,363,13.658896810997666,18.705234159779614,-37,True,False,7.735762963534398e-08,computed
SI0071A,development_cv,SI,,46.65776,16.15923,fold6_balkan_e,17.821560410404192,366,366,17.821560675870813,23.799001930515832,-37,True,False,2.6546662112991726e-07,computed
SI0072A,development_cv,SI,,46.07209,14.48712,fold6_balkan_e,14.674025881592028,366,363,14.674026034958507,22.831955922865014,-37,True,False,1.5336647862795871e-07,computed
SI0073A,development_cv,SI,,46.24179,14.36224,fold6_balkan_e,13.687732584227648,366,361,13.687732620343542,19.717451523545705,-37,True,False,3.611589427521267e-08,computed
SI0074A,development_cv,SI,,46.15751,15.05395,fold6_balkan_e,13.30492659815537,366,366,13.30492661005289,17.5223142372096,-37,True,False,1.1897519414105773e-08,computed
SI0075A,development_cv,SI,,46.03749,14.48927,fold6_balkan_e,14.811303598981986,366,366,14.811303727248044,20.25390362758529,-37,True,False,1.282660573309613e-07,computed
SI0076A,development_cv,SI,,46.23566,15.24624,fold6_balkan_e,15.600837145239188,366,363,15.600836882340356,21.647382920110193,-37,True,False,2.6289883159336114e-07,computed
SI0077A,development_cv,SI,,46.4255,15.87651,fold6_balkan_e,14.214894612329262,366,366,14.21489462643953,19.303561844773977,-37,True,False,1.4110268509170965e-08,computed
XK0001A,development_cv,XK,,42.51721,21.10923,fold6_balkan_e,12.7967241269424,338,338,12.796724019130757,18.270223470450233,-9,True,False,1.0781164405671007e-07,computed
XK0002A,development_cv,XK,,42.39347,21.09264,fold6_balkan_e,17.80559249225216,344,344,17.805592295137345,27.784579522150853,-15,True,False,1.9711481513695617e-07,computed
XK0003A,development_cv,XK,,42.62557,20.89621,fold6_balkan_e,10.351997886369816,342,342,10.351997867470693,15.090381101362194,-13,True,False,1.889912226715751e-08,computed
XK0004A,development_cv,XK,,42.8918,20.8689,fold6_balkan_e,13.891689219446684,344,344,13.891689297534178,20.19524060751138,-15,True,False,7.808749380444624e-08,computed
XK0005A,development_cv,XK,,42.6657,20.3051,fold6_balkan_e,13.063595606865528,342,342,13.063595716759005,19.0718532545037,-13,True,False,1.098934774290683e-07,computed
XK0006A,development_cv,XK,,42.2199,20.7279,fold6_balkan_e,10.07811270394093,329,329,10.078112696483728,13.998773799386816,0,True,False,7.457201078864273e-09,computed
XK0008A,development_cv,XK,,42.154,21.296,fold6_balkan_e,10.689903185982264,342,342,10.689903172102897,14.9351897287393,-13,True,False,1.3879366989044684e-08,computed
XK0009A,development_cv,XK,,42.4678,21.4604,fold6_balkan_e,16.43960095520802,344,344,16.43960123763129,20.52160651095441,-15,True,False,2.8242326877148116e-07,computed
XK0010A,development_cv,XK,,42.6779,21.0528,fold6_balkan_e,9.81646417153904,344,344,9.816464172026153,15.064497505205866,-15,True,False,4.871125725003367e-10,computed
XK0011A,development_cv,XK,,42.6839,21.0733,fold6_balkan_e,15.10603913956908,342,342,15.106039376671706,20.494606086333093,-13,True,False,2.3710262553322536e-07,computed
XK0012A,development_cv,XK,,42.6597,21.0833,fold6_balkan_e,11.39627706627303,340,340,11.396277047566148,17.451075137737696,-11,True,False,1.8706881377283935e-08,computed
GR0001A,development_cv,GR,,39.36671,22.94292,fold7_balkan_s,14.525333881130782,366,355,14.52533378035685,27.112851148217924,-37,True,False,1.0077393319818384e-07,computed
GR0003A,development_cv,GR,,37.98807,23.72762,fold7_balkan_s,17.41952134837502,357,350,17.41952101245015,26.70379777043076,-28,True,False,3.3592487014288963e-07,computed
GR0018A,development_cv,GR,,40.63372,22.9451,fold7_balkan_s,16.205669159474454,356,364,16.205669180810887,35.96059798734339,-27,True,False,2.1336433064789162e-08,computed
GR0030A,development_cv,GR,,37.943975,23.64637,fold7_balkan_s,10.998204230750543,359,359,10.998204193364758,37.05925352048944,-30,True,False,3.7385785134347316e-08,computed
GR0035A,development_cv,GR,,38.06871,23.78294,fold7_balkan_s,13.971074182906104,357,361,13.971074157937457,25.765287479592548,-28,True,False,2.496864759393702e-08,computed
GR0037A,development_cv,GR,,38.14352,23.7582,fold7_balkan_s,11.739888413287956,360,364,11.739888373502504,20.167409528674142,-31,True,False,3.97854513778384e-08,computed
GR0038A,development_cv,GR,,38.05132,23.53843,fold7_balkan_s,14.871596933796647,347,348,14.871597144589252,30.803703180877097,-18,True,False,2.107926047045794e-07,computed
GR0039A,development_cv,GR,,37.99511,23.81942,fold7_balkan_s,9.97283664382494,363,365,9.972836658560603,22.870073868475206,-34,True,False,1.4735663356191253e-08,computed
GR0047A,development_cv,GR,,40.58892,23.03169,fold7_balkan_s,8.603632375277545,365,358,8.603632355860748,18.406980212102745,-36,True,False,1.9416797059079727e-08,computed
GR0048A,development_cv,GR,,38.24647,21.73451,fold7_balkan_s,14.59168741910254,315,335,14.591687363015845,26.65094009456812,14,False,True,5.608669439993719e-08,computed
GR0110R,development_cv,GR,,38.3753,23.1103,fold7_balkan_s,15.43967087155218,340,336,15.439671020582146,26.953590105618446,-11,True,False,1.4902996703369809e-07,computed
GR0410A,development_cv,GR,,39.67117,20.8466,fold7_balkan_s,24.392256803657084,359,359,24.392255855847356,34.07301252197401,-30,True,False,9.478097275916753e-07,computed
GR0422A,development_cv,GR,,39.56082,21.77015,fold7_balkan_s,18.636386881816776,366,366,18.636386969361894,39.1480452058893,-37,True,False,8.754511782171903e-08,computed
GR0423A,development_cv,GR,,39.36581,21.91922,fold7_balkan_s,17.32769194847354,340,340,17.32769168057119,30.156144326155513,-11,True,False,2.6790235096996184e-07,computed
GR0451A,development_cv,GR,,40.29408,21.7909,fold7_balkan_s,10.378029369790523,366,366,10.378029364513683,18.644867715439705,-37,True,False,5.276840298051866e-09,computed
GR0455A,development_cv,GR,,40.0847,21.43868,fold7_balkan_s,12.315964913636924,366,366,12.315964914875863,20.687215249822685,-37,True,False,1.238939617564938e-09,computed
GR0456A,development_cv,GR,,40.5133,21.25326,fold7_balkan_s,12.860205107352956,341,341,12.860204966736267,22.180237058619053,-12,True,False,1.4061668807130445e-07,computed
MK0030A,development_cv,MK,,42.00361,21.46362,fold7_balkan_s,22.218021831697325,366,366,22.218022116122917,32.762666926481494,-37,True,False,2.8442559241170784e-07,computed
MK0031A,development_cv,MK,,41.97833,21.47,fold7_balkan_s,28.813795909392898,363,359,28.813796051107765,49.325930061261104,-34,True,False,1.4171486739655847e-07,computed
MK0034A,development_cv,MK,,41.91389,22.41585,fold7_balkan_s,14.792895516441584,366,0,14.792895314988694,,-37,True,False,2.0145288992523547e-07,computed
MK0037A,development_cv,MK,,41.04,21.3564,fold7_balkan_s,20.384778759817905,365,92,20.38477865404191,24.067982560109193,-36,True,False,1.0577599596217624e-07,computed
MK0038A,development_cv,MK,,41.03028,21.33667,fold7_balkan_s,27.33161112335597,366,366,27.33161186047485,40.223394634958815,-37,True,False,7.371188814886409e-07,computed
MK0040A,development_cv,MK,,41.70583,21.76529,fold7_balkan_s,19.908865599011936,325,332,19.90886550810611,42.28577725735952,4,False,True,9.090582508974876e-08,computed
MK0041A,development_cv,MK,,41.99759,20.96518,fold7_balkan_s,30.066554615377285,366,366,30.06655437417344,43.246915746517836,-37,True,False,2.4120384622960955e-07,computed
MK0042A,development_cv,MK,,41.53583,20.6989,fold7_balkan_s,8.492181517608252,272,361,8.492181475031273,11.501891299627825,57,False,True,4.25769783873875e-08,computed
MK0044A,development_cv,MK,,41.44056,22.00723,fold7_balkan_s,25.83215469320587,356,357,25.832155455352034,46.821267433986115,-27,True,False,7.621461648454897e-07,computed
MK0045A,development_cv,MK,,41.98744,21.6525,fold7_balkan_s,17.413740643570478,366,366,17.413740413850324,27.161399551227774,-37,True,False,2.2972015401023782e-07,computed
MK0047A,development_cv,MK,,41.992,21.423,fold7_balkan_s,20.279018803849684,273,364,20.27901884241902,43.77410989235348,56,False,True,3.8569336169302915e-08,computed
MK0048A,development_cv,MK,,42.006,21.387,fold7_balkan_s,21.24905393896285,271,363,21.249054172015484,36.734753300747876,58,False,True,2.3305263496808948e-07,computed
MK0049A,development_cv,MK,,41.43913,22.64316,fold7_balkan_s,29.06426474072095,366,366,29.064265292384718,49.63039725031536,-37,True,False,5.516637671121316e-07,computed
MK0050A,development_cv,MK,,41.79974,20.90973,fold7_balkan_s,26.9080418629124,358,357,26.908041076682977,39.909639372994,-29,True,False,7.862294211236076e-07,computed
MK0054A,development_cv,MK,,41.11422,20.80664,fold7_balkan_s,20.881436907263428,332,366,20.881436605080115,34.53086344928256,-3,True,False,3.0218331303899504e-07,computed
TR0002A,development_cv,TR,,39.97203,32.58516,fold7_balkan_s,14.357953093772997,365,366,14.35795304786616,32.71929443541926,-36,True,False,4.59068374425442e-08,computed
TR0010A,development_cv,TR,,39.91832,32.8229,fold7_balkan_s,9.753939379567823,287,362,9.753939377522673,25.38516258575053,42,False,True,2.045149827267778e-09,computed
TR0011A,development_cv,TR,,39.96773,32.79566,fold7_balkan_s,15.380139308395076,363,363,15.380139583179513,39.741422662018785,-34,True,False,2.7478443698214505e-07,computed
TR0015A,development_cv,TR,,39.92727,32.85941,fold7_balkan_s,14.026154201903829,366,366,14.026154036549112,41.37734695859056,-37,True,False,1.6535471658585266e-07,computed
TR0022A,development_cv,TR,,39.63388,27.89585,fold7_balkan_s,17.48124361476886,366,366,17.481243250608383,39.30804820169931,-37,True,False,3.6416047777265703e-07,computed
TR0023A,development_cv,TR,,41.63053,32.33509,fold7_balkan_s,16.45612492718803,366,366,16.45612461804787,28.53071260809271,-37,True,False,3.0914015880512125e-07,computed
TR0026A,development_cv,TR,,40.1411,29.97776,fold7_balkan_s,14.631985016722789,366,366,14.631984819943657,24.268534584080292,-37,True,False,1.9677913165594418e-07,computed
TR0030A,development_cv,TR,,37.72302,30.29445,fold7_balkan_s,16.72025044406334,356,356,16.720250345688108,35.0288078068269,-27,True,False,9.837523151645655e-08,computed
TR0031A,development_cv,TR,,40.23443,29.03806,fold7_balkan_s,23.14036492808517,361,364,23.140364546342624,39.491222730771646,-32,True,False,3.81742545130237e-07,computed
TR0032A,development_cv,TR,,40.13694,26.40583,fold7_balkan_s,14.99078734728154,366,268,14.99078764299176,30.36838584026734,-37,True,False,2.9571022075458586e-07,computed
TR0033A,development_cv,TR,,40.59972,33.61694,fold7_balkan_s,8.380197252538448,365,364,8.380197280851464,30.88743875401199,-36,True,False,2.8313015931757946e-08,computed
TR0038A,development_cv,TR,,40.84555,31.14805,fold7_balkan_s,22.741875249696182,366,366,22.741876227201956,53.16639224479291,-37,True,False,9.77505774102383e-07,computed
TR0039A,development_cv,TR,,41.65921,26.58503,fold7_balkan_s,13.784042365503993,366,366,13.784042280430821,43.071123435891344,-37,True,False,8.507317161843275e-08,computed
TR0049A,development_cv,TR,,39.92611,44.05361,fold7_balkan_s,49.00577017408457,347,366,49.005770999423625,89.44090213242471,-18,True,False,8.253390575418962e-07,computed
TR0052A,development_cv,TR,,41.01472,28.95472,fold7_balkan_s,24.45384659217688,366,366,24.45384542393978,44.04966153362358,-37,True,False,1.1682371017229798e-06,computed
TR0053A,development_cv,TR,,41.05767,28.94568,fold7_balkan_s,17.68060815716267,363,366,17.68060790212009,28.70663191841025,-34,True,False,2.5504257905595296e-07,computed
TR0054A,development_cv,TR,,41.05388,29.01,fold7_balkan_s,16.192654877321385,366,366,16.192654940094354,29.08401063619238,-37,True,False,6.277296904499963e-08,computed
TR0055A,development_cv,TR,,41.03833,28.88805,fold7_balkan_s,19.37907130549448,361,365,19.379071656326865,33.590551528735205,-32,True,False,3.50832383588795e-07,computed
TR0056A,development_cv,TR,,40.99194,29.03361,fold7_balkan_s,18.69594385409245,364,362,18.695943705562804,30.059967652064586,-35,True,False,1.485296472480968e-07,computed
TR0057A,development_cv,TR,,40.89,29.2075,fold7_balkan_s,22.815242709467444,362,366,22.815243091206543,38.166311301956625,-33,True,False,3.8173909899796854e-07,computed
TR0059A,development_cv,TR,,41.01361,29.16222,fold7_balkan_s,19.92299451209206,366,364,19.92299463584099,29.94290926953572,-37,True,False,1.2374892932598414e-07,computed
TR0060A,development_cv,TR,,41.01527,29.025,fold7_balkan_s,11.7996941126079,357,366,11.799694138628142,27.19285021326183,-28,True,False,2.6020241961077772e-08,computed
TR0070A,development_cv,TR,,38.20384,37.19834,fold7_balkan_s,21.929337871342472,256,366,21.929338392048397,65.17900106871829,73,False,True,5.207059246004064e-07,computed
TR0072A,development_cv,TR,,37.11638,33.1325,fold7_balkan_s,13.291247302386186,366,366,13.291247340804262,36.43842688002356,-37,True,False,3.8418075831714305e-08,computed
TR0074A,development_cv,TR,,41.3674,33.76499,fold7_balkan_s,22.96964752967815,358,365,22.969646639716633,53.09002345517628,-29,True,False,8.899615160373742e-07,computed
TR0075A,development_cv,TR,,38.74027,35.37527,fold7_balkan_s,12.696824624679753,334,331,12.696824663205149,44.27039388518396,-5,True,False,3.852539620652351e-08,computed
TR0079A,development_cv,TR,,39.84313,33.51817,fold7_balkan_s,11.19140623667932,348,359,11.191406233737004,44.05018892053719,-19,True,False,2.9423166125752687e-09,computed
TR0080A,development_cv,TR,,41.72446,27.2145,fold7_balkan_s,7.384228622504429,215,366,7.384228560242517,34.49108342941596,114,False,True,6.22619120704826e-08,computed
TR0081A,development_cv,TR,,39.14841,34.15925,fold7_balkan_s,7.524105257335837,363,364,7.524105213065239,28.772110041138443,-34,True,False,4.4270597854279004e-08,computed
TR0083A,development_cv,TR,,40.76582,29.95125,fold7_balkan_s,22.89935007755479,365,365,22.899350807306856,41.50999085280205,-36,True,False,7.297520667748358e-07,computed
TR0099A,development_cv,TR,,40.76684,30.39385,fold7_balkan_s,21.627418325521308,366,366,21.627418438406053,41.35193115183502,-37,True,False,1.1288474510706692e-07,computed
TR010641,development_cv,TR,,37.03993,35.26991,fold7_balkan_s,12.045434508328947,230,350,12.045434488480627,41.548460101220165,99,False,True,1.9848320320647872e-08,computed
TR0106A,development_cv,TR,,40.97645,27.51273,fold7_balkan_s,25.78852277485278,316,366,25.78852332897832,42.310761065839465,13,False,True,5.541255418961555e-07,computed
TR0114A,development_cv,TR,,40.65333,29.26,fold7_balkan_s,20.773847675008632,366,364,20.77384754702882,50.58005575894085,-37,True,False,1.279798134135035e-07,computed
TR0115A,development_cv,TR,,39.81886,34.80572,fold7_balkan_s,11.230407021089864,366,366,11.23040703486751,33.9465980099469,-37,True,False,1.3777645690993268e-08,computed
TR050431,development_cv,TR,,40.65722,35.83796,fold7_balkan_s,24.937864466271044,366,366,24.937863424862957,46.48344238832379,-37,True,False,1.041408086877027e-06,computed
TR061141,development_cv,TR,,39.93981,32.64003,fold7_balkan_s,8.12930511363827,366,362,8.129305077762407,28.995952285423098,-37,True,False,3.587586405728871e-08,computed
TR061421,development_cv,TR,,39.98161,32.74425,fold7_balkan_s,8.59645492108079,345,346,8.596454964667625,45.604856567409556,-16,True,False,4.35868354742297e-08,computed
TR061622,development_cv,TR,,39.98379,32.57651,fold7_balkan_s,7.378403000530183,366,366,7.378402911396622,33.44284989811889,-37,True,False,8.913356097650649e-08,computed
TR061721,development_cv,TR,,39.96458,32.90718,fold7_balkan_s,32.5628682355785,361,364,32.56286674855006,64.24402230634489,-32,True,False,1.4870284417156654e-06,computed
TR061842,development_cv,TR,,39.86104,32.64059,fold7_balkan_s,7.516264851414897,362,364,7.516264919807752,21.79125734322845,-33,True,False,6.839285493498437e-08,computed
TR061941,development_cv,TR,,39.87109,32.85775,fold7_balkan_s,8.541923832288795,365,365,8.541923794236341,22.68899588613488,-36,True,False,3.805245363253107e-08,computed
TR062041,development_cv,TR,,39.99886,32.85617,fold7_balkan_s,9.296661526425025,362,362,9.296661521489561,26.770969025469686,-33,True,False,4.9354635933696045e-09,computed
TR062131,development_cv,TR,,39.94008,32.84985,fold7_balkan_s,19.025229518834244,364,361,19.02522983825881,33.39549387322558,-35,True,False,3.1942456502065397e-07,computed
TR110241,development_cv,TR,,39.90395,30.05295,fold7_balkan_s,25.598418842794445,366,364,25.598418633571853,44.194987129870384,-37,True,False,2.092225912520007e-07,computed
TR140213,development_cv,TR,,40.6039,31.25997,fold7_balkan_s,14.715317042042376,299,355,14.715317004583097,25.645608031051577,30,False,True,3.745927834586382e-08,computed
TR140331,development_cv,TR,,40.73239,31.59952,fold7_balkan_s,22.390650055642297,366,366,22.390649089452577,37.77453527584839,-37,True,False,9.66189720230659e-07,computed
TR140441,development_cv,TR,,40.72622,31.60489,fold7_balkan_s,12.427931277247506,362,357,12.427931236604254,31.384721235925202,-33,True,False,4.064325231922794e-08,computed
TR160512,development_cv,TR,,40.19572,29.04588,fold7_balkan_s,23.353627157091783,364,0,23.35362770725372,,-35,True,False,5.501619391168333e-07,computed
TR160613,development_cv,TR,,40.22337,28.87154,fold7_balkan_s,20.14324037711663,366,0,20.143240695825696,,-37,True,False,3.1870906624931195e-07,computed
TR170313,development_cv,TR,,40.40307,26.77063,fold7_balkan_s,14.597596766290271,366,0,14.597596982400226,,-37,True,False,2.1610995482035378e-07,computed
TR190231,development_cv,TR,,40.54655,34.96729,fold7_balkan_s,23.315239371085873,366,366,23.315238310779673,46.46317971634026,-37,True,False,1.0603062001734997e-06,computed
TR190321,development_cv,TR,,40.53143,34.9443,fold7_balkan_s,19.157125987168936,366,366,19.15712639354493,39.3171839254189,-37,True,False,4.06375995964936e-07,computed
TR220213,development_cv,TR,,41.65914,26.53732,fold7_balkan_s,15.727980560395563,365,0,15.727980904295228,,-36,True,False,3.438996643012615e-07,computed
TR220341,development_cv,TR,,40.85121,26.63529,fold7_balkan_s,24.310107338621187,128,360,24.310107488442448,42.147109544504744,201,False,True,1.4982126117502048e-07,computed
TR240231,development_cv,TR,,39.74644,39.49707,fold7_balkan_s,20.917655124231526,366,353,20.917655005667303,67.02257034722207,-37,True,False,1.1856422332812144e-07,computed
TR250531,development_cv,TR,,39.90833,41.27323,fold7_balkan_s,18.853686328857847,366,366,18.8536863829118,54.55786093076211,-37,True,False,5.405395242519262e-08,computed
TR260231,development_cv,TR,,39.76635,30.52981,fold7_balkan_s,22.487468712041306,366,366,22.487468724595654,42.58072277071876,-37,True,False,1.2554348671756088e-08,computed
TR260322,development_cv,TR,,39.71473,30.61751,fold7_balkan_s,7.499197257168015,356,353,7.499197281066611,25.677570681473963,-27,True,False,2.389859599105648e-08,computed
TR260441,development_cv,TR,,39.75777,30.56396,fold7_balkan_s,11.873491038781903,360,360,11.873491154427297,33.88715540297733,-31,True,False,1.1564539370567672e-07,computed
TR260541,development_cv,TR,,39.76482,30.49723,fold7_balkan_s,6.492990346756496,363,351,6.492990387340828,38.1985033785342,-34,True,False,4.0584331451043454e-08,computed
TR280241,development_cv,TR,,40.91444,38.39856,fold7_balkan_s,11.190424717272103,352,353,11.190424722637475,24.841250454680452,-23,True,False,5.365372146570735e-09,computed
TR340341,development_cv,TR,,41.09233,28.97478,fold7_balkan_s,17.760574794760068,365,0,17.760574641591617,,-36,True,False,1.5316845036750237e-07,computed
TR340611,development_cv,TR,,41.07318,28.25554,fold7_balkan_s,13.075636960542784,366,366,13.075637116229256,26.208424463720167,-37,True,False,1.5568647171448902e-07,computed
TR340841,development_cv,TR,,41.10197,28.87202,fold7_balkan_s,20.422120293513853,349,349,20.42211991268694,57.053031349895384,-20,True,False,3.808269113392271e-07,computed
TR341131,development_cv,TR,,41.02442,29.09973,fold7_balkan_s,13.616425095676352,364,364,13.616425098686912,31.029292908862985,-35,True,False,3.0105606896313475e-09,computed
TR342141,development_cv,TR,,41.08773,28.98277,fold7_balkan_s,21.17323339700086,353,366,21.17323296969668,57.400836891363255,-24,True,False,4.2730417959546685e-07,computed
TR342841,development_cv,TR,,40.98729,28.72956,fold7_balkan_s,19.29476312338832,366,366,19.29476313450168,29.54919999846098,-37,True,False,1.1113357345493569e-08,computed
TR342931,development_cv,TR,,41.0025,28.97528,fold7_balkan_s,16.796323520100547,365,365,16.796323251188564,24.32639844997104,-36,True,False,2.6891198245948544e-07,computed
TR343041,development_cv,TR,,41.25112,29.03828,fold7_balkan_s,5.641350502550918,357,366,5.641350518885791,20.19105881748837,-28,True,False,1.6334873009782314e-08,computed
TR343131,development_cv,TR,,41.10132,29.02449,fold7_balkan_s,13.741858340092724,347,345,13.741858345139566,29.024558072156704,-18,True,False,5.0468411672e-09,computed
TR343241,development_cv,TR,,41.00382,29.02691,fold7_balkan_s,20.66514269493097,322,365,20.66514245972861,34.176071036798554,7,False,True,2.352023606988496e-07,computed
TR343611,development_cv,TR,,41.2209,28.7075,fold7_balkan_s,18.623206818953175,364,366,18.623206464927716,28.576373055813544,-35,True,False,3.540254596146042e-07,computed
TR343741,development_cv,TR,,41.0327,28.8429,fold7_balkan_s,22.3134154946664,94,349,22.313415217606934,42.411501669197754,235,False,True,2.7705946692435646e-07,computed
TR343941,development_cv,TR,,40.8431,29.3026,fold7_balkan_s,17.870255736303765,356,366,17.870255666789475,47.46388607376758,-27,True,False,6.95142894358014e-08,computed
TR360231,development_cv,TR,,40.60096,43.09682,fold7_balkan_s,20.02907142310561,365,300,20.029071451787445,48.717140662856096,-36,True,False,2.86818355732521e-08,computed
TR370213,development_cv,TR,,41.68208,33.49359,fold7_balkan_s,6.368428704953418,340,365,6.368428714461922,15.571897528692563,-11,True,False,9.508504206223733e-09,computed
TR410741,development_cv,TR,,40.72597,29.79463,fold7_balkan_s,15.356423286328807,362,362,15.356423296048028,35.01091109236506,-33,True,False,9.71922098358391e-09,computed
TR411021,development_cv,TR,,40.74604,29.7888,fold7_balkan_s,19.773979071227664,365,365,19.773978678686806,21.342497423083362,-36,True,False,3.9254085848483555e-07,computed
TR411322,development_cv,TR,,40.84579,29.42514,fold7_balkan_s,21.87958878826647,357,0,21.87958903896487,,-28,True,False,2.5069839892921664e-07,computed
TR420831,development_cv,TR,,37.88828,32.49365,fold7_balkan_s,21.56097044397736,351,366,21.56097072897052,37.99430933640078,-22,True,False,2.849931597381783e-07,computed
TR421113,development_cv,TR,,38.49413,32.45754,fold7_balkan_s,3.668254723958992,353,358,3.6682548431369097,10.042909966015687,-24,True,False,1.1917791775672981e-07,computed
TR421341,development_cv,TR,,37.89979,32.52887,fold7_balkan_s,23.387735102792604,360,354,23.387734357322763,54.89656142539193,-31,True,False,7.454698405240379e-07,computed
TR430131,development_cv,TR,,39.42355,29.98881,fold7_balkan_s,20.925729422041975,362,362,20.925729386275506,48.52718145221384,-33,True,False,3.5766468897691084e-08,computed
TR430241,development_cv,TR,,39.41196,30.00848,fold7_balkan_s,10.20657724887577,342,345,10.206577254276155,34.30796409286995,-13,True,False,5.400385916232153e-09,computed
TR430341,development_cv,TR,,39.42804,29.96971,fold7_balkan_s,14.795704004880546,356,358,14.795703736214818,52.444803919480286,-27,True,False,2.686657278871962e-07,computed
TR430441,development_cv,TR,,39.54215,29.49241,fold7_balkan_s,11.814256489238533,353,353,11.814256462257127,34.66955155087448,-24,True,False,2.6981405554238336e-08,computed
TR520341,development_cv,TR,,40.97375,37.90752,fold7_balkan_s,14.871424622292574,364,364,14.87142451416471,33.365310018030016,-35,True,False,1.0812786399583274e-07,computed
TR540331,development_cv,TR,,40.79072,30.39692,fold7_balkan_s,20.973193785595047,364,364,20.973193913840493,45.791577085698975,-35,True,False,1.2824544626255374e-07,computed
TR550241,development_cv,TR,,41.32538,36.29659,fold7_balkan_s,8.659065391799082,366,366,8.659065419037047,32.5016710641277,-37,True,False,2.7237964772552914e-08,computed
TR550631,development_cv,TR,,41.28746,36.32924,fold7_balkan_s,16.693801998215754,366,366,16.693802102249812,48.03930842311534,-37,True,False,1.0403405781289621e-07,computed
TR580141,development_cv,TR,,39.74872,37.02565,fold7_balkan_s,13.83250879342365,366,366,13.832508711459324,28.984182561673737,-37,True,False,8.196432510487739e-08,computed
TR580231,development_cv,TR,,39.74729,37.01315,fold7_balkan_s,17.711965624459545,366,366,17.711965409825947,37.476144261959774,-37,True,False,2.1463359800577564e-07,computed
TR590341,development_cv,TR,,41.31835,27.98018,fold7_balkan_s,27.171400099468016,73,366,27.17139956368329,32.565792330870735,256,False,True,5.357847250309078e-07,computed
TR590522,development_cv,TR,,41.1807,27.81541,fold7_balkan_s,19.729384902768427,365,0,19.72938449165173,,-36,True,False,4.1111669801807693e-07,computed
TR600331,development_cv,TR,,40.31866,36.5521,fold7_balkan_s,20.329112595423243,366,365,20.329112504958747,43.85050497312144,-37,True,False,9.046449633842713e-08,computed
TR610431,development_cv,TR,,40.9945,39.66789,fold7_balkan_s,20.76957238890915,346,322,20.76957201752122,57.215452830835325,-17,True,False,3.713879301869838e-07,computed
TR660241,development_cv,TR,,39.80696,35.18138,fold7_balkan_s,14.159301824326649,366,354,14.15930172189448,40.35976453533178,-37,True,False,1.0243216941319133e-07,computed
TR670241,development_cv,TR,,41.4212,32.08301,fold7_balkan_s,7.191308950126719,339,336,7.191309012356429,32.11517219470344,-10,True,False,6.222971027369795e-08,computed
TR670322,development_cv,TR,,41.48523,31.83805,fold7_balkan_s,13.212766317047064,365,365,13.212766229026537,43.05037370957588,-36,True,False,8.80205277553614e-08,computed
TR670441,development_cv,TR,,41.43507,31.74583,fold7_balkan_s,15.9391007112078,361,366,15.93910061816628,50.70691313990877,-32,True,False,9.304151937783445e-08,computed
TR670831,development_cv,TR,,41.45222,31.78719,fold7_balkan_s,14.411896902195323,361,362,14.411896729796473,33.97935106502745,-32,True,False,1.7239885075071015e-07,computed
TR680241,development_cv,TR,,38.36448,34.02854,fold7_balkan_s,19.894203011088624,365,366,19.894202665663897,30.82857023022036,-36,True,False,3.4542472704401916e-07,computed
TR710231,development_cv,TR,,39.84427,33.49998,fold7_balkan_s,10.11624439368054,364,360,10.11624437889384,34.1928137911694,-35,True,False,1.4786699864544062e-08,computed
TR760213,development_cv,TR,,39.78684,44.62098,fold7_balkan_s,26.92462234854764,349,360,26.924621234343682,67.57731304651779,-20,True,False,1.114203957541804e-06,computed
TR770212,development_cv,TR,,40.70058,29.50785,fold7_balkan_s,14.612702082902812,366,0,14.612702283886621,,-37,True,False,2.0098380915101188e-07,computed
TR770313,development_cv,TR,,40.52935,28.78459,fold7_balkan_s,12.771232002017427,366,366,12.771231864512474,35.13755444622711,-37,True,False,1.3750495320152822e-07,computed
TR780121,development_cv,TR,,41.22984,32.66219,fold7_balkan_s,15.61379576377587,346,344,15.613796042540624,39.714537149250376,-17,True,False,2.7876475350296914e-07,computed
TR780341,development_cv,TR,,41.25291,32.67364,fold7_balkan_s,12.807148542118568,361,363,12.807148641986794,32.12145892491406,-32,True,False,9.986822568919251e-08,computed
TR780521,development_cv,TR,,41.19728,32.62352,fold7_balkan_s,9.449132586643556,341,356,9.449132582546941,42.50771583173107,-12,True,False,4.096614603099624e-09,computed
TR800341,development_cv,TR,,37.08572,36.25437,fold7_balkan_s,31.06982134747327,152,366,31.069821396401924,100.80349259445123,177,False,True,4.892865490546683e-08,computed
TR810231,development_cv,TR,,40.83862,31.16274,fold7_balkan_s,31.81968761916665,360,354,31.81968914052671,47.11356888451394,-31,True,False,1.521360058376331e-06,computed
CZ0AHOL,development_cv,CZ,,50.10884,14.44365,fold8_poland,15.004410314562998,366,366,15.004410663845803,23.361044973544974,-37,True,False,3.4928280534529677e-07,computed
CZ0ALEG,development_cv,CZ,,50.07239,14.43067,fold8_poland,15.34311327492848,360,360,15.343113633627272,23.333706081726916,-31,True,False,3.58698791558254e-07,computed
CZ0ALIB,development_cv,CZ,,50.0073,14.44593,fold8_poland,11.73638622208959,366,366,11.736386163399706,15.60688063932451,-37,True,False,5.8689884951945714e-08,computed
CZ0ARIE,development_cv,CZ,,50.08148,14.44269,fold8_poland,12.78713494435812,366,366,12.787134899893275,18.41012495601084,-37,True,False,4.44648460273811e-08,computed
CZ0ASTO,development_cv,CZ,,50.04613,14.33141,fold8_poland,11.957103392888651,366,366,11.957103280172861,16.464729703356753,-37,True,False,1.1271579047900104e-07,computed
CZ0BBDN,development_cv,CZ,,49.20272,16.61629,fold8_poland,12.29789342041576,366,366,12.29789331325607,18.86243912505134,-37,True,False,1.0715968912222706e-07,computed
CZ0BBMA,development_cv,CZ,,49.21609,16.61384,fold8_poland,11.935304491605285,363,363,11.9353044855093,19.42127752741928,-34,True,False,6.095984161902379e-09,computed
CZ0BBML,development_cv,CZ,,49.16526,16.58081,fold8_poland,15.310325190523836,359,359,15.310325279560775,20.99343809293125,-30,True,False,8.903693959894099e-08,computed
CZ0BBMS,development_cv,CZ,,49.20816,16.64252,fold8_poland,15.283545674666234,357,357,15.283545465380502,22.364737678423282,-28,True,False,2.092857318558572e-07,computed
CZ0BBNI,development_cv,CZ,,49.21322,16.67796,fold8_poland,10.542855059089216,364,366,10.542855059019654,16.72239094308321,-35,True,False,6.956213383091381e-11,computed
CZ0BBNY,development_cv,CZ,,49.14897,16.69622,fold8_poland,11.955739169269462,351,364,11.955739064379417,16.50658224151625,-22,True,False,1.0489004509395272e-07,computed
CZ0BBOM,development_cv,CZ,,49.17743,16.62227,fold8_poland,14.450723581668909,348,348,14.450723610056444,22.634691102771125,-19,True,False,2.8387535877527625e-08,computed
CZ0BHOD,development_cv,CZ,,48.85728,17.13139,fold8_poland,13.339119498240295,366,366,13.339119545418546,19.240471806446504,-37,True,False,4.7178250639490216e-08,computed
CZ0BKUC,development_cv,CZ,,48.88136,16.08582,fold8_poland,10.896719509771874,346,364,10.896719507144281,14.021153846153846,-17,True,False,2.6275923659113687e-09,computed
CZ0BMIS,development_cv,CZ,,48.79177,16.7245,fold8_poland,11.129374162967592,352,366,11.129374203833978,14.917184291731479,-23,True,False,4.0866385830895524e-08,computed
CZ0BZNO,development_cv,CZ,,48.84296,16.06013,fold8_poland,12.95160630616208,366,325,12.95160617666402,17.566438969307793,-37,True,False,1.2949806027506838e-07,computed
CZ0CCBD,development_cv,CZ,,48.98439,14.46568,fold8_poland,11.445093551963197,365,365,11.445093601022643,14.082757044455406,-36,True,False,4.905944628319503e-08,computed
CZ0CCBT,development_cv,CZ,,48.9659,14.50879,fold8_poland,11.98539200656249,366,0,11.985392014534924,,-37,True,False,7.972433380132316e-09,computed
CZ0CCHU,development_cv,CZ,,49.06844,13.6148,fold8_poland,4.0118457003397054,363,352,4.011845730027548,7.165056818181818,-34,True,False,2.9687842406644904e-08,computed
CZ0EMTP,development_cv,CZ,,49.759,16.66672,fold8_poland,14.488601006005318,360,366,14.488601075202096,19.42536276502505,-31,True,False,6.919677808525648e-08,computed
CZ0EPAU,development_cv,CZ,,50.02404,15.76355,fold8_poland,12.103331974643076,366,366,12.103332091841041,17.35628740770261,-37,True,False,1.1719796511044933e-07,computed
CZ0ESVR,development_cv,CZ,,49.73509,16.0342,fold8_poland,6.720639562524883,344,352,6.720639534883722,11.314488636363636,-15,True,False,2.7641161359781563e-08,computed
CZ0HHKB,development_cv,CZ,,50.19537,15.84638,fold8_poland,12.97142851712132,366,366,12.971428499735943,17.270726892919203,-37,True,False,1.7385376693823673e-08,computed
CZ0HJIC,development_cv,CZ,,50.4395,15.35264,fold8_poland,11.183076935849106,325,358,11.183076923076923,16.416201117318437,4,False,True,1.2772183310971741e-08,computed
CZ0JJIZ,development_cv,CZ,,49.39244,15.59128,fold8_poland,13.266300218609985,364,364,13.266300245648072,19.43204620073349,-35,True,False,2.7038087324626758e-08,computed
CZ0JKOS,development_cv,CZ,,49.5734,15.08028,fold8_poland,9.014365487198406,366,366,9.014365475795708,12.835007442035973,-37,True,False,1.1402697452922439e-08,computed
CZ0JKRI,development_cv,CZ,,49.3836,16.09862,fold8_poland,8.35300857328888,349,350,8.353008595988538,12.730571428571428,-20,True,False,2.2699657264979578e-08,computed
CZ0JPEM,development_cv,CZ,,49.435,15.20833,fold8_poland,9.034166827112175,364,364,9.034166819114922,13.36914502990018,-35,True,False,7.997252637892416e-09,computed
CZ0JZNZ,development_cv,CZ,,49.56456,15.941,fold8_poland,9.256411365240108,364,364,9.256411368134971,13.554886094754108,-35,True,False,2.8948630159675304e-09,computed
CZ0KSOM,development_cv,CZ,,50.17283,12.67282,fold8_poland,8.209089675283119,366,366,8.209089719874644,12.584950898867508,-37,True,False,4.459152513902609e-08,computed
CZ0LFRT,development_cv,CZ,,50.94065,15.06982,fold8_poland,8.36859506734618,363,365,8.368595041322315,12.237534246575342,-34,True,False,2.602386395267331e-08,computed
CZ0LHVI,development_cv,CZ,,50.85605,14.96416,fold8_poland,9.299677937778489,342,342,9.299677931792113,13.867392677486734,-13,True,False,5.986375839484026e-09,computed
CZ0LLIL,development_cv,CZ,,50.7551,15.06997,fold8_poland,10.795973419938331,366,365,10.79597345515022,14.1995440197087,-37,True,False,3.5211888516073486e-08,computed
CZ0LUHL,development_cv,CZ,,50.86623,14.90245,fold8_poland,10.11893871779376,365,365,10.118938708105475,15.568806074905837,-36,True,False,9.688285729225754e-09,computed
CZ0MBEL,development_cv,CZ,,49.58708,17.80422,fold8_poland,14.58496493524454,366,366,14.5849649497537,19.42567923215239,-37,True,False,1.4509160095599327e-08,computed
CZ0MLOS,development_cv,CZ,,49.74792,16.92578,fold8_poland,12.10221461373686,364,364,12.102214482377526,17.48374371703176,-35,True,False,1.3135933407681932e-07,computed
CZ0MNMA,development_cv,CZ,,49.95573,17.00969,fold8_poland,11.786813115403357,364,360,11.786813186813186,16.82333333333333,-35,True,False,7.140982916098437e-08,computed
CZ0MOLJ,development_cv,CZ,,49.60164,17.23784,fold8_poland,15.656519622237685,366,366,15.65652003211474,21.2933278065517,-37,True,False,4.098770549632036e-07,computed
CZ0MOLS,development_cv,CZ,,49.59292,17.26617,fold8_poland,13.808618660039938,366,366,13.808618512832696,20.222071979457937,-37,True,False,1.4720724195171897e-07,computed
CZ0MPHR,development_cv,CZ,,49.55189,17.73122,fold8_poland,14.55416581779781,366,366,14.554165676724478,21.29213936406114,-37,True,False,1.4107333079493856e-07,computed
CZ0MPRR,development_cv,CZ,,49.45166,17.45416,fold8_poland,15.19223510091924,366,366,15.192235233583238,21.313367423243584,-37,True,False,1.3266399889744207e-07,computed
CZ0MSMS,development_cv,CZ,,49.97158,16.97847,fold8_poland,12.316371068868255,366,366,12.316371168923736,17.50160519125683,-37,True,False,1.0005548034541789e-07,computed
CZ0MVBY,development_cv,CZ,,49.59292,17.35736,fold8_poland,14.569099269491431,366,366,14.569099449592144,21.183186821889603,-37,True,False,1.801007130097787e-07,computed
CZ0PKUJ,development_cv,CZ,,49.722,13.61854,fold8_poland,10.494410792713277,358,358,10.494410823213878,15.19288964143394,-29,True,False,3.0500601155836193e-08,computed
CZ0PPLA,development_cv,CZ,,49.73245,13.40228,fold8_poland,12.5887522471303,366,366,12.588752239628603,17.432269183760518,-37,True,False,7.50169704133441e-09,computed
CZ0PPLE,development_cv,CZ,,49.74733,13.38104,fold8_poland,11.625121425546048,365,365,11.625121407515707,17.22740155282595,-36,True,False,1.8030341664143634e-08,computed
CZ0PPLL,development_cv,CZ,,49.77013,13.36822,fold8_poland,10.907096851234051,366,366,10.90709683125934,14.937573686411,-37,True,False,1.997471166248488e-08,computed
CZ0PPLV,development_cv,CZ,,49.76862,13.42338,fold8_poland,8.140079925865141,364,366,8.140079925285828,15.47069924839929,-35,True,False,5.793125978925673e-10,computed
CZ0SBER,development_cv,CZ,,49.95793,14.0583,fold8_poland,13.38024886480407,366,358,13.380249027028249,19.57610288353457,-37,True,False,1.6222417897893138e-07,computed
CZ0SKHO,development_cv,CZ,,49.95047,15.26036,fold8_poland,11.987552796900664,365,365,11.987552785328418,16.8122468330843,-36,True,False,1.1572245384172675e-08,computed
CZ0SKLM,development_cv,CZ,,50.14386,14.10178,fold8_poland,12.018561928304166,364,364,12.018561791349335,16.50388838255881,-35,True,False,1.3695483147557752e-07,computed
CZ0SMBO,development_cv,CZ,,50.42865,14.91386,fold8_poland,12.328464012881248,365,361,12.328464054016186,17.9666550310042,-36,True,False,4.1134937234232893e-08,computed
CZ0SROR,development_cv,CZ,,50.30198,15.1783,fold8_poland,12.12828232993117,351,360,12.128282408122676,16.961647926475187,-22,True,False,7.819150482646364e-08,computed
CZ0STCS,development_cv,CZ,,49.9185,14.09449,fold8_poland,12.651457396189876,350,0,12.651457349013015,,-21,True,False,4.7176861528441805e-08,computed
CZ0TBRS,development_cv,CZ,,49.98748,17.46948,fold8_poland,10.81263729723953,364,365,10.812637362637362,15.329041095890412,-35,True,False,6.539783292680568e-08,computed
CZ0TCTN,development_cv,CZ,,49.74896,18.60973,fold8_poland,15.514699137584682,365,366,15.514699134945491,22.698064071629645,-36,True,False,2.639190199715813e-09,computed
CZ0TFMI,development_cv,CZ,,49.67179,18.35107,fold8_poland,14.946876815578497,365,366,14.946876734244514,19.645860916722462,-36,True,False,8.133398310405937e-08,computed
CZ0THAR,development_cv,CZ,,49.79098,18.40684,fold8_poland,16.9037830196438,365,363,16.903782624256927,23.926500505001837,-36,True,False,3.953868734640764e-07,computed
CZ0TKAO,development_cv,CZ,,49.85889,18.55778,fold8_poland,16.553023733722426,363,363,16.55302331616561,22.164189324070747,-34,True,False,4.175568157904763e-07,computed
CZ0TKAR,development_cv,CZ,,49.8638,18.55145,fold8_poland,16.60515188249849,366,366,16.605151763313053,22.323076121619426,-37,True,False,1.1918543663114178e-07,computed
CZ0TMMO,development_cv,CZ,,50.01606,17.31472,fold8_poland,9.515519417106654,355,355,9.51551941773378,13.566036248696674,-26,True,False,6.271250185818644e-10,computed
CZ0TNSV,development_cv,CZ,,49.65307,18.43183,fold8_poland,13.936170529646937,366,366,13.936170507642355,18.94577888651303,-37,True,False,2.2004581268220136e-08,computed
CZ0TOCB,development_cv,CZ,,49.83985,18.28998,fold8_poland,14.51018426064707,362,362,14.510184373937378,21.74401496433745,-33,True,False,1.1329030691342723e-07,computed
CZ0TOHU,development_cv,CZ,,49.86772,18.28375,fold8_poland,18.51387345467674,364,364,18.513873854041464,25.397760373075954,-35,True,False,3.993647226252506e-07,computed
CZ0TOMH,development_cv,CZ,,49.82486,18.26365,fold8_poland,14.706457294579389,301,366,14.70645710878269,21.978487718624923,28,False,True,1.8579669891494177e-07,computed
CZ0TOPD,development_cv,CZ,,49.83547,18.16522,fold8_poland,14.775525344898403,364,364,14.775525270227517,19.90029814056206,-35,True,False,7.467088636303743e-08,computed
CZ0TOPO,development_cv,CZ,,49.8253,18.15928,fold8_poland,15.2974202413688,366,362,15.297420243252269,20.23093922651934,-37,True,False,1.883469380459246e-09,computed
CZ0TOPR,development_cv,CZ,,49.85626,18.26974,fold8_poland,18.38594077472633,359,360,18.385940965912134,24.272114196051973,-30,True,False,1.9118580496524373e-07,computed
CZ0TORE,development_cv,CZ,,49.80706,18.33914,fold8_poland,15.110992301373798,361,361,15.110991939256612,20.710030869622205,-32,True,False,3.6211718601464327e-07,computed
CZ0TORO,development_cv,CZ,,49.81856,18.34039,fold8_poland,16.35407422180003,298,362,16.354073811386485,23.23874689152291,31,False,True,4.1041354492676874e-07,computed
CZ0TOSG,development_cv,CZ,,49.5523,18.36111,fold8_poland,9.483195591935925,363,359,9.483195592286501,13.82674094707521,-34,True,False,3.5057645675351523e-10,computed
CZ0TOZR,development_cv,CZ,,49.79604,18.24718,fold8_poland,16.148442850426278,365,365,16.148443209540808,22.028397774830346,-36,True,False,3.5911453011294725e-07,computed
CZ0TRYC,development_cv,CZ,,49.87167,18.37725,fold8_poland,17.495282716955334,365,365,17.495282358611625,23.6994858917664,-36,True,False,3.5834370848419894e-07,computed
CZ0TSTD,development_cv,CZ,,49.72094,18.08931,fold8_poland,15.360149890763823,364,364,15.360150191809025,20.773654311731093,-35,True,False,3.010452012119913e-07,computed
CZ0TTRK,development_cv,CZ,,49.67238,18.64304,fold8_poland,13.608130600983998,336,336,13.608130567283169,20.48353743933174,-7,True,False,3.3700828794280824e-08,computed
CZ0TTRO,development_cv,CZ,,49.66811,18.6778,fold8_poland,14.267756447496405,366,366,14.267756468327205,22.58674470102791,-37,True,False,2.0830800195881238e-08,computed
CZ0TVER,development_cv,CZ,,49.92468,18.42287,fold8_poland,15.535532939714685,366,366,15.53553268175518,23.795107233794514,-37,True,False,2.5795950442386584e-07,computed
CZ0TVPP,development_cv,CZ,,50.12158,17.37542,fold8_poland,11.302584512490697,357,357,11.302584495336596,16.288331999466454,-28,True,False,1.715410036240428e-08,computed
CZ0UDCM,development_cv,CZ,,50.77415,14.21879,fold8_poland,15.360099172869662,366,366,15.360099291003603,20.069009112274436,-37,True,False,1.1813394173998404e-07,computed
CZ0UDOK,development_cv,CZ,,50.45885,14.17016,fold8_poland,11.405479402092762,365,365,11.405479452054795,17.105753424657536,-36,True,False,4.996203273321953e-08,computed
CZ0ULOM,development_cv,CZ,,50.58577,13.67342,fold8_poland,12.565908154761807,360,363,12.565908012540765,25.02251513610994,-31,True,False,1.4222104205430242e-07,computed
CZ0UMOM,development_cv,CZ,,50.51037,13.64527,fold8_poland,12.603928410831209,366,365,12.603928450875172,20.816369407894456,-37,True,False,4.004396281231948e-08,computed
CZ0USTE,development_cv,CZ,,50.45415,14.37416,fold8_poland,13.269111984870904,366,366,13.269111869723952,19.332822990280224,-37,True,False,1.1514695152925469e-07,computed
CZ0UTPM,development_cv,CZ,,50.64528,13.85125,fold8_poland,13.278972302071647,366,366,13.278972341962598,19.23618562887692,-37,True,False,3.989095098688722e-08,computed
CZ0UTUS,development_cv,CZ,,50.37659,13.32762,fold8_poland,10.916686599616437,366,366,10.91668665632634,17.531806805264527,-37,True,False,5.6709902551688174e-08,computed
CZ0UULD,development_cv,CZ,,50.68312,13.99787,fold8_poland,15.472863914847125,360,360,15.472863843356095,22.62802011620216,-31,True,False,7.149102998482704e-08,computed
CZ0UULK,development_cv,CZ,,50.68353,14.0412,fold8_poland,10.29395573480594,364,364,10.293955759181143,15.540682878629308,-35,True,False,2.4375204077387025e-08,computed
CZ0UVSL,development_cv,CZ,,50.46484,13.24072,fold8_poland,8.454662707959915,366,0,8.454662718148388,,-37,True,False,1.0188472288064077e-08,computed
CZ0ZROZ,development_cv,CZ,,49.46011,18.13822,fold8_poland,15.115497011655512,366,366,15.115497049972282,21.689025005939655,-37,True,False,3.831677020116331e-08,computed
CZ0ZTNV,development_cv,CZ,,49.25939,17.41056,fold8_poland,11.06226159697568,366,365,11.062261648062611,16.179588461179375,-37,True,False,5.108693024169497e-08,computed
CZ0ZVMZ,development_cv,CZ,,49.47206,17.96698,fold8_poland,14.685231682875726,362,362,14.685231534052996,19.902530274043755,-33,True,False,1.488227301393863e-07,computed
CZ0ZZLN,development_cv,CZ,,49.2329,17.66718,fold8_poland,12.933951586786437,351,363,12.933951659149978,17.140130532910014,-22,True,False,7.236354093720365e-08,computed
CZ0ZZZS,development_cv,CZ,,49.22847,17.67508,fold8_poland,14.397020647587638,366,366,14.39702076898709,19.15182396848024,-37,True,False,1.2139945226863347e-07,computed
PL0005R,development_cv,PL,,54.12528,22.03806,fold8_poland,9.726553669406927,354,343,9.726553672316383,13.690379008746357,-25,True,False,2.9094557874032034e-09,computed
PL0008A,development_cv,PL,,50.26445,18.97445,fold8_poland,17.47620492373102,366,366,17.476204852979443,25.982629423627372,-37,True,False,7.075157881786254e-08,computed
PL0012A,development_cv,PL,,50.05472,19.92222,fold8_poland,18.570611484502013,364,364,18.5706119150432,34.02551559271474,-35,True,False,4.305411884786281e-07,computed
PL0039A,development_cv,PL,,50.06916,20.05361,fold8_poland,17.438298173000785,366,366,17.4382979384004,27.487624036710105,-37,True,False,2.3460038534039995e-07,computed
PL0047A,development_cv,PL,,54.40081,18.657275,fold8_poland,12.08928319319326,363,363,12.089283112544146,15.260990938930282,-34,True,False,8.064911405369912e-08,computed
PL0048A,development_cv,PL,,54.560835,18.49333,fold8_poland,14.733484670947918,366,366,14.73348457479495,18.214590379014304,-37,True,False,9.615296825415953e-08,computed
PL0052A,development_cv,PL,,54.38028,18.62,fold8_poland,14.647049014130248,365,366,14.64704899438461,19.15810238676347,-36,True,False,1.974563801354634e-08,computed
PL0064A,development_cv,PL,,53.13417,18.0,fold8_poland,14.760357096350678,365,366,14.760357448931684,20.578088201002974,-36,True,False,3.525810061688617e-07,computed
PL0071A,development_cv,PL,,53.02861,18.66611,fold8_poland,12.8191666073979,360,366,12.819166666666666,20.131669423075376,-31,True,False,5.926876589512631e-08,computed
PL0072A,development_cv,PL,,53.017565,18.612795,fold8_poland,15.126127649769822,359,359,15.126127920362894,20.64160787926118,-30,True,False,2.705930715052318e-07,computed
PL0077A,development_cv,PL,,53.65,17.93333,fold8_poland,8.085875714816956,354,366,8.08587570621469,11.932513661202186,-25,True,False,8.602265566537426e-09,computed
PL0079A,development_cv,PL,,52.02917,23.14945,fold8_poland,16.285792515753194,366,366,16.285792349726776,23.770371697980753,-37,True,False,1.6602641750296243e-07,computed
PL0085A,development_cv,PL,,51.27306,22.55167,fold8_poland,13.10659014017562,349,359,13.106590257879656,19.955988857938717,-20,True,False,1.1770403673949659e-07,computed
PL0091A,development_cv,PL,,50.71665,23.290265,fold8_poland,16.42780656876108,363,366,16.42780629392537,22.97381540375353,-34,True,False,2.748357097459575e-07,computed
PL0096A,development_cv,PL,,51.75806,19.52972,fold8_poland,14.316109755370071,366,347,14.316109669738145,20.230018908544157,-37,True,False,8.563192643862294e-08,computed
PL0100A,development_cv,PL,,51.77639,19.45306,fold8_poland,14.480600993857031,366,0,14.480601092896174,,-37,True,False,9.903914310882556e-08,computed
PL0115A,development_cv,PL,,51.85667,19.42111,fold8_poland,20.57468966585269,359,359,20.574689635235483,28.085338925309593,-30,True,False,3.0617208324201783e-08,computed
PL0126A,development_cv,PL,,49.28944,19.95611,fold8_poland,14.288797653763444,366,366,14.28879781420765,21.061189958516508,-37,True,False,1.604442054770061e-07,computed
PL0129A,development_cv,PL,,52.40758,20.955925,fold8_poland,14.22131868735169,346,366,14.221318514567447,20.525741899226933,-17,True,False,1.727842438015159e-07,computed
PL0134A,development_cv,PL,,52.19173,20.83749,fold8_poland,14.07425424401754,365,366,14.074254195500279,21.956105882416466,-36,True,False,4.851726131960277e-08,computed
PL0136A,development_cv,PL,,52.55094,19.70977,fold8_poland,14.297265684368853,366,366,14.297265779678465,22.60715855479754,-37,True,False,9.530961264658799e-08,computed
PL0138A,development_cv,PL,,51.3991,21.14745,fold8_poland,16.94926682454477,366,366,16.949267138954546,26.226386959938516,-37,True,False,3.1440977465990727e-07,computed
PL0140A,development_cv,PL,,52.21929,21.00472,fold8_poland,15.701932271717164,366,366,15.701931872178665,29.936771402550093,-37,True,False,3.995384982857786e-07,computed
PL0141A,development_cv,PL,,52.16077,21.03382,fold8_poland,12.551667153202636,366,363,12.551667209536868,19.824520570180674,-37,True,False,5.633423150186445e-08,computed
PL0143A,development_cv,PL,,52.29086,21.04246,fold8_poland,13.721497463615094,365,365,13.721497306597843,22.003663956242523,-36,True,False,1.570172507570078e-07,computed
PL0144A,development_cv,PL,,52.05381,20.42989,fold8_poland,15.27124596886859,366,366,15.271246320248512,21.80670172824092,-37,True,False,3.513799224919012e-07,computed
PL0150A,development_cv,PL,,53.21549,23.64215,fold8_poland,6.754494511590279,366,366,6.7544944570078735,8.922422529597963,-37,True,False,5.45824052622379e-08,computed
PL0175A,development_cv,PL,,53.78778,20.48194,fold8_poland,14.781107545067329,365,365,14.781107749794378,19.619836772171645,-36,True,False,2.0472704953533594e-07,computed
PL0192A,development_cv,PL,,50.768745,16.26968,fold8_poland,13.750872156734571,344,366,13.750872093023256,22.0480651076703,-15,True,False,6.37113153345581e-08,computed
PL0194A,development_cv,PL,,51.12939,17.02927,fold8_poland,15.633688044448052,366,366,15.633687696638516,23.13394630553576,-37,True,False,3.478095358389055e-07,computed
PL0197A,development_cv,PL,,51.08623,17.01269,fold8_poland,16.098735603306135,364,0,16.098735258013207,,-35,True,False,3.45292928471963e-07,computed
PL0198A,development_cv,PL,,51.15068,15.00822,fold8_poland,14.58941185454125,340,357,14.589411764705881,20.68487394957983,-11,True,False,8.983536936568726e-08,computed
PL0205A,development_cv,PL,,52.65834,19.05944,fold8_poland,19.326327330394836,340,340,19.326327550379094,24.171142435014296,-11,True,False,2.1998425836500246e-07,computed
PL0209A,development_cv,PL,,52.73821,15.22867,fold8_poland,14.106621570900964,366,366,14.106621568513138,21.101993063719366,-37,True,False,2.3878268251564805e-09,computed
PL0212A,development_cv,PL,,51.79972,16.3175,fold8_poland,12.796076418472296,355,366,12.79607642977897,21.494234593739865,-26,True,False,1.1306674707611819e-08,computed
PL0213A,development_cv,PL,,51.9398,15.5189,fold8_poland,15.830073750523333,366,366,15.830073956690876,22.0950939352106,-37,True,False,2.0616754348168342e-07,computed
PL0218A,development_cv,PL,,50.34961,18.23658,fold8_poland,14.576718807004823,363,364,14.576718641610526,21.826789245629218,-34,True,False,1.6539429736894817e-07,computed
PL0238A,development_cv,PL,,50.27945,18.65583,fold8_poland,21.242207536589007,308,366,21.242207792207793,29.041804232632813,21,False,True,2.5561878658209025e-07,computed
PL0243A,development_cv,PL,,50.71111,19.45833,fold8_poland,13.992634624098155,366,366,13.992634510258885,22.206723494490777,-37,True,False,1.1383927045471864e-07,computed
PL0245A,development_cv,PL,,52.42032,16.87729,fold8_poland,16.67246900259321,357,357,16.67246870421423,21.314148472300648,-28,True,False,2.9837898196660717e-07,computed
PL0248A,development_cv,PL,,53.38098,14.66335,fold8_poland,11.090931120608053,366,366,11.090931105423444,18.935565739360822,-37,True,False,1.5184609125640236e-08,computed
PL0249A,development_cv,PL,,53.43217,14.5539,fold8_poland,14.89361700674392,366,366,14.893616852775798,21.372301912568304,-37,True,False,1.5396812180767938e-07,computed
PL0252A,development_cv,PL,,53.12116,17.987985000000002,fold8_poland,12.951365669515711,366,366,12.951365697009873,20.202278456148687,-37,True,False,2.7494161614072254e-08,computed
PL0276A,development_cv,PL,,50.529905,22.112555,fold8_poland,16.593511355999897,366,366,16.59351126965614,22.73431646471846,-37,True,False,8.63437570330916e-08,computed
PL0294A,development_cv,PL,,49.6716,19.23445,fold8_poland,18.934439026220144,361,366,18.934438728399947,28.700137411603734,-32,True,False,2.978201969483507e-07,computed
PL0295A,development_cv,PL,,54.16806,19.41083,fold8_poland,12.826825533226575,366,366,12.826825591985427,19.748990892531875,-37,True,False,5.875885200623543e-08,computed
PL0308A,development_cv,PL,,52.28507,20.93302,fold8_poland,18.137861672579294,353,353,18.13786173870705,25.232114781715705,-24,True,False,6.61277539393268e-08,computed
PL0398A,development_cv,PL,,52.556250000000006,19.68769,fold8_poland,15.402209907564751,362,325,15.402209944751382,20.92276923076923,-33,True,False,3.7186630663654796e-08,computed
PL0413A,development_cv,PL,,49.69017,21.7497,fold8_poland,10.441714686929725,365,362,10.44171467112302,23.82493719901495,-36,True,False,1.5806705278009758e-08,computed
PL0490A,development_cv,PL,,51.1038,17.05704,fold8_poland,14.652311971544211,346,0,14.652312138728323,,-17,True,False,1.6718411188776372e-07,computed
PL0491A,development_cv,PL,,53.15139,18.13194,fold8_poland,12.679281645051836,362,0,12.6792817679558,,-33,True,False,1.229039643391161e-07,computed
PL0492A,development_cv,PL,,52.74705,15.2463,fold8_poland,14.150819764961485,366,366,14.150819672131147,20.692349726775955,-37,True,False,9.283033719498235e-08,computed
PL0493A,development_cv,PL,,51.41532,21.1713,fold8_poland,17.2525864224497,348,0,17.252586206896552,,-19,True,False,2.1555314688725957e-07,computed
PL0494A,development_cv,PL,,50.67686,17.95028,fold8_poland,15.379768530156728,346,366,15.379768786127167,23.06229508196721,-17,True,False,2.5597043951108844e-07,computed
PL0495A,development_cv,PL,,50.024375,22.01058,fold8_poland,14.625936741870769,347,366,14.62593659942363,21.800115548010236,-18,True,False,1.4244713852917812e-07,computed
PL0496A,development_cv,PL,,53.12917,23.18139,fold8_poland,11.079378596941073,354,366,11.079378531073447,18.829363814484502,-25,True,False,6.586762602012186e-08,computed
PL0497A,development_cv,PL,,54.39847,18.61394,fold8_poland,11.377285316914772,361,0,11.377285318559556,,-32,True,False,1.6447838646627133e-09,computed
PL0499A,development_cv,PL,,49.80861,19.02695,fold8_poland,15.665745663517075,362,0,15.665745856353592,,-33,True,False,1.9283651653267952e-07,computed
PL0500A,development_cv,PL,,54.20705,16.1931,fold8_poland,9.722404367650617,366,0,9.7224043715847,,-37,True,False,3.9340832813650195e-09,computed
PL0501A,development_cv,PL,,50.01043,19.94904,fold8_poland,16.600824446615004,364,366,16.600824175824176,25.7853414929753,-35,True,False,2.7079082798309173e-07,computed
PL0502A,development_cv,PL,,50.020225,21.004445,fold8_poland,15.997214672825896,359,364,15.997214484679665,22.368777326611117,-30,True,False,1.8814623103935446e-07,computed
PL0503A,development_cv,PL,,51.74905,18.04839,fold8_poland,18.17833615424474,366,366,18.178336421952956,23.420145264116574,-37,True,False,2.6770821648369747e-07,computed
PL0504A,development_cv,PL,,50.433505,16.653635,fold8_poland,16.96883925649477,361,361,16.968838859161636,23.012771034183476,-32,True,False,3.973331352824516e-07,computed
PL0505A,development_cv,PL,,51.3177,15.43174,fold8_poland,9.706798864870672,353,337,9.706798866855523,14.278041543026706,-24,True,False,1.9848513943543367e-09,computed
PL0507A,development_cv,PL,,51.25943,22.56913,fold8_poland,17.83928168191105,366,366,17.839282025635587,24.007445780964712,-37,True,False,3.437245368331787e-07,computed
PL0509A,development_cv,PL,,51.40441,19.69696,fold8_poland,21.400824585812337,364,366,21.400824175824173,28.807303228078123,-35,True,False,4.0998816430715124e-07,computed
PL0517A,development_cv,PL,,50.97218,18.20758,fold8_poland,14.465882215133451,340,335,14.465882352941176,21.517910447761196,-11,True,False,1.378077243430198e-07,computed
PL0518A,development_cv,PL,,49.744915,21.454975,fold8_poland,12.311460297887988,346,366,12.311460227657054,20.716464189205638,-17,True,False,7.023093395730484e-08,computed
PL0523A,development_cv,PL,,50.45366,20.71544,fold8_poland,15.864436374575863,284,338,15.86443661971831,22.4896449704142,45,False,True,2.4514244678641717e-07,computed
PL0527A,development_cv,PL,,49.92516,18.47611,fold8_poland,18.801644034786133,365,340,18.80164383561644,25.75382352941176,-36,True,False,1.9916969407063334e-07,computed
PL0534A,development_cv,PL,,52.92619,14.86256,fold8_poland,15.52431677238092,366,366,15.52431693989071,21.48415300546448,-37,True,False,1.6750978915069936e-07,computed
PL0535A,development_cv,PL,,53.7121,16.69226,fold8_poland,12.968681190330615,364,360,12.96868131868132,18.948055555555555,-35,True,False,1.283507042870724e-07,computed
PL0539A,development_cv,PL,,52.115750000000006,21.237255,fold8_poland,15.760662962395942,366,366,15.760663068495289,21.776021499797352,-37,True,False,1.0609934619765227e-07,computed
PL0542A,development_cv,PL,,53.49194,18.7525,fold8_poland,15.182513652687842,366,362,15.182513661202186,21.96022099447514,-37,True,False,8.51434478477131e-09,computed
PL0544A,development_cv,PL,,51.06742,19.44871,fold8_poland,17.84470353180289,366,366,17.844703925299353,29.075348106870557,-37,True,False,3.9349646385744563e-07,computed
PL0549A,development_cv,PL,,49.96901,20.43953,fold8_poland,17.493277456521202,357,361,17.49327731092437,23.659556786703604,-28,True,False,1.455968323682555e-07,computed
PL0550A,development_cv,PL,,49.619225,20.714285,fold8_poland,18.77091418982358,361,366,18.770914127423822,27.563778065178642,-32,True,False,6.239975647304163e-08,computed
PL0552A,development_cv,PL,,50.17583,19.47805,fold8_poland,15.62301348079582,365,366,15.623013698630135,21.356345348511866,-36,True,False,2.1783431591870794e-07,computed
PL0554A,development_cv,PL,,50.01208,22.67477,fold8_poland,15.399013522574062,365,366,15.399013287766783,23.495921698783196,-36,True,False,2.3480727939784174e-07,computed
PL0558A,development_cv,PL,,54.11979,17.972235,fold8_poland,13.297535295759433,357,366,13.29753545997179,20.337939200750675,-28,True,False,1.642123574896459e-07,computed
PL0565A,development_cv,PL,,50.42903,21.27661,fold8_poland,18.11729408103003,337,337,18.117293815543903,24.07065506171221,-8,True,False,2.6548612552801387e-07,computed
PL0566A,development_cv,PL,,51.05061,21.08418,fold8_poland,16.616727418662865,366,366,16.616727093852003,23.500790894112136,-37,True,False,3.2481086265079284e-07,computed
PL0567A,development_cv,PL,,50.24675,19.019865,fold8_poland,23.27731030658146,366,366,23.27731102003643,34.82341757741348,-37,True,False,7.134549697696002e-07,computed
PL0585A,development_cv,PL,,50.913415,15.765605,fold8_poland,14.342329174677287,366,366,14.342329185475569,18.786595588817615,-37,True,False,1.0798281380175467e-08,computed
PL0591A,development_cv,PL,,51.64266,15.12781,fold8_poland,12.514452885914285,362,366,12.514452746788804,21.39628837886197,-33,True,False,1.3912548091354893e-07,computed
PL0594A,development_cv,PL,,49.78434,22.75624,fold8_poland,16.913038427637954,366,366,16.913038528549933,22.168759899421875,-37,True,False,1.0091197921724415e-07,computed
PL0621A,development_cv,PL,,50.05479,21.41626,fold8_poland,19.529979944635738,364,366,19.529980034415566,26.6298746646946,-35,True,False,8.977982801638973e-08,computed
PL0624A,development_cv,PL,,51.88492,17.79111,fold8_poland,18.19506846602393,365,363,18.195068493150686,27.22864138719906,-36,True,False,2.712675595262226e-08,computed
PL0647A,development_cv,PL,,50.01825,20.99258,fold8_poland,13.0254829295753,366,366,13.025482920797426,21.332915532732887,-37,True,False,8.777874427323695e-09,computed
PL0653A,development_cv,PL,,50.894385,20.657995,fold8_poland,15.399999811009236,343,0,15.4,,-14,True,False,1.8899076437151052e-07,computed
PL0674A,development_cv,PL,,50.66674,17.89914,fold8_poland,16.21689237781757,364,364,16.21689216580521,24.010358587668367,-35,True,False,2.120123596682788e-07,computed
PL0677A,development_cv,PL,,50.29913,21.44094,fold8_poland,17.69080052835732,342,342,17.690800659826607,25.279760862516387,-13,True,False,1.3146928523610768e-07,computed
PL0678A,development_cv,PL,,49.54654,21.85101,fold8_poland,9.527782728892529,366,366,9.527782727488715,14.323012295081966,-37,True,False,1.4038139539707117e-09,computed
PL0681A,development_cv,PL,,53.82839,22.34834,fold8_poland,11.95232240032307,366,362,11.952322404371586,17.22172367744221,-37,True,False,4.048516188959184e-09,computed
PL0682A,development_cv,PL,,53.69459,19.96904,fold8_poland,13.50501380188474,359,366,13.505013927576602,17.872246530488333,-30,True,False,1.256918622516423e-07,computed
PL0683A,development_cv,PL,,53.13668,17.59154,fold8_poland,15.776205931841016,366,366,15.776205553738517,21.336997323524727,-37,True,False,3.781024986437842e-07,computed
PL0684A,development_cv,PL,,50.02942,18.68953,fold8_poland,20.06340007513821,347,281,20.063400576368878,28.42526690391459,-18,True,False,5.012306658613852e-07,computed
PL0690A,development_cv,PL,,52.65156,19.05189,fold8_poland,14.692286668117656,363,366,14.692286501377412,21.224043715846996,-34,True,False,1.6674024472251858e-07,computed
PL0702A,development_cv,PL,,54.17938,15.59635,fold8_poland,10.096203354298206,356,366,10.096203368057607,14.401373133258641,-27,True,False,1.3759400729895788e-08,computed
PL0705A,development_cv,PL,,49.80208,19.04861,fold8_poland,19.60206824912601,366,0,19.602068689573144,,-37,True,False,4.4044713476409925e-07,computed
PL0706A,development_cv,PL,,54.1159,22.93846,fold8_poland,10.764132140369997,355,346,10.76413208014004,15.68121387283237,-26,True,False,6.022995613363946e-08,computed
PL0709A,development_cv,PL,,53.14412,23.21632,fold8_poland,12.722121268012032,365,366,12.722121120142349,18.76749863626219,-36,True,False,1.4786968272062495e-07,computed
PL0712A,development_cv,PL,,52.60253,19.6451,fold8_poland,14.34319290609738,353,353,14.34319281396152,23.62236560444212,-24,True,False,9.213585983047778e-08,computed
PL0717A,development_cv,PL,,52.18847,21.17623,fold8_poland,15.20428868386012,366,366,15.204288726538369,22.41552361436378,-37,True,False,4.267824849080171e-08,computed
PL0721A,development_cv,PL,,53.63979,22.47027,fold8_poland,12.346623915950971,341,341,12.346624057564888,17.299679628202448,-12,True,False,1.4161391703737536e-07,computed
PL0736A,development_cv,PL,,50.04068,22.00466,fold8_poland,19.607889176931756,366,366,19.607889439399596,24.05329000086395,-37,True,False,2.6246783946248797e-07,computed
PL0738A,development_cv,PL,,51.2081,16.18378,fold8_poland,15.10169009208199,355,0,15.101690140845072,,-26,True,False,4.876308246082317e-08,computed
PL0739A,development_cv,PL,,52.20774,20.90607,fold8_poland,12.802720700158154,366,366,12.802720611149923,20.08519629574764,-37,True,False,8.900823189605944e-08,computed
PL0742A,development_cv,PL,,49.93785,18.97559,fold8_poland,17.72107537608504,366,366,17.721075171202482,22.451766720793433,-37,True,False,2.0488255714212755e-07,computed
PL0744A,development_cv,PL,,51.12215,23.47308,fold8_poland,14.58524586183103,366,366,14.585245901639343,21.368926841435023,-37,True,False,3.980831309036148e-08,computed
PL0759A,development_cv,PL,,50.09114,18.21626,fold8_poland,19.00778767217872,365,365,19.00778812115024,28.018421870796796,-36,True,False,4.489715230704405e-07,computed
PL0763A,development_cv,PL,,52.23191,19.35369,fold8_poland,18.61487588423705,366,366,18.614876356220798,24.275523976399775,-37,True,False,4.7198374630852413e-07,computed
PL0764A,development_cv,PL,,51.58921,19.13143,fold8_poland,18.235657223556263,365,365,18.23565768356181,27.16033839948021,-36,True,False,4.600055483194865e-07,computed
PL0767A,development_cv,PL,,50.50933,18.28821,fold8_poland,13.553690471661314,358,358,13.55369041596147,20.678470346530645,-29,True,False,5.569984473652312e-08,computed
PL0768A,development_cv,PL,,53.85255,22.98469,fold8_poland,16.61278529361517,366,366,16.612784936973124,20.688691375966503,-37,True,False,3.566420438971818e-07,computed
PL0769A,development_cv,PL,,53.13529,23.16133,fold8_poland,15.211734147037925,366,366,15.211734279718064,21.021234754890315,-37,True,False,1.3268013887568486e-07,computed
PL0773A,development_cv,PL,,49.95254,18.60795,fold8_poland,20.208371875014453,366,0,20.208371941078642,,-37,True,False,6.60641887861857e-08,computed
PL0783A,development_cv,PL,,51.8091,15.70804,fold8_poland,17.446221315475825,344,362,17.44622093023256,26.730334289732543,-15,True,False,3.8524326484434823e-07,computed
PL0790A,development_cv,PL,,54.43451,18.57884,fold8_poland,13.191765725685274,366,366,13.19176579587752,16.993875515669885,-37,True,False,7.019224668169954e-08,computed
PL0800A,development_cv,PL,,52.39088,16.99805,fold8_poland,15.793631560750546,366,343,15.793631230336148,21.05332688976212,-37,True,False,3.304143980642493e-07,computed
PL0816A,development_cv,PL,,53.40758,18.42875,fold8_poland,12.617063150858469,364,364,12.617063071634803,16.78545411601562,-35,True,False,7.922366584978136e-08,computed
PL0817A,development_cv,PL,,51.93103,22.37316,fold8_poland,15.533807662353508,351,351,15.533807849423791,19.582083660837284,-22,True,False,1.8707028281994553e-07,computed
PL0821A,development_cv,PL,,52.08228,21.1246,fold8_poland,12.574297529368184,366,366,12.574297573714002,19.13622107656062,-37,True,False,4.434581768464341e-08,computed
PL0822A,development_cv,PL,,52.70359,21.0726,fold8_poland,14.789366591808085,359,359,14.789366607212981,22.435617932896914,-30,True,False,1.54048969136511e-08,computed
PL0824A,development_cv,PL,,50.02486,22.04794,fold8_poland,14.092531832073549,347,347,14.092531976267363,22.338682973989442,-18,True,False,1.4419381422214883e-07,computed
PL0825A,development_cv,PL,,50.06038,21.98051,fold8_poland,12.549062334755323,366,366,12.549062463427942,18.856408197245358,-37,True,False,1.286726192262222e-07,computed
PL0828A,development_cv,PL,,50.77848,21.08122,fold8_poland,15.090654270086649,366,366,15.090654354420819,23.794469919899537,-37,True,False,8.433416986974862e-08,computed
PL0836A,development_cv,PL,,51.27428,15.9298,fold8_poland,19.49619375204612,355,355,19.496193959541174,23.446791463935124,-26,True,False,2.0749505225126086e-07,computed
PL0837A,development_cv,PL,,50.43836,16.24376,fold8_poland,13.251986041143777,359,359,13.251986208461839,17.31581371375727,-30,True,False,1.6731806162795237e-07,computed
PL0839A,development_cv,PL,,51.78425,14.9581,fold8_poland,11.894398032198737,362,363,11.894398043641882,16.23782197753937,-33,True,False,1.1443145098155583e-08,computed
PL0841A,development_cv,PL,,53.1296,23.10805,fold8_poland,12.122634530487977,333,0,12.122634535944986,,-4,True,False,5.457009066844876e-09,computed
PL0842A,development_cv,PL,,49.98179,21.93409,fold8_poland,14.268594374579047,350,353,14.268594413024047,20.511579355304136,-21,True,False,3.8445000072329094e-08,computed
PL0843A,development_cv,PL,,54.1727,17.49299,fold8_poland,11.366245417669958,354,366,11.366245424733872,14.534033693689432,-25,True,False,7.063913898264218e-09,computed
PL0844A,development_cv,PL,,51.11584,20.89159,fold8_poland,20.033971932832564,363,363,20.033972139736605,25.967284222140634,-34,True,False,2.06904040567224e-07,computed
PL0846A,development_cv,PL,,53.23004,20.16867,fold8_poland,18.666426359177148,343,364,18.666426486641342,23.603003134685828,-14,True,False,1.2746419386644448e-07,computed
PL0848A,development_cv,PL,,52.09044,16.63638,fold8_poland,17.005886839192545,358,358,17.005886554918497,23.61072395998581,-29,True,False,2.842740478570249e-07,computed
PL0849A,development_cv,PL,,54.37749,16.31073,fold8_poland,12.08853174737976,353,353,12.088531857558216,17.07654008927805,-24,True,False,1.1017845658045644e-07,computed
SK0001A,development_cv,SK,,48.12471,17.1255,fold8_poland,12.357953432489662,361,360,12.357953529894537,17.720423422992614,-32,True,False,9.740487527665209e-08,computed
SK0002A,development_cv,SK,,48.15837,17.12892,fold8_poland,12.67410295247111,365,365,12.674102830872048,22.385264093409017,-36,True,False,1.2159906148667687e-07,computed
SK0004A,development_cv,SK,,48.14467,17.11358,fold8_poland,11.896199489525948,362,362,11.896199456051194,19.410189100626475,-33,True,False,3.3474753635687193e-08,computed
SK0004R,development_cv,SK,,49.15141,20.28949,fold8_poland,7.869457105891517,366,366,7.869457138433259,11.50413737619293,-37,True,False,3.2541742633895865e-08,computed
SK0007R,development_cv,SK,,47.95945,17.86014,fold8_poland,12.165418097870456,363,362,12.16541816042271,16.995479170424062,-34,True,False,6.25522549313473e-08,computed
SK0008A,development_cv,SK,,49.07901,19.30252,fold8_poland,15.091281484758436,365,365,15.091281467126489,20.537935987046506,-36,True,False,1.7631947457630304e-08,computed
SK0013A,development_cv,SK,,48.66697,18.51408,fold8_poland,12.450982877209,364,364,12.45098293311517,18.005010777841854,-35,True,False,5.59061703597763e-08,computed
SK0018A,development_cv,SK,,48.5921,21.17519,fold8_poland,20.537135979072108,366,366,20.53713544821754,32.6686543057229,-37,True,False,5.308545674154175e-07,computed
SK0020A,development_cv,SK,,49.21145,18.77122,fold8_poland,15.441944759862762,363,359,15.441944633385035,20.716093436421517,-34,True,False,1.264777278464635e-07,computed
SK0021A,development_cv,SK,,48.68061,17.36317,fold8_poland,11.751156559271106,361,365,11.751156620830463,18.539573629070087,-32,True,False,6.155935672325086e-08,computed
SK0022A,development_cv,SK,,48.58388,19.95164,fold8_poland,14.186938119824209,366,366,14.186938266038434,21.14394544078302,-37,True,False,1.4621422472771428e-07,computed
SK0025A,development_cv,SK,,48.6312,20.24037,fold8_poland,19.49675576290663,366,366,19.49675528702085,30.01218178731394,-37,True,False,4.758857805597927e-07,computed
SK0027A,development_cv,SK,,48.73312,18.75638,fold8_poland,11.796917106518794,366,364,11.796917107019963,17.195047187037407,-37,True,False,5.011688841705109e-10,computed
SK0030A,development_cv,SK,,48.87403,21.83758,fold8_poland,15.260809279826052,366,366,15.260809015481923,20.709908378191855,-37,True,False,2.6434412880860236e-07,computed
SK0031A,development_cv,SK,,48.88638,21.68762,fold8_poland,14.925310859126595,366,366,14.92531113540191,19.880836464764528,-37,True,False,2.762753155138853e-07,computed
SK0037A,development_cv,SK,,48.93093,21.91371,fold8_poland,16.600542545426684,366,366,16.600542461177575,22.022876066041157,-37,True,False,8.424910902249394e-08,computed
SK0039A,development_cv,SK,,49.05972,18.92136,fold8_poland,14.95046907675857,366,366,14.950469148157591,22.168882308294943,-37,True,False,7.139902180597346e-08,computed
SK0045A,development_cv,SK,,48.37123,17.58495,fold8_poland,12.885337015250942,364,363,12.88533703331342,20.826044525835083,-35,True,False,1.8062477735725224e-08,computed
SK0047A,development_cv,SK,,48.89647,18.04125,fold8_poland,13.32458987025647,364,365,13.324589963233088,21.901441531112194,-35,True,False,9.297661840435012e-08,computed
SK0048A,development_cv,SK,,48.16796,17.10624,fold8_poland,11.481205504002132,343,344,11.48120544982364,18.385218591797564,-14,True,False,5.417849102684613e-08,computed
SK0050A,development_cv,SK,,48.7827,18.62813,fold8_poland,13.471800408351507,366,366,13.471800327506303,17.699632779550033,-37,True,False,8.084520430884368e-08,computed
SK0061A,development_cv,SK,,48.21127,17.15796,fold8_poland,11.027654326788635,366,366,11.027654398746508,20.759097789206074,-37,True,False,7.195787254943298e-08,computed
SK0063A,development_cv,SK,,48.28365,17.73516,fold8_poland,12.71772725074202,366,366,12.717727297531987,18.36193385486906,-37,True,False,4.678996745610675e-08,computed
SK0064A,development_cv,SK,,47.76412,18.13855,fold8_poland,13.92869893219817,365,365,13.928698765561755,20.021126513635295,-36,True,False,1.666364148888988e-07,computed
SK0066A,development_cv,SK,,49.11897,18.32527,fold8_poland,16.858429223899904,366,365,16.858429390143108,21.169007556627875,-37,True,False,1.6624320409164284e-07,computed
SK0067A,development_cv,SK,,49.08389,19.61935,fold8_poland,13.166250493240408,366,366,13.166250322237753,18.972748009898652,-37,True,False,1.7100265559122363e-07,computed
SK0068A,development_cv,SK,,48.22304,17.4044,fold8_poland,11.6728792219579,366,366,11.672879292091912,20.46071705169787,-37,True,False,7.013401237543349e-08,computed
SK0069A,development_cv,SK,,49.06147,20.28578,fold8_poland,11.39547983437106,366,366,11.395479794541998,16.722815755182797,-37,True,False,3.9829060938245675e-08,computed
SK0070A,development_cv,SK,,48.15962,18.97844,fold8_poland,21.924930027882898,366,366,21.92492968510496,27.90288321902365,-37,True,False,3.427779375897444e-07,computed
SK0071A,development_cv,SK,,49.43538,18.88362,fold8_poland,15.533351745649798,366,365,15.533352014248965,19.888067362143328,-37,True,False,2.685991677964239e-07,computed
SK0072A,development_cv,SK,,48.33663,19.67589,fold8_poland,17.3721531794334,359,363,17.372153051846155,24.822988316926192,-30,True,False,1.275872456574234e-07,computed
SK0073A,development_cv,SK,,48.62834,21.7133,fold8_poland,15.439407705415483,366,366,15.439407515044055,22.086615130037035,-37,True,False,1.9037142884315017e-07,computed
SK0074A,development_cv,SK,,49.30052,21.27787,fold8_poland,12.982375675508752,366,366,12.982375561394324,18.173506754337833,-37,True,False,1.1411442812914174e-07,computed
SK0075A,development_cv,SK,,48.2833,17.2597,fold8_poland,13.84811321397092,365,365,13.848113351157066,17.54851860874679,-36,True,False,1.3718614511049054e-07,computed
SK0077A,development_cv,SK,,48.45705,17.17158,fold8_poland,10.626856306555954,365,365,10.62685630441645,20.90650140679988,-36,True,False,2.1395045735062013e-09,computed
SK0078A,development_cv,SK,,48.48312,18.71765,fold8_poland,19.69555739012005,366,366,19.695557477328133,24.460653155430105,-37,True,False,8.720808253315226e-08,computed
SK0134A,development_cv,SK,,48.28305,18.14064,fold8_poland,14.613970559871117,365,364,14.61397055265488,18.475239512271955,-36,True,False,7.2162364972427895e-09,computed
SK0214A,development_cv,SK,,48.73516,19.15491,fold8_poland,15.009035073570168,366,366,15.009034887213376,25.65790487781677,-37,True,False,1.8635679133183203e-07,computed
SK0262A,development_cv,SK,,48.5582,19.15686,fold8_poland,13.75594251435206,364,364,13.75594268136115,19.04849999659147,-35,True,False,1.6700908922473445e-07,computed
SK0263A,development_cv,SK,,48.73326,19.11527,fold8_poland,10.66730803709529,366,365,10.66730810090381,16.627858631865216,-37,True,False,6.380851935716692e-08,computed
SK0264A,development_cv,SK,,48.69022,21.28544,fold8_poland,16.211809621417437,366,366,16.211809393467565,23.21846968178073,-37,True,False,2.2794987231122832e-07,computed
SK0265A,development_cv,SK,,48.9156,20.87406,fold8_poland,18.31662848494767,366,366,18.316628952848582,23.10214154519703,-37,True,False,4.6790091090542774e-07,computed
SK0266A,development_cv,SK,,48.99249,21.26679,fold8_poland,17.222645262301317,366,366,17.222644962062073,25.60372840061919,-37,True,False,3.0023924324495965e-07,computed
SK0267A,development_cv,SK,,48.72627,21.25884,fold8_poland,15.701740523075609,364,364,15.701740864162534,25.931587614131296,-35,True,False,3.4108692581469313e-07,computed
SK0268A,development_cv,SK,,48.59956,18.84246,fold8_poland,10.316752901747792,365,366,10.316752886933541,16.010914053561073,-36,True,False,1.481425115912316e-08,computed
SK0269A,development_cv,SK,,48.30946,18.07683,fold8_poland,12.8969780205487,343,362,12.896977899571782,22.928783734261078,-14,True,False,1.209769173726727e-07,computed
SK0406A,development_cv,SK,,48.9349,22.27367,fold8_poland,10.691129273203492,366,366,10.691129268104538,14.734806702763297,-37,True,False,5.098954147797485e-09,computed
DEBB021,held_out_test,DE,Brandenburg,52.40139,13.06016,TEST,9.161204525935617,366,366,9.16120454734475,14.772454956783777,-37,True,False,2.1409134021155296e-08,computed
DEBB029,held_out_test,DE,Brandenburg,53.06426,14.28514,TEST,8.991383097844112,366,366,8.991383091909531,14.191621305763444,-37,True,False,5.9345808267607936e-09,computed
DEBB032,held_out_test,DE,Brandenburg,52.14626,14.63817,TEST,9.829062934435935,366,366,9.829062932464325,15.226489338680592,-37,True,False,1.971610430473447e-09,computed
DEBB044,held_out_test,DE,Brandenburg,51.75659,14.328,TEST,10.18632895988416,362,364,10.186328967386178,17.157453403116985,-33,True,False,7.502018561922341e-09,computed
DEBB045,held_out_test,DE,Brandenburg,52.33734,14.53859,TEST,10.275492265369888,364,362,10.275492273162703,16.961952816672444,-35,True,False,7.79281528195952e-09,computed
DEBB048,held_out_test,DE,Brandenburg,52.93189,12.80948,TEST,8.251535708425642,366,366,8.251535658606286,13.05330537876838,-37,True,False,4.98193557518789e-08,computed
DEBB049,held_out_test,DE,Brandenburg,52.40938,12.54859,TEST,9.689280982154408,366,366,9.68928098031545,16.684822142209658,-37,True,False,1.8389574307775547e-09,computed
DEBB053,held_out_test,DE,Brandenburg,52.56389,14.01517,TEST,8.508150100649802,366,366,8.508150109912831,13.885857191091095,-37,True,False,9.263029454587013e-09,computed
DEBB054,held_out_test,DE,Brandenburg,52.39393,13.03747,TEST,8.917541306905527,366,366,8.91754126058642,15.104573268911999,-37,True,False,4.631910677233009e-08,computed
DEBB055,held_out_test,DE,Brandenburg,52.42044,12.5523,TEST,8.85325794933593,363,363,8.853257982827609,13.999420385430131,-34,True,False,3.3491678763653e-08,computed
DEBB063,held_out_test,DE,Brandenburg,52.99875,11.73846,TEST,7.950302030875721,366,366,7.9503019653619225,12.437864987863309,-37,True,False,6.551379883035224e-08,computed
DEBB064,held_out_test,DE,Brandenburg,51.74685,14.33447,TEST,9.534513684985566,366,366,9.534513694176896,14.573638224995685,-37,True,False,9.1913303634783e-09,computed
DEBB065,held_out_test,DE,Brandenburg,52.19423,12.56139,TEST,7.749522858954759,366,366,7.749522820906636,12.336709042943124,-37,True,False,3.804812287455661e-08,computed
DEBB066,held_out_test,DE,Brandenburg,51.89749,14.0569,TEST,8.412530688683995,366,366,8.412530692432655,13.731695633856214,-37,True,False,3.748660049041064e-09,computed
DEBB068,held_out_test,DE,Brandenburg,52.67765,13.58227,TEST,10.259233915704456,366,366,10.259233919329612,16.971773540181754,-37,True,False,3.6251552870680825e-09,computed
DEBB073,held_out_test,DE,Brandenburg,52.38895,13.09428,TEST,10.198050849002314,366,366,10.198050843760125,16.26405675604084,-37,True,False,5.242188905185685e-09,computed
DEBB075,held_out_test,DE,Brandenburg,52.48417,13.1237,TEST,8.653270946865659,366,366,8.653270958155593,14.01900455101958,-37,True,False,1.1289934320757311e-08,computed
DEBB083,held_out_test,DE,Brandenburg,51.5645,14.3764,TEST,9.920770110139824,366,366,9.92077010850053,15.275428420877569,-37,True,False,1.6392931456721271e-09,computed
DEBB086,held_out_test,DE,Brandenburg,52.3497,13.4243,TEST,9.25495022919094,366,366,9.254950216121406,15.105810644585016,-37,True,False,1.3069533011389467e-08,computed
DEBB092,held_out_test,DE,Brandenburg,52.33468,14.52596,TEST,9.642562573648016,365,365,9.642562562271952,14.811739747388126,-36,True,False,1.1376064534829311e-08,computed
DEBB109,held_out_test,DE,Brandenburg,52.08968,13.17495,TEST,9.325363196399184,366,366,9.325363184569673,13.070612176258217,-37,True,False,1.1829511592509334e-08,computed
DEBB110,held_out_test,DE,Brandenburg,52.5395,13.04878,TEST,8.97893044832272,366,366,8.978930422170745,14.584452916483976,-37,True,False,2.6151974807930856e-08,computed
DEBB111,held_out_test,DE,Brandenburg,51.45651,13.52255,TEST,9.637659068856086,366,366,9.637659084111428,14.64068180842954,-37,True,False,1.5255341878628315e-08,computed
DEBB112,held_out_test,DE,Brandenburg,52.32403,13.62125,TEST,9.481717426222138,366,366,9.481717453733468,14.96245871745292,-37,True,False,2.7511330102925058e-08,computed
DEBE010,held_out_test,DE,Berlin,52.54301,13.34912,TEST,10.742366669444875,366,366,10.742366641481983,17.123750126206915,-37,True,False,2.7962892445998477e-08,computed
DEBE032,held_out_test,DE,Berlin,52.47319,13.22514,TEST,8.228770753727924,366,366,8.228770737038957,12.928940703362924,-37,True,False,1.668896665307784e-08,computed
DEBE034,held_out_test,DE,Berlin,52.48945,13.43084,TEST,11.5644881383734,366,366,11.564488132988417,17.982240513975565,-37,True,False,5.384983126077714e-09,computed
DEBE051,held_out_test,DE,Berlin,52.64417,13.48308,TEST,9.567695228335923,366,366,9.567695219467316,14.774235456508105,-37,True,False,8.868607181966581e-09,computed
DEBE056,held_out_test,DE,Berlin,52.4477,13.64705,TEST,8.992811416548637,366,366,8.992811457025194,13.199355483996879,-37,True,False,4.047655721706178e-08,computed
DEBE061,held_out_test,DE,Berlin,52.46361,13.31825,TEST,11.05076998355882,366,366,11.050769954534655,17.090452218933184,-37,True,False,2.902416440520028e-08,computed
DEBE065,held_out_test,DE,Berlin,52.51407,13.46993,TEST,13.176657310170672,366,366,13.176657397581826,21.886287932086788,-37,True,False,8.741115387067566e-08,computed
DEBE068,held_out_test,DE,Berlin,52.51361,13.41883,TEST,11.203628669981995,366,366,11.20362861496427,18.63976428184536,-37,True,False,5.501772548655026e-08,computed
DEBE069,held_out_test,DE,Berlin,52.43811,13.38772,TEST,13.36234248530648,366,366,13.362342647304782,22.26524415920264,-37,True,False,1.6199830277230376e-07,computed
DEBE125,held_out_test,DE,Berlin,52.50981,13.38238,TEST,12.180935401557251,366,366,12.180935367989893,21.128516702816864,-37,True,False,3.356735867043881e-08,computed
DEBE126,held_out_test,DE,Berlin,52.48381,13.42967,TEST,12.662110593257449,366,366,12.66211052704522,21.146107915397742,-37,True,False,6.621222858882447e-08,computed
DEBE127,held_out_test,DE,Berlin,52.46747,13.44121,TEST,12.830607796325964,366,366,12.830607658012772,21.823477495914236,-37,True,False,1.3831319201074166e-07,computed
DEHB002,held_out_test,DE,Bremen,53.06004,8.91697,TEST,8.800318539514585,366,366,8.800318513898787,13.802295520072521,-37,True,False,2.5615797483169445e-08,computed
DEHB005,held_out_test,DE,Bremen,53.56245,8.56941,TEST,9.136055159374385,365,366,9.136055174436443,14.183886882757308,-36,True,False,1.5062058267290013e-08,computed
DEHB012,held_out_test,DE,Bremen,53.12456,8.73505,TEST,8.769846623639857,365,366,8.769846680022379,14.139899354208541,-36,True,False,5.638252176254355e-08,computed
DEHB013,held_out_test,DE,Bremen,53.1177,8.69506,TEST,8.899000198504792,366,366,8.899000179603798,13.822718565576945,-37,True,False,1.8900994547266237e-08,computed
DEHH008,held_out_test,DE,Hamburg,53.56414,9.96788,TEST,8.962733992886116,366,366,8.962733970586116,14.533302980433085,-37,True,False,2.2300000068753434e-08,computed
DEHH015,held_out_test,DE,Hamburg,53.52326,10.02123,TEST,8.74930167994277,366,366,8.749301708987337,14.896790720757622,-37,True,False,2.9044567639857632e-08,computed
DEHH059,held_out_test,DE,Hamburg,53.50793,9.99057,TEST,8.80138261982046,365,365,8.801382596530038,12.450309815821567,-36,True,False,2.329042203541576e-08,computed
DEHH064,held_out_test,DE,Hamburg,53.5644,9.94458,TEST,8.893384124243381,364,366,8.893384071175596,17.032656653144315,-35,True,False,5.306778483316066e-08,computed
DEHH068,held_out_test,DE,Hamburg,53.5923,10.05386,TEST,10.183304033529028,366,366,10.18330403959787,18.68382589683695,-37,True,False,6.068841429396343e-09,computed
DEHH079,held_out_test,DE,Hamburg,53.54527,9.94482,TEST,9.29186089361728,151,365,9.291860895339473,14.31829133123302,178,False,True,1.7221939430100974e-09,computed
DEHH081,held_out_test,DE,Hamburg,53.52916,9.9816,TEST,9.5262579772082,152,366,9.526257967980722,14.387346809971929,177,False,True,9.227477448803256e-09,computed
DEHH082,held_out_test,DE,Hamburg,53.6222,9.9614,TEST,8.103444022499321,366,366,8.103444074769868,12.212675870857172,-37,True,False,5.227054700185363e-08,computed
DEMV004,held_out_test,DE,Mecklenburg-Vorpommern,53.81777,12.06471,TEST,8.732978613510365,366,366,8.732978635981505,13.593903697524064,-37,True,False,2.2471139615731772e-08,computed
DEMV007,held_out_test,DE,Mecklenburg-Vorpommern,54.16155,12.17411,TEST,8.957078161977151,366,366,8.957078152635885,12.110153721522662,-37,True,False,9.341265538864718e-09,computed
DEMV012,held_out_test,DE,Mecklenburg-Vorpommern,53.52046,14.25741,TEST,10.29733894587973,366,366,10.297338946305535,13.941347783789427,-37,True,False,4.2580516890211584e-10,computed
DEMV017,held_out_test,DE,Mecklenburg-Vorpommern,53.3074,11.3733,TEST,9.239721557429824,365,365,9.239721548453533,12.606243434226087,-36,True,False,8.976291709927864e-09,computed
DEMV019,held_out_test,DE,Mecklenburg-Vorpommern,53.78175,12.17551,TEST,8.484072792148828,366,366,8.4840727826818,13.345596476165792,-37,True,False,9.467028050380577e-09,computed
DEMV020,held_out_test,DE,Mecklenburg-Vorpommern,54.09228,12.14199,TEST,9.44395376084888,366,366,9.443953744244194,17.95267780427777,-37,True,False,1.6604685626475657e-08,computed
DEMV021,held_out_test,DE,Mecklenburg-Vorpommern,54.17133,12.08,TEST,8.628948979908976,366,366,8.628948931623931,12.90113838851811,-37,True,False,4.828504529541533e-08,computed
DEMV022,held_out_test,DE,Mecklenburg-Vorpommern,54.09262,12.09955,TEST,9.55838477067672,366,366,9.558384760829968,15.815745178981548,-37,True,False,9.846752746511811e-09,computed
DEMV024,held_out_test,DE,Mecklenburg-Vorpommern,53.39635,12.46393,TEST,7.883945164513511,362,362,7.883945230894096,12.046223604954177,-33,True,False,6.638058458463547e-08,computed
DEMV025,held_out_test,DE,Mecklenburg-Vorpommern,54.31923,13.08101,TEST,8.707271358929674,366,366,8.707271372851825,14.284730042765503,-37,True,False,1.3922150543521639e-08,computed
DEMV026,held_out_test,DE,Mecklenburg-Vorpommern,54.32351,13.34214,TEST,7.769988674617182,366,366,7.7699887731556485,12.31711678887953,-37,True,False,9.853846627549956e-08,computed
DEMV027,held_out_test,DE,Mecklenburg-Vorpommern,54.05318,13.77931,TEST,8.85429923303965,364,364,8.854299281553374,14.264822340026592,-35,True,False,4.851372281677868e-08,computed
DEMV028,held_out_test,DE,Mecklenburg-Vorpommern,53.90226,11.47596,TEST,8.715979087920024,347,347,8.715979105679018,14.901980257087857,-18,True,False,1.775899427514105e-08,computed
DEMV031,held_out_test,DE,Mecklenburg-Vorpommern,54.17729,12.09792,TEST,9.450058233455724,366,366,9.450058258097727,12.708117624930704,-37,True,False,2.4642002216523906e-08,computed
DEMV058,held_out_test,DE,Mecklenburg-Vorpommern,53.5588,13.2679,TEST,9.221768115775673,366,366,9.221768102957073,13.80611922478013,-37,True,False,1.281859951518527e-08,computed
DEMV059,held_out_test,DE,Mecklenburg-Vorpommern,53.63052,11.39795,TEST,9.132177457302271,366,366,9.132177438659562,14.609294017463126,-37,True,False,1.864270871010376e-08,computed
DEMV060,held_out_test,DE,Mecklenburg-Vorpommern,53.5461,13.2682,TEST,9.190961613332362,359,359,9.190961617712283,14.23527005132246,-30,True,False,4.379920426345052e-09,computed
DENI011,held_out_test,DE,Niedersachsen,52.22694,10.47364,TEST,8.23968633912281,366,366,8.239686320963505,12.73509960573566,-37,True,False,1.8159305170684092e-08,computed
DENI016,held_out_test,DE,Niedersachsen,51.90158,10.48132,TEST,6.71708337264075,366,366,6.717083292528728,10.878553619541437,-37,True,False,8.011202190516542e-08,computed
DENI020,held_out_test,DE,Niedersachsen,52.44081,10.81638,TEST,7.725613160957479,316,366,7.725613061118565,11.962666678810045,13,False,True,9.983891402498557e-08,computed
DENI028,held_out_test,DE,Niedersachsen,51.50758,10.23854,TEST,7.085997204925334,203,366,7.085997123670308,12.20167100514685,126,False,True,8.125502670708329e-08,computed
DENI029,held_out_test,DE,Niedersachsen,53.36235,7.20726,TEST,7.534974411755783,210,366,7.534974505119093,12.312289079281628,119,False,True,9.336330997200548e-08,computed
DENI031,held_out_test,DE,Niedersachsen,53.59617,8.09059,TEST,7.80731397246068,366,366,7.807314035973183,11.479784027925836,-37,True,False,6.351250370073558e-08,computed
DENI038,held_out_test,DE,Niedersachsen,52.25534,8.05286,TEST,7.724838095394984,364,364,7.724838023832069,12.147818171141358,-35,True,False,7.156291470522547e-08,computed
DENI041,held_out_test,DE,Niedersachsen,52.17017,9.06255,TEST,7.939334108641679,366,366,7.939334017106338,12.121214508797111,-37,True,False,9.153534108463646e-08,computed
DENI042,held_out_test,DE,Niedersachsen,51.55107,9.94976,TEST,7.1845145164364155,366,366,7.184514603899335,11.384616776254218,-37,True,False,8.746291957351104e-08,computed
DENI043,held_out_test,DE,Niedersachsen,52.49855,7.31747,TEST,7.818214613933851,366,366,7.818214662260023,11.378891352204368,-37,True,False,4.8326172397139544e-08,computed
DENI048,held_out_test,DE,Niedersachsen,52.3595,9.71577,TEST,8.813529876348168,366,366,8.813529857086298,15.782002620263453,-37,True,False,1.9261870320974595e-08,computed
DENI051,held_out_test,DE,Niedersachsen,51.75816,10.61248,TEST,4.895067961530734,362,362,4.895068038024168,8.46683261564789,-33,True,False,7.64934338093326e-08,computed
DENI052,held_out_test,DE,Niedersachsen,52.82943,9.62295,TEST,8.06913156121113,263,364,8.0691316630679,12.797700922360965,66,False,True,1.0185677012941596e-07,computed
DENI053,held_out_test,DE,Niedersachsen,52.99796,7.94257,TEST,8.962826615274174,366,366,8.962826579818616,13.323449735786122,-37,True,False,3.5455558489161376e-08,computed
DENI054,held_out_test,DE,Niedersachsen,52.36292,9.70612,TEST,7.916159293325327,366,366,7.916159207022911,12.327225565408797,-37,True,False,8.630241588036824e-08,computed
DENI058,held_out_test,DE,Niedersachsen,53.7153,7.21398,TEST,8.536402010774145,362,362,8.536401960328426,13.74246288813223,-33,True,False,5.0445718713376664e-08,computed
DENI059,held_out_test,DE,Niedersachsen,53.83017,8.80122,TEST,7.3346732988940095,293,364,7.334673345011843,10.583559558719351,36,False,True,4.6117833107928163e-08,computed
DENI060,held_out_test,DE,Niedersachsen,52.95702,11.16705,TEST,7.726337147243635,366,366,7.7263371058493755,11.680845862220618,-37,True,False,4.139425957561116e-08,computed
DENI062,held_out_test,DE,Niedersachsen,53.24696,10.4565,TEST,7.75424444996561,223,366,7.754244458444903,12.388975330715573,106,False,True,8.479293711616265e-09,computed
DENI063,held_out_test,DE,Niedersachsen,53.52418,9.68503,TEST,8.01939430292903,217,365,8.019394231973287,12.827045371551558,112,False,True,7.095574261484217e-08,computed
DENI066,held_out_test,DE,Niedersachsen,52.15077,9.95022,TEST,8.521919598944702,366,366,8.52191955522528,15.086620200227179,-37,True,False,4.3719422748722536e-08,computed
DENI067,held_out_test,DE,Niedersachsen,52.2703,8.04147,TEST,8.866866010691338,364,366,8.866865995585089,15.719951788966657,-35,True,False,1.5106248696383773e-08,computed
DENI068,held_out_test,DE,Niedersachsen,51.5302,9.92833,TEST,8.413311292638951,366,366,8.413311345207047,16.279304182036196,-37,True,False,5.256809565423737e-08,computed
DENI070,held_out_test,DE,Niedersachsen,52.15369,10.45591,TEST,7.9459568254172,366,366,7.945956892433718,12.992934603796446,-37,True,False,6.70165176686055e-08,computed
DENI075,held_out_test,DE,Niedersachsen,52.26673,10.54055,TEST,8.286553343362069,363,363,8.286553379431975,14.826117077270132,-34,True,False,3.6069906172997435e-08,computed
DENI077,held_out_test,DE,Niedersachsen,51.70884,9.55462,TEST,6.248950293190141,288,366,6.248950402352267,10.613954942505835,41,False,True,1.0916212556111304e-07,computed
DENI143,held_out_test,DE,Niedersachsen,53.14284,8.21208,TEST,9.771627139275282,366,366,9.771627133275016,16.7515188592673,-37,True,False,6.000265173611297e-09,computed
DENI157,held_out_test,DE,Niedersachsen,52.42789,10.79368,TEST,8.621834579173663,315,365,8.621834533891862,15.626390775281232,14,False,True,4.528180141960547e-08,computed
DESH008,held_out_test,DE,Schleswig-Holstein,54.09323,10.2406,TEST,5.977584063741485,366,366,5.977584172424716,11.043985561984744,-37,True,False,1.0868323041535177e-07,computed
DESH015,held_out_test,DE,Schleswig-Holstein,53.92471,9.53264,TEST,7.330096986438202,366,366,7.330097072380973,12.282671035911502,-37,True,False,8.594277023377117e-08,computed
DESH022,held_out_test,DE,Schleswig-Holstein,54.78143,9.43809,TEST,6.728232343389849,364,364,6.7282323999168945,13.87634080890543,-35,True,False,5.652704526681873e-08,computed
DESH023,held_out_test,DE,Schleswig-Holstein,53.83549,10.69594,TEST,6.8605059900316645,366,366,6.860506062778353,12.000486298589268,-37,True,False,7.274668867296441e-08,computed
DESH027,held_out_test,DE,Schleswig-Holstein,54.30467,10.13516,TEST,7.866594240308625,363,366,7.866594330606511,15.867345293942833,-34,True,False,9.029788650138926e-08,computed
DESH053,held_out_test,DE,Schleswig-Holstein,53.86224,10.67332,TEST,6.437057457765112,365,365,6.437057585281835,13.774344361709531,-36,True,False,1.2751672251454238e-07,computed
DESH056,held_out_test,DE,Schleswig-Holstein,54.61667,9.36367,TEST,6.002922965126123,365,365,6.002922821317059,11.609238101361612,-36,True,False,1.4380906421251893e-07,computed
DESH057,held_out_test,DE,Schleswig-Holstein,54.34761,10.1056,TEST,5.722614853182783,366,366,5.722614850842711,11.338119275434314,-37,True,False,2.340072136064464e-09,computed
DESH058,held_out_test,DE,Schleswig-Holstein,53.38234,10.54052,TEST,7.004989931123428,366,366,7.004989942610881,12.200483402851624,-37,True,False,1.1487452766800743e-08,computed
DESN001,held_out_test,DE,Sachsen,50.57087,12.99728,TEST,7.877443470905031,366,366,7.877443548405808,11.84733555519045,-37,True,False,7.750077735124705e-08,computed
DESN004,held_out_test,DE,Sachsen,51.17567,14.44377,TEST,9.400618799220345,364,364,9.400618775047475,13.8183398973107,-35,True,False,2.417286992795198e-08,computed
DESN020,held_out_test,DE,Sachsen,51.1558,14.97396,TEST,9.53955261702943,352,366,9.539552631275656,15.890954845853399,-23,True,False,1.4246225532588142e-08,computed
DESN024,held_out_test,DE,Sachsen,50.35478,12.46874,TEST,6.449171704655246,363,363,6.449171634073555,10.11610366649911,-34,True,False,7.058169071427756e-08,computed
DESN025,held_out_test,DE,Sachsen,51.34416,12.37716,TEST,10.233275009868096,366,366,10.233275015942468,16.704319648000418,-37,True,False,6.074371228237396e-09,computed
DESN045,held_out_test,DE,Sachsen,50.89238,14.82285,TEST,11.187530305237512,364,364,11.187530321618693,13.966016483516484,-35,True,False,1.638118085622864e-08,computed
DESN049,held_out_test,DE,Sachsen,50.43132,12.61113,TEST,4.443833585432099,363,363,4.443833548046555,7.1627640548588465,-34,True,False,3.738554354981716e-08,computed
DESN051,held_out_test,DE,Sachsen,51.11951,13.67501,TEST,8.094704547285795,362,366,8.094704505432084,12.671910720537914,-33,True,False,4.1853711607586774e-08,computed
DESN059,held_out_test,DE,Sachsen,51.31791,12.29741,TEST,7.89411462599087,366,366,7.89411464208707,12.18499748675081,-37,True,False,1.6096199928483657e-08,computed
DESN061,held_out_test,DE,Sachsen,51.06493,13.7414,TEST,11.31024297797866,366,360,11.310243003090191,16.037166666666668,-37,True,False,2.511153063267102e-08,computed
DESN074,held_out_test,DE,Sachsen,50.6591,13.46508,TEST,6.865999340270714,366,366,6.865999325444011,10.806010588604826,-37,True,False,1.4826703420567355e-08,computed
DESN075,held_out_test,DE,Sachsen,50.48614,12.13805,TEST,7.950202944872768,351,366,7.950202931906067,13.59888979302188,-22,True,False,1.2966700602135006e-08,computed
DESN079,held_out_test,DE,Sachsen,51.28536,14.74973,TEST,7.235617243493673,366,366,7.235617189174363,11.413690056868004,-37,True,False,5.431930993893275e-08,computed
DESN083,held_out_test,DE,Sachsen,50.84574,12.90337,TEST,8.49208499117789,366,366,8.492085001209581,14.422241762206669,-37,True,False,1.003169103341861e-08,computed
DESN084,held_out_test,DE,Sachsen,51.02629,13.73161,TEST,9.36315983798596,366,366,9.363159855796617,15.850343992836653,-37,True,False,1.7810657837458166e-08,computed
DESN091,held_out_test,DE,Sachsen,50.72041,12.48662,TEST,9.773118770009182,364,364,9.773118777543761,13.763983516483517,-35,True,False,7.534579182788548e-09,computed
DESN092,held_out_test,DE,Sachsen,51.03611,13.73021,TEST,9.709462026434856,363,361,9.709462012075791,14.09564545898933,-34,True,False,1.4359065048097364e-08,computed
DESN093,held_out_test,DE,Sachsen,50.60814,12.21111,TEST,8.418184960045764,360,364,8.418184916241302,10.57456043956044,-31,True,False,4.3804462279695144e-08,computed
DESN130,held_out_test,DE,Sachsen,51.35258,13.1322,TEST,7.1877120786311615,366,366,7.187712029769612,11.314292424063458,-37,True,False,4.8861549473144805e-08,computed
DEST002,held_out_test,DE,Sachsen-Anhalt,52.26835,11.86476,TEST,8.0590266572273,366,366,8.059026749919385,12.940772988864833,-37,True,False,9.269208511852867e-08,computed
DEST011,held_out_test,DE,Sachsen-Anhalt,51.83938,10.79014,TEST,8.135347839727967,344,366,8.135347873033512,12.732408254542875,-15,True,False,3.330554498859328e-08,computed
DEST015,held_out_test,DE,Sachsen-Anhalt,51.65117,12.30287,TEST,8.808020914466931,366,366,8.808020870309814,14.654326170980067,-37,True,False,4.415711707395076e-08,computed
DEST029,held_out_test,DE,Sachsen-Anhalt,51.80353,11.73896,TEST,8.507383670423394,300,364,8.507383636930799,14.069201020764297,29,False,True,3.349259536378213e-08,computed
DEST044,held_out_test,DE,Sachsen-Anhalt,51.89698,11.05744,TEST,7.712915625219284,366,366,7.712915674735968,12.797159632471661,-37,True,False,4.951668408637033e-08,computed
DEST050,held_out_test,DE,Sachsen-Anhalt,51.49619,11.97906,TEST,8.667973430300032,366,366,8.667973394976038,14.43960121060569,-37,True,False,3.5323994396208036e-08,computed
DEST066,held_out_test,DE,Sachsen-Anhalt,51.87085,12.66366,TEST,9.321625698163482,362,366,9.321625709714878,13.70484932089854,-33,True,False,1.1551396283948634e-08,computed
DEST077,held_out_test,DE,Sachsen-Anhalt,52.1279,11.61146,TEST,9.063068097015734,366,361,9.063068103129615,13.67933217950107,-37,True,False,6.113880957059337e-09,computed
DEST089,held_out_test,DE,Sachsen-Anhalt,52.59314,11.17233,TEST,6.651612790367713,364,364,6.651612823566736,10.301693504557544,-35,True,False,3.319902308618339e-08,computed
DEST092,held_out_test,DE,Sachsen-Anhalt,51.86747,12.59827,TEST,11.161047712646749,366,366,11.161047693053101,16.838428244505494,-37,True,False,1.9593647593296737e-08,computed
DEST098,held_out_test,DE,Sachsen-Anhalt,51.66243,11.04339,TEST,5.620372575631855,366,366,5.6203725191481055,9.387233543605983,-37,True,False,5.648374923339361e-08,computed
DEST102,held_out_test,DE,Sachsen-Anhalt,51.49476,11.98131,TEST,9.571875478182186,361,366,9.571875484764542,20.798725020372615,-32,True,False,6.582355993600686e-09,computed
DEST103,held_out_test,DE,Sachsen-Anhalt,52.12076,11.63267,TEST,9.231580608474168,366,366,9.231580606578921,15.676683003671979,-37,True,False,1.89524662630447e-09,computed
DEST104,held_out_test,DE,Sachsen-Anhalt,51.83731,11.89141,TEST,7.84282000198604,366,366,7.842820011064539,13.290059800080924,-37,True,False,9.078498841574856e-09,computed
DEST108,held_out_test,DE,Sachsen-Anhalt,51.19725,11.96096,TEST,8.631745484920204,365,0,8.631745501814864,,-36,True,False,1.6894659893296193e-08,computed
DEST112,held_out_test,DE,Sachsen-Anhalt,52.13174,11.63192,TEST,9.559874862475796,366,366,9.559874866016887,15.946895420737938,-37,True,False,3.541090976000305e-09,computed
DEST133,held_out_test,DE,Sachsen-Anhalt,51.47578,11.98385,TEST,9.477608357101122,365,366,9.477608351369737,15.062736031728331,-36,True,False,5.731385144258638e-09,computed
DEST134,held_out_test,DE,Sachsen-Anhalt,51.88576,12.23869,TEST,9.79314138457781,366,364,9.793141391801582,14.75314789685674,-37,True,False,7.223771802955525e-09,computed
DETH005,held_out_test,DE,Thueringen,50.65118,11.36888,TEST,9.333975218447954,366,366,9.33397524505029,15.047651229330906,-37,True,False,2.660233633378084e-08,computed
DETH009,held_out_test,DE,Thueringen,50.87792,12.0749,TEST,8.458646670537426,366,366,8.458646722917882,14.763714518441272,-37,True,False,5.238045552857784e-08,computed
DETH011,held_out_test,DE,Thueringen,50.98776,12.43762,TEST,9.261410761304177,366,366,9.261410768244636,15.321140469252397,-37,True,False,6.94045887428274e-09,computed
DETH013,held_out_test,DE,Thueringen,50.97829,10.31724,TEST,7.778592565464911,363,363,7.77859249943606,12.527246619708356,-34,True,False,6.602885083140109e-08,computed
DETH018,held_out_test,DE,Thueringen,51.49719,10.7914,TEST,8.308884736937602,366,366,8.308884742026015,14.56301594828542,-37,True,False,5.088413246312484e-09,computed
DETH020,held_out_test,DE,Thueringen,50.97946,11.03792,TEST,8.40181107958886,366,366,8.401811114281626,14.128749566320277,-37,True,False,3.469276599332716e-08,computed
DETH026,held_out_test,DE,Thueringen,50.56175,10.3753,TEST,7.034646365561287,366,366,7.034646445504583,11.157242905573463,-37,True,False,7.994329553895341e-08,computed
DETH027,held_out_test,DE,Thueringen,50.49995,11.13459,TEST,6.036203231268646,365,365,6.036203254487339,9.80847653165629,-36,True,False,2.3218692746240777e-08,computed
DETH036,held_out_test,DE,Thueringen,50.65586,12.2052,TEST,9.399877349859588,366,366,9.399877344483231,13.615014615286416,-37,True,False,5.376357137265586e-09,computed
DETH041,held_out_test,DE,Thueringen,50.93351,11.59706,TEST,9.394854840148296,364,364,9.394854856764612,14.792923181223546,-35,True,False,1.661631543470321e-08,computed
DETH042,held_out_test,DE,Thueringen,51.33333,10.86719,TEST,6.769236065767121,366,366,6.7692360921337915,9.929380560147665,-37,True,False,2.6366670624611288e-08,computed
DETH043,held_out_test,DE,Thueringen,50.98487,11.01935,TEST,8.1129085938101,366,366,8.112908582846977,15.022298140272495,-37,True,False,1.0963123742158132e-08,computed
DETH061,held_out_test,DE,Thueringen,50.79162,11.66123,TEST,7.174703268739679,366,366,7.174703316894379,12.110721140244015,-37,True,False,4.815470067143224e-08,computed
DETH072,held_out_test,DE,Thueringen,50.61153,10.69309,TEST,7.700582059156777,366,366,7.700582142807537,13.254178159471234,-37,True,False,8.365076009653194e-08,computed
DETH081,held_out_test,DE,Thueringen,50.97233,11.01045,TEST,8.929802623370842,366,366,8.92980266183305,16.156553497341555,-37,True,False,3.8462207641032364e-08,computed
DETH083,held_out_test,DE,Thueringen,50.97746,11.32607,TEST,8.406764742877177,365,365,8.406764692840481,14.431782577154062,-36,True,False,5.00366965638932e-08,computed
DETH091,held_out_test,DE,Thueringen,51.20523,10.44843,TEST,9.66331179351119,366,366,9.663311786078443,19.332329997935105,-37,True,False,7.43274597425625e-09,computed
DETH093,held_out_test,DE,Thueringen,50.98219,11.32102,TEST,8.687189469327423,364,364,8.687189522120947,13.629205204130335,-35,True,False,5.2793524218941457e-08,computed
DETH095,held_out_test,DE,Thueringen,51.20794,10.451,TEST,9.37279051894878,364,364,9.372790520317109,14.308768263376125,-35,True,False,1.3683294497468523e-09,computed
DETH117,held_out_test,DE,Thueringen,50.99313,11.05658,TEST,8.008412991400867,366,366,8.008413058925086,12.725259919447762,-37,True,False,6.752421910505291e-08,computed
DEUB001,held_out_test,DE,Schleswig-Holstein,54.92497,8.30821,TEST,8.950990927765265,365,366,8.950990908940508,13.92261892271131,-36,True,False,1.8824756864432857e-08,computed
DEUB005,held_out_test,DE,Niedersachsen,52.80077,10.75673,TEST,7.973619449454299,366,366,7.973619521057184,11.593511010625775,-37,True,False,7.160288539864723e-08,computed
DEUB028,held_out_test,DE,Mecklenburg-Vorpommern,54.43699,12.72194,TEST,7.511357845832146,366,366,7.5113579425429045,11.010525597710153,-37,True,False,9.671075851258593e-08,computed
DEUB029,held_out_test,DE,Thueringen,50.65407,10.76953,TEST,6.105499604466477,365,366,6.10549955837729,9.295218805933638,-36,True,False,4.6089186689357575e-08,computed
DEUB030,held_out_test,DE,Brandenburg,53.1413,13.03166,TEST,7.544087651074623,365,366,7.544087635258307,12.702595318814874,-36,True,False,1.5816316256689333e-08,computed
