experiment,fold,epoch,train_loss,best_so_far,epochs_since_improvement,lr_group_0,lr_head,train_seconds,train_batch_avg_seconds,train_eval_seconds,val_loss_seconds,val_seconds,total_seconds,data_wait_seconds,to_device_seconds,forward_seconds,backward_seconds,optimizer_seconds,train_pm25_rmse,train_pm25_mae,train_pm25_r2,train_pm25_n,val_pm25_rmse,val_pm25_mae,val_pm25_r2,val_pm25_n,val_loss
resnet_frozen,fold6_balkan_e,1,0.7454423639189087,True,0,1e-05,1e-05,0.7129689622670412,0.1018527088952916,0.45965083688497543,0.08519533276557922,0.2319592498242855,1.490959208458662,0.5196775067597628,0.02055279165506363,0.11769408918917179,0.04640931263566017,0.007575957104563713,4.699704070822589,3.3009242311888003,-0.03919079104218581,827,8.857656862543156,6.73395119285176,-1.057098987128065,146,0.7281835675239563
resnet_frozen,fold6_balkan_e,2,0.7525249790251616,False,1,1e-05,1e-05,0.664503064006567,0.09492900914379529,0.45693577639758587,0.07032575085759163,0.23132036067545414,1.4243896398693323,0.4726206585764885,0.02049555815756321,0.11727316305041313,0.04605108126997948,0.007060995325446129,4.713719407149429,3.3023115821124747,-0.045398128918921365,827,8.885003806682233,6.775772038363429,-1.0698206838003737,146,0.7370409965515137
resnet_frozen,fold6_balkan_e,3,0.8137517742263074,False,2,1e-05,1e-05,0.6979541312903166,0.0997077330414738,0.45979627780616283,0.07030982337892056,0.23059245944023132,1.459973642602563,0.5062999874353409,0.020224859938025475,0.11727251671254635,0.046082790940999985,0.007086124271154404,4.736434025649463,3.317161733901482,-0.055497598646456536,827,8.915113902117213,6.824149130667553,-1.083873148156521,146,0.74770587682724
resnet_frozen,fold6_balkan_e,4,0.8077497932037391,False,3,1e-05,1e-05,0.6620868593454361,0.09458383704934802,0.45640804246068,0.07031829096376896,0.23074670135974884,1.4208509922027588,0.4701699558645487,0.020470980554819107,0.11732609197497368,0.046052705496549606,0.007071308791637421,4.751154269403072,3.33433356145649,-0.06206850226590066,827,8.927064084083725,6.84801920549683,-1.089463509392854,146,0.7532833814620972
resnet_frozen,fold6_balkan_e,5,0.7529710910340462,False,4,1e-05,1e-05,0.6615919414907694,0.09451313449868134,0.5196227356791496,0.09015454910695553,0.2458808720111847,1.5185501407831907,0.46999641507864,0.020428402349352837,0.11715402267873287,0.04596678912639618,0.00705505907535553,4.761134261839071,3.3480558446399185,-0.06653502441605719,827,8.940793543143624,6.86502225447771,-1.0958954702954156,146,0.757453203201294
resnet_frozen,fold6_balkan_e,6,0.7618789534470767,False,5,1e-05,1e-05,0.6814503446221352,0.0973500492317336,0.45776177383959293,0.0716919619590044,0.23148261941969395,1.4436915926635265,0.4892895929515362,0.0203995481133461,0.11724282242357731,0.0462836567312479,0.007239639759063721,4.763722161511785,3.352357328858891,-0.06769476308619815,827,8.955315796452885,6.877641312745888,-1.102709595645877,146,0.7603206634521484
resnet_frozen,fold6_balkan_e,7,0.8246691425881623,False,6,1e-05,1e-05,0.8358810991048813,0.11941158558641161,0.5118531044572592,0.08243458345532417,0.23078810796141624,1.6622745264321566,0.6430328655987978,0.020634030923247337,0.11755073443055153,0.04646861180663109,0.007161460816860199,4.759953964893374,3.3493758396320374,-0.06600629662587676,827,8.968567938443709,6.88649743522462,-1.1089374103822784,146,0.7625349760055542
resnet_frozen,fold6_balkan_e,8,0.7610077586975467,False,7,1e-05,1e-05,0.7993153594434261,0.11418790849191802,0.4687741845846176,0.08367062173783779,0.23089364729821682,1.5839386265724897,0.6075329668819904,0.02011973038315773,0.11732259206473827,0.04612710699439049,0.007177768275141716,4.749989618887245,3.342973309921298,-0.06154787634912906,827,8.972773230039454,6.886462671540949,-1.1109156026778835,146,0.7628461122512817
resnet_frozen,fold6_balkan_e,9,0.804058669988593,False,8,1e-05,1e-05,0.6972772534936666,0.09961103621338095,0.46225001849234104,0.07236700132489204,0.23264878056943417,1.4658340830355883,0.5054660309106112,0.020415695384144783,0.11722109653055668,0.04601006396114826,0.007118966430425644,4.73238366460409,3.3292492591460876,-0.053693153197231336,827,8.968895228731983,6.8750125401905855,-1.1090913362558652,146,0.7608071565628052
resnet_frozen,fold6_balkan_e,10,0.7872211405559203,False,9,1e-05,1e-05,0.6684464178979397,0.09549234541399139,0.461907047778368,0.06972247920930386,0.2322570886462927,1.4336554277688265,0.47592997178435326,0.020351620391011238,0.11730674467980862,0.04668540135025978,0.007177660241723061,4.723384222405751,3.317749121760686,-0.04968940588842363,827,8.982602450876389,6.881161697158213,-1.1155429390983778,146,0.7632142901420593
resnet_frozen,fold6_balkan_e,11,0.7682663111473369,False,10,1e-05,1e-05,0.6544923856854439,0.09349891224077769,0.4587709568440914,0.07029278017580509,0.23118058778345585,1.4160292353481054,0.4617559630423784,0.020472466945648193,0.11727656982839108,0.046548789367079735,0.007445951923727989,4.715266886534121,3.3086691447341274,-0.04608463460935597,827,8.986062154732053,6.88029354466938,-1.1171728813364266,146,0.763716995716095
resnet_frozen,fold6_balkan_e,12,0.7524500365989528,False,11,1e-05,1e-05,0.6555025558918715,0.09364322227026735,0.4534573797136545,0.07011048123240471,0.23026843927800655,1.410650160163641,0.4640802498906851,0.020365700125694275,0.11715133301913738,0.045967236161231995,0.006957903504371643,4.706182867328515,3.3007374881710123,-0.042057927467842315,827,8.991587040343935,6.8847972181665105,-1.119777077402381,146,0.7648608088493347
resnet_frozen,fold6_balkan_e,13,0.7999682997273418,False,12,1e-05,1e-05,0.6551255956292152,0.09358937080417361,0.4539954923093319,0.06970909051597118,0.23026098124682903,1.410380581393838,0.4635505322366953,0.020494025200605392,0.11723909713327885,0.04589878022670746,0.006959045305848122,4.691190405781971,3.2906499799816973,-0.03542914623621396,827,8.985742993926399,6.876057022155687,-1.1170224914123361,146,0.7629900574684143
resnet_frozen,fold6_balkan_e,14,0.806398753820048,False,13,1e-05,1e-05,0.6518976520746946,0.09312823601067066,0.4534320402890444,0.06980735994875431,0.23037474043667316,1.4068160932511091,0.4602917153388262,0.020437072962522507,0.11729277297854424,0.04596843011677265,0.00693863071501255,4.678387225442986,3.2816260844824594,-0.029785079483251264,827,8.975631933367568,6.864925255278198,-1.1122608819108333,146,0.7606615424156189
resnet_frozen,fold6_balkan_e,15,0.7817599240064332,False,14,1e-05,1e-05,1.1079654786735773,0.1582807826676539,1.492319718003273,0.3031395096331835,0.3909074757248163,3.295640204101801,0.921320840716362,0.02022709511220455,0.11725963279604912,0.04126675985753536,0.006800659000873566,4.666625841096104,3.272687230335473,-0.02461386417674638,827,8.967104588686032,6.853169585380403,-1.1082492601005516,146,0.7577724456787109
resnet_frozen,fold6_balkan_e,16,0.7050016096454145,False,15,1e-05,1e-05,1.878701912239194,0.268385987462742,0.44941331818699837,0.06993943080306053,0.230459189042449,2.6298326198011637,1.6937261801213026,0.019689667969942093,0.11738567985594273,0.040106382220983505,0.006773578003048897,4.656002469657519,3.2620139112751363,-0.01995419589318015,827,8.966403910242093,6.853895857400636,-1.1079198010019278,146,0.7580279111862183
resnet_frozen,fold6_balkan_e,17,0.744319265381745,False,16,1e-05,1e-05,0.630729716271162,0.09010424518159457,0.4562567435204983,0.06996463984251022,0.23060138896107674,1.38883912935853,0.4433704409748316,0.020333681255578995,0.11725280806422234,0.04154378920793533,0.007178641855716705,4.643726872978572,3.2526933491294208,-0.014583047080874545,827,8.95554056766729,6.83926595002617,-1.1028151496054233,146,0.7549768090248108
resnet_frozen,fold6_balkan_e,18,0.786637524163132,False,17,1e-05,1e-05,0.6867838129401207,0.0981119732771601,0.48915483243763447,0.07144211232662201,0.23893627524375916,1.4876051638275385,0.4981687646359205,0.020302921533584595,0.11735569313168526,0.042154811322689056,0.007742207497358322,4.62972938646117,3.2438162148611145,-0.008475793531365516,827,8.939891393446409,6.822210570070682,-1.0954725288504852,146,0.7512909770011902
resnet_frozen,fold6_balkan_e,19,0.7877237580563454,False,18,1e-05,1e-05,0.6501856502145529,0.0928836643163647,0.45591658540070057,0.0703746099025011,0.23171595856547356,1.4094806276261806,0.46340313740074635,0.020252268761396408,0.11722305417060852,0.04126948490738869,0.007050337269902229,4.614984620258869,3.234280021363307,-0.00206243327771638,827,8.921066613996679,6.801168952052702,-1.0866569236531265,146,0.7467628121376038
resnet_frozen,fold6_balkan_e,20,0.7386250478613046,False,19,1e-05,1e-05,0.651343422010541,0.09304906028722014,0.46043131686747074,0.06973936967551708,0.23177539929747581,1.4145754519850016,0.46428844705224037,0.02037031017243862,0.11723270639777184,0.04145364463329315,0.006999561563134193,4.596791027442428,3.224502351370713,0.005822827992426172,827,8.89799183139269,6.776422581510427,-1.0758764000070546,146,0.7411763072013855
resnet_frozen,fold6_balkan_e,21,0.7148412775964518,False,20,1e-05,1e-05,0.6694303397089243,0.09563290567270347,0.5117140226066113,0.08869366720318794,0.24753000400960445,1.51867501065135,0.48247257247567177,0.020242199301719666,0.11716214939951897,0.04149802774190903,0.007035747170448303,4.5845171745967646,3.2150445508705645,0.011124828234513773,827,8.895694368797813,6.771960983811188,-1.0748045553120487,146,0.7402849197387695
resnet_frozen,fold6_balkan_e,22,0.7616376773045458,False,21,1e-05,1e-05,0.6845753695815802,0.09779648136879716,0.4583416264504194,0.0700720027089119,0.23112705163657665,1.4454219173640013,0.4975936133414507,0.019981568679213524,0.11736375838518143,0.04164985753595829,0.006989719346165657,4.570330422805913,3.20692564967993,0.017235491530048108,827,8.878548279047825,6.753056045591922,-1.0668140603223164,146,0.736070990562439
resnet_frozen,fold6_balkan_e,23,0.7323234355146968,False,22,1e-05,1e-05,0.6519273724406958,0.09313248177724225,0.4593851864337921,0.0707398820668459,0.2316573727875948,1.4150001108646393,0.46476885862648487,0.020346757024526596,0.11723986268043518,0.041542960330843925,0.007008600980043411,4.555963071672096,3.196615692458943,0.023404642552963262,827,8.869568406558628,6.7409524403355405,-1.06263537246253,146,0.7335507273674011
resnet_frozen,fold6_balkan_e,24,0.7328370173868274,False,23,1e-05,1e-05,0.6501088198274374,0.09287268854677677,0.46034192107617855,0.08893203549087048,0.2282695583999157,1.4289545826613903,0.4627236668020487,0.020480237901210785,0.11732541583478451,0.04154445789754391,0.007038738578557968,4.545140034214711,3.1878628862179887,0.028039084654868263,827,8.862196376398389,6.730416864354371,-1.059208037501381,146,0.7317345142364502
resnet_frozen,fold6_balkan_e,25,0.7345456788733044,True,0,1e-05,1e-05,0.6663251128047705,0.09518930182925292,0.46080187521874905,0.07021354883909225,0.23208237998187542,1.430719044059515,0.47979104705154896,0.020158246159553528,0.11715397797524929,0.041206371039152145,0.007031187415122986,4.531560851140228,3.1796556793257347,0.03383812235704042,827,8.85317911055186,6.721008529246128,-1.0550196898610893,146,0.7295451164245605
resnet_frozen,fold6_balkan_e,26,0.7413333260883299,True,0,1e-05,1e-05,0.7313321493566036,0.10447602133665766,0.46075755544006824,0.07010641135275364,0.23188604973256588,1.4954150803387165,0.5439681727439165,0.019975366070866585,0.11737487278878689,0.0419404786080122,0.0070557426661252975,4.520728526487905,3.1751481239354233,0.03845166311056014,827,8.835647591833611,6.701900324328489,-1.046888837916418,146,0.7253584861755371
resnet_frozen,fold6_balkan_e,27,0.7624342063894584,True,0,1e-05,1e-05,0.6505376696586609,0.09293395280838013,0.46407973021268845,0.08839552477002144,0.229910708963871,1.4342456385493279,0.46294952370226383,0.020491300150752068,0.1173368189483881,0.041723309084773064,0.007024489343166351,4.511756035558918,3.1669384333474806,0.04226473085162197,827,8.828790318112599,6.693572282692051,-1.0437129234743718,146,0.7237156629562378
resnet_frozen,fold6_balkan_e,28,0.7930641220443339,True,0,1e-05,1e-05,0.6441608369350433,0.09202297670500618,0.4605103265494108,0.08964960649609566,0.22900867834687233,1.4246540199965239,0.4574747085571289,0.020300367847085,0.11729731224477291,0.04111817665398121,0.006979271769523621,4.49994850861619,3.1594001025396827,0.047271068705555086,827,8.817421599167657,6.67997083159568,-1.038452986908224,146,0.7209490537643433
resnet_frozen,fold6_balkan_e,29,0.7783245654031183,True,0,1e-05,1e-05,0.6454831045120955,0.0922118720731565,0.5161107555031776,0.08893095701932907,0.24659820087254047,1.4984097220003605,0.4583875201642513,0.020451877266168594,0.11725255101919174,0.04138247109949589,0.00700812041759491,4.485205672249889,3.1500040031034042,0.05350354799375612,827,8.80985290109083,6.6719630290760055,-1.0349549544509107,146,0.7190921902656555
resnet_frozen,fold6_balkan_e,30,0.7495832477832504,True,0,1e-05,1e-05,0.6814207285642624,0.0973458183663232,0.4510325398296118,0.0890543982386589,0.2285115160048008,1.4512998424470425,0.49476872757077217,0.020009713247418404,0.11726164631545544,0.04133189097046852,0.007046613842248917,4.478307714990166,3.144791230122955,0.056412610383098416,827,8.799594882231132,6.659788401283736,-1.0302187906248395,146,0.7163560390472412
resnet_frozen,fold6_balkan_e,31,0.7060301110706998,True,0,1e-05,1e-05,0.647420721128583,0.09248867444694042,0.4654261041432619,0.08810763619840145,0.22880537807941437,1.4310880340635777,0.4604183975607157,0.020556699484586716,0.1171562634408474,0.04128854349255562,0.007023578509688377,4.472652845324654,3.1403768182525957,0.058794088022549484,827,8.795379673275189,6.655826717207187,-1.0282742132091034,146,0.7153456807136536
resnet_frozen,fold6_balkan_e,32,0.7206841299294561,True,0,1e-05,1e-05,0.7204234898090363,0.1029176414012909,0.46345578879117966,0.08870190568268299,0.22861428745090961,1.5024909041821957,0.5330083556473255,0.02011793665587902,0.11738604865968227,0.041828786954283714,0.007056467235088348,4.460263308337087,3.1334080277875795,0.06400126812562679,827,8.781025245489205,6.640780099645952,-1.0216591588085069,146,0.7119550704956055
resnet_frozen,fold6_balkan_e,33,0.72769201940608,False,1,1e-05,1e-05,0.7230283431708813,0.10328976331012589,0.44842735677957535,0.08821655623614788,0.22809547558426857,1.4890532325953245,0.5358943343162537,0.02002895437180996,0.11733304522931576,0.041727339848876,0.007018405944108963,4.4568459057764205,3.1276379203410984,0.06543502162598513,827,8.783630540415757,6.642963173939435,-1.022858973079389,146,0.712507963180542
resnet_frozen,fold6_balkan_e,34,0.7077686904851874,False,2,1e-05,1e-05,0.6475601885467768,0.09250859836382526,0.4608635865151882,0.0883213672786951,0.22832464426755905,1.4263709299266338,0.4600586388260126,0.020430635660886765,0.11731618829071522,0.04176995903253555,0.007014598697423935,4.452534195736605,3.121563553622965,0.06724240923129754,827,8.791390967822005,6.647978276511673,-1.0264349852815635,146,0.7138104438781738
resnet_frozen,fold6_balkan_e,35,0.7428845748071082,False,3,1e-05,1e-05,0.6507241018116474,0.0929605859730925,0.4636638406664133,0.08915980719029903,0.2281498871743679,1.432997202500701,0.4633084163069725,0.020543308928608894,0.11724275164306164,0.04157962091267109,0.0070609524846076965,4.448554541453702,3.1172098201142973,0.06890905284151772,827,8.796856557496916,6.652519809192495,-1.028955429436798,146,0.7150006890296936
resnet_frozen,fold6_balkan_e,36,0.7208718342533135,False,4,1e-05,1e-05,0.6479433476924896,0.09256333538464137,0.46106714755296707,0.08860314823687077,0.22851231694221497,1.4273941796272993,0.4608859531581402,0.020458219572901726,0.11729605868458748,0.04129418544471264,0.007019594311714172,4.436258785236772,3.1100414306802975,0.07404899008457422,827,8.787139235966249,6.639577636167015,-1.0244753921313743,146,0.7121451497077942
resnet_frozen,fold6_balkan_e,37,0.7245456183547697,False,5,1e-05,1e-05,0.6479597594588995,0.09256567992269993,0.44759890623390675,0.08842653594911098,0.2282754760235548,1.4135866276919842,0.4606606289744377,0.020431876182556152,0.11725122481584549,0.04163220338523388,0.007005827501416206,4.431158384561995,3.1067451020250614,0.07617691206115662,827,8.782760088396047,6.63448142561805,-1.022458064952969,146,0.7111945748329163
resnet_frozen,fold6_balkan_e,38,0.7105001244320114,True,0,1e-05,1e-05,0.6487843096256256,0.09268347280366081,0.461127458140254,0.08842382580041885,0.22801502607762814,1.4276576098054647,0.4616220686584711,0.020393313840031624,0.11729729175567627,0.04132786951959133,0.007167903706431389,4.419667744197995,3.0991526522164787,0.08096191607496317,827,8.775324168061115,6.625915673054822,-1.0190348880500983,146,0.7093291878700256
resnet_frozen,fold6_balkan_e,39,0.733998673426341,True,0,1e-05,1e-05,0.689986314624548,0.09856947351779256,0.4520814009010792,0.08955847658216953,0.2280956171452999,1.461025720462203,0.5032092072069645,0.020079365000128746,0.11718328110873699,0.041468629613518715,0.007036954164505005,4.406537322266312,3.093637461965075,0.08641455777184825,827,8.751526052087012,6.601991401325865,-1.0080987511522714,146,0.7040291428565979
resnet_frozen,fold6_balkan_e,40,0.743512339286389,True,0,1e-05,1e-05,0.7363749165087938,0.1051964166441134,0.4491221569478512,0.08848682418465614,0.2282179780304432,1.5034691151231527,0.5492520350962877,0.019853858277201653,0.11735491454601288,0.0418286956846714,0.0070475079119205475,4.400413113042646,3.088772388597486,0.0889521967492356,827,8.74778338876634,6.597227569654346,-1.0063815579603927,146,0.7031177282333374
resnet_frozen,fold6_balkan_e,41,0.73144856906139,True,0,1e-05,1e-05,0.6624201126396656,0.09463144466280937,0.507424708455801,0.0964670442044735,0.23537716455757618,1.5029613561928272,0.47467709332704544,0.0205563735216856,0.11731111630797386,0.04143623448908329,0.007422875612974167,4.391237341293963,3.0826510654063712,0.09274768174903059,827,8.74281329100287,6.591680490087436,-1.0041023337833952,146,0.701933741569519
resnet_frozen,fold6_balkan_e,42,0.7327697689328545,True,0,1e-05,1e-05,0.695062318816781,0.09929461697382587,0.46907492354512215,0.08883455581963062,0.22875424474477768,1.4830847773700953,0.5078419931232929,0.020258048549294472,0.11740420199930668,0.04151022434234619,0.007038118317723274,4.380860467162717,3.077250671721814,0.09703044708769748,827,8.725003368182271,6.571136231694781,-0.9959455650596576,146,0.697907567024231
resnet_frozen,fold6_balkan_e,43,0.7582561396053364,True,0,1e-05,1e-05,0.6864589713513851,0.09806556733591217,0.44912579469382763,0.08860793523490429,0.22923651710152626,1.4547366332262754,0.4989282377064228,0.02030869945883751,0.11746963113546371,0.041651031002402306,0.00708853080868721,4.3696718868371605,3.071949578616959,0.10163686911115666,827,8.716106876433553,6.560780427168998,-0.9918772891999448,146,0.6957805752754211
resnet_frozen,fold6_balkan_e,44,0.7107345299680403,False,1,1e-05,1e-05,0.6474068481475115,0.09248669259250164,0.845727788284421,0.21708967722952366,0.31944863498210907,2.0309969298541546,0.46050525456666946,0.02032395265996456,0.11722122505307198,0.04115305095911026,0.0071848314255476,4.361358825672888,3.062716585425001,0.10505179086149363,827,8.718746356215634,6.561250812618814,-0.9930838636418267,146,0.6963326334953308
resnet_frozen,fold6_balkan_e,45,0.7348440832209558,True,0,1e-05,1e-05,1.8173728864639997,0.2596246980662857,1.5586669519543648,0.08901642821729183,0.22790376655757427,3.694293500855565,1.632953641936183,0.019234707579016685,0.1175595112144947,0.039673663675785065,0.00682646781206131,4.347073774728402,3.056223048559704,0.11090475756325124,827,8.70177913511501,6.541229302979132,-0.9853340821653198,146,0.6925095915794373
resnet_frozen,fold6_balkan_e,46,0.6599864106368557,False,1,1e-05,1e-05,0.6443952638655901,0.09205646626651287,0.4545767605304718,0.0708959810435772,0.23064265958964825,1.4017892591655254,0.4527718834578991,0.020465858280658722,0.1172027736902237,0.04600154235959053,0.006984088569879532,4.353947477224263,3.0566104442785957,0.1080908150194203,827,8.719124676759037,6.5622962198165,-0.9932568336764414,146,0.6968761682510376
resnet_frozen,fold6_balkan_e,47,0.6787923792109092,False,2,1e-05,1e-05,0.6510089803487062,0.09300128290695804,0.4534310605376959,0.07074313051998615,0.23459358140826225,1.4110586754977703,0.4592121969908476,0.020541997626423836,0.11711559817194939,0.0462134201079607,0.006983619183301926,4.339549235672916,3.046316499909931,0.11398004093251723,827,8.705488522641271,6.544444982557729,-0.9870270562123784,146,0.6934036612510681
resnet_frozen,fold6_balkan_e,48,0.7182650398890946,False,3,1e-05,1e-05,0.7096110247075558,0.10137300352965083,0.4591008350253105,0.09019947797060013,0.22708299569785595,1.4872787091881037,0.5175624024122953,0.020672423765063286,0.11724838241934776,0.046085549518465996,0.007091313600540161,4.333422938936562,3.0398254418925736,0.11647992717565436,827,8.705638110688739,6.546045210880338,-0.9870953437187155,146,0.6940076351165771
resnet_frozen,fold6_balkan_e,49,0.73211344265736,True,0,1e-05,1e-05,0.6853217724710703,0.09790311035301004,0.5147469844669104,0.0961774941533804,0.22773190774023533,1.525286154821515,0.4933207854628563,0.020670948550105095,0.11719924211502075,0.046112651005387306,0.0070493947714567184,4.323175016333688,3.0334407333302,0.12065378209690625,827,8.689364540669342,6.529262349161588,-0.9796732775420929,146,0.6906183958053589
resnet_frozen,fold6_balkan_e,50,0.7117746207849579,True,0,1e-05,1e-05,0.6938991192728281,0.09912844561040401,0.45376997999846935,0.09203032962977886,0.22789226844906807,1.4689312670379877,0.5018790829926729,0.020645208656787872,0.11729941517114639,0.04604608193039894,0.007041614502668381,4.31303027110829,3.0272569029263416,0.12477588061085876,827,8.678605516454125,6.516172181689651,-0.9747739166319818,146,0.6881722807884216
resnet_frozen,fold6_balkan_e,51,0.720774100510068,True,0,1e-05,1e-05,0.651398878544569,0.09305698264922414,0.44111667945981026,0.08713816665112972,0.22762707620859146,1.408597493544221,0.45959319546818733,0.020738519728183746,0.117185914888978,0.045980436727404594,0.006971023976802826,4.3070726329538624,3.0258048478849995,0.12719212488243403,827,8.669226157775993,6.502774691304496,-0.9705077694963233,146,0.6854331493377686
resnet_frozen,fold6_balkan_e,52,0.7443298930268478,False,1,1e-05,1e-05,0.6664179153740406,0.09520255933914866,0.4458603039383888,0.09877027571201324,0.22792245633900166,1.4402643591165543,0.47427091002464294,0.020811431109905243,0.11727819219231606,0.045982858166098595,0.0071098096668720245,4.306770467298293,3.0233708791230174,0.12731458546532926,827,8.67857135121202,6.513032377217487,-0.9747583683976406,146,0.6876450181007385
resnet_frozen,fold6_balkan_e,53,0.7379865173561253,False,2,1e-05,1e-05,0.7384072262793779,0.10548674661133971,0.4436301104724407,0.08731272630393505,0.22747623547911644,1.4981407597661018,0.5472194124013186,0.019944695755839348,0.11728046648204327,0.0459610503166914,0.006994267925620079,4.295426690509378,3.0165099331689724,0.13190573385087156,827,8.675557438866365,6.506965387229035,-0.9733870101596207,146,0.6864312291145325
resnet_frozen,fold6_balkan_e,54,0.7088298959051683,True,0,1e-05,1e-05,0.6529400926083326,0.09327715608690466,0.4420573115348816,0.09391417913138866,0.2274775356054306,1.4176965821534395,0.46128570660948753,0.020700423046946526,0.11718824505805969,0.04584748111665249,0.006948905065655708,4.288745045917516,3.0139828950043,0.13460431842548692,827,8.668371418285643,6.5000865798990315,-0.9701192255257498,146,0.6848396062850952
resnet_frozen,fold6_balkan_e,55,0.6822196148615218,True,0,1e-05,1e-05,0.7174280006438494,0.10248971437769276,0.45805979520082474,0.08679393492639065,0.2278203759342432,1.4914151430130005,0.5264797303825617,0.01997661031782627,0.11722719855606556,0.04578498192131519,0.006987063214182854,4.277591699589246,3.007600882241209,0.1390995761445759,827,8.659370013488731,6.488669462533132,-0.96602973,146,0.6825411915779114
resnet_frozen,fold6_balkan_e,56,0.6998584475165555,True,0,1e-05,1e-05,0.70703817717731,0.10100545388247285,0.4556985832750797,0.08684408478438854,0.22774732671678066,1.4786139018833637,0.515245022252202,0.02045358717441559,0.1173378024250269,0.04599183425307274,0.007009902969002724,4.27156955896514,3.000775037024047,0.1415218802571484,827,8.656504449661533,6.484159765824944,-0.9647287458634628,146,0.6821904182434082
resnet_frozen,fold6_balkan_e,57,0.7035121341137961,True,0,1e-05,1e-05,0.7073169089853764,0.10104527271219663,0.4566039126366377,0.08690698444843292,0.2284998781979084,1.4806593861430883,0.5146735664457083,0.020064150914549828,0.11735665239393711,0.04700356163084507,0.0071977972984313965,4.257059880233262,2.992493091515133,0.14734413638423338,827,8.644310765395312,6.469538171849455,-0.9591975504858041,146,0.6796063780784607
resnet_frozen,fold6_balkan_e,58,0.6701250087825679,False,1,1e-05,1e-05,0.6506418194621801,0.09294883135174002,0.4418087899684906,0.08760681375861168,0.23061715811491013,1.411955937743187,0.4585640151053667,0.020699430257081985,0.11738895438611507,0.0460332166403532,0.006988050416111946,4.258565944762401,2.990544548460487,0.14674072372746727,827,8.65438386115683,6.481816340597572,-0.9637662624737173,146,0.6819972395896912
resnet_frozen,fold6_balkan_e,59,0.7049648280299416,False,2,1e-05,1e-05,0.6538433842360973,0.09340619774801391,0.4569984432309866,0.08889123611152172,0.22981994785368443,1.4308338928967714,0.462025947868824,0.02067219838500023,0.11730644479393959,0.04590599983930588,0.007012438029050827,4.253547518378248,2.9877753911007,0.14875055327481312,827,8.650131447781309,6.477965372606207,-0.9618369063356307,146,0.6811794638633728
resnet_frozen,fold6_balkan_e,60,0.7325637153154994,False,3,1e-05,1e-05,0.6693621054291725,0.09562315791845322,0.45432695001363754,0.06974455155432224,0.23127205856144428,1.4260151367634535,0.4776797257363796,0.020602364093065262,0.11714421398937702,0.045956725254654884,0.007023710757493973,4.251771542141109,2.986494260515537,0.14946124625444157,827,8.645587748831243,6.4731768806134165,-0.9597764393485064,146,0.6801590323448181
resnet_frozen,fold6_balkan_e,61,0.6819448228902943,True,0,1e-05,1e-05,0.654237911105156,0.09346255872930799,0.4584847576916218,0.08779775351285934,0.2276176679879427,1.429434621706605,0.4624403063207865,0.020672639831900597,0.11729039438068867,0.04594493843615055,0.00693606398999691,4.23828929382072,2.9794365048806974,0.15484676310358125,827,8.621920346026982,6.443754946043048,-0.9490613016449563,146,0.6745208501815796
resnet_frozen,fold6_balkan_e,62,0.7395258699391745,False,1,1e-05,1e-05,0.648750938475132,0.09267870549644742,0.4814251735806465,0.09630671329796314,0.23660016432404518,1.4644018411636353,0.45655334182083607,0.020795954391360283,0.11725511215627193,0.046156514436006546,0.00701022706925869,4.242804395978093,2.9785698873306625,0.15304509949372402,827,8.636999618326453,6.460433984588842,-0.9558848690285573,146,0.6782693862915039
resnet_frozen,fold6_balkan_e,63,0.695598902119979,True,0,1e-05,1e-05,0.6641268040984869,0.09487525772835527,0.4426249582320452,0.08684340678155422,0.2278396561741829,1.422706674784422,0.47202041931450367,0.020637627691030502,0.11729421839118004,0.04609513655304909,0.007114332169294357,4.236022090674924,2.9784349794304243,0.1557507229054571,827,8.618140582236927,6.438645161897431,-0.9473527782002393,146,0.6738519072532654
resnet_frozen,fold6_balkan_e,64,0.7148632247906354,False,1,1e-05,1e-05,0.6706663463264704,0.09580947804663863,0.5909141413867474,0.08772258274257183,0.22799538262188435,1.5785935278981924,0.4788789302110672,0.020541612058877945,0.1174021977931261,0.04588829167187214,0.006973747164011002,4.229768133060667,2.9724739126841495,0.15824173996154456,827,8.618735004830661,6.437396353779525,-0.9476214186101726,146,0.6735790967941284
resnet_frozen,fold6_balkan_e,65,0.6860301883794376,True,0,1e-05,1e-05,0.6525095906108618,0.09321565580155168,0.4561889450997114,0.08697698637843132,0.22743171639740467,1.4243852756917477,0.46048555709421635,0.020636191591620445,0.1171922143548727,0.04615745693445206,0.007046360522508621,4.22095878948127,2.9666328880602024,0.1617443507542381,827,8.61659840986675,6.434446079458588,-0.9466559028310466,146,0.672748863697052
resnet_frozen,fold6_balkan_e,66,0.6955768257703862,False,1,1e-05,1e-05,0.6498013380914927,0.09282876258449894,0.45814646407961845,0.08707228489220142,0.2280991468578577,1.4243997056037188,0.45799557864665985,0.0206521674990654,0.11719373613595963,0.04600359871983528,0.006995918229222298,4.2223216406199935,2.9614865200381626,0.16120295617855884,827,8.637361834445786,6.456357272465584,-0.956048923194097,146,0.677430272102356
resnet_frozen,fold6_balkan_e,67,0.6535632907263169,False,2,1e-05,1e-05,0.6503630671650171,0.09290900959500245,0.454764012247324,0.0879061259329319,0.2279889453202486,1.4223307650536299,0.4584954958409071,0.020710166543722153,0.11721673421561718,0.04595622792840004,0.007026704028248787,4.222203431289463,2.963742226214032,0.16124992192748733,827,8.631637900359706,6.450868396766229,-0.9534572556323544,146,0.6763022541999817
resnet_frozen,fold6_balkan_e,68,0.6993691976009863,True,0,1e-05,1e-05,0.6497033778578043,0.09281476826540061,0.4595730733126402,0.08753512613475323,0.22827563621103764,1.4263686873018742,0.4579504616558552,0.020644837990403175,0.1171804629266262,0.04598871432244778,0.006998967379331589,4.207348847582759,2.9559891431544414,0.16714133207873416,827,8.60747355285438,6.422735209287615,-0.9425351232472843,146,0.6708075404167175
resnet_frozen,fold6_balkan_e,69,0.6648932552683599,True,0,1e-05,1e-05,0.6529251914471388,0.09327502734959126,0.45397323928773403,0.06980565935373306,0.23216407001018524,1.4101799335330725,0.4609552677720785,0.0206990335136652,0.11729874648153782,0.045998211950063705,0.0070122480392456055,4.193718659859313,2.9541195377939955,0.1725288729354505,827,8.582847754803545,6.393984764581104,-0.9314359202609879,146,0.6653385162353516
resnet_frozen,fold6_balkan_e,70,0.6699459901599815,False,1,1e-05,1e-05,0.6588299386203289,0.09411856266004699,0.4426489006727934,0.08750258386135101,0.22788240760564804,1.4181461483240128,0.4669322334229946,0.02074781432747841,0.11725028418004513,0.045996200293302536,0.006979942321777344,4.195500970721145,2.952328367192863,0.17182538074099873,827,8.592676580070925,6.405264968009969,-0.935862100599361,146,0.6678587794303894
resnet_frozen,fold6_balkan_e,71,0.7007115881849517,False,2,1e-05,1e-05,0.6524280216544867,0.09320400309349809,0.4401507694274187,0.08730398677289486,0.227825365960598,1.4089962840080261,0.4606165550649166,0.0206375103443861,0.11723637767136097,0.045951854437589645,0.007010886445641518,4.186352206745195,2.943084879823831,0.17543329939919972,827,8.588488515321336,6.396711182392325,-0.9339754847238086,146,0.6666666865348816
resnet_frozen,fold6_balkan_e,72,0.6868121229031066,False,3,1e-05,1e-05,0.6534754540771246,0.09335363629673209,0.45504426024854183,0.08756130374968052,0.22817824594676495,1.4255545865744352,0.46164369583129883,0.02072340063750744,0.1172212976962328,0.04595975577831268,0.00696612149477005,4.186025413040648,2.9410168631979348,0.17556202850561609,827,8.592069005413954,6.401696153876612,-0.9355883467444797,146,0.6680970191955566
resnet_frozen,fold6_balkan_e,73,0.6653764671685474,True,0,1e-05,1e-05,0.6891171112656593,0.0984453016093799,0.8245664797723293,0.08580017276108265,0.2574751526117325,1.858262587338686,0.49753315560519695,0.02031947486102581,0.11725370027124882,0.046043459326028824,0.006982998922467232,4.1792357947843,2.938585296676674,0.17823429107374755,827,8.580557930560298,6.388446055569743,-0.9304054793257728,146,0.6655286550521851
resnet_frozen,fold6_balkan_e,74,0.6815432325960503,False,1,1e-05,1e-05,2.318116717040539,0.33115953100579126,1.4138968084007502,0.08571594394743443,0.22596176341176033,4.045048160478473,2.13355484418571,0.019891023635864258,0.11740423925220966,0.03958183526992798,0.0066243987530469894,4.180965914723517,2.9385699773288625,0.1775537611410557,827,8.581417841759373,6.3903225247792,-0.9307924146468094,146,0.6659297943115234
resnet_frozen,fold6_balkan_e,75,0.6775960864582546,True,0,1e-05,1e-05,0.6279714070260525,0.08971020100372178,0.4566053953021765,0.06998186931014061,0.23029779829084873,1.3861364722251892,0.4365985617041588,0.020309360697865486,0.11723982729017735,0.04572751559317112,0.007062036544084549,4.169517505893164,2.93265513055605,0.18205167374796782,827,8.568274029199042,6.375507437602278,-0.9248823100818251,146,0.6629025340080261
resnet_frozen,fold6_balkan_e,76,0.7113979390339235,True,0,1e-05,1e-05,0.6831930950284004,0.09759901357548577,0.5098766591399908,0.08783887512981892,0.24583212286233902,1.528046514838934,0.49144445173442364,0.020482389256358147,0.11731009930372238,0.046015411615371704,0.006959490478038788,4.15505218587133,2.9270607553704844,0.18771725020251206,827,8.546540718399395,6.349234161594227,-0.9151298186032253,146,0.657943606376648
resnet_frozen,fold6_balkan_e,77,0.6716248813246297,True,0,1e-05,1e-05,0.7070358674973249,0.10100512392818928,0.44615026377141476,0.08832002803683281,0.22798258438706398,1.4707821551710367,0.5155532825738192,0.02008063718676567,0.11739975400269032,0.046075912192463875,0.006944987922906876,4.148889038394875,2.9237318451122984,0.19012516486586584,827,8.532092173603024,6.331442035765394,-0.9086599613570487,146,0.6548532843589783
resnet_frozen,fold6_balkan_e,78,0.7183090173059392,False,1,1e-05,1e-05,0.6490605380386114,0.09272293400551591,0.4246729873120785,0.0719708614051342,0.23129455745220184,1.3782916739583015,0.45734292082488537,0.020506305620074272,0.11726458743214607,0.046029699966311455,0.006936844438314438,4.15198413144201,2.9191929894061186,0.18891637237678105,827,8.552060376762881,6.3513354631656,-0.9176043345944931,146,0.6587267518043518
resnet_frozen,fold6_balkan_e,79,0.7169758474956545,False,2,1e-05,1e-05,0.652923122048378,0.09327473172119685,0.46120888739824295,0.08940657787024975,0.22807051613926888,1.432935232296586,0.4611457660794258,0.02070811577141285,0.11713594757020473,0.046024611219763756,0.006945252418518066,4.1403638267620275,2.913863916183901,0.1934500360331568,827,8.533292034415668,6.328828004755902,-0.9091968255340739,146,0.6542783975601196
resnet_frozen,fold6_balkan_e,80,0.6741843402313639,False,3,1e-05,1e-05,0.7036865223199129,0.10052664604570184,0.44788628444075584,0.08881945721805096,0.22780026495456696,1.4694652818143368,0.5124600380659103,0.02000211365520954,0.11724009737372398,0.0459783598780632,0.007029278203845024,4.14617766481231,2.9136912657073544,0.1911833545120739,827,8.549237367805658,6.344752155688417,-0.9163385529000736,146,0.6576725840568542
resnet_frozen,fold6_balkan_e,81,0.6705557512977536,True,0,1e-05,1e-05,0.666625851765275,0.09523226453789643,0.4615276884287596,0.08928667567670345,0.22821644507348537,1.446942213922739,0.4749996270984411,0.020469240844249725,0.11720760725438595,0.04596482962369919,0.00701676681637764,4.13233904694602,2.90784423923453,0.19657348788916695,827,8.529442337282696,6.320218034954368,-0.907474589468527,146,0.6529321670532227
resnet_frozen,fold6_balkan_e,82,0.6256713959441363,True,0,1e-05,1e-05,0.6556169558316469,0.0936595651188067,0.44686159677803516,0.08863340504467487,0.2284556869417429,1.4208723213523626,0.4637278597801924,0.02070208266377449,0.11722545884549618,0.04599787853658199,0.006991526111960411,4.123507394516211,2.8992743953654707,0.20000399118119028,827,8.523823435450469,6.313669470989763,-0.9049622605853838,146,0.6522346138954163
resnet_frozen,fold6_balkan_e,83,0.6609165140910765,True,0,1e-05,1e-05,0.6615189276635647,0.09450270395193781,0.4996186997741461,0.09655117243528366,0.2323577105998993,1.4913589116185904,0.46855365484952927,0.02062947489321232,0.11724258959293365,0.046907998621463776,0.007166778668761253,4.119022259592538,2.90051777806552,0.2017433544532069,827,8.506046803415638,6.293748494064872,-0.8970248598360939,146,0.6483284831047058
resnet_frozen,fold6_balkan_e,84,0.6880256163886553,False,1,1e-05,1e-05,0.6578162368386984,0.09397374811981406,0.4426092207431793,0.08886050619184971,0.22843602672219276,1.4189979787915945,0.4639906119555235,0.020762505009770393,0.11721006594598293,0.04756562039256096,0.007285181432962418,4.123948673709007,2.8986841199319127,0.19983275807857837,827,8.520344591859015,6.309743751743194,-0.9034076264604132,146,0.6517623066902161
resnet_frozen,fold6_balkan_e,85,0.6712926105835995,False,2,1e-05,1e-05,0.672941017895937,0.096134431127991,0.4503027070313692,0.090291328728199,0.2287523653358221,1.4435867108404636,0.4814647901803255,0.020319903269410133,0.11720661073923111,0.04599347151815891,0.006987487897276878,4.122441592615583,2.8965905216161314,0.20041748726336506,827,8.518014694874152,6.306787325228377,-0.90236679124549,146,0.6513999104499817
resnet_frozen,fold6_balkan_e,86,0.6658392217744507,False,3,1e-05,1e-05,0.654923565685749,0.09356050938367844,0.44631604477763176,0.08974034897983074,0.2276669442653656,1.419921012595296,0.4633091650903225,0.020622245967388153,0.11712823063135147,0.04594260826706886,0.006952980533242226,4.123469321326095,2.8979956262300384,0.20001876416768305,827,8.52445016746866,6.311853417193258,-0.9052424035853479,146,0.6522320508956909
resnet_frozen,fold6_balkan_e,87,0.6676483431058466,False,4,1e-05,1e-05,0.67675806209445,0.09667972315635,0.44851406663656235,0.08863971568644047,0.22925295680761337,1.444464772939682,0.48523275926709175,0.020323192700743675,0.1172117255628109,0.04603172838687897,0.006956599652767181,4.119225696999717,2.893374882345388,0.20166450114175205,827,8.523926742828534,6.310924529785075,-0.9050084365416355,146,0.6521921753883362
resnet_frozen,fold6_balkan_e,88,0.6420788932163741,False,5,1e-05,1e-05,0.7445605006068945,0.10636578580098492,0.4485137742012739,0.08922752551734447,0.22794825583696365,1.5115372594445944,0.5531761217862368,0.019823644310235977,0.11741827242076397,0.04614093154668808,0.006989017128944397,4.112664208156244,2.8904388360850777,0.20420580276044475,827,8.514435784492212,6.297624180492804,-0.9007685385535145,146,0.6496155261993408
resnet_frozen,fold6_balkan_e,89,0.6805205939038056,False,6,1e-05,1e-05,0.6735171098262072,0.09621672997517246,0.446428494527936,0.08900128863751888,0.22814961522817612,1.4383972585201263,0.48170675337314606,0.020592516288161278,0.1172897145152092,0.04595788009464741,0.00699593685567379,4.103490826683501,2.8819348393293063,0.20775191391296377,827,8.507949207353295,6.287553800640107,-0.8978735057978025,146,0.6477189064025879
resnet_frozen,fold6_balkan_e,90,0.6812952080833868,False,7,1e-05,1e-05,0.6735350396484137,0.09621929137834481,0.4484504647552967,0.09578093141317368,0.22827433608472347,1.4473385140299797,0.48195287585258484,0.020476700738072395,0.11712267994880676,0.0460044052451849,0.007007945328950882,4.106987816397815,2.8819502754453614,0.20640103290626366,827,8.518589773039867,6.300546765159505,-0.9026236695379188,146,0.6501980423927307
resnet_frozen,fold6_balkan_e,91,0.6712743535439654,False,8,1e-05,1e-05,0.6889582425355911,0.09842260607651301,0.46116738580167294,0.08923943899571896,0.22824199683964252,1.4689070507884026,0.4972376208752394,0.02040942944586277,0.11732315085828304,0.046043651178479195,0.006964780390262604,4.103749734078155,2.8784115748750163,0.2076519378840258,827,8.522667270249263,6.3061943883827185,-0.904445520246369,146,0.6509689688682556
resnet_frozen,fold6_balkan_e,92,0.6302385987508975,False,9,1e-05,1e-05,0.6723583564162254,0.09605119377374649,0.45951847545802593,0.08923087641596794,0.2282959260046482,1.4506930261850357,0.4806154314428568,0.02048790082335472,0.11727159656584263,0.046010445803403854,0.006993653252720833,4.107102134701324,2.879156034420576,0.20635685252186553,827,8.524385171778466,6.306679739131269,-0.9052133501987982,146,0.6512789130210876
resnet_frozen,fold6_balkan_e,93,0.6688496544686886,True,0,1e-05,1e-05,0.6573377028107643,0.09390538611582347,0.44705838337540627,0.08912260830402374,0.22785086557269096,1.4226998407393694,0.4655779283493757,0.02061307616531849,0.11719589866697788,0.04601714201271534,0.006978984922170639,4.097546244648172,2.8780030723590215,0.2100456548448414,827,8.503048435773467,6.28176049497579,-0.8956876992052916,146,0.6461840867996216
resnet_frozen,fold6_balkan_e,94,0.6383074537874566,True,0,1e-05,1e-05,0.6550521105527878,0.09357887293611254,0.4610863085836172,0.08829397521913052,0.22889837622642517,1.4346102327108383,0.4630436562001705,0.02070729248225689,0.11732130870223045,0.04600280150771141,0.006989270448684692,4.09074135027848,2.8740422325352,0.21266726880451525,827,8.499337427783354,6.275877016382622,-0.8940333802586369,146,0.6450864672660828
resnet_frozen,fold6_balkan_e,95,0.6719480835108543,True,0,1e-05,1e-05,0.7000317722558975,0.10000453889369965,0.44625350274145603,0.09021221473813057,0.22796807624399662,1.4657841082662344,0.5078660920262337,0.02028804086148739,0.11742587946355343,0.046257490292191505,0.007179586216807365,4.082941297442163,2.874037804656897,0.21566691187756915,827,8.473041982421966,6.247917202362811,-0.8823319015002984,146,0.6397218704223633
resnet_frozen,fold6_balkan_e,96,0.6723395904577917,False,1,1e-05,1e-05,0.6507677808403969,0.09296682583434242,0.45999940298497677,0.07029250077903271,0.23175070993602276,1.4141097143292427,0.45896992459893227,0.02075132727622986,0.11718736216425896,0.04586161859333515,0.007022291421890259,4.0775121855676435,2.8673399075667847,0.2177513900386545,827,8.475514196211757,6.248981662612058,-0.8834304929584087,146,0.6402214169502258
resnet_frozen,fold6_balkan_e,97,0.6383126430672919,True,0,1e-05,1e-05,0.6579814925789833,0.0939973560827119,0.459798663854599,0.08971091732382774,0.2282639853656292,1.4370534643530846,0.46580275520682335,0.0206289179623127,0.11739355698227882,0.046063194051384926,0.007111165672540665,4.075011260785598,2.8665958801153866,0.21871067348769802,827,8.467869883320482,6.240932759697057,-0.8800345835451404,146,0.6390541791915894
resnet_frozen,fold6_balkan_e,98,0.665748517775622,False,1,1e-05,1e-05,0.6552625112235546,0.09360893017479352,0.5172862745821476,0.08872963488101959,0.24638455174863338,1.5089692175388336,0.46305860206484795,0.02065017819404602,0.11743712238967419,0.04613710381090641,0.00700792670249939,4.075234609757922,2.86470434496493,0.21862502712300236,827,8.46874448840554,6.241328615505901,-0.8804229628529829,146,0.6393517851829529
resnet_frozen,fold6_balkan_e,99,0.6571475747418664,True,0,1e-05,1e-05,0.6912799347192049,0.09875427638845784,0.5150285810232162,0.08907646872103214,0.2464573848992586,1.5431278683245182,0.49955340661108494,0.02027197740972042,0.11742211692035198,0.046006303280591965,0.0070410482585430145,4.068722108483712,2.8618586119547476,0.22112041202480603,827,8.466473248687572,6.2383344469371025,-0.8794144736681497,146,0.6386521458625793
resnet_frozen,fold6_balkan_e,100,0.6600669966931787,True,0,1e-05,1e-05,0.6925196126103401,0.0989313732300486,0.4598159845918417,0.0899890586733818,0.22857195511460304,1.4721902925521135,0.5007417313754559,0.020433373749256134,0.11737263202667236,0.045928021892905235,0.007061412557959557,4.066978455749004,2.8605309484589974,0.22178784739205304,827,8.462712675780006,6.235225356241576,-0.8777452767519272,146,0.638077437877655
resnet_frozen,fold6_balkan_e,101,0.6445431322976496,True,0,1e-05,1e-05,0.6877530515193939,0.09825043593134199,0.4781436789780855,0.0925340112298727,0.22782166488468647,1.487550389021635,0.49554435163736343,0.020634785294532776,0.11728548258543015,0.0461870301514864,0.007118239998817444,4.056560660246911,2.8572905634882404,0.2257696100469857,827,8.446586385430301,6.2121111206058215,-0.8705957455433089,146,0.6339631080627441
resnet_frozen,fold6_balkan_e,102,0.6419593322089678,False,1,1e-05,1e-05,0.6776767112314701,0.09681095874735288,0.49010668881237507,0.0931797493249178,0.23083996772766113,1.493091931566596,0.48580834828317165,0.020451223477721214,0.11721868813037872,0.04609433561563492,0.007100069895386696,4.064555041696517,2.8519702630814727,0.22271500665628496,827,8.482241199716224,6.251391513558389,-0.8864214316204113,146,0.6419007182121277
resnet_frozen,fold6_balkan_e,103,0.675683603897925,False,2,1e-05,1e-05,1.83683592826128,0.2624051326087543,2.0429564248770475,0.30615614354610443,0.40773263014853,4.594976257532835,1.652836475521326,0.019709596410393715,0.11756093427538872,0.0391087643802166,0.006614966318011284,4.05694969286199,2.850497007531111,0.22562110231277377,827,8.462648273559605,6.23227970911855,-0.8777166971440271,146,0.6377497911453247
resnet_frozen,fold6_balkan_e,104,0.6387724224860896,False,3,1e-05,1e-05,0.773241713643074,0.11046310194901057,0.47263237461447716,0.08814450539648533,0.2284533865749836,1.5638409908860922,0.5769424773752689,0.020688384771347046,0.11734487116336823,0.0492864977568388,0.007923958823084831,4.047870577985803,2.846212178356688,0.22908321472210647,827,8.449574521953227,6.214986492596028,-0.8719194954993956,146,0.6345042586326599
resnet_frozen,fold6_balkan_e,105,0.6814053776474644,False,4,1e-05,1e-05,0.648643746972084,0.09266339242458344,0.4407529756426811,0.0877461563795805,0.22811240516602993,1.406554227694869,0.4569899868220091,0.02047213912010193,0.11710857786238194,0.046018002554774284,0.007070692256093025,4.052378426660487,2.84760196099267,0.22736521945519927,827,8.462093388120266,6.23013458983748,-0.8774704660678581,146,0.6371150612831116
resnet_frozen,fold6_balkan_e,106,0.6994393751151328,False,5,1e-05,1e-05,0.7061988450586796,0.10088554929409708,0.4415206890553236,0.0875860471278429,0.22835588827729225,1.4649565555155277,0.5145298298448324,0.02015826478600502,0.11733818985521793,0.04609707556664944,0.0070784930139780045,4.055493871207835,2.8432079132923658,0.22617676870206838,827,8.474857336133834,6.240742348916983,-0.883138569110111,146,0.6396809220314026
resnet_frozen,fold6_balkan_e,107,0.636619401814139,False,6,1e-05,1e-05,0.6952783670276403,0.09932548100394863,0.4480965454131365,0.08762375451624393,0.22804351709783077,1.4603420533239841,0.5040426719933748,0.01992007903754711,0.11727476306259632,0.0459967739880085,0.007051635533571243,4.053937772432339,2.843668241269672,0.22677048892690743,827,8.468365796132929,6.232313039302089,-0.8802547948972936,146,0.637925386428833
resnet_frozen,fold6_balkan_e,108,0.6426512915393318,False,7,1e-05,1e-05,0.6699486877769232,0.0957069553967033,0.45708815194666386,0.08755584433674812,0.22866739891469479,1.4445439986884594,0.4770334754139185,0.02034139446914196,0.11719904839992523,0.047183072194457054,0.007190391421318054,4.061139621972218,2.8457143911486,0.22402075308303748,827,8.485103741623279,6.254376659729742,-0.887694885522571,146,0.6421371102333069
resnet_frozen,fold6_balkan_e,109,0.6162674983438586,False,8,1e-05,1e-05,0.6855186875909567,0.09793124108442239,0.4429354276508093,0.08794847689568996,0.22861538268625736,1.446307459846139,0.49390079267323017,0.020194368436932564,0.11726582422852516,0.04611391760408878,0.007067538797855377,4.050203145304559,2.84141813215899,0.22819448403226428,827,8.47164332391524,6.236394056488024,-0.8817105137539072,146,0.6381937265396118
resnet_frozen,fold6_balkan_e,110,0.6711558626813785,False,9,1e-05,1e-05,0.649845426902175,0.092835060986025,0.44316534139215946,0.08795622363686562,0.2288431767374277,1.4110946003347635,0.458197271451354,0.020498327910900116,0.11716449446976185,0.04600726254284382,0.0069981589913368225,4.040813982202806,2.8367710800313772,0.23176872862461795,827,8.454436334408674,6.217535661998175,-0.874074287978263,146,0.6345477104187012
resnet_frozen,fold6_balkan_e,111,0.6689409488922451,False,10,1e-05,1e-05,0.6536841727793217,0.09338345325418881,0.44266599975526333,0.08789715729653835,0.22843195497989655,1.4139809049665928,0.46185348741710186,0.02051437459886074,0.11722937785089016,0.04598119668662548,0.007107064127922058,4.043926393069549,2.83230034483103,0.2305848225038878,827,8.472492674150129,6.234879550274361,-0.8820878458306944,146,0.6379619240760803
resnet_frozen,fold6_balkan_e,112,0.6227963088933905,False,11,1e-05,1e-05,0.6504160184413195,0.09291657406304564,0.4571120720356703,0.08809916488826275,0.23020630702376366,1.4271189346909523,0.4587300717830658,0.020502055063843727,0.11714730970561504,0.046066245064139366,0.006997093558311462,4.036936281496965,2.8316288150617748,0.23324246218232714,827,8.450830202327964,6.212826635084535,-0.8724759039249996,146,0.6334941387176514
resnet_frozen,fold6_balkan_e,113,0.6149999440941586,False,12,1e-05,1e-05,0.6565742567181587,0.09379632238830839,0.45854272320866585,0.08799869753420353,0.23039497807621956,1.43480428121984,0.46484312787652016,0.02044563926756382,0.11724810488522053,0.04603428952395916,0.0070225540548563,4.036115855890573,2.8278613085424538,0.23355408641983688,827,8.457239024421387,6.220007595496263,-0.8753170248537829,146,0.6349839568138123
resnet_frozen,fold6_balkan_e,114,0.6215104468644314,False,13,1e-05,1e-05,0.6869283877313137,0.0981326268187591,0.4491883646696806,0.08814628794789314,0.22848134860396385,1.4540344197303057,0.4955804981291294,0.020181147381663322,0.11714424937963486,0.04603110812604427,0.007000042125582695,4.0341731163756105,2.8277201958718567,0.23429174929057606,827,8.452326558149254,6.2134340954004506,-0.8731390667650778,146,0.6336032748222351
resnet_frozen,fold6_balkan_e,115,0.6520697006723757,True,0,1e-05,1e-05,0.6531980112195015,0.09331400160278593,0.44431391172111034,0.0879458449780941,0.2284774575382471,1.4152092337608337,0.461404649540782,0.020505649968981743,0.11725120060145855,0.04608123190701008,0.006990853697061539,4.032592096143008,2.825368502136318,0.23489180436032164,827,8.44413358839694,6.203755543028886,-0.869509501869141,146,0.6315546035766602
resnet_frozen,fold6_balkan_e,116,0.6344712705969666,True,0,1e-05,1e-05,0.6553701627999544,0.09362430897142206,0.44322349317371845,0.08802403509616852,0.22865520790219307,1.4165745563805103,0.4633964467793703,0.020608359947800636,0.11729398928582668,0.046031298115849495,0.007056998088955879,4.030163058689539,2.825908107410544,0.2358132547281886,827,8.432638368330402,6.192638261918311,-0.8644229420278251,146,0.6291165351867676
resnet_frozen,fold6_balkan_e,117,0.5973371484980186,True,0,1e-05,1e-05,0.6491762883961201,0.0927394697708743,0.4493498746305704,0.08900277689099312,0.2291977871209383,1.418044427409768,0.4573158100247383,0.020587850362062454,0.11736848019063473,0.04592311009764671,0.006993783637881279,4.019482352129176,2.821964420852763,0.2398583708977221,827,8.414949487892029,6.169607064185293,-0.8566092630861544,146,0.6247552633285522
resnet_frozen,fold6_balkan_e,118,0.6532265917998271,False,1,1e-05,1e-05,0.6533329617232084,0.09333328024617263,0.4610263742506504,0.08806842565536499,0.2301752958446741,1.4339099824428558,0.4616877567023039,0.02048882283270359,0.11720710806548595,0.04595092684030533,0.007026780396699905,4.018005407790927,2.8194678670256503,0.2404168908828378,827,8.419441959604365,6.173226891305245,-0.8585921605570583,146,0.6258553862571716
resnet_frozen,fold6_balkan_e,119,0.6509360529058934,True,0,1e-05,1e-05,0.6527977325022221,0.09325681892888886,0.4445092901587486,0.08807193487882614,0.2282915860414505,1.4149668645113707,0.461060481145978,0.020455406978726387,0.11714968644082546,0.046065833419561386,0.007083939388394356,4.010680088582216,2.814761131724705,0.2431839934994886,827,8.40725349375274,6.157896784224193,-0.8532148469488423,146,0.6231542229652405
resnet_frozen,fold6_balkan_e,120,0.6468228452006736,True,0,1e-05,1e-05,0.7382452134042978,0.10546360191489969,0.45051526837050915,0.08830231614410877,0.22817807644605637,1.5065526738762856,0.5471588876098394,0.019792288541793823,0.11731147021055222,0.045951589941978455,0.007020406424999237,4.00959905277064,2.8138005786834093,0.24359192179424127,827,8.403360060720281,6.1537951487563305,-0.8514987818453665,146,0.6222719550132751
resnet_frozen,fold6_balkan_e,121,0.6923449791904804,False,1,1e-05,1e-05,0.6498971059918404,0.09284244371312005,0.44751475751399994,0.08853966370224953,0.22787507623434067,1.4151352941989899,0.4579078759998083,0.0205670315772295,0.11735770292580128,0.0460680965334177,0.007031617686152458,4.018165629206574,2.810715091291416,0.2403563116176709,827,8.435935793674862,6.188098862968437,-0.8658813224737558,146,0.629217803478241
resnet_frozen,fold6_balkan_e,122,0.667278192928365,False,2,1e-05,1e-05,0.6526546813547611,0.09323638305068016,0.4613292459398508,0.08863863721489906,0.2280899453908205,1.4320239871740341,0.46093002893030643,0.020493844524025917,0.11719975620508194,0.04601217806339264,0.007048794999718666,4.005551166814834,2.8095081200845566,0.24511841262337497,827,8.409920694600133,6.158853767122977,-0.8543908981481243,146,0.6235798001289368
resnet_frozen,fold6_balkan_e,123,0.6521756496221872,True,0,1e-05,1e-05,0.6502010002732277,0.09288585718188967,0.44543308205902576,0.0887629259377718,0.2277205642312765,1.4134136252105236,0.45833140797913074,0.020590241998434067,0.11718613095581532,0.04600193537771702,0.007107177749276161,3.999820089319667,2.811384941867886,0.2472770118811799,827,8.395062605209098,6.14441806080271,-0.8478442569644784,146,0.6209659576416016
resnet_frozen,fold6_balkan_e,124,0.651967202017068,False,1,1e-05,1e-05,0.8459425140172243,0.1208489305738892,0.46492255106568336,0.08871451579034328,0.22871504537761211,1.6296072285622358,0.6545459199696779,0.019966166466474533,0.11736297607421875,0.0460409726947546,0.007003182545304298,4.005698436484047,2.811844079585878,0.24506290305641676,827,8.410871195263677,6.161126721756809,-0.8548100933935685,146,0.6243227124214172
resnet_frozen,fold6_balkan_e,125,0.6224827518486198,False,2,1e-05,1e-05,0.7055957969278097,0.10079939956111568,0.44932814314961433,0.08815551362931728,0.2282649464905262,1.472640873864293,0.5139230638742447,0.019957801327109337,0.11757213063538074,0.04608501307666302,0.007074223831295967,3.9974196171929104,2.8070218441565133,0.2481802266826576,827,8.402066698240965,6.148652803706607,-0.8509288967621476,146,0.6220658421516418
resnet_frozen,fold6_balkan_e,126,0.632380346000699,False,3,1e-05,1e-05,0.705544363707304,0.10079205195818629,0.45069938711822033,0.08793320506811142,0.22819169610738754,1.4736498836427927,0.514293372631073,0.02004568837583065,0.117213549092412,0.04601682722568512,0.006961105391383171,3.997238959712355,2.808059380564624,0.2482481799174696,827,8.39860263514286,6.1457251421432035,-0.8494029834407595,146,0.6217131018638611
resnet_frozen,fold6_balkan_e,127,0.629216236820244,False,4,1e-05,1e-05,0.7766888439655304,0.11095554913793292,0.49091666005551815,0.09035616740584373,0.2289330456405878,1.5881835725158453,0.579416187480092,0.01981588453054428,0.11735984869301319,0.05101842246949673,0.00799814984202385,3.996709740190052,2.8070573599897664,0.24844722501171757,827,8.397335366479663,6.142973501951358,-0.8488449111689478,146,0.6209731698036194
resnet_frozen,fold6_balkan_e,128,0.6071099692993902,False,5,1e-05,1e-05,0.6890316717326641,0.09843309596180916,0.44939798302948475,0.08819245733320713,0.2283584661781788,1.4562746789306402,0.49740974977612495,0.02028868906199932,0.11725993640720844,0.046041952446103096,0.007049687206745148,3.9960264954901845,2.8048573721832173,0.24870416163817288,827,8.398890230011906,6.142472428550089,-0.8495296444910687,146,0.6210752725601196
resnet_frozen,fold6_balkan_e,129,0.6523823490165885,False,6,1e-05,1e-05,0.6905105654150248,0.09864436648786068,0.5156518127769232,0.08818811550736427,0.24613526090979576,1.5417807847261429,0.49912816658616066,0.020198268815875053,0.11718997731804848,0.04601887986063957,0.0069768112152814865,4.006217495359699,2.8049092602106507,0.24486724070421184,827,8.42129282025317,6.167476707242653,-0.8594094055048178,146,0.625920832157135
resnet_frozen,fold6_balkan_e,130,0.6609290606165451,False,7,1e-05,1e-05,0.6926126759499311,0.0989446679928473,0.46353866532444954,0.08919861726462841,0.22829150594770908,1.4749223347753286,0.501112338155508,0.02016601338982582,0.11736266873776913,0.045967185869812965,0.007022937759757042,4.0035924398295695,2.8019675231546506,0.24585651100365513,827,8.426177819304929,6.171270257132937,-0.8615672327787536,146,0.6264312863349915
resnet_frozen,fold6_balkan_e,131,0.6340440060524439,False,8,1e-05,1e-05,0.6531396117061377,0.09330565881516252,0.4637711774557829,0.0879650879651308,0.22869891487061977,1.4348557814955711,0.46146222949028015,0.020477144047617912,0.11722384952008724,0.046010347083210945,0.007003020495176315,3.999620535553264,2.7984781050001684,0.24735211773943122,827,8.432177033031449,6.17556674594183,-0.8642189487934893,146,0.6272398829460144
resnet_frozen,fold6_balkan_e,132,0.64830965459563,True,0,1e-05,1e-05,0.6969500575214624,0.09956429393163749,0.4658298287540674,0.08697945438325405,0.2309056557714939,1.4819526132196188,0.5080063603818417,0.01983466185629368,0.11728241294622421,0.043851569294929504,0.00690581277012825,3.982128748847682,2.796782686956339,0.2539209250100528,827,8.386741045890929,6.12480636330169,-0.8441827418187908,146,0.6171953082084656
resnet_frozen,fold6_balkan_e,133,0.6344951920238343,False,1,1e-05,1e-05,0.6085264012217522,0.08693234303167888,0.5617069639265537,0.15900858864188194,0.3056975435465574,1.6363148223608732,0.42458514869213104,0.020254116505384445,0.11732058599591255,0.03864787705242634,0.006606802344322205,3.980855168528982,2.795918433798804,0.2543980766738887,827,8.38752954976088,6.126839731010527,-0.8445295305365319,146,0.6176460981369019
resnet_frozen,fold6_balkan_e,134,0.653012793470611,False,2,1e-05,1e-05,2.2418770510703325,0.32026815015290466,0.44663312286138535,0.0688303392380476,0.22869429551064968,2.9873553346842527,2.0553817227482796,0.019648656249046326,0.11757530458271503,0.04126018099486828,0.006973531097173691,3.9789397164943825,2.7925282586497677,0.25511542059546266,827,8.388687802013404,6.129027411370283,-0.8450389959239484,146,0.6183251738548279
resnet_frozen,fold6_balkan_e,135,0.6386708509821125,True,0,1e-05,1e-05,0.72664581425488,0.10380654489355427,0.4604296665638685,0.07008887827396393,0.23097032867372036,1.489430969581008,0.5371841732412577,0.019772401079535484,0.11726193130016327,0.04449123330414295,0.006981313228607178,3.9732660043996813,2.788920196646998,0.25723822101985727,827,8.376151679064412,6.1155816394109195,-0.8395286339491845,146,0.6157369613647461
resnet_frozen,fold6_balkan_e,136,0.6164224202572363,False,1,1e-05,1e-05,0.6574923451989889,0.09392747788556985,0.5151835102587938,0.08850108459591866,0.24577142298221588,1.508237911388278,0.4659013580530882,0.02047654800117016,0.11729024536907673,0.045864906162023544,0.007014879956841469,3.9784925103316544,2.7931913571277995,0.25528285125694883,827,8.385407754779179,6.125329488727535,-0.8435964265869507,146,0.6174044609069824
resnet_frozen,fold6_balkan_e,137,0.6224663122101015,True,0,1e-05,1e-05,0.6911003515124321,0.09872862164463315,0.4467554111033678,0.08982308581471443,0.22795717418193817,1.4569269977509975,0.4994928017258644,0.020373927429318428,0.11728507652878761,0.046007996425032616,0.0069715529680252075,3.96752279947977,2.79067510116278,0.2593839369366232,827,8.3590755193832,6.09585738891512,-0.8320359173534939,146,0.6121273040771484
resnet_frozen,fold6_balkan_e,138,0.649964984123479,True,0,1e-05,1e-05,0.6935190055519342,0.09907414365027632,0.4467606320977211,0.08827937580645084,0.22803431376814842,1.4578972607851028,0.5019763894379139,0.02034710720181465,0.11723614484071732,0.04594810679554939,0.007042262703180313,3.957097142482261,2.784550121583794,0.2632711302634332,827,8.347998166467056,6.083412100059579,-0.8271835478295251,146,0.6099514365196228
resnet_frozen,fold6_balkan_e,139,0.6445981617273702,False,1,1e-05,1e-05,0.7654390968382359,0.10934844240546227,0.5140819102525711,0.08807493560016155,0.24624325148761272,1.615128206089139,0.5748019833117723,0.019378067925572395,0.1173124685883522,0.045993559062480927,0.006947237998247147,3.9605313560739956,2.7841782663584005,0.2619918176317061,827,8.362354718932117,6.097870319321086,-0.8334735858394844,146,0.612392246723175
resnet_frozen,fold6_balkan_e,140,0.6711809465069293,False,2,1e-05,1e-05,0.7649073358625174,0.10927247655178819,0.5152001716196537,0.08845006488263607,0.24635565280914307,1.6162067353725433,0.5738205835223198,0.019659478217363358,0.1175023764371872,0.04598278924822807,0.006952861323952675,3.968550625104471,2.7820729196626925,0.25900015954834055,827,8.388733797003445,6.124094774147656,-0.8450592285955876,146,0.6177112460136414
resnet_frozen,fold6_balkan_e,141,0.6057744793044324,False,3,1e-05,1e-05,0.7640222460031509,0.10914603514330727,0.5190580952912569,0.08833856880664825,0.24584644101560116,1.6185513474047184,0.5728133358061314,0.019678635522723198,0.1175149716436863,0.0460534431040287,0.006973695009946823,3.9698301704843857,2.7834144925247575,0.2585222542057094,827,8.390395480228023,6.125827725095382,-0.8457902584977552,146,0.6177592873573303
resnet_frozen,fold6_balkan_e,142,0.6067148460009942,False,4,1e-05,1e-05,0.7781153675168753,0.11115933821669646,0.519780708476901,0.0903768464922905,0.24676009267568588,1.6363293938338757,0.5867773927748203,0.01953306794166565,0.11738168075680733,0.046379463747143745,0.007020041346549988,3.977838504649672,2.783349055734686,0.2555276722355555,827,8.409426605227141,6.146827932149156,-0.8541730107376091,146,0.6221414804458618
resnet_frozen,fold6_balkan_e,143,0.6544419811022757,False,5,1e-05,1e-05,0.7662050276994705,0.10945786109992436,0.5188160035759211,0.0885438360273838,0.2467684242874384,1.621647272258997,0.5752209965139627,0.01965024136006832,0.11737402714788914,0.04598679021000862,0.006986606866121292,3.9659998496753834,2.7802235620449376,0.2599524048027494,827,8.383820780744099,6.116836668356396,-0.8428986757103365,146,0.6162375807762146
resnet_frozen,fold6_balkan_e,144,0.6409831110482637,False,6,1e-05,1e-05,0.7639531567692757,0.10913616525275367,0.5179925952106714,0.08910854533314705,0.2503736950457096,1.6227041315287352,0.5732626058161259,0.019479047507047653,0.11726624146103859,0.04596452787518501,0.006983570754528046,3.9641443876277385,2.7783211336423057,0.26064469379631905,827,8.38965972939982,6.122685270618778,-0.8454665592939505,146,0.6177226305007935
resnet_frozen,fold6_balkan_e,145,0.6767208325387201,False,7,1e-05,1e-05,0.8567471038550138,0.12239244340785913,0.5984889529645443,0.11558616906404495,0.24563664197921753,1.8177864793688059,0.6654678005725145,0.019643060863018036,0.11738467030227184,0.046138299629092216,0.007092883810400963,3.9587051897949883,2.77850335165398,0.2626722389302093,827,8.371293635433803,6.1035180655591255,-0.8373954541348472,146,0.613800585269928
resnet_frozen,fold6_balkan_e,146,0.6173869805295638,False,8,1e-05,1e-05,0.780594689771533,0.111513527110219,0.5106562674045563,0.08801926486194134,0.24583123996853828,1.6263835038989782,0.5896314736455679,0.01964190974831581,0.1173244509845972,0.04600046016275883,0.006989913061261177,3.9597807327147883,2.778212550968187,0.2622715344856815,827,8.374374016970197,6.1076780702130975,-0.8387479142467973,146,0.6146755218505859
resnet_frozen,fold6_balkan_e,147,0.6059843199428941,False,9,1e-05,1e-05,0.758720900863409,0.10838870012334414,0.5136086717247963,0.09421934001147747,0.26385542936623096,1.6317028310149908,0.5680105891078711,0.01963881216943264,0.11728747189044952,0.045887598767876625,0.006878245621919632,3.9581422344069566,2.7754536369934297,0.2628819302823675,827,8.374685957512867,6.108493989085948,-0.8388849013705626,146,0.6146376729011536
resnet_frozen,fold6_balkan_e,148,0.6286410939448401,False,10,1e-05,1e-05,0.8135741986334324,0.11622488551906177,0.5259867217391729,0.08878033608198166,0.24611659348011017,1.67620231769979,0.620359169319272,0.019345566630363464,0.11718984507024288,0.04817635007202625,0.007351109758019447,3.9518373314705943,2.7753430515807906,0.26522836259944116,827,8.359506082453498,6.091811124044083,-0.8322246528955424,146,0.6117672324180603
resnet_frozen,fold6_balkan_e,149,0.6294318202617235,False,11,1e-05,1e-05,0.7621184140443802,0.10887405914919716,0.5163331124931574,0.08832544460892677,0.24572447128593922,1.6137746013700962,0.5712910573929548,0.019621703773736954,0.11734807677567005,0.04593547619879246,0.006917202845215797,3.9444304266360493,2.768989890220198,0.26798013744437454,827,8.35119359547904,6.081377222022302,-0.8285826264236309,146,0.6098525524139404
resnet_frozen,fold6_balkan_e,150,0.6079321218949564,True,0,1e-05,1e-05,0.7598244119435549,0.10854634456336498,0.51514533162117,0.08811470493674278,0.2460731901228428,1.6104452703148127,0.5692781675606966,0.019373653456568718,0.1173127219080925,0.04594360291957855,0.006896553561091423,3.9366461332379763,2.7680248543659327,0.2708665540070111,827,8.335505466732013,6.064575465775169,-0.8217189142293604,146,0.6061994433403015
resnet_frozen,fold6_balkan_e,151,0.6019304453101383,False,1,1e-05,1e-05,0.7467870097607374,0.1066838585372482,0.4622452072799206,0.08863743580877781,0.2279627062380314,1.5269585996866226,0.5560255479067564,0.019680147990584373,0.11726723983883858,0.045913638547062874,0.006885383278131485,3.9413172426705843,2.765988005655403,0.269135190480715,827,8.353388716205934,6.0841024072625425,-0.829544042804446,146,0.6099388599395752
resnet_frozen,fold6_balkan_e,152,0.621673805393648,False,2,1e-05,1e-05,0.7227465212345123,0.10324950303350176,0.458786454051733,0.08866995573043823,0.22968949563801289,1.5011778678745031,0.5318034160882235,0.019984662532806396,0.1172171775251627,0.045808833092451096,0.006918901577591896,3.933234524112157,2.76097342583552,0.27212978181931247,827,8.345652433275111,6.075243159827705,-0.826156838712095,146,0.6081909537315369
resnet_frozen,fold6_balkan_e,153,0.6561228603376875,False,3,1e-05,1e-05,0.7170967645943165,0.10244239494204521,0.4452775325626135,0.08831291645765305,0.2297598272562027,1.4817569889128208,0.5259768292307854,0.020015502348542213,0.11737309023737907,0.045833367854356766,0.006898615509271622,3.93470766642009,2.7603375907020005,0.27158445089311245,827,8.350685004995933,6.081272404309759,-0.8283599106184962,146,0.6093053221702576
resnet_frozen,fold6_balkan_e,154,0.6408619079220829,False,4,1e-05,1e-05,0.7197266779839993,0.10281809685485703,0.4629047978669405,0.08760670572519302,0.22786559537053108,1.4993830639868975,0.5285496674478054,0.019900165498256683,0.11738520488142967,0.04598732106387615,0.006921522319316864,3.9364321916800113,2.763207319932631,0.2709458030435462,827,8.347067698238284,6.075065803085999,-0.8267762546181798,146,0.6079267263412476
resnet_frozen,fold6_balkan_e,155,0.6378459815102592,False,5,1e-05,1e-05,0.7203716486692429,0.10291023552417755,0.4482780322432518,0.0882233064621687,0.22769667580723763,1.4858640041202307,0.5293741412460804,0.019985903054475784,0.11725266464054585,0.045859700068831444,0.006915288046002388,3.932553819852665,2.7566044173815527,0.27238169737691664,827,8.349999564841102,6.076821158364737,-0.8280597723985383,146,0.6086442470550537
resnet_frozen,fold6_balkan_e,156,0.5960842257111075,False,6,1e-05,1e-05,0.6653099209070206,0.09504427441528865,0.4471111409366131,0.08840110525488853,0.2287776842713356,1.4308785181492567,0.4739039968699217,0.02047926001250744,0.11719203181564808,0.04586525820195675,0.0068695079535245895,3.938566342026628,2.759530047341949,0.2701550702364284,827,8.35803731828515,6.084652132823007,-0.8315808661745301,146,0.610016942024231
resnet_frozen,fold6_balkan_e,157,0.685608698926785,False,7,1e-05,1e-05,0.721770940348506,0.10311013433550086,0.46220980770885944,0.08825407549738884,0.22823534533381462,1.5017633475363255,0.5307591333985329,0.019878573715686798,0.11721952259540558,0.045965828001499176,0.006966825574636459,3.9316219413675224,2.7589768843454854,0.27272649698313456,827,8.341957462997401,6.065435983100381,-0.8245401642642336,146,0.6063960790634155
resnet_frozen,fold6_balkan_e,158,0.6212042793541462,False,8,1e-05,1e-05,0.7208747658878565,0.10298210941255093,0.46357219852507114,0.08854442648589611,0.22795787453651428,1.5022545251995325,0.5298672430217266,0.019982021301984787,0.11727068573236465,0.0458502322435379,0.006918903440237045,3.9289885372041993,2.7560430629189403,0.27370042768968306,827,8.34039329612912,6.0627228519327945,-0.8238560040471197,146,0.6059155464172363
resnet_frozen,fold6_balkan_e,159,0.6265778178315353,True,0,1e-05,1e-05,0.7207297682762146,0.10296139546803065,0.4620225168764591,0.0883950162678957,0.22885195538401604,1.5012939758598804,0.5297197736799717,0.019971314817667007,0.11726677976548672,0.04589990898966789,0.006884675472974777,3.9252261343991064,2.754832655237384,0.27509077186461417,827,8.335148615238602,6.056441872511488,-0.8215629382774874,146,0.6051709055900574
resnet_frozen,fold6_balkan_e,160,0.6321157065671762,True,0,1e-05,1e-05,0.6545490492135286,0.09350700703050409,0.9694196917116642,0.6186634711921215,0.6373628657311201,2.881304370239377,0.4620326943695545,0.020772723481059074,0.1172348614782095,0.046454910188913345,0.0070571452379226685,3.9182899285738313,2.7523893700625135,0.2776504598332271,827,8.320193223199015,6.042275306244976,-0.8150321013624056,146,0.6023306250572205
resnet_frozen,fold6_balkan_e,161,0.5825419097309966,False,1,1e-05,1e-05,1.7081936337053776,0.2440276619579111,0.5064948536455631,0.08712630532681942,0.22828260250389576,2.5316575579345226,1.5246015079319477,0.019586417824029922,0.1173733752220869,0.0389610193669796,0.006615227088332176,3.9226931249199297,2.7522483573829177,0.276026060390024,827,8.334711210552369,6.057548042436788,-0.8213717624997294,146,0.6055035591125488
resnet_frozen,fold6_balkan_e,162,0.6170632986232476,False,2,1e-05,1e-05,0.6524696312844753,0.09320994732635361,0.4437911082059145,0.08726934343576431,0.22910202480852604,1.4139499925076962,0.4633701127022505,0.01984122395515442,0.11727543920278549,0.04449836164712906,0.0065260641276836395,3.9165150536554614,2.7489788096101146,0.27830471959012626,827,8.328702267398397,6.051403599028685,-0.8187464587886901,146,0.6044036746025085
resnet_frozen,fold6_balkan_e,163,0.5866016401777533,False,3,1e-05,1e-05,0.6500614359974861,0.0928659194282123,0.46011232398450375,0.08761759661138058,0.2291270475834608,1.4282308034598827,0.45851660519838333,0.02041615918278694,0.1172372791916132,0.045955657958984375,0.006930723786354065,3.912544957856394,2.745923839316136,0.2797671151959308,827,8.320833116916228,6.043566202696122,-0.8153112949505548,146,0.603107213973999
resnet_frozen,fold6_balkan_e,164,0.6116427152880446,True,0,1e-05,1e-05,0.653333829715848,0.09333340424512114,0.4608276057988405,0.08791060745716095,0.22879202663898468,1.432138117030263,0.46177381835877895,0.020420143380761147,0.11724501475691795,0.04600784741342068,0.006924984976649284,3.9132857559238095,2.7478571598534267,0.27949435276350443,827,8.319905283680022,6.0415600431976015,-0.8149064767734142,146,0.6026574969291687
resnet_frozen,fold6_balkan_e,165,0.6187918638808263,True,0,1e-05,1e-05,0.6833122260868549,0.09761603229812213,0.44393778033554554,0.08767643570899963,0.22778891399502754,1.4440084658563137,0.4921188000589609,0.020019348710775375,0.11717281118035316,0.0460177306085825,0.007009102031588554,3.9068378265002766,2.7429648563213864,0.2818667540803883,827,8.319578379990062,6.041263600984131,-0.8147638578497449,146,0.6028247475624084
resnet_frozen,fold6_balkan_e,166,0.6088395585748564,True,0,1e-05,1e-05,0.6508631743490696,0.09298045347843852,0.441703487187624,0.08758321404457092,0.22790148481726646,1.4093488175421953,0.45923899859189987,0.020511381328105927,0.11730650067329407,0.045938946306705475,0.0068904440850019455,3.905068074413702,2.744314230860178,0.28251721873305147,827,8.314315626987591,6.0334565112087954,-0.8124686374057273,146,0.6013148427009583
resnet_frozen,fold6_balkan_e,167,0.5967380173116958,True,0,1e-05,1e-05,0.7006331086158752,0.10009044408798218,0.5366507600992918,0.09265033714473248,0.25052047707140446,1.5817620027810335,0.5091907549649477,0.02017871104180813,0.11726292781531811,0.046064069494605064,0.006947541609406471,3.9004200000229354,2.739809447882992,0.28422419467249793,827,8.309356076832469,6.026263714707249,-0.810306980691184,146,0.6002017259597778
resnet_frozen,fold6_balkan_e,168,0.6274982623062226,True,0,1e-05,1e-05,0.8304181192070246,0.1186311598867178,0.5272446107119322,0.09731367230415344,0.23797867633402348,1.6942631602287292,0.6363106984645128,0.019441744312644005,0.11719147115945816,0.04895009100437164,0.0074152350425720215,3.8957304991187134,2.738149859947392,0.28594432401047953,827,8.294706649739162,6.008181547666541,-0.8039294509551387,146,0.596582293510437
resnet_frozen,fold6_balkan_e,169,0.593237912640462,False,1,1e-05,1e-05,0.6876158583909273,0.09823083691298962,0.47876316867768764,0.09270290844142437,0.2297064159065485,1.4900806453078985,0.4959599729627371,0.020537229254841805,0.1171772088855505,0.04597320593893528,0.006971390917897224,3.894666713019949,2.7340549863059653,0.2863342374255662,827,8.299091389076326,6.011216943280725,-0.8058371377206615,146,0.5973531007766724
resnet_frozen,fold6_balkan_e,170,0.5923834389037348,True,0,1e-05,1e-05,0.6902011800557375,0.09860016857939106,0.46322384662926197,0.09243614040315151,0.22903937473893166,1.4762083142995834,0.497722327709198,0.020546216517686844,0.11720547452569008,0.04664342664182186,0.007105695083737373,3.887038134233777,2.730307454488997,0.2891272484837517,827,8.28453077840137,5.993888368681331,-0.7995060771234732,146,0.5941401720046997
resnet_frozen,fold6_balkan_e,171,0.603831557581762,False,1,1e-05,1e-05,0.6882619932293892,0.09832314188991274,0.47775182127952576,0.09255781024694443,0.22940162755548954,1.4892839565873146,0.4955722987651825,0.02067636139690876,0.11726031079888344,0.0466445479542017,0.007112288847565651,3.8906837290721517,2.7304410825978134,0.28779318937036813,827,8.289942001437707,6.001584529488096,-0.8018576186022544,146,0.5955538749694824
resnet_frozen,fold6_balkan_e,172,0.6347091933115506,False,2,1e-05,1e-05,0.6858953963965178,0.09798505662807397,0.4780968688428402,0.09293624944984913,0.22920325584709644,1.4874170236289501,0.493455670773983,0.020583322271704674,0.11720697768032551,0.046549176797270775,0.0071143172681331635,3.889947135102926,2.7281325515099044,0.2880628373901516,827,8.293282586660427,6.003171677719385,-0.8033100948002487,146,0.5957813262939453
resnet_frozen,fold6_balkan_e,173,0.5990892569416235,False,3,1e-05,1e-05,0.7307161949574947,0.10438802785107068,0.4720749966800213,0.09336844272911549,0.2307909093797207,1.5282514989376068,0.5385598577558994,0.02020043320953846,0.11722530797123909,0.0466002207249403,0.007097726687788963,3.8884271058943476,2.725300562689846,0.28861911942264096,827,8.301687500554767,6.010945047722303,-0.8069671139006913,146,0.5976012945175171
resnet_frozen,fold6_balkan_e,174,0.638081556364011,False,4,1e-05,1e-05,0.6929310634732246,0.09899015192474638,0.4752781558781862,0.09258413873612881,0.2293048370629549,1.4913912564516068,0.500496219843626,0.020512841641902924,0.11722000688314438,0.046552762389183044,0.0071403756737709045,3.890824166700495,2.7287128398042446,0.28774177298830983,827,8.305040768048306,6.015421250197464,-0.8084271707451995,146,0.5983684062957764
resnet_frozen,fold6_balkan_e,175,0.6019818214868548,False,5,1e-05,1e-05,0.6904954612255096,0.09864220874650138,0.46305690705776215,0.08601850271224976,0.2289680875837803,1.4698165282607079,0.4979512393474579,0.020598627626895905,0.11721549928188324,0.04661780782043934,0.00713694654405117,3.886538987711599,2.728880047458745,0.2893098074744246,827,8.291996817054303,6.002198947632407,-0.8027509768519734,146,0.5960375666618347
resnet_frozen,fold6_balkan_e,176,0.6446835196147951,True,0,1e-05,1e-05,0.6407780796289444,0.09153972566127777,0.4477355629205704,0.08921812660992146,0.2296062856912613,1.40863386541605,0.44813018664717674,0.020519649609923363,0.11722984537482262,0.04663202352821827,0.007225370034575462,3.8792906757134955,2.7246674345527437,0.2919581795759906,827,8.28436383222129,5.989027888585023,-0.7994335521617899,146,0.5938869714736938
resnet_frozen,fold6_balkan_e,177,0.6389136170245427,False,1,1e-05,1e-05,0.6662732008844614,0.09518188584063735,0.4636136684566736,0.0891006849706173,0.22862987592816353,1.4489293619990349,0.4738265909254551,0.020458096638321877,0.11731440760195255,0.04661975055932999,0.0070748887956142426,3.8824552200763107,2.7261795452799187,0.2908025334337171,827,8.28498654328551,5.991228813493546,-0.7997040784975005,146,0.5939081311225891
resnet_frozen,fold6_balkan_e,178,0.571022817849248,False,2,1e-05,1e-05,0.6666895691305399,0.09524136701864856,0.4611666761338711,0.08809489756822586,0.22909033484756947,1.4463273882865906,0.4744834639132023,0.020355787128210068,0.1171913892030716,0.04657313600182533,0.0071061719208955765,3.8871022965956015,2.7227103445420737,0.2891037798942676,827,8.311105700569517,6.018050648525142,-0.811069419921326,146,0.5991539359092712
resnet_frozen,fold6_balkan_e,179,0.6045852116835017,False,3,1e-05,1e-05,0.6628411095589399,0.09469158707984857,0.4484086446464062,0.08879145607352257,0.2289100680500269,1.430236903950572,0.470529492944479,0.02037172205746174,0.11724990420043468,0.04661485366523266,0.007097087800502777,3.886299378176832,2.720185382155807,0.2893974344853485,827,8.31514954523315,6.020814785475727,-0.8128322335289933,146,0.5998311638832092
resnet_frozen,fold6_balkan_e,180,0.5793874157094898,False,4,1e-05,1e-05,0.6641383282840252,0.09487690404057503,0.46524836868047714,0.08872698433697224,0.22857889533042908,1.4479998610913754,0.47182308696210384,0.020336590707302094,0.11726301908493042,0.04659849964082241,0.007143160328269005,3.8840122428802375,2.722596063360053,0.29023358518459397,827,8.300639360561425,6.005315626047304,-0.8065108608950695,146,0.5966290831565857
resnet_frozen,fold6_balkan_e,181,0.5720901950527131,False,5,1e-05,1e-05,0.6626030281186104,0.09465757544551577,0.46381769701838493,0.08874328434467316,0.22860464826226234,1.445053555071354,0.4706954322755337,0.02040196768939495,0.11722754128277302,0.046263620257377625,0.0070246197283267975,3.890435090572483,2.725722011147821,0.2878842152089438,827,8.30494288425964,6.01239282812084,-0.8083845424993461,146,0.5977669954299927
resnet_frozen,fold6_balkan_e,182,0.6034650053049662,False,6,1e-05,1e-05,0.6622046679258347,0.0946006668465478,0.4646445158869028,0.08868634887039661,0.2291056029498577,1.445931300520897,0.46987118758261204,0.02043304219841957,0.11726627126336098,0.04656371288001537,0.0071037448942661285,3.882905065908694,2.724779360134419,0.29063817969930095,827,8.293021160811508,6.000522760835648,-0.8031964065381907,146,0.5954165458679199
resnet_frozen,fold6_balkan_e,183,0.6025368161184179,False,7,1e-05,1e-05,0.6635428480803967,0.09479183544005666,0.4488349426537752,0.0887532364577055,0.22870401479303837,1.4311381876468658,0.4711515288800001,0.020405087620019913,0.1172255128622055,0.04666155390441418,0.007114950567483902,3.8788503675293473,2.7212307023227242,0.29211889912076017,827,8.287037318159571,5.99103534515927,-0.8005951468593528,146,0.5937641263008118
resnet_frozen,fold6_balkan_e,184,0.5895594143665688,False,8,1e-05,1e-05,0.6650542300194502,0.09500774714563574,0.46268100664019585,0.08820176310837269,0.22853265702724457,1.4457545559853315,0.4728040434420109,0.02034037746489048,0.11731133610010147,0.04652121849358082,0.007091280072927475,3.8737593083193613,2.71896697973252,0.29397589239927147,827,8.28495982664016,5.985272323811284,-0.7996924714833369,146,0.5927585959434509
resnet_frozen,fold6_balkan_e,185,0.594860007713899,True,0,1e-05,1e-05,0.6643817499279976,0.0949116785611425,0.4476623348891735,0.08826878480613232,0.22904511541128159,1.430654775351286,0.4718464557081461,0.020326728001236916,0.11745524033904076,0.046687766909599304,0.007097901776432991,3.8699560844785372,2.7166845265731308,0.2953615487435266,827,8.275820567966182,5.974190332257874,-0.795724128017244,146,0.5905019044876099
resnet_frozen,fold6_balkan_e,186,0.5929513998158465,False,1,1e-05,1e-05,0.665755320340395,0.09510790290577072,0.5767828244715929,0.07075347192585468,0.23258482851088047,1.547132235020399,0.4731974396854639,0.020412607118487358,0.11738532967865467,0.04670998826622963,0.007086263969540596,3.8712674145448056,2.71395324367049,0.2948839360175596,827,8.29057173389758,5.986660674139218,-0.8021313795833844,146,0.5930989980697632
resnet_frozen,fold6_balkan_e,187,0.5878747665608232,False,2,1e-05,1e-05,0.6684559918940067,0.09549371312771525,0.46647170931100845,0.07037782110273838,0.23224136978387833,1.4388566128909588,0.476232647895813,0.02039618231356144,0.11719726212322712,0.046581683680415154,0.007063763216137886,3.8743923840727397,2.7142323446035292,0.29374510714319446,827,8.303149915018452,6.0015371611948565,-0.807603795923556,146,0.5959216952323914
resnet_frozen,fold6_balkan_e,188,0.6123076765251851,False,3,1e-05,1e-05,0.6617404576390982,0.09453435109129973,0.46034891344606876,0.07067194022238255,0.23236827738583088,1.4264474622905254,0.46945845521986485,0.020423762500286102,0.11718990281224251,0.04663529992103577,0.007073413580656052,3.863601045785924,2.711078797336677,0.29767388911759207,827,8.28194756805423,5.9795893586219755,-0.7983840394089325,146,0.5919657349586487
resnet_frozen,fold6_balkan_e,189,0.6494140625,True,0,1e-05,1e-05,0.6989716868847609,0.09985309812639441,0.48656992614269257,0.07036690972745419,0.23062322661280632,1.487843694165349,0.506818737834692,0.020206011831760406,0.11728149466216564,0.04659448750317097,0.007092678919434547,3.8586021779439177,2.7103290577296377,0.29949010365181006,827,8.27323409390192,5.965046363546023,-0.7946018542682802,146,0.5892768502235413
resnet_frozen,fold6_balkan_e,190,0.5932774710972335,False,1,1e-05,1e-05,0.7536780070513487,0.10766828672162124,0.4626654665917158,0.1316850334405899,0.23637188412249088,1.5856946650892496,0.5589916612952948,0.02263105846941471,0.11724402196705341,0.046707043424248695,0.007111864164471626,3.867553315243165,2.712191389851419,0.29623626564310457,827,8.2884121279569,5.98219566031332,-0.80119262967333,146,0.5925471782684326
resnet_frozen,fold6_balkan_e,191,0.5942113938614132,True,0,1e-05,1e-05,0.8206332623958588,0.11723332319940839,0.43924878537654877,0.08772345632314682,0.22970408760011196,1.5790620222687721,0.6288287546485662,0.019625673070549965,0.11753190867602825,0.04581398703157902,0.007702130824327469,3.856993535282976,2.707855499066665,0.30007406393426594,827,8.268492256605477,5.958886790134256,-0.7925452773067023,146,0.588154673576355
resnet_frozen,fold6_balkan_e,192,0.6298872314600731,False,1,1e-05,1e-05,0.6656492296606302,0.09509274709437575,0.4727100748568773,0.08721743524074554,0.2266233917325735,1.4535014443099499,0.47462766990065575,0.020391548052430153,0.11723240837454796,0.04544089548289776,0.006971497088670731,3.8622261435529466,2.708204665572007,0.29817366014055446,827,8.286459983934263,5.97538613626103,-0.8003442709544364,146,0.5915369987487793
resnet_frozen,fold6_balkan_e,193,0.6017164532478083,False,2,1e-05,1e-05,0.8073681108653545,0.1153383015521935,0.539287431165576,0.08732705563306808,0.2280315663665533,1.6633296441286802,0.6190489064902067,0.020255960524082184,0.11752765998244286,0.042537346482276917,0.006982916966080666,3.860227473957201,2.706288160804903,0.29889985066757385,827,8.28605926040154,5.973452913101784,-0.8001701500695797,146,0.5911101698875427
resnet_frozen,fold6_balkan_e,194,0.6474174951555651,False,3,1e-05,1e-05,0.7900833543390036,0.11286905061985765,0.43502351082861423,0.08779080770909786,0.2295898161828518,1.5437765717506409,0.6035334337502718,0.01936306245625019,0.11719657480716705,0.041788388043642044,0.0071108378469944,3.8525395487572016,2.703134221827971,0.301689654246308,827,8.269047307112226,5.956654727196515,-0.7927859467125526,146,0.5878883004188538
resnet_frozen,fold6_balkan_e,195,0.6065066244178412,False,4,1e-05,1e-05,0.6970032770186663,0.09957189671695232,0.5631499830633402,0.08748181350529194,0.22969833761453629,1.5786277633160353,0.5101428050547838,0.020292798057198524,0.11722966283559799,0.04139323718845844,0.0069598425179719925,3.854711130417911,2.7037146493397337,0.30090219168532206,827,8.280021823935646,5.969667115524352,-0.7975478049802076,146,0.5901866555213928
resnet_frozen,fold6_balkan_e,196,0.6190705489651035,False,5,1e-05,1e-05,0.8353864159435034,0.11934091656335763,0.6653534676879644,0.10679007135331631,0.22792719304561615,1.836731480434537,0.646285567432642,0.020418358966708183,0.11756359040737152,0.04345590062439442,0.006729099899530411,3.854464435932106,2.7027855095886872,0.3009916707927507,827,8.27538785173171,5.960732903232811,-0.7955363475640549,146,0.5888213515281677
resnet_frozen,fold6_balkan_e,197,0.6352244726547739,False,6,1e-05,1e-05,0.767553735524416,0.10965053364634514,0.44374578073620796,0.10453943908214569,0.2292356751859188,1.5463524125516415,0.5810569431632757,0.01945330947637558,0.1172863245010376,0.04254797659814358,0.00626530684530735,3.855637557308191,2.7034840052924594,0.3005661141868542,827,8.275551691230651,5.962446346721439,-0.7956074457875901,146,0.5891612768173218
resnet_frozen,fold6_balkan_e,198,0.5854356666574166,False,7,1e-05,1e-05,0.677360400557518,0.09676577150821686,0.4660769272595644,0.08709023334085941,0.22701959311962128,1.4588587395846844,0.49157181568443775,0.020033353939652443,0.11714565381407738,0.041477276012301445,0.006191788241267204,3.8527675138845816,2.7027910329385474,0.3016070099983943,827,8.269490089018513,5.955127003531348,-0.7929779481373094,146,0.5877441763877869
resnet_frozen,fold6_balkan_e,199,0.5699770926276025,True,0,1e-05,1e-05,0.7085490543395281,0.10122129347707544,0.4471849109977484,0.09610998071730137,0.2336772009730339,1.4868168719112873,0.5181862488389015,0.020163394510746002,0.11718226596713066,0.04503359645605087,0.00689895823597908,3.850538048758115,2.6980837274898444,0.3024150485350501,827,8.267320112300004,5.953107685324008,-0.792037089659904,146,0.5874469876289368
resnet_frozen,fold6_balkan_e,200,0.6265477153957971,False,1,1e-05,1e-05,0.6681088823825121,0.09544412605464458,0.5561717972159386,0.08438886143267155,0.22625802271068096,1.536248356103897,0.476618867367506,0.02059168554842472,0.11719574965536594,0.04576216824352741,0.006950728595256805,3.8465470871368233,2.6943373350618534,0.30386034888082003,827,8.274529990449345,5.959553219110316,-0.7951641012589417,146,0.5886584520339966
resnet_frozen,fold6_balkan_e,201,0.5956514028712945,False,2,1e-05,1e-05,0.784267270937562,0.11203818156250886,0.5241786204278469,0.10422226972877979,0.24443937838077545,1.6583970990031958,0.5934116244316101,0.01986381784081459,0.11752696521580219,0.04564597271382809,0.006858687847852707,3.8460668773274476,2.6951699880499063,0.3040341526662499,827,8.267655288036678,5.950854064562194,-0.7921823990272232,146,0.5867697596549988
resnet_frozen,fold6_balkan_e,202,0.5654519068430817,False,3,1e-05,1e-05,0.7702380288392305,0.11003400411989007,0.4434926602989435,0.08840946853160858,0.228039663285017,1.5314853712916374,0.5765339639037848,0.02001347579061985,0.11742775328457355,0.048000918701291084,0.007218591868877411,3.847377474682478,2.696725117836631,0.30355975300651405,827,8.268278315981368,5.952594080213907,-0.7924525171559726,146,0.5871499180793762
resnet_frozen,fold6_balkan_e,203,0.5959796006042407,True,0,1e-05,1e-05,0.691383732482791,0.0987691046403987,0.4190284591168165,0.08191165328025818,0.2326543778181076,1.4262582305818796,0.5049310065805912,0.019553007557988167,0.11721186526119709,0.042426781728863716,0.006293846294283867,3.8427045658643793,2.692749792713785,0.3052504763335929,827,8.263106050066938,5.944953441718213,-0.7902106619767537,146,0.5860404372215271
resnet_frozen,fold6_balkan_e,204,0.5760887381243446,False,1,1e-05,1e-05,0.6814596429467201,0.09735137756381716,0.4869910981506109,0.07044024020433426,0.230118315666914,1.4703420400619507,0.48796137049794197,0.02045298181474209,0.11723082140088081,0.04824727401137352,0.006564592942595482,3.8375946805876873,2.687923974512575,0.3070969518626141,827,8.263608955368477,5.9463346559553845,-0.7904285785384775,146,0.586545467376709
resnet_frozen,fold6_balkan_e,205,0.5941227471237459,False,2,1e-05,1e-05,0.6571920122951269,0.09388457318501812,0.4548473097383976,0.10739278234541416,0.22661284357309341,1.4473522286862135,0.47197760455310345,0.020514853298664093,0.1172825563699007,0.04004095681011677,0.006401512771844864,3.841995245687877,2.689519913566677,0.3055069386057464,827,8.269288659796612,5.953443631090013,-0.7928906020614261,146,0.5880653858184814
resnet_frozen,fold6_balkan_e,206,0.5573800858448034,True,0,1e-05,1e-05,0.7317879293113947,0.10454113275877067,0.44889034517109394,0.06992734782397747,0.22970128804445267,1.4816004876047373,0.5415588710457087,0.02019330859184265,0.11737320944666862,0.04478217475116253,0.006894649937748909,3.8348657728900983,2.6868417759439223,0.3080820460803403,827,8.25497968231206,5.937461918317941,-0.786691221097138,146,0.5848788022994995
resnet_frozen,fold6_balkan_e,207,0.593174086804834,False,1,1e-05,1e-05,0.7250367999076843,0.10357668570109776,0.4725694861263037,0.08557374402880669,0.22674219496548176,1.5112195406109095,0.538477098569274,0.02032857947051525,0.11759058013558388,0.04082532227039337,0.006836412474513054,3.8381579628000257,2.685665358931252,0.30689352829212446,827,8.267615469062575,5.94899881658423,-0.7921651359241553,146,0.5871772170066833
resnet_frozen,fold6_balkan_e,208,0.5718867337689291,False,2,1e-05,1e-05,0.6887940298765898,0.09839914712522711,0.4529188685119152,0.08686311170458794,0.23453746177256107,1.464414943009615,0.5030924193561077,0.02043258585035801,0.1170955915004015,0.040619343519210815,0.006603404879570007,3.83477162000065,2.6842858793882014,0.30811602133723526,827,8.266093802434783,5.944930564587389,-0.7915054954443312,146,0.5863204598426819
resnet_frozen,fold6_balkan_e,209,0.5864009326718018,False,3,1e-05,1e-05,0.7012451998889446,0.10017788569842066,0.5175129324197769,0.08419795334339142,0.2279446143656969,1.5321857016533613,0.5142664313316345,0.02039521001279354,0.11729531362652779,0.04224930331110954,0.0060952939093112946,3.83010933101362,2.6835673496715415,0.3097973742016037,827,8.258036454707096,5.937076513774818,-0.7880146694389139,146,0.58479905128479
resnet_frozen,fold6_balkan_e,210,0.6106566552527727,True,0,1e-05,1e-05,0.7596326898783445,0.10851895569690637,0.45582496002316475,0.08825840428471565,0.2323309574276209,1.5373314451426268,0.5723930560052395,0.0199821088463068,0.11721494235098362,0.04262925870716572,0.006416719406843185,3.8269392295195472,2.6819796850331548,0.31093943397074686,827,8.252309801925604,5.933328120786378,-0.7855356808976133,146,0.5839261412620544
resnet_frozen,fold6_balkan_e,211,0.585649271253519,False,1,1e-05,1e-05,0.6571113802492619,0.09387305432132312,0.4678488504141569,0.08747687377035618,0.22844110615551472,1.4421517625451088,0.46677389927208424,0.020727982744574547,0.11712727881968021,0.044606275856494904,0.0069085992872715,3.8290915136391064,2.6842079488767925,0.3101641558374185,827,8.261957792074895,5.944839358232751,-0.7897131539305595,146,0.5860682129859924
resnet_frozen,fold6_balkan_e,212,0.600394713691241,True,0,1e-05,1e-05,0.7377533316612244,0.10539333309446063,0.5603385474532843,0.09978067502379417,0.233120359480381,1.6322688665241003,0.5499497950077057,0.020632818341255188,0.11728638596832752,0.042264943942427635,0.006667928770184517,3.8252341052234082,2.683102664159112,0.31155333039891353,827,8.249440439160166,5.929929097032815,-0.784294220260048,146,0.5831389427185059
resnet_frozen,fold6_balkan_e,213,0.576944385791488,False,1,1e-05,1e-05,0.7368104681372643,0.10525863830532346,0.456612266600132,0.09068314731121063,0.23283524811267853,1.518271217122674,0.5463132858276367,0.0205254927277565,0.11733110435307026,0.04465322755277157,0.006930496543645859,3.828517846389989,2.684226940752923,0.31037084015688543,827,8.259427185071281,5.945136325597772,-0.7886169568454306,146,0.5859020948410034
resnet_frozen,fold6_balkan_e,214,0.5873113998911257,False,2,1e-05,1e-05,0.7886468637734652,0.11266383768192359,0.514865068718791,0.09481451287865639,0.23270773701369762,1.6323253866285086,0.5972467977553606,0.020479746162891388,0.1174236536026001,0.04553642123937607,0.006950162351131439,3.820858466849291,2.675801355340299,0.3131274409830713,827,8.250021655695136,5.929145240213319,-0.7845456549712702,146,0.5834917426109314
resnet_frozen,fold6_balkan_e,215,0.5668544377208189,True,0,1e-05,1e-05,0.7779232375323772,0.1111318910760539,0.4846963845193386,0.09460766986012459,0.23504281044006348,1.5935546718537807,0.5873645357787609,0.020847707986831665,0.1173452977091074,0.044460538774728775,0.006906699389219284,3.820061687352493,2.678112937035391,0.31341388389257785,827,8.24521310655325,5.923830608958671,-0.7824660059513098,146,0.5821137428283691
resnet_frozen,fold6_balkan_e,216,0.5788930733806421,False,1,1e-05,1e-05,0.6500171441584826,0.09285959202264037,0.4781595692038536,0.06993250735104084,0.23122836090624332,1.4306431245058775,0.4590133521705866,0.020425133407115936,0.11717006005346775,0.045422954484820366,0.006861979141831398,3.8285532034046375,2.683342829864873,0.3103581024124755,827,8.25230887884783,5.929806406947964,-0.7855352814486716,146,0.5833889842033386
resnet_frozen,fold6_balkan_e,217,0.5939871800709808,True,0,1e-05,1e-05,0.6681024823337793,0.09544321176196847,0.4408888276666403,0.06870044022798538,0.2277415543794632,1.406715091317892,0.4816783182322979,0.019996145740151405,0.1172152403742075,0.041368912905454636,0.006841208785772324,3.8191400742631516,2.6819251246835907,0.313745130073365,827,8.230087431605751,5.908300292129529,-0.7759322095873293,146,0.5792595148086548
resnet_frozen,fold6_balkan_e,218,0.6151536021296029,False,1,1e-05,1e-05,0.6850428078323603,0.09786325826176576,0.559366500005126,0.0871044434607029,0.24427797086536884,1.5771269872784615,0.49800752848386765,0.019836215302348137,0.11732102744281292,0.042229048907756805,0.006607450544834137,3.8201132922723176,2.6840546047915956,0.3133953336891032,827,8.237972220748773,5.919017326271414,-0.7793366834274402,146,0.5807256102561951
resnet_frozen,fold6_balkan_e,219,0.5973813796129884,False,2,1e-05,1e-05,0.8531782794743776,0.12188261135348252,0.47775542736053467,0.09278910048305988,0.22922204621136189,1.6542284656316042,0.6642127819359303,0.0195369403809309,0.11723694950342178,0.044195977970957756,0.006964033469557762,3.8188184024488603,2.684190624949125,0.3138607265418687,827,8.23532890276743,5.916134554623628,-0.7781949951716851,146,0.580155074596405
resnet_frozen,fold6_balkan_e,220,0.5765460289951679,False,3,1e-05,1e-05,0.7780260257422924,0.11114657510604177,0.49284894950687885,0.09252474829554558,0.2291273158043623,1.5938402842730284,0.5914528910070658,0.019883474335074425,0.117175517603755,0.04159047082066536,0.006912704557180405,3.8155401899277113,2.6786504691803765,0.31503823470050574,827,8.23716720677621,5.916995130890103,-0.7789889471479017,146,0.5805469751358032
resnet_frozen,fold6_balkan_e,221,0.5406676411196283,True,0,1e-05,1e-05,0.8213978130370378,0.11734254471957684,0.4633107054978609,0.17455318942666054,0.2332256082445383,1.6937791276723146,0.6336491778492928,0.01991080492734909,0.11718888022005558,0.04288306087255478,0.00676763616502285,3.812119681693355,2.6783175859460377,0.3162657763156268,827,8.227842643693558,5.9069365400986085,-0.7749635570642381,146,0.5789426565170288
resnet_frozen,fold6_balkan_e,222,0.5562187665318924,True,0,1e-05,1e-05,0.7558370847254992,0.10797672638935703,0.4416038803756237,0.0877603068947792,0.228348596021533,1.5148702766746283,0.5655595734715462,0.020284773781895638,0.11724043637514114,0.04446633905172348,0.0071898214519023895,3.8067697664087254,2.6756006827081222,0.31818353007102285,827,8.219657026276899,5.898503050797412,-0.7714336049416681,146,0.5772171020507812
resnet_frozen,fold6_balkan_e,223,0.5707734372047877,True,0,1e-05,1e-05,0.6421217676252127,0.09173168108931609,0.5415674448013306,0.0882907547056675,0.22907875664532185,1.5024233721196651,0.4559125881642103,0.019847776740789413,0.11727837100625038,0.04197244718670845,0.006174234673380852,3.802734721930908,2.6719088045324835,0.31962816785235615,827,8.21826268901421,5.896709074844952,-0.7708326634718934,146,0.576844334602356
resnet_frozen,fold6_balkan_e,224,0.6088726131342342,False,1,1e-05,1e-05,0.7172221019864082,0.1024603002837726,0.44753879122436047,0.08846347592771053,0.3478448186069727,1.6023635119199753,0.5268206521868706,0.020162498578429222,0.11721455119550228,0.04510745592415333,0.006928484886884689,3.809899200421946,2.6783771301012624,0.317062066568489,827,8.2213161121358,5.898622269062142,-0.772148782482494,146,0.5768642425537109
resnet_frozen,fold6_balkan_e,225,0.6000185554808832,False,2,1e-05,1e-05,0.8019273858517408,0.11456105512167726,0.4938043933361769,0.08579884469509125,0.24381719715893269,1.626632809638977,0.6117751933634281,0.020106490701436996,0.11727197095751762,0.04464047960937023,0.007116645574569702,3.80715886593579,2.671857440099389,0.31804414259004443,827,8.231368867264413,5.912042967249189,-0.7764852826980957,146,0.5798323750495911
resnet_frozen,fold6_balkan_e,226,0.6124498305038212,True,0,1e-05,1e-05,0.7544753439724445,0.10778219199606351,0.5317705031484365,0.08613955229520798,0.2444224487990141,1.6180967334657907,0.5670123472809792,0.019047651439905167,0.11731960065662861,0.04313342273235321,0.00696292519569397,3.7993060922817583,2.670116662361454,0.32085449131708177,827,8.20896009256877,5.888854652219156,-0.7668259728049447,146,0.5753192901611328
resnet_frozen,fold6_balkan_e,227,0.6091782686355757,False,1,1e-05,1e-05,0.756081122905016,0.10801158898643085,0.49813587591052055,0.08720454573631287,0.2270183227956295,1.569769412279129,0.5689044743776321,0.019959567114710808,0.11741011962294579,0.042290860787034035,0.006478326395153999,3.80424901109828,2.6710669453123903,0.31908619745226674,827,8.224680759862453,5.906920134490926,-0.7735996150320179,146,0.5786759853363037
resnet_frozen,fold6_balkan_e,228,0.5706436267931199,False,2,1e-05,1e-05,0.6577840317040682,0.09396914738629546,0.43410459347069263,0.08347679115831852,0.2255299650132656,1.4021650087088346,0.4641770403832197,0.01992255635559559,0.11726480722427368,0.04849732294678688,0.006932197138667107,3.801944104265395,2.6694017097827034,0.3199110474696446,827,8.224358264569734,5.9055790855430335,-0.7734605296790651,146,0.5786610841751099
resnet_frozen,fold6_balkan_e,229,0.574563475012635,False,3,1e-05,1e-05,0.7367431297898293,0.10524901854140419,0.4866689667105675,0.08922452479600906,0.23017648607492447,1.544104726985097,0.552103828638792,0.019784122705459595,0.11725025624036789,0.04027160070836544,0.006360061466693878,3.79921342424486,2.6705468154921292,0.3208876206896626,827,8.214488068557255,5.896403896440649,-0.7692063620429681,146,0.5765461921691895
resnet_frozen,fold6_balkan_e,230,0.6149706581051145,True,0,1e-05,1e-05,0.7636220306158066,0.1090888615165438,0.4757491163909435,0.10642923228442669,0.24559953995049,1.592682072892785,0.5754678267985582,0.020324034616351128,0.11720712296664715,0.04328365810215473,0.006366988644003868,3.7912434189383033,2.6673636290012213,0.323733921463102,827,8.20023514301146,5.8803078082036295,-0.763072202510575,146,0.5736855268478394
resnet_frozen,fold6_balkan_e,231,0.6335722751455988,True,0,1e-05,1e-05,0.7314730957150459,0.10449615653072085,0.4964917842298746,0.10556763038039207,0.2292332462966442,1.5641316752880812,0.5409122835844755,0.020588591694831848,0.11735645681619644,0.0441757682710886,0.007381398230791092,3.786154677873849,2.668268242134659,0.325548119623538,827,8.186448094385824,5.864855362148356,-0.7571486826063862,146,0.5708637237548828
resnet_frozen,fold6_balkan_e,232,0.5782287394697749,False,1,1e-05,1e-05,0.728348221629858,0.10404974594712257,0.4822965618222952,0.0931165087968111,0.2312787976115942,1.5363829545676708,0.5440849233418703,0.020303839817643166,0.1173606775701046,0.03899236395955086,0.006573505699634552,3.7888866968773494,2.663017416481743,0.3245744245109523,827,8.209168845636087,5.886915818876965,-0.7669158343773579,146,0.575192928314209
resnet_frozen,fold6_balkan_e,233,0.5884344984282893,False,2,1e-05,1e-05,0.7761151921004057,0.11087359887148653,0.5558604132384062,0.24599657021462917,0.2382522951811552,1.8175143133848906,0.5901683755218983,0.020327214151620865,0.1172585729509592,0.04083957336843014,0.0065083615481853485,3.7860747887198443,2.6643030875165667,0.32557658165230674,827,8.193567559697426,5.872465895403402,-0.7602062720967373,146,0.5719546675682068
resnet_frozen,fold6_balkan_e,234,0.5687194556682545,False,3,1e-05,1e-05,0.9856832921504974,0.14081189887864248,0.4607164841145277,0.1154877208173275,0.24766851216554642,1.8108239080756903,0.795077009126544,0.020287631079554558,0.11746531911194324,0.044994691386818886,0.006842365488409996,3.7867549822333526,2.6666929903058003,0.32533423058011435,827,8.191976044367287,5.865590605902511,-0.7595225349639476,146,0.5704318284988403
resnet_frozen,fold6_balkan_e,235,0.5768646092628194,False,4,1e-05,1e-05,0.7024622615426779,0.10035175164895398,0.5791706349700689,0.10567125119268894,0.23399171233177185,1.622595477849245,0.510724414139986,0.020369112491607666,0.11728773638606071,0.04609537869691849,0.006997043266892433,3.789332207016366,2.6668931955881914,0.3244155775160149,827,8.198957158397473,5.876647784943705,-0.7625227052015575,146,0.5723252892494202
resnet_frozen,fold6_balkan_e,236,0.5313370046188927,False,5,1e-05,1e-05,0.8283777795732021,0.11833968279617173,0.4450469594448805,0.0963126439601183,0.22902514599263668,1.6000560875982046,0.6434155702590942,0.02027924358844757,0.11739679984748363,0.03957643732428551,0.006669897586107254,3.802773990914001,2.6671864857434753,0.31961411604497203,827,8.229116040355514,5.911984429872388,-0.7755130103464669,146,0.579062819480896
resnet_frozen,fold6_balkan_e,237,0.5718170175241012,False,6,1e-05,1e-05,0.7256022095680237,0.10365745850971766,0.45896738208830357,0.09031327813863754,0.23373339138925076,1.5099102593958378,0.5344638731330633,0.020691528916358948,0.1171734407544136,0.04542281851172447,0.006843404844403267,3.7940309636662497,2.664023254040558,0.32273909482725294,827,8.216517513488956,5.899966780271606,-0.7700806588668578,146,0.5768485069274902
resnet_frozen,fold6_balkan_e,238,0.5652100864027547,False,7,1e-05,1e-05,0.642965029925108,0.09185214713215828,0.4763951674103737,0.09287784807384014,0.23188346810638905,1.4454019572585821,0.45533912628889084,0.020650558173656464,0.11712233163416386,0.04270874708890915,0.006243588402867317,3.7973572120714243,2.6620630610102216,0.3215510573434387,827,8.21990046119244,5.89843932510406,-0.771538532720115,146,0.57666015625
resnet_frozen,fold6_balkan_e,239,0.6133062969240053,False,8,1e-05,1e-05,0.806204067543149,0.11517200964902129,0.5003004744648933,0.0989161767065525,0.22648279182612896,1.6332159265875816,0.6174360010772943,0.02086203545331955,0.11731082759797573,0.043191252276301384,0.006438087671995163,3.789973312750957,2.657480659754964,0.3241869579793709,827,8.211542657267593,5.889570540883636,-0.7679378457079407,146,0.5752525925636292
resnet_frozen,fold6_balkan_e,240,0.5732726958527387,False,9,1e-05,1e-05,0.6816675718873739,0.09738108169819627,0.42424452118575573,0.0809039194136858,0.22808759659528732,1.4161774273961782,0.49004649370908737,0.019991625100374222,0.11724362894892693,0.04616213031113148,0.0071769338101148605,3.7847125203007725,2.6578900922566078,0.3260618232220621,827,8.193332413513136,5.870975541331657,-0.7601052416613097,146,0.5714165568351746
resnet_frozen,fold6_balkan_e,241,0.6032725637452058,False,10,1e-05,1e-05,0.7932827472686768,0.1133261067526681,0.47020789235830307,0.08759196661412716,0.22618482261896133,1.5785476081073284,0.6059824805706739,0.020307235419750214,0.11729247123003006,0.04252800717949867,0.0062178876250982285,3.790423991810464,2.660676309881128,0.32402622181049856,827,8.208628429930222,5.890351069164443,-0.7666832072610394,146,0.5750780701637268
resnet_frozen,fold6_balkan_e,242,0.569801819511884,False,11,1e-05,1e-05,0.7551749460399151,0.1078821351485593,0.426319794729352,0.08666050434112549,0.24564752914011478,1.515100684016943,0.569354023784399,0.019390026107430458,0.11713642068207264,0.04209412634372711,0.0062506236135959625,3.7881757047413007,2.6585664840476615,0.3248278906363561,827,8.201916100465459,5.879345925889068,-0.7637950971755982,146,0.5732530951499939
resnet_frozen,fold6_balkan_e,243,0.5604012015364622,False,12,1e-05,1e-05,0.6523317582905293,0.09319025118436132,0.4750700853765011,0.08911021612584591,0.22805041633546352,1.4458609651774168,0.46502169221639633,0.020058277994394302,0.11720134131610394,0.04291742853820324,0.006203250959515572,3.788669521337251,2.660410253974414,0.3246518518514543,827,8.204680223910811,5.889981854720145,-0.7649841288214492,146,0.5746302604675293
resnet_frozen,fold6_balkan_e,244,0.5905898208341402,False,13,1e-05,1e-05,0.7165282946079969,0.10236118494399957,0.4490877613425255,0.15009666793048382,0.22326717898249626,1.5402494557201862,0.5299272704869509,0.020060526207089424,0.11737615242600441,0.04199356585741043,0.006220990791916847,3.7850304083958384,2.6555232286923225,0.3259486067390537,827,8.198932946470343,5.881840680120233,-0.7625122955830004,146,0.5731218457221985
resnet_frozen,fold6_balkan_e,245,0.5839416107214636,True,0,1e-05,1e-05,0.7508843410760164,0.10726919158228806,0.4532740395516157,0.0909829568117857,0.23146462813019753,1.5278896540403366,0.5624186005443335,0.01991323009133339,0.11732752248644829,0.04322541691362858,0.006900405511260033,3.778130342595233,2.6598647321875317,0.32840394215619995,827,8.169393530479695,5.848161697546254,-0.7498350860159846,146,0.5666996836662292
resnet_frozen,fold6_balkan_e,246,0.574002585359179,False,1,1e-05,1e-05,0.6350841540843248,0.09072630772633213,0.5208287667483091,0.0863453634083271,0.22738088481128216,1.4711638391017914,0.4472512789070606,0.020681485533714294,0.11755337007343769,0.041318343952298164,0.007222020998597145,3.7883303897093143,2.6564844110783303,0.32477275005334605,827,8.211406987988736,5.891146731613477,-0.7678794272398923,146,0.575138509273529
resnet_frozen,fold6_balkan_e,247,0.6200966794660907,False,2,1e-05,1e-05,0.7354922667145729,0.10507032381636756,0.5157949700951576,0.2348022125661373,0.24590793997049332,1.7332856506109238,0.5471500251442194,0.019982773810625076,0.11727485060691833,0.043037423864006996,0.007036954164505005,3.782935570214247,2.656874836750756,0.3266945124235997,827,8.19407219734485,5.874556538760376,-0.7604230991869141,146,0.5717856287956238
resnet_frozen,fold6_balkan_e,248,0.5587846232440769,False,3,1e-05,1e-05,0.6898510381579399,0.09855014830827713,0.45770450308918953,0.09136547520756721,0.22786091268062592,1.4680565651506186,0.5040943808853626,0.020308034494519234,0.1174023263156414,0.04031059145927429,0.006735743954777718,3.782111536378361,2.6562797459973577,0.32698781166946134,827,8.189444915480221,5.868525118760975,-0.7584354003664253,146,0.5704660415649414
resnet_frozen,fold6_balkan_e,249,0.5468266658944403,False,4,1e-05,1e-05,0.7203807048499584,0.10291152926427978,0.4603632017970085,0.08938337489962578,0.22786740399897099,1.4992895629256964,0.5340028274804354,0.020044784992933273,0.11729869060218334,0.04191107861697674,0.006173780187964439,3.7716550944338336,2.649366386991711,0.33070403460084197,827,8.176912768740303,5.85132631664683,-0.7530577198701933,146,0.5675174593925476
resnet_frozen,fold6_balkan_e,250,0.5929601869963677,False,5,1e-05,1e-05,0.8910214807838202,0.12728878296911716,0.46866410970687866,0.0983630046248436,0.23573781177401543,1.6950732786208391,0.7030372899025679,0.01957918517291546,0.11738169938325882,0.04356067068874836,0.006430856883525848,3.775706765662089,2.6520808269112126,0.32926529023758233,827,8.181820441643893,5.85569520467778,-0.7551626746241926,146,0.5680557489395142
resnet_frozen,fold6_balkan_e,251,0.5542531457460489,False,6,1e-05,1e-05,0.8172207288444042,0.11674581840634346,0.4387934859842062,0.08678017370402813,0.22803623601794243,1.5721644647419453,0.6319486033171415,0.019686102867126465,0.11724625714123249,0.04105559550225735,0.006278993561863899,3.776533000293318,2.6505890589406818,0.3289717055310357,827,8.181877661103153,5.857718071875431,-0.755187224126604,146,0.5684574842453003
resnet_frozen,fold6_balkan_e,252,0.5642490340835958,False,7,1e-05,1e-05,0.7608428578823805,0.10869183684034008,0.6047479975968599,0.08811019361019135,0.24594267830252647,1.70093160495162,0.5755008738487959,0.019344812259078026,0.11715826019644737,0.04165399260818958,0.006215551868081093,3.7820115228641624,2.653063180183043,0.3270234052385218,827,8.189468969731815,5.864665737071821,-0.7584457302264067,146,0.5697498917579651
resnet_frozen,fold6_balkan_e,253,0.5714309166535789,False,8,1e-05,1e-05,0.7722288705408573,0.11031841007726532,0.514194767922163,0.13542082346975803,0.2437735367566347,1.6669118031859398,0.5834468770772219,0.02004803530871868,0.11750498041510582,0.04343069717288017,0.006772197782993317,3.7818926981525642,2.650082635447418,0.3270656922559442,827,8.19910630538902,5.871451939745607,-0.7625868297834792,146,0.5712115168571472
resnet_frozen,fold6_balkan_e,254,0.5423560874782133,False,9,1e-05,1e-05,0.7559758257120848,0.10799654653029782,0.507899833843112,0.08915495499968529,0.25252141430974007,1.6068367920815945,0.5663904324173927,0.019684575498104095,0.11727958731353283,0.04467258229851723,0.006888624280691147,3.7830885838779262,2.649477339572214,0.3266400430724232,827,8.19951167462017,5.873286995356412,-0.7627611210059735,146,0.571566104888916
resnet_frozen,fold6_balkan_e,255,0.5617347357495087,False,10,1e-05,1e-05,0.7689784783869982,0.10985406834099974,0.4783860072493553,0.08966133743524551,0.2288967352360487,1.5673222690820694,0.575322400778532,0.020542453974485397,0.11751012317836285,0.04767042584717274,0.0069129131734371185,3.7757240108842938,2.642751122782392,0.32925916317515735,827,8.19974983113152,5.871288520572409,-0.7628635220152922,146,0.5714111924171448
resnet_frozen,fold6_balkan_e,256,0.5656926986528279,False,11,1e-05,1e-05,0.7258896697312593,0.10369852424732276,0.4646000973880291,0.13846478797495365,0.22684838436543941,1.5571041200309992,0.5419126786291599,0.01995432749390602,0.11730322800576687,0.03950724005699158,0.00624784454703331,3.7746765860459996,2.642618157462061,0.3296312524290993,827,8.203365903922569,5.876691152030131,-0.7644187032219827,146,0.5722862482070923
resnet_frozen,fold6_balkan_e,257,0.5618087579434267,False,12,1e-05,1e-05,0.7252685893326998,0.10360979847609997,0.4548627082258463,0.08979937434196472,0.22609753534197807,1.4973317496478558,0.535658584907651,0.01992434822022915,0.11737789958715439,0.044335005804896355,0.006946077570319176,3.777627404993321,2.6441844578486577,0.32858273346218747,827,8.20685111795408,5.879599881504065,-0.7659182543039649,146,0.5729108452796936
resnet_frozen,fold6_balkan_e,258,0.5826428654404332,False,13,1e-05,1e-05,0.8981498163193464,0.1283071166170495,0.6389259770512581,0.10354490764439106,0.22878342680633068,1.8707098066806793,0.7094768546521664,0.019700830802321434,0.1176228616386652,0.0440263245254755,0.006367143243551254,3.7791406038472273,2.646585044359657,0.3280447284046857,827,8.21506865415957,5.887408825867822,-0.7694564596831965,146,0.5745571255683899
resnet_frozen,fold6_balkan_e,259,0.5927243815079566,False,14,1e-05,1e-05,0.7255099676549435,0.10364428109356336,0.4974867720156908,0.09800804406404495,0.2266396228224039,1.5489435605704784,0.536756781861186,0.020590143278241158,0.11727072671055794,0.043214717879891396,0.0066720303148031235,3.7711990517555907,2.646202985718982,0.33086587817558355,827,8.189149254837787,5.858266749799105,-0.758308434311795,146,0.5690149068832397
resnet_frozen,fold6_balkan_e,260,0.5410517377749609,False,15,1e-05,1e-05,0.6604025140404701,0.09434321629149574,0.442573057487607,0.08790849708020687,0.22757694497704506,1.4197522513568401,0.4709178078919649,0.020602935925126076,0.11726101115345955,0.04345324635505676,0.007120650261640549,3.7672469285212795,2.6415531015147486,0.33226761528249815,827,8.184167912673615,5.851846486210593,-0.756169977248141,146,0.5680259466171265
resnet_frozen,fold6_balkan_e,261,0.5668107601290314,False,16,1e-05,1e-05,0.632024921476841,0.09028927449669157,0.4879455752670765,0.0875770952552557,0.22748315334320068,1.436329385265708,0.4448182247579098,0.02066018432378769,0.1171423438936472,0.04126550629734993,0.0070798564702272415,3.760803214184891,2.6368347390928464,0.3345499169472458,827,8.17829802565173,5.846395388008037,-0.7536517438234356,146,0.5674060583114624
resnet_frozen,fold6_balkan_e,262,0.5855141193431407,False,17,1e-05,1e-05,0.7504308111965656,0.10720440159950938,0.426513085141778,0.0854729637503624,0.22669361345469952,1.4904247801750898,0.5617500655353069,0.020321862772107124,0.11722001060843468,0.04320662468671799,0.006934547796845436,3.75840539034116,2.6366940210989434,0.3353982056298719,827,8.173089582763385,5.834901835935742,-0.751418788642767,146,0.5657410025596619
resnet_frozen,fold6_balkan_e,263,0.5572390804267708,False,18,1e-05,1e-05,0.6621054261922836,0.09458648945604052,0.45961606316268444,0.08758283592760563,0.2266280334442854,1.437220238149166,0.47308495454490185,0.020156942307949066,0.11730201542377472,0.043742671608924866,0.006878046318888664,3.7617326093455765,2.634755362478813,0.3342209752444212,827,8.195030840653006,5.859996253829771,-0.7608350351577116,146,0.5705543160438538
resnet_frozen,fold6_balkan_e,264,0.5640131709365199,False,19,1e-05,1e-05,0.7678707744926214,0.10969582492751735,0.4435008801519871,0.08902637660503387,0.23122629523277283,1.5329275894910097,0.5811247397214174,0.019968397915363312,0.11727810651063919,0.04165099374949932,0.006903842091560364,3.7636664529624304,2.6334796504221725,0.3335362676400846,827,8.199442994815001,5.866289172580797,-0.7627315910563564,146,0.571613073348999
resnet_frozen,fold6_balkan_e,265,0.5943091183792724,False,20,1e-05,1e-05,0.6423552874475718,0.09176504106393882,0.4531974196434021,0.08724350482225418,0.2264119442552328,1.4105023052543402,0.4554439131170511,0.020691314712166786,0.11720939539372921,0.04118926078081131,0.006920196115970612,3.7650124198586874,2.6382398119461277,0.333059499290685,827,8.193453246972727,5.856433510171761,-0.7601571573320367,146,0.5697183609008789
resnet_frozen,fold6_balkan_e,266,0.5605794775154455,True,0,1e-05,1e-05,0.7979702726006508,0.1139957532286644,0.5123586654663086,0.09626692533493042,0.24603568017482758,1.6539062932133675,0.6060985587537289,0.019975783303380013,0.11725926771759987,0.04669094830751419,0.00692475400865078,3.7514560000211388,2.639081321052553,0.33785366578483733,827,8.151000763988174,5.812313060833781,-0.7419647152820463,146,0.5610502362251282
resnet_frozen,fold6_balkan_e,267,0.5805270046247969,False,1,1e-05,1e-05,0.8040470965206623,0.11486387093152318,0.460901215672493,0.09310791827738285,0.23107134737074375,1.5904749277979136,0.6145970318466425,0.020285386592149734,0.1175297386944294,0.04401971399784088,0.006608795374631882,3.7600524098937353,2.63693694621492,0.33481559046286047,827,8.177895496234315,5.838557911937272,-0.7534791213436143,146,0.5663376450538635
resnet_frozen,fold6_balkan_e,268,0.5759091728976157,False,2,1e-05,1e-05,0.6780465189367533,0.09686378841953618,0.5148059967905283,0.09238509833812714,0.22882087714970112,1.5153532829135656,0.49036706425249577,0.020755548030138016,0.11736840195953846,0.04245687089860439,0.006178420037031174,3.7609479398598262,2.6385931630183066,0.334498699396096,827,8.175864218302147,5.835297426747893,-0.752608148831531,146,0.5657129287719727
resnet_frozen,fold6_balkan_e,269,0.534760706946524,False,3,1e-05,1e-05,0.8220472224056721,0.11743531748652458,0.4734009951353073,0.11659094877541065,0.23871335200965405,1.6520601194351912,0.6334469486027956,0.020169246941804886,0.11750275455415249,0.04375788755714893,0.006215181201696396,3.7544179421467923,2.6349704817109716,0.3368076647849031,827,8.17268902905017,5.8330697492440375,-0.75124712281155,146,0.5656422972679138
resnet_frozen,fold6_balkan_e,270,0.5228279602715009,False,4,1e-05,1e-05,0.8204650413244963,0.11720929161778518,0.5063215717673302,0.09931106492877007,0.24557307921350002,1.6729603875428438,0.6337041724473238,0.020615695044398308,0.1172491479665041,0.04166415147483349,0.006246894598007202,3.751757658513661,2.633356001976623,0.3377471737477503,827,8.176097406300372,5.836826402026182,-0.7527081243211367,146,0.566421627998352
resnet_frozen,fold6_balkan_e,271,0.5621636101239538,False,5,1e-05,1e-05,0.7140082512050867,0.10200117874358382,0.5078676622360945,0.09572127275168896,0.23007680475711823,1.548986792564392,0.5265825372189283,0.020577341318130493,0.1173179242759943,0.04235604405403137,0.0062148477882146835,3.7475411734811463,2.6263692587564167,0.3392349084306092,827,8.171068345506205,5.82767258438577,-0.7505526302235686,146,0.565277636051178
resnet_frozen,fold6_balkan_e,272,0.5748546189812104,False,6,1e-05,1e-05,0.8654871694743633,0.12364102421062333,0.49264522083103657,0.09211132861673832,0.2282173540443182,1.679754724726081,0.6737887747585773,0.01995840296149254,0.11760597862303257,0.04625791497528553,0.006849359720945358,3.743930917765364,2.6242735828445563,0.3405074131305822,827,8.16525564987091,5.8179474520854795,-0.7480629165340862,146,0.5635568499565125
resnet_frozen,fold6_balkan_e,273,0.5309502695030572,False,7,1e-05,1e-05,0.7220403458923101,0.10314862084175859,0.5388764273375273,0.09265446104109287,0.2503010015934706,1.6051653511822224,0.5318242181092501,0.020323947072029114,0.11732885241508484,0.0445781946182251,0.006989613175392151,3.7415288655431715,2.626290051219264,0.3413533835767658,827,8.160724173707399,5.8164526656318065,-0.7461232081568665,146,0.5626777410507202
resnet_frozen,fold6_balkan_e,274,0.5567409280133507,False,8,1e-05,1e-05,0.7251607477664948,0.10359439253807068,0.47428002394735813,0.09204842709004879,0.2291740830987692,1.5219405572861433,0.5337557438760996,0.020199505612254143,0.1172838993370533,0.045973632484674454,0.006960704922676086,3.7373124336805503,2.624667657055871,0.3428370411202385,827,8.152584928165053,5.8089672535752905,-0.7426418901081115,146,0.561211109161377
resnet_frozen,fold6_balkan_e,275,0.5797326411993357,False,9,1e-05,1e-05,0.7693794742226601,0.10991135346038002,0.4878618437796831,0.09146641939878464,0.22856280766427517,1.5785654000937939,0.5778435673564672,0.02080199308693409,0.1174885556101799,0.04534760117530823,0.006890473887324333,3.7425951293267423,2.6273373682033543,0.3409779268433153,827,8.15768076245555,5.814597684290018,-0.7448210736922583,146,0.5622724294662476
resnet_frozen,fold6_balkan_e,276,0.5591281535691766,False,10,1e-05,1e-05,0.7531443517655134,0.1075920502522162,0.4938890002667904,0.10159634612500668,0.24094402976334095,1.5908477157354355,0.5632538888603449,0.02046084776520729,0.11714199557900429,0.04331514053046703,0.007937829941511154,3.741416034962359,2.626826825270243,0.3413931076373906,827,8.159329566301984,5.813890056389186,-0.7455264600668869,146,0.562156081199646
resnet_frozen,fold6_balkan_e,277,0.5549829660620914,False,11,1e-05,1e-05,0.7020424604415894,0.10029178006308419,0.5624811090528965,0.09330512769520283,0.24936826527118683,1.6086110826581717,0.5134218446910381,0.02084149420261383,0.11725915782153606,0.04317978397011757,0.006359973922371864,3.740835048215779,2.621433823581789,0.3415976356357595,827,8.163135709856148,5.818694594266991,-0.7471553374898448,146,0.5633099675178528
resnet_frozen,fold6_balkan_e,278,0.579319304681891,False,12,1e-05,1e-05,0.7734578493982553,0.11049397848546505,0.5487010274082422,0.08547412417829037,0.22653909400105476,1.6354559548199177,0.5868759341537952,0.020013194531202316,0.11742654629051685,0.041980937123298645,0.006194807589054108,3.740312504708039,2.6212362569821366,0.3417815624047468,827,8.163353956138048,5.816637993112703,-0.7472487612101253,146,0.5629634857177734
resnet_frozen,fold6_balkan_e,279,0.5580801127755513,False,13,1e-05,1e-05,0.6949960608035326,0.0992851515433618,0.5053126811981201,0.08738486468791962,0.25167485512793064,1.540645632892847,0.5038508884608746,0.020333589985966682,0.1172179039567709,0.04590434953570366,0.006658563390374184,3.7482642586727275,2.622114286635772,0.3389798955967208,827,8.18970142922167,5.84757708228153,-0.7585455592141863,146,0.5687050223350525
resnet_frozen,fold6_balkan_e,280,0.6073270195773032,False,14,1e-05,1e-05,0.6884980276226997,0.09835686108895711,0.6274574864655733,0.09629115089774132,0.25365516915917397,1.6671724449843168,0.49753840267658234,0.019791554659605026,0.11729569174349308,0.045980265364050865,0.006916990503668785,3.741506266333462,2.6196831156269655,0.3413613401360178,827,8.178370188762237,5.8317694368913,-0.7536826914662103,146,0.566107451915741
resnet_frozen,fold6_balkan_e,281,0.5576281288082395,False,15,1e-05,1e-05,0.8348937910050154,0.11927054157214505,0.5827709473669529,0.09617416188120842,0.25479851849377155,1.7699440605938435,0.6463195625692606,0.020086046308279037,0.11746570467948914,0.04374454542994499,0.006322046741843224,3.734131895576692,2.618593904142695,0.343955086503551,827,8.160769297578495,5.811375813153344,-0.7461425182216899,146,0.5624659657478333
resnet_frozen,fold6_balkan_e,282,0.5256993271851914,True,0,1e-05,1e-05,0.8182241879403591,0.11688916970576559,0.46393414586782455,0.09566036239266396,0.2268922906368971,1.6059911511838436,0.6315069142729044,0.01990308053791523,0.11743279546499252,0.04209340736269951,0.006315108388662338,3.7300437261713326,2.6161989149242597,0.34539079079284496,827,8.147918044589936,5.795828638809892,-0.7406473376726217,146,0.5599378347396851
resnet_frozen,fold6_balkan_e,283,0.5496450283507194,True,0,1e-05,1e-05,0.803707916289568,0.11481541661279542,0.4633588660508394,0.09191914834082127,0.23956977389752865,1.5998936537653208,0.616651363670826,0.019689591601490974,0.11731797084212303,0.042741017416119576,0.006284656003117561,3.7320864333445822,2.6190742202635975,0.344673619001709,827,8.143728190565676,5.79228888934078,-0.7388576330927981,146,0.5591146349906921
resnet_frozen,fold6_balkan_e,284,0.5483806522466251,True,0,1e-05,1e-05,0.7574501167982817,0.10820715954261166,0.48593098297715187,0.09192072041332722,0.22944029606878757,1.5660164039582014,0.5701508708298206,0.01997893489897251,0.11728733591735363,0.042233044281601906,0.006794398650527,3.731307307197055,2.621173304126223,0.3449472078545386,827,8.136791927744852,5.78734883663604,-0.7358968178903558,146,0.557476282119751
resnet_frozen,fold6_balkan_e,285,0.5488961160975759,False,1,1e-05,1e-05,0.8060550577938557,0.11515072254197938,0.4892509486526251,0.0913548693060875,0.22856906428933144,1.6165528986603022,0.6203797701746225,0.020110847428441048,0.11736885271966457,0.0403819028288126,0.00679934024810791,3.7299699467151384,2.615296484461209,0.3454166865932008,827,8.144758329160744,5.79269859846324,-0.7392975735254848,146,0.5590708255767822
resnet_frozen,fold6_balkan_e,286,0.5436651190650507,False,2,1e-05,1e-05,0.7449618764221668,0.10642312520316669,0.4846571050584316,0.09593525342643261,0.23007476702332497,1.556923096999526,0.556138850748539,0.020521407946944237,0.11725557036697865,0.0431539174169302,0.006882740184664726,3.7242800573791155,2.6108125861826794,0.34741223395149845,827,8.137556198399604,5.784685332013195,-0.7362229310111335,146,0.5576927065849304
resnet_frozen,fold6_balkan_e,287,0.5452742847594846,True,0,1e-05,1e-05,0.7101413160562515,0.10144875943660736,0.5195383243262768,0.09507153928279877,0.22993205673992634,1.5559729672968388,0.5226210225373507,0.020880745723843575,0.11719885282218456,0.04238409548997879,0.006126221269369125,3.722641885495771,2.612436890038356,0.34798620572347816,827,8.133408033454542,5.782063071822362,-0.7344532834023736,146,0.5567771792411804
resnet_frozen,fold6_balkan_e,288,0.6159812668935275,False,1,1e-05,1e-05,0.7640694323927164,0.10915277605610234,0.480087848380208,0.09984205476939678,0.2296370565891266,1.574935732409358,0.5727614108473063,0.020684590563178062,0.1175976861268282,0.04466122016310692,0.007302090525627136,3.728739186009851,2.612065230419008,0.3458485949013709,827,8.140107816172844,5.787809116068847,-0.7373119242532755,146,0.5579779148101807
resnet_frozen,fold6_balkan_e,289,0.5995305855876734,False,2,1e-05,1e-05,0.8001770116388798,0.11431100166269711,0.4625578746199608,0.09080799855291843,0.32727929949760437,1.6821288745850325,0.6050481051206589,0.02038530632853508,0.11735178157687187,0.04910951294004917,0.007264532148838043,3.725925722402414,2.611655104089209,0.34683538252340984,827,8.133908976964497,5.787611360127413,-0.734666942884125,146,0.5575351715087891
resnet_frozen,fold6_balkan_e,290,0.5681267430445015,True,0,1e-05,1e-05,0.6711290404200554,0.09587557720286506,0.5119962468743324,0.09241286851465702,0.22958574816584587,1.5063971243798733,0.4833188112825155,0.020468054339289665,0.11726195551455021,0.04205390065908432,0.006986526772379875,3.7224222995221106,2.6113511784922796,0.3480631236036361,827,8.125711886669146,5.779176239965854,-0.7311724221640836,146,0.5558927059173584
resnet_frozen,fold6_balkan_e,291,0.561544333000137,False,1,1e-05,1e-05,0.7916553150862455,0.11309361644089222,0.47570024617016315,0.0906471274793148,0.22771500423550606,1.5869937110692263,0.6053239088505507,0.019678551703691483,0.11748342402279377,0.041053539142012596,0.007009122520685196,3.7229080949493736,2.610802643551578,0.3478929502090301,827,8.13011315764333,5.785778469729822,-0.7330483002514128,146,0.5571475028991699
resnet_frozen,fold6_balkan_e,292,0.5980378350438922,False,2,1e-05,1e-05,0.7070250436663628,0.10100357766662325,0.5242644362151623,0.0920561570674181,0.2510529663413763,1.5756652541458607,0.5169921405613422,0.02011079713702202,0.11736171878874302,0.0443778894841671,0.00708962045609951,3.7233140316629183,2.6114947756317184,0.3477507341683377,827,8.132901381400762,5.793587820619273,-0.7342372025309121,146,0.558360755443573
resnet_frozen,fold6_balkan_e,293,0.5608604089813047,False,3,1e-05,1e-05,0.7378626484423876,0.10540894977748394,0.47010462172329426,0.09237554855644703,0.230967216193676,1.5326061472296715,0.5469373259693384,0.020259669050574303,0.11732451245188713,0.04539241082966328,0.006949024274945259,3.723933875123367,2.611834348930117,0.34753354803194403,827,8.138839283176132,5.797547593345623,-0.7367704902007692,146,0.5590084791183472
resnet_frozen,fold6_balkan_e,294,0.5484077425937122,False,4,1e-05,1e-05,0.7693129554390907,0.10990185077701296,0.4792097806930542,0.12340770475566387,0.22701559588313103,1.6002284344285727,0.5823383182287216,0.020662611350417137,0.11735672131180763,0.041168322786688805,0.00678057037293911,3.715385979583815,2.6051821884049167,0.35052544547601006,827,8.127969339842297,5.7840207270684125,-0.7321344507445726,146,0.5567681789398193
resnet_frozen,fold6_balkan_e,295,0.5776088580831507,False,5,1e-05,1e-05,0.6994575671851635,0.0999225095978805,0.508561136201024,0.09300874918699265,0.22997164726257324,1.5322750397026539,0.5087780896574259,0.020855613052845,0.11733731254935265,0.04456338845193386,0.006945082917809486,3.7198962526510684,2.6080898305652744,0.3489476360016056,827,8.126230909874185,5.783493373344808,-0.731393583674024,146,0.5563615560531616
resnet_frozen,fold6_balkan_e,296,0.556694948687663,False,6,1e-05,1e-05,0.7098222561180592,0.10140317944543702,0.4840592034161091,0.09254405088722706,0.23010375536978245,1.5178118254989386,0.5233154352754354,0.020384052768349648,0.11727398075163364,0.04083721153438091,0.006981469690799713,3.7224978130504187,2.6114802416692457,0.3480366727879288,827,8.127748264301145,5.785069964087363,-0.7320402261388252,146,0.5567388534545898
resnet_frozen,fold6_balkan_e,297,0.5522935399121212,True,0,1e-05,1e-05,0.7458801474422216,0.10655430677746024,0.5217821951955557,0.09775200299918652,0.23470045998692513,1.6014373172074556,0.5578944738954306,0.02080175280570984,0.11732565984129906,0.04158901609480381,0.00718490406870842,3.7230711368547817,2.6124090423009005,0.34783583190187084,827,8.124207368296428,5.781392807379155,-0.7305314101208589,146,0.5561505556106567
resnet_frozen,fold6_balkan_e,298,0.5491683157352323,True,0,1e-05,1e-05,0.6860785651952028,0.09801122359931469,0.5050919707864523,0.09585671126842499,0.2302207462489605,1.5185283049941063,0.498833442106843,0.020676815882325172,0.11719889752566814,0.0414553377777338,0.006928874179720879,3.717165834269032,2.6104256184851016,0.34990303519681154,827,8.116176047038856,5.771170685309897,-0.7271116096906967,146,0.5540525317192078
resnet_frozen,fold6_balkan_e,299,0.5561971007119931,False,1,1e-05,1e-05,0.8194002285599709,0.11705717550856727,0.576791362836957,0.09775727428495884,0.2521129362285137,1.7473445795476437,0.6323283463716507,0.02070712111890316,0.11739521101117134,0.041127629578113556,0.006816495209932327,3.7154935999088408,2.60773133382702,0.35048781941220086,827,8.122755061076182,5.777556113258997,-0.7299127556457359,146,0.5550861358642578
resnet_frozen,fold6_balkan_e,300,0.5570617961768227,True,0,1e-05,1e-05,0.8311246391385794,0.11873209130551134,0.46039842441678047,0.09385395981371403,0.231545927003026,1.6182134319096804,0.6424052901566029,0.020437253639101982,0.11751801148056984,0.04197825863957405,0.0076707396656274796,3.711815343040512,2.607548143707954,0.35177318837352,827,8.112230824405868,5.7689996681196165,-0.7254329413892167,146,0.553657591342926
resnet_frozen,fold6_balkan_e,301,0.5461096481083382,True,0,1e-05,1e-05,0.7147850003093481,0.10211214290133544,0.5954251401126385,0.09580896981060505,0.2517948132008314,1.6591856330633163,0.5239620935171843,0.020902592688798904,0.11736768111586571,0.044667014852166176,0.006843753159046173,3.7115220273006404,2.6074044397302694,0.3518756329171405,827,8.103968945102453,5.756413948139451,-0.7219202061450845,146,0.5516027808189392
resnet_frozen,fold6_balkan_e,302,0.5314843571027504,True,0,1e-05,1e-05,1.0704439245164394,0.15292056064520562,0.5466346461325884,0.10590208135545254,0.23401007056236267,1.9582648798823357,0.8793052844703197,0.020606843754649162,0.12106423079967499,0.04125182144343853,0.00717814639210701,3.710672841802921,2.6100689450464865,0.3521721769477416,827,8.099181142883284,5.752292666036638,-0.7198861958691507,146,0.5504147410392761
resnet_frozen,fold6_balkan_e,303,0.5803166104631527,False,1,1e-05,1e-05,0.9289780706167221,0.13271115294524602,0.6633940860629082,0.12558567710220814,0.2331116497516632,1.9524341356009245,0.7419846691191196,0.020704971626400948,0.11733590811491013,0.04155201278626919,0.006415525451302528,3.712525154611776,2.605424749270086,0.35152524344980685,827,8.109543603046319,5.761102070149722,-0.724290012298106,146,0.5521433353424072
resnet_frozen,fold6_balkan_e,304,0.536575898582154,False,2,1e-05,1e-05,0.7653429619967937,0.10933470885668482,0.4921382311731577,0.09727825410664082,0.23004590347409248,1.586099661886692,0.5790869127959013,0.020698977634310722,0.11729339882731438,0.04049878567457199,0.006762359291315079,3.7210355242898245,2.604450813991048,0.3485487866653312,827,8.13379673805449,5.784463448269381,-0.7346190702599924,146,0.5571342706680298
resnet_frozen,fold6_balkan_e,305,0.6034358992109564,False,3,1e-05,1e-05,0.7733858302235603,0.11048369003193718,0.49798139557242393,0.10710786283016205,0.24289008788764477,1.622670091688633,0.5847979169338942,0.020764818415045738,0.11730859614908695,0.0426280926913023,0.006929140537977219,3.7055072329023666,2.599206692679063,0.3539745971774819,827,8.107327763426477,5.755130129881595,-0.723347856161014,146,0.5515692830085754
resnet_frozen,fold6_balkan_e,306,0.5608777711584606,False,4,1e-05,1e-05,0.830619215965271,0.11865988799503871,0.6247905734926462,0.11869455128908157,0.26234768331050873,1.8377216402441263,0.6436423826962709,0.020802456885576248,0.11716192960739136,0.04099956154823303,0.007026424631476402,3.7084308255454372,2.6004146460057838,0.35295478527002244,827,8.110871796018944,5.762132897511116,-0.7248548720570629,146,0.5526459813117981
resnet_frozen,fold6_balkan_e,307,0.5363046975925727,False,5,1e-05,1e-05,0.8667236994951963,0.12381767135645662,0.4571591280400753,0.09338539279997349,0.23173894919455051,1.6502801813185215,0.6724069733172655,0.020197365432977676,0.11784252524375916,0.048005472868680954,0.007227104157209396,3.707135219853233,2.602371805838931,0.3534068196007698,827,8.100569175268928,5.75082921708331,-0.7204757523343563,146,0.5500991940498352
resnet_frozen,fold6_balkan_e,308,0.5172083069364278,False,6,1e-05,1e-05,0.7341715153306723,0.10488164504723889,0.5060254111886024,0.09711227379739285,0.2303787562996149,1.568954560905695,0.547543479129672,0.020050151273608208,0.11726308800280094,0.0420423299074173,0.006309380754828453,3.7112430437431856,2.6011799981874764,0.3519730642375435,827,8.121353690561982,5.7741950997009965,-0.7293159040629702,146,0.5542528033256531
resnet_frozen,fold6_balkan_e,309,0.5687663990468184,False,7,1e-05,1e-05,0.7514863796532154,0.10735519709331649,0.5281221903860569,0.23414978757500648,0.24479864910244942,1.7598379887640476,0.5673403013497591,0.02051851712167263,0.11724275350570679,0.039078762754797935,0.0063425395637750626,3.7089295675131577,2.59892056806633,0.35278073305273294,827,8.117674574142763,5.767813708643466,-0.7277494377693885,146,0.5534427165985107
resnet_frozen,fold6_balkan_e,310,0.5899770383823307,True,0,1e-05,1e-05,0.9388725496828556,0.13412464995469367,0.5138413980603218,0.12853078171610832,0.24248439818620682,1.8250046353787184,0.7487752139568329,0.019947024062275887,0.11731874011456966,0.0446538794785738,0.007149606943130493,3.7028385772709522,2.5975097446405044,0.3549047794242767,827,8.09580244072744,5.746901015282976,-0.7184515394456708,146,0.5494951605796814
resnet_frozen,fold6_balkan_e,311,0.5227936049326444,False,1,1e-05,1e-05,0.8080032989382744,0.11542904270546776,0.4977267161011696,0.09652222134172916,0.23434669896960258,1.637917848303914,0.6155497785657644,0.020837504416704178,0.1173540074378252,0.04612819664180279,0.00711049884557724,3.70641172629056,2.5991903028577252,0.3536591763813377,827,8.105635771207595,5.755670884849724,-0.7226286088390457,146,0.5511887669563293
resnet_frozen,fold6_balkan_e,312,0.5336103151037731,False,2,1e-05,1e-05,0.7264716271311045,0.10378166101872921,0.5872884895652533,0.09532282128930092,0.23098427802324295,1.6413717810064554,0.5346561260521412,0.02057568170130253,0.11740463599562645,0.04585785232484341,0.006978970021009445,3.704373868983506,2.5971668355841087,0.35436972252140264,827,8.109262577130833,5.758110704852652,-0.7241705082157788,146,0.5515511631965637
resnet_frozen,fold6_balkan_e,313,0.5359484892802486,False,3,1e-05,1e-05,0.7475721966475248,0.10679602809250355,0.5467884428799152,0.10117539577186108,0.23298151791095734,1.6298150103539228,0.5632671881467104,0.020489592105150223,0.11721287854015827,0.039202021434903145,0.0064175911247730255,3.71040138902053,2.5984301205934486,0.3522669566495833,827,8.121585356834016,5.772400606424228,-0.7294145649261581,146,0.5541656613349915
resnet_frozen,fold6_balkan_e,314,0.5586378473468674,False,4,1e-05,1e-05,0.7864352893084288,0.11234789847263268,0.4811407793313265,0.10455684922635555,0.25399656780064106,1.6274257376790047,0.5979724917560816,0.020338542759418488,0.117427509278059,0.04257552698254585,0.0070925187319517136,3.7099740802791397,2.596357794458774,0.3524161405381605,827,8.129955572711586,5.7834507936855495,-0.7329811180004269,146,0.5561094880104065
resnet_frozen,fold6_balkan_e,315,0.5682444543619398,False,5,1e-05,1e-05,0.956949207931757,0.13670702970453671,0.5501132272183895,0.11537622846662998,0.23180174455046654,1.8555402215570211,0.7677772250026464,0.020695434883236885,0.11752978898584843,0.04280386306345463,0.007141467183828354,3.71603141379954,2.5967579125323232,0.3502997733584964,827,8.152161398100471,5.804162634736062,-0.7424608329176676,146,0.5600707530975342
resnet_frozen,fold6_balkan_e,316,0.572106178034606,False,6,1e-05,1e-05,0.7042896300554276,0.10061280429363251,0.5239626560360193,0.09550844319164753,0.23630527220666409,1.5613430384546518,0.5174143798649311,0.020641010254621506,0.11715167202055454,0.04191763140261173,0.0062311552464962006,3.7280583458681607,2.5982376332851307,0.3460874594892418,827,8.180372807998225,5.8322511283708085,-0.7545416373425693,146,0.5655117630958557
resnet_frozen,fold6_balkan_e,317,0.5224248154996528,False,7,1e-05,1e-05,0.801450353115797,0.11449290758797101,0.5061035305261612,0.10045535676181316,0.24044267274439335,1.6498884074389935,0.6013015434145927,0.020974816754460335,0.11775397881865501,0.05302998423576355,0.007190745323896408,3.726541394092393,2.5999846200108996,0.3466195069433713,827,8.16634147696694,5.819208951359198,-0.7485278671412283,146,0.5627571940422058
resnet_frozen,fold6_balkan_e,318,0.5560744999397766,False,8,1e-05,1e-05,0.7262188289314508,0.10374554699020726,0.5586698558181524,0.09327596053481102,0.22982436791062355,1.6092889122664928,0.535999022424221,0.02074931189417839,0.11734170839190483,0.0448938962072134,0.006275758147239685,3.72183337652383,2.6031772183564286,0.3482693926497018,827,8.145623379478955,5.796167079553947,-0.7396670528295808,146,0.5582030415534973
resnet_frozen,fold6_balkan_e,319,0.5524449838548359,False,9,1e-05,1e-05,0.7454098761081696,0.10648712515830994,0.5121376384049654,0.09572011046111584,0.2305017039179802,1.5850572101771832,0.5584234464913607,0.02065405808389187,0.11731003038585186,0.04182572662830353,0.0062534622848033905,3.709873091350767,2.598619404326558,0.35245139572241546,827,8.122936969426373,5.776213060486638,-0.7299902389864652,146,0.5543469786643982
resnet_frozen,fold6_balkan_e,320,0.5638850925911438,False,10,1e-05,1e-05,0.7947084363549948,0.11352977662214211,0.4730598106980324,0.09579545818269253,0.2318752147257328,1.5967248305678368,0.6075006183236837,0.020806891843676567,0.11731214821338654,0.041938578709959984,0.006204864010214806,3.70861463628574,2.595623999919653,0.3528906412624676,827,8.125768334718314,5.778213573544171,-0.7311964746155599,146,0.5548746585845947
resnet_frozen,fold6_balkan_e,321,0.5266610783273681,False,11,1e-05,1e-05,0.7136342171579599,0.10194774530827999,0.5203014835715294,0.09571262262761593,0.2305187862366438,1.5614737700670958,0.5257095005363226,0.02071685530245304,0.11717381700873375,0.042880745604634285,0.0062002260237932205,3.7122446416885655,2.5951730116635283,0.3516232353392921,827,8.134055112283063,5.785113889556783,-0.734729274140647,146,0.5564549565315247
resnet_frozen,fold6_balkan_e,322,0.5321864966469779,False,12,1e-05,1e-05,0.8503475226461887,0.1214782175208841,0.5358700547367334,0.09558886289596558,0.23537947051227093,1.7184808552265167,0.6602248791605234,0.020534144714474678,0.11728028021752834,0.04462750628590584,0.00666937418282032,3.7113537557220044,2.595998117294326,0.3519344004186228,827,8.13226061845686,5.786650975818983,-0.7339639442905748,146,0.5564739108085632
resnet_frozen,fold6_balkan_e,323,0.5602663840463401,False,13,1e-05,1e-05,0.7909589037299156,0.11299412910427366,0.48474984243512154,0.10176031477749348,0.23643789254128933,1.6151956468820572,0.5987801980227232,0.020483793690800667,0.11723856069147587,0.046287406235933304,0.007123298943042755,3.708443147622335,2.5951095354891915,0.3529504853628579,827,8.123805120310267,5.77734087711354,-0.7303600492704183,146,0.5547255277633667
resnet_frozen,fold6_balkan_e,324,0.5621349330104104,False,14,1e-05,1e-05,0.7467999383807182,0.10668570548295975,0.4577108807861805,0.0936898086220026,0.23037362843751907,1.52985586412251,0.5540958046913147,0.020601410418748856,0.1173191238194704,0.046742286533117294,0.007035771384835243,3.704842292906073,2.595218917431545,0.35420643026252563,827,8.108716228376672,5.759257473473342,-0.7239381895142101,146,0.551270604133606
resnet_frozen,fold6_balkan_e,325,0.5364195375085021,True,0,1e-05,1e-05,0.8164872266352177,0.11664103237645966,0.4968831017613411,0.09481494314968586,0.23131847940385342,1.640775578096509,0.6227157190442085,0.020767610520124435,0.11764997616410255,0.047336457297205925,0.007026670500636101,3.6938008798334736,2.5910867744146553,0.35804996672027267,827,8.091616805393326,5.740868217260673,-0.7166750751241922,146,0.5479322671890259
resnet_frozen,fold6_balkan_e,326,0.5590182077207185,False,1,1e-05,1e-05,0.8025144431740046,0.11464492045342922,0.5078707933425903,0.12182648293673992,0.22665266133844852,1.6601971350610256,0.6114791724830866,0.02067449688911438,0.11728772893548012,0.04505527392029762,0.007012149319052696,3.702914447663113,2.5934551997709003,0.3548783434196996,827,8.109611442238018,5.761600615039203,-0.7243188610066595,146,0.5516642928123474
resnet_frozen,fold6_balkan_e,327,0.5153667145513422,False,2,1e-05,1e-05,0.7549743335694075,0.10785347622420106,0.45173695497214794,0.0921930093318224,0.22937380708754063,1.5295695532113314,0.560706615447998,0.020749330520629883,0.11729278415441513,0.047945527359843254,0.007242126390337944,3.6985038054316255,2.5929510244659384,0.3564142720758714,827,8.093111967963768,5.741773433696458,-0.7173095454696976,146,0.5481444001197815
resnet_frozen,fold6_balkan_e,328,0.533230136931303,False,3,1e-05,1e-05,0.6867367252707481,0.09810524646724973,0.5101977437734604,0.0907802376896143,0.22975420579314232,1.518746204674244,0.49959034100174904,0.02059067413210869,0.11732680909335613,0.041149530559778214,0.007074026390910149,3.700000451144826,2.594206690561915,0.3558932966972226,827,8.094281773142287,5.747330829869815,-0.7178060325552984,146,0.5488435626029968
resnet_frozen,fold6_balkan_e,329,0.5205077433096021,False,4,1e-05,1e-05,0.8334976602345705,0.11907109431922436,0.4511248953640461,0.09034803695976734,0.23167754709720612,1.6079328004270792,0.6468734741210938,0.019947567954659462,0.11734863929450512,0.041306063532829285,0.007029976695775986,3.696016644260116,2.58867772001123,0.35727957507364383,827,8.095273124835305,5.747198569518183,-0.7182268368344813,146,0.5490251183509827
resnet_frozen,fold6_balkan_e,330,0.5526258867625891,False,5,1e-05,1e-05,0.7478954680263996,0.1068422097180571,0.5717519484460354,0.11665199138224125,0.2329430691897869,1.6705141421407461,0.5606569703668356,0.02040376327931881,0.11737587116658688,0.04129383526742458,0.007136659696698189,3.699978573401716,2.591362496463162,0.3559009137553907,827,8.102828949842428,5.754202014604584,-0.7214357909606288,146,0.5502380728721619
resnet_frozen,fold6_balkan_e,331,0.516566012473608,True,0,1e-05,1e-05,0.7906432114541531,0.11294903020773615,0.529379041865468,0.11111082509160042,0.22840957716107368,1.6608740855008364,0.6026234049350023,0.020262597128748894,0.11760842427611351,0.041815876960754395,0.007288174703717232,3.6934873335434926,2.590093904652283,0.35815894525756764,827,8.086649218745059,5.734081982477233,-0.7145679277580139,146,0.5467280745506287
resnet_frozen,fold6_balkan_e,332,0.5252920817291001,False,1,1e-05,1e-05,0.7270556781440973,0.10386509687772819,0.45114540308713913,0.09183493815362453,0.2292876746505499,1.500668428838253,0.5402425713837147,0.02020745351910591,0.1174178421497345,0.04155891202390194,0.006569225341081619,3.6948300139242165,2.5865506057192555,0.3576922080224466,827,8.105277921529805,5.752520141036752,-0.7224765101011787,146,0.5502740740776062
resnet_frozen,fold6_balkan_e,333,0.5148201657610043,True,0,1e-05,1e-05,0.7198980543762445,0.10284257919660636,0.517486859112978,0.10011942684650421,0.2279921043664217,1.566809043288231,0.5304510872811079,0.02056301385164261,0.11741979420185089,0.044218266382813454,0.0063020009547472,3.686842633632857,2.5868757508227174,0.36046625242965236,827,8.079561310999106,5.724960308745985,-0.7115636244730958,146,0.5450671911239624
resnet_frozen,fold6_balkan_e,334,0.5325296325868102,False,1,1e-05,1e-05,0.7978651896119118,0.11398074137313026,0.4572908990085125,0.169590312987566,0.22883019410073757,1.6549191996455193,0.6123173180967569,0.02031627669930458,0.11723908968269825,0.04067291505634785,0.006340080872178078,3.6861530626923105,2.586164618495719,0.36070546125407055,827,8.080397717977693,5.7252482555856155,-0.711918009520351,146,0.5449097752571106
resnet_frozen,fold6_balkan_e,335,0.5458592296079108,True,0,1e-05,1e-05,0.711584335193038,0.10165490502757686,0.4440903775393963,0.0858242716640234,0.22681158408522606,1.4696643818169832,0.5269291959702969,0.020392363891005516,0.11719342693686485,0.039709893986582756,0.006353864446282387,3.6861360158115493,2.5883464939058958,0.36071137416782584,827,8.071447047189235,5.716371951992251,-0.7081275208587205,146,0.5430219173431396
resnet_frozen,fold6_balkan_e,336,0.516244849097772,True,0,1e-05,1e-05,1.127134058624506,0.16101915123207228,0.5418270323425531,0.112881263718009,0.2334180772304535,2.016590440645814,0.9305926840752363,0.020929737016558647,0.11819851957261562,0.04609658010303974,0.010055480524897575,3.6817655731525885,2.5835305628199707,0.362226412105239,827,8.0681848637719,5.710324523945575,-0.7067470746522522,146,0.5423967838287354
resnet_frozen,fold6_balkan_e,337,0.549738790565131,False,1,1e-05,1e-05,0.7420966923236847,0.10601381318909782,0.49984199553728104,0.10770301148295403,0.24682541005313396,1.5978607889264822,0.5482568703591824,0.02081598900258541,0.11732333153486252,0.046964410692453384,0.007740389555692673,3.678961021746021,2.5816045380940276,0.36319767848621,827,8.068906502429392,5.7139086036550975,-0.7070523997704949,146,0.5429775714874268
resnet_frozen,fold6_balkan_e,338,0.5448207601526485,False,2,1e-05,1e-05,1.0435696579515934,0.14908137970737048,0.6045419164001942,0.11583521030843258,0.23066585697233677,1.9959139209240675,0.8463354986160994,0.020258266478776932,0.11779982782900333,0.04933786205947399,0.008749067783355713,3.684524280061487,2.5796180374461453,0.3612703004086619,827,8.088243643176417,5.735205135965212,-0.7152441085648018,146,0.5470412969589233
resnet_frozen,fold6_balkan_e,339,0.5326701352212853,False,3,1e-05,1e-05,0.7377614565193653,0.10539449378848076,0.45552240870893,0.09041892550885677,0.22852589562535286,1.5135435182601213,0.5473813563585281,0.020100077614188194,0.11761704832315445,0.044251030310988426,0.007324010133743286,3.686658835764702,2.5853441951988643,0.3605300153949589,827,8.085517549173195,5.7321061902476185,-0.7140880779381709,146,0.5459334254264832
resnet_frozen,fold6_balkan_e,340,0.5606889736263179,False,4,1e-05,1e-05,0.6955483127385378,0.09936404467693397,0.46340826340019703,0.08888251520693302,0.23057803884148598,1.4796973820775747,0.5074060428887606,0.020553765818476677,0.11714948527514935,0.04290289059281349,0.006593585014343262,3.685932409050481,2.5853546710955415,0.3607819954856998,827,8.076034059998173,5.722434955076822,-0.7100695342670047,146,0.5442262291908264
resnet_frozen,fold6_balkan_e,341,0.5074647836558331,False,5,1e-05,1e-05,0.6770570352673531,0.09672243360962186,0.517557080835104,0.0900082066655159,0.2304579485207796,1.5163674727082253,0.48918514885008335,0.020680787041783333,0.11746298335492611,0.04251931607723236,0.006264995783567429,3.6821770832528786,2.5839855961009213,0.36208383652028886,827,8.069948823856812,5.717883666728373,-0.7074934538875781,146,0.5433105826377869
resnet_frozen,fold6_balkan_e,342,0.5561238073235988,False,6,1e-05,1e-05,0.7662495393306017,0.10946421990437168,0.5308864824473858,0.10581957176327705,0.22835520468652248,1.632591912522912,0.5813505724072456,0.02073073200881481,0.11723835952579975,0.039561206474900246,0.006383214145898819,3.688247146936256,2.5848531135490522,0.3599788951768167,827,8.07667136136768,5.7256960610183825,-0.7103394372041956,146,0.5449666976928711
resnet_frozen,fold6_balkan_e,343,0.4973935562004634,False,7,1e-05,1e-05,0.7952938582748175,0.11361340832497392,0.5158291812986135,0.10115174390375614,0.23009471595287323,1.643649399280548,0.609330290928483,0.020183173939585686,0.11720910109579563,0.041106365621089935,0.006458032876253128,3.68725352258158,2.5820939703934074,0.3603236957662689,827,8.086764592320048,5.736224352068187,-0.7146168521609828,146,0.5469120144844055
resnet_frozen,fold6_balkan_e,344,0.5295944974961563,False,8,1e-05,1e-05,0.7913635242730379,0.11305193203900542,0.47928376123309135,0.09882748313248158,0.22794167324900627,1.5986979622393847,0.603681743144989,0.020421819761395454,0.11737044155597687,0.042402053251862526,0.006525777280330658,3.677796375768056,2.578231556338854,0.3636007987511143,827,8.070033115946238,5.712594832939775,-0.7075291242358606,146,0.5429073572158813
resnet_frozen,fold6_balkan_e,345,0.5264343344747228,False,9,1e-05,1e-05,0.7302798926830292,0.10432569895471845,0.45473549515008926,0.08990436978638172,0.2384401336312294,1.5146528612822294,0.5438970532268286,0.020486757159233093,0.11728313565254211,0.041414642706513405,0.006239268928766251,3.674377138669957,2.577028248179933,0.3647835658352132,827,8.068498082756282,5.714411610800282,-0.7068795941646451,146,0.5431022047996521
resnet_frozen,fold6_balkan_e,346,0.5497557791141385,False,10,1e-05,1e-05,0.6481161043047905,0.09258801490068436,0.46471827663481236,0.08919491618871689,0.22891587391495705,1.4322248194366693,0.45959779992699623,0.020477380603551865,0.11722400225698948,0.043546486645936966,0.006337147206068039,3.6771288192081193,2.575376249693484,0.3638318033323772,827,8.078755601928446,5.7234105781178695,-0.7112222807974136,146,0.5450513958930969
resnet_frozen,fold6_balkan_e,347,0.5547563582838951,False,11,1e-05,1e-05,0.6638869550079107,0.09484099357255868,0.4435718487948179,0.08791078440845013,0.31385856680572033,1.510542655363679,0.47779369726777077,0.02009478211402893,0.1172175444662571,0.04111863300204277,0.006631070747971535,3.6795382534728738,2.5770220432946207,0.36299783329158974,827,8.077800316622035,5.72024146705653,-0.7108176123231544,146,0.5448453426361084
resnet_frozen,fold6_balkan_e,348,0.4996236088486364,False,12,1e-05,1e-05,0.6512323264032602,0.09303318948618003,0.47879450023174286,0.08774634636938572,0.22874626517295837,1.447816351428628,0.4620487913489342,0.020106574520468712,0.11721657402813435,0.044095391407608986,0.0067590586841106415,3.6857607480154218,2.577405694821895,0.36084153334855995,827,8.09251830381559,5.736448025140925,-0.7170576108072362,146,0.5475118160247803
resnet_frozen,fold6_balkan_e,349,0.5125477893464943,False,13,1e-05,1e-05,0.7073575537651777,0.1010510791093111,0.5211507119238377,0.09925736300647259,0.24442555755376816,1.5734759401530027,0.5194430127739906,0.01996551640331745,0.11746336705982685,0.042663728818297386,0.006862198933959007,3.6863661717117897,2.576280439792191,0.3606315395431565,827,8.092079846427179,5.734665714780476,-0.7168715534707153,146,0.5471770763397217
resnet_frozen,fold6_balkan_e,350,0.5484112344024548,False,14,1e-05,1e-05,0.8023102320730686,0.1146157474390098,0.5245944187045097,0.10383868776261806,0.24123949371278286,1.673278745263815,0.6110173352062702,0.020108653232455254,0.11730154976248741,0.04477779567241669,0.008016753941774368,3.6899883705202825,2.574879219004597,0.3593744438715182,827,8.099551713478819,5.741060793853969,-0.7200435830965877,146,0.5486688017845154
resnet_frozen,fold6_balkan_e,351,0.5111939938786241,False,15,1e-05,1e-05,0.9082377627491951,0.12974825182131358,0.5575220845639706,0.10446804761886597,0.24018964543938637,1.811793765053153,0.6615419778972864,0.020414110273122787,0.11759310960769653,0.0984429381787777,0.009033627808094025,3.693335467608198,2.5748131021190366,0.3582117256135623,827,8.102392274111535,5.742080949284345,-0.7212502535436631,146,0.5486838817596436
resnet_frozen,fold6_balkan_e,352,0.5312570781776954,False,16,1e-05,1e-05,0.8331418391317129,0.11902026273310184,0.5547769423574209,0.10547681897878647,0.24112383648753166,1.7358814477920532,0.6431613806635141,0.020538413897156715,0.11765755526721478,0.04207966476678848,0.008557679131627083,3.689633715754712,2.574933816348451,0.3594975824644716,827,8.09258828304884,5.738357339239312,-0.7170873070995571,146,0.547501266002655
resnet_frozen,fold6_balkan_e,353,0.5677945045923235,False,17,1e-05,1e-05,0.8830377515405416,0.1261482502200774,0.5365750379860401,0.10460961051285267,0.24080683663487434,1.7663851715624332,0.6945302877575159,0.02017970010638237,0.1175717618316412,0.04129109904170036,0.008308272808790207,3.6823279599512913,2.5700401702893303,0.3620315583955377,827,8.088969737966373,5.734734206809214,-0.7155520828958954,146,0.5467900633811951
resnet_frozen,fold6_balkan_e,354,0.5284283094855865,False,18,1e-05,1e-05,0.897614624351263,0.128230660621609,0.5480175875127316,0.10606011934578419,0.24044117704033852,1.7934805881232023,0.7069684993475676,0.02094101905822754,0.11762496456503868,0.04275846108794212,0.008185682818293571,3.687262018090499,2.574776620314398,0.3603207481078152,827,8.093462492315517,5.739352604023791,-0.7174583069976275,146,0.5472704172134399
resnet_frozen,fold6_balkan_e,355,0.5355457919396397,False,19,1e-05,1e-05,0.9591524247080088,0.13702177495828696,0.5296615604311228,0.10894624330103397,0.23971007391810417,1.8388155661523342,0.7640492264181376,0.021092066541314125,0.11766045913100243,0.046441759914159775,0.008731398731470108,3.688579467513906,2.570742416323004,0.35986355487729427,827,8.1034472398356,5.747451406388014,-0.7216985108422278,146,0.548931360244751
resnet_frozen,fold6_balkan_e,356,0.5595143074856704,False,20,1e-05,1e-05,0.9377308376133442,0.13396154823047773,0.5378787070512772,0.10888289473950863,0.2401751633733511,1.8260266166180372,0.7430691663175821,0.020425526425242424,0.11756188236176968,0.04658639244735241,0.008883180096745491,3.688897896609565,2.5708138264457068,0.35975302622005956,827,8.103684446388936,5.747499877794108,-0.7217993084743783,146,0.5488609075546265
resnet_frozen,fold6_balkan_e,357,0.5475534487520193,False,21,1e-05,1e-05,0.9059943035244942,0.1294277576463563,0.518872331827879,0.08821311593055725,0.27009123004972935,1.7845162209123373,0.7136209513992071,0.020166682079434395,0.11762856133282185,0.04525783099234104,0.008179543539881706,3.681677599474146,2.573542825774896,0.3622568902098875,827,8.072474660398111,5.715122266480901,-0.7085624877562142,146,0.5425233840942383
resnet_frozen,fold6_balkan_e,358,0.5148226473899389,False,22,1e-05,1e-05,0.8688437398523092,0.1241205342646156,0.5475014261901379,0.093123909085989,0.24716284312307835,1.7579153683036566,0.6746534742414951,0.01972132734954357,0.11731903441250324,0.04821353033185005,0.0077326614409685135,3.6824506076929455,2.57113297589882,0.3619890599040808,827,8.071616191508005,5.7114890538947085,-0.7081991122577562,146,0.5423631072044373
resnet_frozen,fold6_balkan_e,359,0.5440926004061531,True,0,1e-05,1e-05,0.8407806567847729,0.1201115223978247,0.5213248375803232,0.08836575597524643,0.2461036667227745,1.697882056236267,0.651067228987813,0.019469821825623512,0.11731522716581821,0.044938208535313606,0.006971854716539383,3.671061880667615,2.5705717357067206,0.3659293144861837,827,8.041182544263926,5.676802033015375,-0.6953420285655565,146,0.5361570715904236
resnet_frozen,fold6_balkan_e,360,0.5188909897348757,False,1,1e-05,1e-05,0.8004285432398319,0.11434693474854742,0.45522400736808777,0.09004383534193039,0.2812460996210575,1.628279635682702,0.6127372477203608,0.01973448321223259,0.11730497516691685,0.04254075884819031,0.0070448704063892365,3.6731414866408176,2.567686100201842,0.3652107263952521,827,8.055147954537635,5.692842219035674,-0.7012358648165722,146,0.5390941500663757
resnet_frozen,fold6_balkan_e,361,0.59053709313832,False,2,1e-05,1e-05,0.6959120109677315,0.09941600156681878,0.5492603685706854,0.08616280369460583,0.22704333439469337,1.5596692003309727,0.5089809019118547,0.020002266392111778,0.11722788959741592,0.041607415303587914,0.007070625200867653,3.6768884032072613,2.5633120003299146,0.36391498780665166,827,8.071604720690114,5.706749501334874,-0.7081942571143633,146,0.5421343445777893
resnet_frozen,fold6_balkan_e,362,0.5409450554069325,False,3,1e-05,1e-05,0.6777371373027563,0.0968195910432509,0.4583310801535845,0.13508484698832035,0.2253325618803501,1.4977765269577503,0.49119442142546177,0.020084159448742867,0.11724301800131798,0.04113450273871422,0.00707613117992878,3.678237948761419,2.566932733496107,0.36344797160049025,827,8.07434222026341,5.715580121402926,-0.7093531280401573,146,0.5432466864585876
resnet_frozen,fold6_balkan_e,363,0.5156318613811156,False,4,1e-05,1e-05,0.6954614240676165,0.09935163200965949,0.48416790179908276,0.0970227811485529,0.2368513811379671,1.5148143284022808,0.5084070805460215,0.02004268579185009,0.11731802858412266,0.041384683921933174,0.007225923240184784,3.6757182536879145,2.5660610147627017,0.3643197845003032,827,8.071993651710743,5.711546587338407,-0.708358880077256,146,0.5425400733947754
resnet_frozen,fold6_balkan_e,364,0.5238119353694524,False,5,1e-05,1e-05,0.8961455132812262,0.12802078761160374,0.5368076581507921,0.10375025868415833,0.22712271474301815,1.7651261929422617,0.7076374515891075,0.020783886313438416,0.11756563745439053,0.04250812716782093,0.00665678083896637,3.674612225120614,2.5662195958889926,0.3647022810087742,827,8.065453716746312,5.703841308938224,-0.7055917743417672,146,0.5414543151855469
resnet_frozen,fold6_balkan_e,365,0.5331620950941018,True,0,1e-05,1e-05,0.7068338915705681,0.10097627022436687,0.4704469908028841,0.09037073701620102,0.2391800805926323,1.5081265047192574,0.5168202016502619,0.020365195348858833,0.11728043109178543,0.044466763734817505,0.006854314357042313,3.6646314215427376,2.5652375638848017,0.3681487238423603,827,8.03570698620245,5.672481603399844,-0.6930339642729471,146,0.5357236862182617
resnet_frozen,fold6_balkan_e,366,0.5325025122572173,False,1,1e-05,1e-05,0.7426199950277805,0.10608857071825437,0.5150716677308083,0.09169313497841358,0.23022832348942757,1.5809580273926258,0.5516376197338104,0.019972307607531548,0.11719828471541405,0.04586241766810417,0.006923621520400047,3.674082636333557,2.563272873556805,0.36488538729771236,827,8.068180582754017,5.705491774757672,-0.7067452634362388,146,0.5421170592308044
resnet_frozen,fold6_balkan_e,367,0.509509025490702,False,2,1e-05,1e-05,0.7570212855935097,0.10814589794192996,0.5006308555603027,0.08921660669147968,0.2287810556590557,1.5769239831715822,0.5695587415248156,0.020206542685627937,0.11736861243844032,0.04191422462463379,0.006976604461669922,3.6672658667867806,2.5576774127318966,0.36723994163915996,827,8.06325398503165,5.696973313934715,-0.7046615519834589,146,0.5408534407615662
resnet_frozen,fold6_balkan_e,368,0.5111504592803254,False,3,1e-05,1e-05,0.728150200098753,0.10402145715696472,0.4743664935231209,0.09174983762204647,0.23065796494483948,1.5262254402041435,0.5271718241274357,0.02058972604572773,0.11732905358076096,0.05514597147703171,0.006900552660226822,3.663806146053139,2.5574708061966387,0.3684332777829066,827,8.063533682753478,5.6988631959989124,-0.7047798164515986,146,0.5409175753593445
resnet_frozen,fold6_balkan_e,369,0.5302958920904342,False,4,1e-05,1e-05,0.6906646676361561,0.09866638109087944,0.5141537487506866,0.09203529730439186,0.2302311174571514,1.5283675212413073,0.5035138502717018,0.020332686603069305,0.11720372177660465,0.04244181513786316,0.006228595972061157,3.6596727669990545,2.55298044008308,0.3698574973056884,827,8.05741659686942,5.689120788684198,-0.7021942678683744,146,0.5396654605865479
resnet_frozen,fold6_balkan_e,370,0.4975132878775176,False,5,1e-05,1e-05,0.7931715250015259,0.11331021785736084,0.5712493769824505,0.09155056811869144,0.22924726456403732,1.6865189094096422,0.6066996958106756,0.02009507082402706,0.11738902889192104,0.0417864415794611,0.006212973967194557,3.6687621292850268,2.559742205938486,0.36672349787720304,827,8.071534950360238,5.711869049294486,-0.7081647262426618,146,0.5432367324829102
resnet_frozen,fold6_balkan_e,371,0.5156262177510014,False,6,1e-05,1e-05,0.7463523261249065,0.10662176087498665,0.48110368847846985,0.09238149970769882,0.23019969649612904,1.551346331834793,0.56021823361516,0.020662821829319,0.11725813895463943,0.04078696481883526,0.006446244195103645,3.6632468288921247,2.5589905610326533,0.36862609319326434,827,8.059250515887161,5.69708655744221,-0.7029692164291184,146,0.540486752986908
resnet_frozen,fold6_balkan_e,372,0.5209908583432328,False,7,1e-05,1e-05,0.7273099198937416,0.10390141712767738,0.4988001938909292,0.09178015775978565,0.22854290530085564,1.5477316174656153,0.5428817272186279,0.02018422819674015,0.11737154610455036,0.03934825025498867,0.00651996023952961,3.6595903257390687,2.5577148370098954,0.36988588736133843,827,8.053364444383593,5.690437967375145,-0.7004825985687628,146,0.5393599271774292
resnet_frozen,fold6_balkan_e,373,0.509448977450794,False,8,1e-05,1e-05,0.809685779735446,0.11566939710506371,0.48021888732910156,0.23696462251245975,0.2283525336533785,1.7565582133829594,0.6240547504276037,0.0200958251953125,0.11759632639586926,0.04021690972149372,0.006724564358592033,3.6612453286521944,2.5545899148859306,0.3693158363966914,827,8.054906023854237,5.687514974938283,-0.7011336755142914,146,0.539193868637085
resnet_frozen,fold6_balkan_e,374,0.5196743357426599,False,9,1e-05,1e-05,0.7519736103713512,0.1074248014816216,0.49792809411883354,0.18583789840340614,0.23540179058909416,1.6724657714366913,0.5646168440580368,0.0203615203499794,0.1173698864877224,0.04169190302491188,0.0069278813898563385,3.6648151910336018,2.5525212835845412,0.36808535163088174,827,8.074596253998441,5.711080342154238,-0.7094606885518742,146,0.5434883832931519
resnet_frozen,fold6_balkan_e,375,0.5184368931540844,False,10,1e-05,1e-05,0.8811205308884382,0.12587436155549117,0.5345414634793997,0.11436629667878151,0.2667859457433224,1.7981155011802912,0.6956596411764622,0.020331919193267822,0.11729229427874088,0.04051140509545803,0.0063313450664281845,3.668820749741577,2.556552539405307,0.36670326039494106,827,8.084675179092553,5.726333500766655,-0.7137309403055512,146,0.5460451245307922
resnet_frozen,fold6_balkan_e,376,0.5246568170106973,False,11,1e-05,1e-05,0.7656545527279377,0.10937922181827682,0.5166392400860786,0.09596097283065319,0.2562022879719734,1.6357820611447096,0.5814423728734255,0.020682450383901596,0.11741966754198074,0.038541920483112335,0.006541188806295395,3.66703103568833,2.5556464812539295,0.36732097584146095,827,8.087860065429531,5.729891840609177,-0.7150814245758701,146,0.5466156601905823
resnet_frozen,fold6_balkan_e,377,0.5107730925443527,False,12,1e-05,1e-05,0.7549719046801329,0.10785312924001898,0.47310008481144905,0.08792552351951599,0.22790525294840336,1.5451917964965105,0.5681852046400309,0.019529957324266434,0.11732852645218372,0.0425451397895813,0.006377166137099266,3.6644122841044204,2.55045237330564,0.36822428840220145,827,8.089778166533028,5.727381921751475,-0.715895011763535,146,0.5466268062591553
resnet_frozen,fold6_balkan_e,378,0.5071443329410945,False,13,1e-05,1e-05,0.7758378107100725,0.11083397295858179,0.4592636004090309,0.08792352676391602,0.2299568559974432,1.5542534161359072,0.5822546165436506,0.02043028734624386,0.11721650324761868,0.04801974445581436,0.006932847201824188,3.6596909255690857,2.548008656172443,0.3698512440060733,827,8.087050577381124,5.719878024966924,-0.7147381277268006,146,0.5454401969909668
resnet_frozen,fold6_balkan_e,379,0.5104365504494313,False,14,1e-05,1e-05,0.8543996158987284,0.12205708798553262,0.46748850867152214,0.08966720663011074,0.23035245575010777,1.6431790012866259,0.6582737099379301,0.020324165001511574,0.11750965565443039,0.04918079264461994,0.008010521531105042,3.659231250049431,2.5494299669009566,0.3700095337475513,827,8.082095141567795,5.711370828653604,-0.7126373194668341,146,0.5440061688423157
resnet_frozen,fold6_balkan_e,380,0.48779839788988105,False,15,1e-05,1e-05,0.6592064201831818,0.09417234574045454,0.4855520036071539,0.08613159134984016,0.22612610273063183,1.45831642113626,0.4707989152520895,0.020442264154553413,0.11726485006511211,0.043194353580474854,0.006521834060549736,3.662315297128188,2.5510817808189876,0.36894715813730095,827,8.075162651025652,5.704404309852537,-0.7097005190970327,146,0.5428029298782349
resnet_frozen,fold6_balkan_e,381,0.5307688222975079,False,16,1e-05,1e-05,0.7325703836977482,0.10465291195682117,0.4479138199239969,0.0888479258865118,0.23034554533660412,1.5009792186319828,0.5434885863214731,0.0196346677839756,0.11727490462362766,0.04438045620918274,0.006756169721484184,3.662647176488977,2.5536537772982926,0.36883278081791293,827,8.070895963829091,5.700246917228176,-0.7078942817595604,146,0.5416528582572937
resnet_frozen,fold6_balkan_e,382,0.5170968734944169,False,17,1e-05,1e-05,0.6509837452322245,0.09299767789031778,0.48720936477184296,0.08742341585457325,0.22720918245613575,1.4541236869990826,0.462364649400115,0.020371003076434135,0.11730839870870113,0.04359079524874687,0.006384754553437233,3.6619640699750056,2.548476326318804,0.36906819209918595,827,8.085339866516916,5.71582774257856,-0.7140127431498962,146,0.544736385345459
resnet_frozen,fold6_balkan_e,383,0.5216199051512196,False,18,1e-05,1e-05,0.7997145410627127,0.11424493443753038,0.4393782839179039,0.1573806945234537,0.22569502145051956,1.623486440628767,0.6069110780954361,0.01973913237452507,0.11762512847781181,0.04728519357740879,0.007139930501580238,3.6513683070135747,2.5473205784705786,0.37271406740205604,827,8.060882861042554,5.69002973347488,-0.7036591354390118,146,0.539932131767273
resnet_frozen,fold6_balkan_e,384,0.5352317966890162,False,19,1e-05,1e-05,0.7555986233055592,0.10794266047222274,0.4474634416401386,0.0879751555621624,0.23010645620524883,1.5224514156579971,0.5654170569032431,0.019906150177121162,0.11719582043588161,0.04506227560341358,0.0069779083132743835,3.654148286285449,2.550108914390547,0.37175853206139386,827,8.064578075658101,5.695072196961124,-0.7052214529145513,146,0.5406609773635864
resnet_frozen,fold6_balkan_e,385,0.5072159265520495,False,20,1e-05,1e-05,0.7614747174084187,0.10878210248691696,0.5521288923919201,0.08679214306175709,0.244382968172431,1.6460788920521736,0.57518027164042,0.01991337351500988,0.11746006086468697,0.04187672212719917,0.006103696301579475,3.657610596390648,2.553212464356884,0.3705674488873748,827,8.065872037523008,5.699874104217648,-0.7057687025106034,146,0.5411807894706726
resnet_frozen,fold6_balkan_e,386,0.548827013340942,False,21,1e-05,1e-05,0.7856415286660194,0.11223450409514564,0.615936603397131,0.08490007929503918,0.24441307969391346,1.7321829926222563,0.6000105459243059,0.019389759749174118,0.1173199862241745,0.04132787510752678,0.006595823913812637,3.6527387885756673,2.555987748980085,0.37224309593786065,827,8.043994289367646,5.681517403319198,-0.6965278499376879,146,0.5373452305793762
resnet_frozen,fold6_balkan_e,387,0.5380840093942478,False,22,1e-05,1e-05,0.7767256982624531,0.11096081403749329,0.46231879107654095,0.08896310813724995,0.2717658430337906,1.6010894011706114,0.5903972610831261,0.019222047179937363,0.11768177710473537,0.041460612788796425,0.0069356076419353485,3.661135491818623,2.55335159125755,0.3693536766975811,827,8.073848272176042,5.715689474222671,-0.7091439949964504,146,0.5435665845870972
resnet_frozen,fold6_balkan_e,388,0.5250812977948818,False,23,1e-05,1e-05,0.6234622206538916,0.08906603152198452,0.43958225287497044,0.07174627296626568,0.23040826618671417,1.366504831239581,0.4315012972801924,0.020462093874812126,0.11728377267718315,0.04606073535978794,0.007073385640978813,3.654081692836224,2.553181109164155,0.37178143008402487,827,8.051750757990336,5.688919004792805,-0.6998012011895014,146,0.538590669631958
resnet_frozen,fold6_balkan_e,389,0.5388798927021142,False,24,1e-05,1e-05,0.7086497042328119,0.10123567203325885,0.4599575325846672,0.0879798736423254,0.23152099549770355,1.4894413277506828,0.5171326454728842,0.020264828577637672,0.11728065833449364,0.04644840210676193,0.006536440923810005,3.6547115916838027,2.5543407435051226,0.3715648239468152,827,8.047454004255293,5.67974662890814,-0.6979875140504459,146,0.5371030569076538
resnet_frozen,fold6_balkan_e,390,0.4611647627806289,False,25,1e-05,1e-05,0.6832069884985685,0.09760099835693836,0.47605773620307446,0.08826306648552418,0.22984152846038342,1.4786762669682503,0.4968117978423834,0.02029360458254814,0.11719879508018494,0.04186508432030678,0.00608048215508461,3.65890969577249,2.553904808754247,0.3701202494768089,827,8.065321930607762,5.70263194401038,-0.7055360374854349,146,0.5412002205848694
