experiment,fold,epoch,train_loss,best_so_far,epochs_since_improvement,lr_group_0,lr_head,train_seconds,train_batch_avg_seconds,train_eval_seconds,val_seconds,total_seconds,data_wait_seconds,to_device_seconds,forward_seconds,backward_seconds,optimizer_seconds,train_pm25_rmse,train_pm25_mae,train_pm25_r2,train_pm25_n,val_pm25_rmse,val_pm25_mae,val_pm25_r2,val_pm25_n
resnet_frozen,fold1_iberia,1,0.7796590944346394,True,0,1e-05,1e-05,1.6976072117686272,0.13058517013604826,0.6754551362246275,0.3498251214623451,2.7240678295493126,1.3004243019968271,0.037873802706599236,0.2567234542220831,0.08854690194129944,0.012572424486279488,5.257041865418298,3.9083210583184855,-0.055824365323156266,1000,3.3704820678899305,2.8050979016035655,-0.7148618730525207,204
resnet_frozen,fold1_iberia,2,0.7716152396156183,True,0,1e-05,1e-05,1.668001463636756,0.12830780489513507,0.6568946205079556,0.3355121687054634,2.6617717519402504,1.298171492293477,0.03780458867549896,0.23272740095853806,0.08598623424768448,0.011879529803991318,5.302324163915611,3.941484656652255,-0.07409169709476049,1000,3.3344270363762574,2.784649918603333,-0.6783693511741611,204
resnet_frozen,fold1_iberia,3,0.7799370862660139,True,0,1e-05,1e-05,1.6288994327187538,0.12529995636298105,0.6523648295551538,0.33527747727930546,2.6178342029452324,1.264302296563983,0.0378241240978241,0.23278604447841644,0.08178575523197651,0.01081525906920433,5.326901964345039,3.9620240934582136,-0.0840722239750673,1000,3.2855620466405697,2.745975407961796,-0.6295378373509646,204
resnet_frozen,fold1_iberia,4,0.7747579785747505,True,0,1e-05,1e-05,1.651369173079729,0.12702839792920992,0.6691258270293474,0.3368206899613142,2.6585861202329397,1.286516573280096,0.03762440010905266,0.2327793538570404,0.08180485107004642,0.011123960837721825,5.321935066050411,3.95069212242091,-0.08205154996017505,1000,3.214232646362917,2.685800387164232,-0.5595514921713047,204
resnet_frozen,fold1_iberia,5,0.7746019485338214,True,0,1e-05,1e-05,1.629040788859129,0.12531082991224068,0.6529228128492832,0.33501668833196163,2.6182653810828924,1.2645671050995588,0.037668874487280846,0.2327651847153902,0.0816626027226448,0.011002276092767715,5.3032109702832555,3.9248189116379892,-0.07445100783475711,1000,3.16368828015871,2.6429251524780586,-0.5108887039948273,204
resnet_frozen,fold1_iberia,6,0.7635046306786841,True,0,1e-05,1e-05,1.6298962626606226,0.12537663558927867,0.6593939661979675,0.33709705248475075,2.627693248912692,1.2652626633644104,0.03779146634042263,0.23271464928984642,0.08178124576807022,0.010961243882775307,5.2723217552368,3.8869342700771865,-0.06197091159307222,1000,3.1215086401565215,2.611419279792664,-0.47086964608205184,204
resnet_frozen,fold1_iberia,7,0.7528445693416572,True,0,1e-05,1e-05,1.6140780691057444,0.12415985146967265,0.6529383659362793,0.3354071509093046,2.6036956775933504,1.2492221873253584,0.03793428838253021,0.2327630426734686,0.08174491114914417,0.011007200926542282,5.237587033913557,3.8554406675897632,-0.04802420788283812,1000,3.095365723144765,2.5945699486229503,-0.44633548355213115,204
resnet_frozen,fold1_iberia,8,0.7718634867926367,True,0,1e-05,1e-05,1.7016919646412134,0.13089938189547795,0.6570420879870653,0.33725676126778126,2.697306765243411,1.3369538579136133,0.037855254486203194,0.23263254202902317,0.08183440752327442,0.010997500270605087,5.1978961978696345,3.822771963380156,-0.03220037745391613,1000,3.089555934066537,2.5960844158912293,-0.4409112338773311,204
resnet_frozen,fold1_iberia,9,0.7856161315375143,True,0,1e-05,1e-05,1.6244119498878717,0.12495476537599014,0.6862275488674641,0.338116442784667,2.650071522220969,1.259723825380206,0.03788239695131779,0.23287522420287132,0.08161833323538303,0.010955654084682465,5.168661190298829,3.792503422820664,-0.02062203006596941,1000,3.060471908818143,2.5777131940169014,-0.41391042978056647,204
resnet_frozen,fold1_iberia,10,0.7542671342475606,True,0,1e-05,1e-05,1.7248429376631975,0.13268022597409213,0.7034010589122772,0.35544360987842083,2.7850002888590097,1.3601868730038404,0.03790834732353687,0.23269564658403397,0.08175164833664894,0.010918278247117996,5.144148588307344,3.7694427085846933,-0.010964296286675612,1000,3.053987639756476,2.577013103062967,-0.40792542906758156,204
resnet_frozen,fold1_iberia,11,0.719332844341705,False,1,1e-05,1e-05,1.6993065029382706,0.13071588484140542,0.6577874422073364,0.3557783402502537,2.7141694463789463,1.33486383035779,0.03778400085866451,0.23261139541864395,0.08172988891601562,0.010939452797174454,5.112186697466073,3.7426773694790616,0.0015594275542886171,1000,3.068598567160881,2.596177612260553,-0.4214292849572574,204
resnet_frozen,fold1_iberia,12,0.7345707172664637,False,2,1e-05,1e-05,1.612854903563857,0.1240657618126044,0.6517760418355465,0.3370997551828623,2.6030468605458736,1.2480872217565775,0.03782414458692074,0.2328429128974676,0.0817466676235199,0.010974656790494919,5.081880658156498,3.7166275270794578,0.01336223956066318,1000,3.0717927423565308,2.605391386065593,-0.4243900223189825,204
resnet_frozen,fold1_iberia,13,0.7055761931031476,False,3,1e-05,1e-05,1.6083517465740442,0.12371936512108032,0.6675748378038406,0.3384628854691982,2.6157568003982306,1.2438674569129944,0.03783268295228481,0.23262600600719452,0.08167402446269989,0.010936383157968521,5.048582784717611,3.690613475585774,0.026249322415751397,1000,3.074522835126834,2.612973409594767,-0.42692303499288786,204
resnet_frozen,fold1_iberia,14,0.7237355435081051,False,4,1e-05,1e-05,1.698130201548338,0.13062540011910292,0.65910604596138,0.33575322665274143,2.694307714700699,1.328827602788806,0.03799191303551197,0.23290442116558552,0.08505444973707199,0.011885959655046463,5.021109674077189,3.6672977316436572,0.03681829693343097,1000,3.0693639783845876,2.6126267261004386,-0.422138477504707,204
resnet_frozen,fold1_iberia,15,0.7253888512633194,True,0,1e-05,1e-05,1.6063070315867662,0.12356207935282817,0.6545254364609718,0.3357002567499876,2.597894422709942,1.2386810779571533,0.03791389800608158,0.23284846916794777,0.08339538984000683,0.012048261240124702,5.005102390035181,3.645378296741056,0.04294974912455651,1000,3.0445654798201787,2.5944168673567978,-0.39925136978984077,204
resnet_frozen,fold1_iberia,16,0.7155904809346986,True,0,1e-05,1e-05,1.6302193440496922,0.12540148800382248,0.6549012567847967,0.32980138435959816,2.6162186041474342,1.2590453773736954,0.03776165470480919,0.23261292278766632,0.08688072115182877,0.012507462874054909,4.988179272058794,3.6292515997152552,0.049410713093213654,1000,3.0305072081608473,2.585008750601732,-0.3863591258972179,204
resnet_frozen,fold1_iberia,17,0.6921885554397436,False,1,1e-05,1e-05,1.614574009552598,0.12419800073481523,0.6506892163306475,0.33544549718499184,2.602005375549197,1.243017626926303,0.037943555042147636,0.23273931816220284,0.086978355422616,0.01250363141298294,4.970439480290428,3.6137985677087836,0.05615997735686251,1000,3.0343404928049136,2.5891841388612007,-0.38986855175538704,204
resnet_frozen,fold1_iberia,18,0.7256839247386808,False,2,1e-05,1e-05,1.6138830818235874,0.12414485244796826,0.6505890972912312,0.3353624977171421,2.601212916895747,1.242343544960022,0.037871526554226875,0.2328282967209816,0.08697725832462311,0.01245974376797676,4.949266631343047,3.594519942651433,0.06418390333438262,1000,3.0510349672313826,2.6045398628155376,-0.4052043092684663,204
resnet_frozen,fold1_iberia,19,0.7014535982542807,False,3,1e-05,1e-05,1.6199567764997482,0.12461205973074986,0.6524000111967325,0.3358652889728546,2.6095961574465036,1.2489517237991095,0.037852443754673004,0.23283453099429607,0.08649669401347637,0.012422356754541397,4.925290698689606,3.5778742334324254,0.07322876552871393,1000,3.0680487063460977,2.6206592041036845,-0.4209199200328777,204
resnet_frozen,fold1_iberia,20,0.7528946821439998,False,4,1e-05,1e-05,1.6167048085480928,0.12436190834985329,0.6553114913403988,0.33544222824275494,2.6087967604398727,1.244191376492381,0.037890177220106125,0.23346235044300556,0.08735045231878757,0.01243126392364502,4.915822712332944,3.5635684919321746,0.07678844315544597,1000,3.058793448479492,2.6119962736236766,-0.41235998796489004,204
resnet_frozen,fold1_iberia,21,0.7468658240980477,False,5,1e-05,1e-05,1.6124864500015974,0.12403741923089211,0.6551731321960688,0.33660911954939365,2.6055851746350527,1.240808928385377,0.037917597219347954,0.23276972211897373,0.08704772032797337,0.012494688853621483,4.896703555476213,3.5456955297138313,0.08395578927182323,1000,3.064349154665696,2.618021448141423,-0.4174952043313638,204
resnet_frozen,fold1_iberia,22,0.7231479808598505,False,6,1e-05,1e-05,1.6176789551973343,0.12443684270748726,0.6570303738117218,0.33589394949376583,2.6119296699762344,1.2462227661162615,0.037912484258413315,0.2326606698334217,0.08701061643660069,0.012468630447983742,4.872153873011259,3.526366225084936,0.09311796166920128,1000,3.095281689900656,2.650438995468164,-0.4462569541479633,204
resnet_frozen,fold1_iberia,23,0.6829259394882101,False,7,1e-05,1e-05,1.6113367658108473,0.12394898198544979,0.6383574176579714,0.33339289017021656,2.584440093487501,1.2448158543556929,0.03794007934629917,0.23264693841338158,0.08308570832014084,0.011437749490141869,4.847764994015152,3.5088693232438293,0.10217452206407163,1000,3.1186029195872904,2.6758915529329204,-0.46813254204870924,204
resnet_frozen,fold1_iberia,24,0.7008744957358112,False,8,1e-05,1e-05,1.6125513184815645,0.1240424091139665,0.6535092461854219,0.3353957813233137,2.6027790550142527,1.2480827551335096,0.037791816517710686,0.23267390951514244,0.08165829069912434,0.010957961902022362,4.833905911248569,3.4913597229861844,0.10730069924924346,1000,3.1143441002363494,2.6721465841692975,-0.4641254644111312,204
resnet_frozen,fold1_iberia,25,0.7169185551208422,False,9,1e-05,1e-05,1.6156515330076218,0.12428088715443245,0.656646179035306,0.33661133237183094,2.6102351620793343,1.251002911478281,0.03779521957039833,0.23266326263546944,0.08178532496094704,0.010998474434018135,4.810328114633896,3.4735238004462845,0.11598789817183153,1000,3.1252390828720116,2.68285114733511,-0.4743873513200636,204
resnet_frozen,fold1_iberia,26,0.6820646115588798,False,10,1e-05,1e-05,1.611665703356266,0.12397428487355892,0.6571177188307047,0.33616049215197563,2.6062817350029945,1.2472685296088457,0.037756506353616714,0.232688432559371,0.0816813725978136,0.010880107060074806,4.7953813926213025,3.4572806859600425,0.12147299394268884,1000,3.124410209651634,2.6843831332289163,-0.47360538354093173,204
resnet_frozen,fold1_iberia,27,0.6864971649058602,False,11,1e-05,1e-05,1.69242231734097,0.13018633210315153,0.6575065609067678,0.33562134206295013,2.686878900974989,1.3231733907014132,0.0380446445196867,0.2328027244657278,0.08526760526001453,0.01166451908648014,4.77923708734354,3.443314787416626,0.12737839840135,1000,3.1363675736790126,2.697119908434055,-0.4849061745494685,204
resnet_frozen,fold1_iberia,28,0.7205549024502723,False,12,1e-05,1e-05,1.611627148464322,0.12397131911264016,0.6603207420557737,0.3356930036097765,2.6089695561677217,1.2469367254525423,0.03790471702814102,0.23261456191539764,0.08174929581582546,0.011033589020371437,4.766154847277499,3.431992070172235,0.13214912675521506,1000,3.1362164713237157,2.6981217805386692,-0.48476309985542354,204
resnet_frozen,fold1_iberia,29,0.6808684845550252,False,13,1e-05,1e-05,1.6083969194442034,0.12372283995724641,0.6573711913079023,0.33551027439534664,2.602606676518917,1.2439131457358599,0.03782169707119465,0.23269153200089931,0.08166610263288021,0.010915201157331467,4.747839580785932,3.417446519344552,0.13880622465339765,1000,3.1481616588718135,2.7105802965178585,-0.4960949385640969,204
resnet_frozen,fold1_iberia,30,0.7047900202472287,False,14,1e-05,1e-05,1.611294412985444,0.12394572407580338,0.656707713380456,0.3367863353341818,2.6061007529497147,1.2466678563505411,0.037853604182600975,0.23267302103340626,0.08167463168501854,0.011045586317777634,4.740282552143217,3.4077094820528564,0.14154552809698884,1000,3.150323243459276,2.7134084625047046,-0.49815013543798115,204
resnet_frozen,fold1_iberia,31,0.6850196021271671,False,15,1e-05,1e-05,1.7383183166384697,0.1337167935875746,0.6570580247789621,0.3356645554304123,2.732382258400321,1.3739143069833517,0.03769664466381073,0.23269827477633953,0.08171812072396278,0.010906662791967392,4.736960650756376,3.3953384471237515,0.14274828420276497,1000,3.1229876651628907,2.6872203252430436,-0.47226382346370355,204
resnet_frozen,fold1_iberia,32,0.7120776188646126,False,16,1e-05,1e-05,1.6101224794983864,0.12385557534602973,0.6545583847910166,0.33619278483092785,2.602195668965578,1.2456158977001905,0.037851203233003616,0.23255308158695698,0.08173464797437191,0.010941196233034134,4.720255222056381,3.3858758984099797,0.14878401326322366,1000,3.141479812074109,2.7048000199525624,-0.48975087527682826,204
resnet_frozen,fold1_iberia,33,0.6739061441805962,False,17,1e-05,1e-05,1.6173315644264221,0.12441012034049401,0.6558865755796432,0.33578614704310894,2.6103428471833467,1.2528854366391897,0.03771093674004078,0.23256715759634972,0.08172156102955341,0.010981237515807152,4.702313376675295,3.368876502534781,0.1552427149574177,1000,3.153344383068242,2.718425780293308,-0.5010249458143405,204
resnet_frozen,fold1_iberia,34,0.7180000579457564,False,18,1e-05,1e-05,1.6169503275305033,0.12438079442542332,0.6585113387554884,0.3367058876901865,2.6135331820696592,1.2523531876504421,0.03768935054540634,0.23276669532060623,0.08175805769860744,0.010944241657853127,4.689764871460937,3.3561585462300516,0.15974530603504833,1000,3.163935146944077,2.727927437538424,-0.5111245064865737,204
resnet_frozen,fold1_iberia,35,0.6718844608566248,False,19,1e-05,1e-05,1.6147385481745005,0.12421065755188465,0.6576271988451481,0.33715149760246277,2.610875116661191,1.250129146501422,0.037802938371896744,0.2327930685132742,0.08170660771429539,0.010928032919764519,4.682389981383835,3.3511741631344503,0.16238591331338226,1000,3.184453254239816,2.7486957201414515,-0.5307873303527799,204
resnet_frozen,fold1_iberia,36,0.6936019859159036,False,20,1e-05,1e-05,1.6123534701764584,0.12402719001357372,0.6580377407371998,0.3357412777841091,2.6074817590415478,1.2480300161987543,0.03774636425077915,0.23257385194301605,0.08171427622437477,0.010905787348747253,4.669243082461747,3.34295342662716,0.16708290282624405,1000,3.2137392789648698,2.7782695299247337,-0.5590727634079335,204
resnet_frozen,fold1_iberia,37,0.6739160162447162,False,21,1e-05,1e-05,1.6162490751594305,0.1243268519353408,0.6531634498387575,0.336325129494071,2.607085781171918,1.2516799792647362,0.03770176135003567,0.2327809501439333,0.08175807818770409,0.010920992121100426,4.646333810829206,3.326008051527838,0.1752361356721982,1000,3.2273448211102966,2.7921294478799967,-0.5723015473844109,204
resnet_frozen,fold1_iberia,38,0.6892883162205831,False,22,1e-05,1e-05,1.6115215849131346,0.12396319883947189,0.6515417098999023,0.33578092977404594,2.600184364244342,1.2470517233014107,0.03781874477863312,0.23278184235095978,0.0815983098000288,0.010881192982196808,4.6394052396042005,3.3149849694581435,0.1776940626111987,1000,3.2154835762833005,2.7805397095915767,-0.5607656353070019,204
resnet_frozen,fold1_iberia,39,0.6689488162632884,False,23,1e-05,1e-05,1.613007228821516,0.12407747914011662,0.6979858390986919,0.34330976381897926,2.6556364111602306,1.24833800829947,0.03777325712144375,0.23279091157019138,0.08176740258932114,0.010935677215456963,4.636015796823061,3.309968133510253,0.17889513932787704,1000,3.2172144093576693,2.78225089957194,-0.5624463478849826,204
resnet_frozen,fold1_iberia,40,0.6610708701481458,False,24,1e-05,1e-05,1.6114014703780413,0.12395395925984933,0.6588431242853403,0.3368081506341696,2.608411615714431,1.2467064186930656,0.03793882019817829,0.232708552852273,0.08171005733311176,0.01092640683054924,4.610681435785094,3.298497084431393,0.1878447759406997,1000,3.2588150254123445,2.8247003042826817,-0.6031144288011117,204
resnet_frozen,fold1_iberia,41,0.660118821080411,False,25,1e-05,1e-05,1.6114085111767054,0.12395450085974656,0.6570210549980402,0.33686842024326324,2.6066654175519943,1.246969411149621,0.03764635697007179,0.23283793777227402,0.08164206333458424,0.010923027992248535,4.613666663508517,3.2932152457235078,0.18679276087680552,1000,3.2441490692730794,2.8091965042269966,-0.5887175999816228,204
resnet_frozen,fold2_france,1,0.7920569832297577,True,0,1e-05,1e-05,1.380669729784131,0.12551542998037554,0.6576506569981575,0.5863502249121666,2.6258585415780544,1.0588659103959799,0.03190314956009388,0.20488777942955494,0.07292669266462326,0.010872472077608109,5.522463821981604,4.154033817918467,-0.049047202773083276,1000,3.1315891494847063,2.7862113524835146,-2.582299736854006,362
resnet_frozen,fold2_france,2,0.8169068515985861,True,0,1e-05,1e-05,1.4165517259389162,0.12877742963081057,0.6618883684277534,0.585430096834898,2.6651716120541096,1.104222934693098,0.03201346658170223,0.19593501463532448,0.0726557020097971,0.010495876893401146,5.541173391646347,4.167689839551261,-0.05616738315402192,1000,3.1252336262227844,2.7839991966613598,-2.5677740215388978,362
resnet_frozen,fold2_france,3,0.7834720337527922,False,1,1e-05,1e-05,1.3947978485375643,0.12679980441250585,0.6610815096646547,0.5768896657973528,2.6340803429484367,1.0834440775215626,0.03180406428873539,0.19540798105299473,0.07240696251392365,0.010521335527300835,5.542580800100054,4.16373837562326,-0.056703965416345925,1000,3.183087812113173,2.8530633940072816,-2.7010896189402134,362
resnet_frozen,fold2_france,4,0.8091964625764168,False,2,1e-05,1e-05,1.485925069078803,0.1350840971889821,0.7255705390125513,0.6333254389464855,2.8462427873164415,1.174520704895258,0.0316444206982851,0.19536415860056877,0.07257155887782574,0.010612234473228455,5.533028886154315,4.147382404835996,-0.05306492134857588,1000,3.2204661675233406,2.8988231704828222,-2.788522265772864,362
resnet_frozen,fold2_france,5,0.7622499561857903,False,3,1e-05,1e-05,1.5099504236131907,0.13726822032847188,0.6775605585426092,0.5924727022647858,2.7813929338008165,1.1973723284900188,0.03185061365365982,0.1959451101720333,0.07282108999788761,0.010763773694634438,5.516514515614597,4.12213476351605,-0.04678815983196327,1000,3.2065890222021145,2.8918422455397335,-2.7559427573315247,362
resnet_frozen,fold2_france,6,0.7702374629590704,False,4,1e-05,1e-05,1.4231497775763273,0.12937725250693885,0.6776322200894356,0.5828011184930801,2.685016518458724,1.1116559840738773,0.031536463648080826,0.19546271301805973,0.07255350798368454,0.010730378329753876,5.493807543892379,4.0973844259857675,-0.03818835663215925,1000,3.1804034071947727,2.8713600562793458,-2.694849744699267,362
resnet_frozen,fold2_france,7,0.7694336114258602,False,5,1e-05,1e-05,1.4464141987264156,0.1314921998842196,0.6992854382842779,0.6131813619285822,2.760324774309993,1.1350056286901236,0.03155827149748802,0.19539979472756386,0.07258111983537674,0.010641926899552345,5.472518418281177,4.073482141089643,-0.030157751976194636,1000,3.1477315279233125,2.8467857817342916,-2.619326227267275,362
resnet_frozen,fold2_france,8,0.7454546121345169,True,0,1e-05,1e-05,1.5525686591863632,0.14114260538057846,0.6724502705037594,0.5881933439522982,2.814639341086149,1.2394680995494127,0.03167851269245148,0.1960298754274845,0.07337148860096931,0.010807670652866364,5.452844804904935,4.0534345259664075,-0.022764265412372087,1000,3.120804633960396,2.8252435574448804,-2.5576688911046035,362
resnet_frozen,fold2_france,9,0.7449269890785217,False,1,1e-05,1e-05,1.4846023116260767,0.1349638465114615,0.7404996193945408,0.6163321156054735,2.8427804093807936,1.1717703603208065,0.031914619728922844,0.19535457529127598,0.07352258078753948,0.010815268382430077,5.416568868249667,4.024422428884779,-0.009201319692444088,1000,3.1255288729034256,2.8372496266624934,-2.568448161984195,362
resnet_frozen,fold2_france,10,0.8044663112739037,True,0,1e-05,1e-05,1.5433339197188616,0.1403030836108056,0.7082674354314804,0.5951288286596537,2.8481351267546415,1.2304858397692442,0.03175758384168148,0.19552983716130257,0.07349294237792492,0.010833781212568283,5.388804041712763,3.999612590607314,0.0011183071936896605,1000,3.109978684091948,2.825893121196782,-2.5330288730302284,362
resnet_frozen,fold2_france,11,0.766559572055422,True,0,1e-05,1e-05,1.4360171351581812,0.13054701228710738,0.6750999242067337,0.5830842237919569,2.695564305409789,1.1234885472804308,0.03172677382826805,0.19546812027692795,0.07329635135829449,0.010847629979252815,5.366179653452674,3.9800981872066963,0.009488122460848625,1000,3.0930620626866534,2.812685450094667,-2.494697830994634,362
resnet_frozen,fold2_france,12,0.7615949956850073,False,1,1e-05,1e-05,1.420930439606309,0.12917549450966445,0.6806902568787336,0.582615002989769,2.6855730041861534,1.1079640574753284,0.03195788711309433,0.19551492668688297,0.07349496334791183,0.010771684348583221,5.336245523067344,3.95724583345244,0.020508034231464523,1000,3.0974082693207095,2.821360642521898,-2.5045258588529444,362
resnet_frozen,fold2_france,13,0.7564291296334102,False,2,1e-05,1e-05,1.4125561993569136,0.1284141999415376,0.6768407467752695,0.5830286759883165,2.67383318208158,1.098956372588873,0.031935181468725204,0.19537172466516495,0.0741770826280117,0.010891450569033623,5.311805193220169,3.936280371922856,0.029459753315081327,1000,3.096544579086323,2.8251764513908584,-2.502571707192565,362
resnet_frozen,fold2_france,14,0.7123279496171009,True,0,1e-05,1e-05,1.4209959860891104,0.12918145328082822,0.6789336688816547,0.5864792373031378,2.6878541316837072,1.107948299497366,0.031905172392725945,0.19558576866984367,0.07356752268970013,0.010762782767415047,5.28176211050695,3.91071353382563,0.04040727955326118,1000,3.0907438793567765,2.8242250804666926,-2.4894613926710796,362
resnet_frozen,fold2_france,15,0.7470216751098633,False,1,1e-05,1e-05,1.4263406991958618,0.1296673362905329,0.6729670576751232,0.5880441199988127,2.6887138672173023,1.1136462315917015,0.03190441243350506,0.19545244611799717,0.07336999662220478,0.010767942294478416,5.253537964380806,3.889190283853608,0.0506354273076185,1000,3.1161607604654713,2.853479992496858,-2.5470888811386625,362
resnet_frozen,fold2_france,16,0.7241211492439796,False,2,1e-05,1e-05,1.449711011722684,0.13179191015660763,0.6746006086468697,0.5873064901679754,2.7130516711622477,1.1361754536628723,0.0319285374134779,0.19544420391321182,0.0738237127661705,0.011076688766479492,5.229804729046418,3.8663076807544092,0.05919369762189419,1000,3.104756051065326,2.8441464214707946,-2.521172701633546,362
resnet_frozen,fold2_france,17,0.7147488121328682,False,3,1e-05,1e-05,1.418927039951086,0.12899336726828056,0.6713272985070944,0.5811446588486433,2.67281124740839,1.106155326589942,0.03173451125621796,0.19550220295786858,0.07353957183659077,0.010772142559289932,5.205563453940026,3.846438150468337,0.06789516523271233,1000,3.120052902996782,2.8625247620007186,-2.555955174243041,362
resnet_frozen,fold2_france,18,0.7385420949979761,False,4,1e-05,1e-05,1.5402945075184107,0.1400267734107646,0.7347576189786196,0.6419022660702467,2.9183555096387863,1.2274240907281637,0.03191150166094303,0.19536891765892506,0.07346212491393089,0.010910490527749062,5.197600631214274,3.83432143238853,0.07074461999744452,1000,3.107462486672123,2.850785081396233,-2.5273142345759556,362
resnet_frozen,fold2_france,19,0.7606861063803749,False,5,1e-05,1e-05,1.4851296823471785,0.13501178930428895,0.6763983126729727,0.5827413722872734,2.745686648413539,1.1724649425595999,0.031717853620648384,0.19542740657925606,0.07353614456951618,0.010784555226564407,5.178006874845623,3.8162156860972747,0.07773757138990645,1000,3.1014160896120404,2.846024912029129,-2.5136009277873534,362
resnet_frozen,fold2_france,20,0.7310117887354445,False,6,1e-05,1e-05,1.4729442112147808,0.1339040192013437,0.6916510704904795,0.5870270729064941,2.7530626635998487,1.1593814007937908,0.03194901719689369,0.19577505625784397,0.07367200218141079,0.010907141491770744,5.148748749384353,3.790171318892211,0.08813054127540898,1000,3.095877588954006,2.842673865644742,-2.50106297440852,362
resnet_frozen,fold2_france,21,0.724940611713234,False,7,1e-05,1e-05,1.4297225624322891,0.12997477840293536,0.6758096739649773,0.5837306529283524,2.6906885001808405,1.1157096959650517,0.03176557272672653,0.19551174901425838,0.07465068250894547,0.010856499895453453,5.131579750859372,3.7757092752198487,0.0942018347580994,1000,3.1008109748575787,2.848788021444802,-2.5122299899400256,362
resnet_frozen,fold2_france,22,0.7261901628011944,False,8,1e-05,1e-05,1.4172375705093145,0.12883977913721043,0.6752281356602907,0.600579060614109,2.6944891456514597,1.1045693904161453,0.031726960092782974,0.1954472903162241,0.07348228432238102,0.010783806443214417,5.1143991815176015,3.762228690858964,0.1002569202787863,1000,3.0964706600095475,2.845624336163269,-2.502404486104621,362
resnet_frozen,fold2_france,23,0.6978516886974203,False,9,1e-05,1e-05,1.448050195351243,0.131640926850113,0.6733251642435789,0.5829855445772409,2.7058388851583004,1.1333843041211367,0.03177999518811703,0.19541537947952747,0.07521861977875233,0.01099623553454876,5.083030026303657,3.7380139196193767,0.11126021620871751,1000,3.1384364233358855,2.890881991730986,-2.597982384015332,362
resnet_frozen,fold2_france,24,0.7219707554784315,False,10,1e-05,1e-05,1.424342017620802,0.12948563796552745,0.6744948867708445,0.5837445463985205,2.6839975100010633,1.1119591444730759,0.031686920672655106,0.19540884532034397,0.0733449924737215,0.01071961224079132,5.08201920827413,3.734053751659738,0.11161365298497816,1000,3.129894054891317,2.8815761306749357,-2.578422667940026,362
resnet_frozen,fold2_france,25,0.7154473545907558,False,11,1e-05,1e-05,1.4147864039987326,0.1286169458180666,0.6747637782245874,0.5827116351574659,2.6736572682857513,1.102741902694106,0.03158659674227238,0.1952794697135687,0.07335129380226135,0.010615037754178047,5.068766068101911,3.7214987797565477,0.11624116658237393,1000,3.1221748993274914,2.8741335962047163,-2.5607937395164173,362
resnet_frozen,fold2_france,26,0.7270457956982755,False,12,1e-05,1e-05,1.4137453567236662,0.12852230515669694,0.6796735897660255,0.5848932974040508,2.6797348838299513,1.101445471867919,0.03169873729348183,0.19534883834421635,0.07337921299040318,0.01066003181040287,5.049069060908406,3.7056520467193024,0.12309631896205009,1000,3.135067154971959,2.8877073593696716,-2.590261302881495,362
resnet_frozen,fold2_france,27,0.7258494729283212,False,13,1e-05,1e-05,1.4201311618089676,0.12910283289172433,0.6778276711702347,0.5824068579822779,2.681786449626088,1.1072367299348116,0.03178229182958603,0.19573485851287842,0.07351886853575706,0.010660216212272644,5.027078552690366,3.6859877078258214,0.13071814546685645,1000,3.1352998245270967,2.8896781761441237,-2.5907942263925348,362
resnet_frozen,fold2_france,28,0.6933513222069576,False,14,1e-05,1e-05,1.4162630513310432,0.1287511864846403,0.677981661632657,0.5833636485040188,2.6790153607726097,1.1039129998534918,0.03170520439743996,0.19540371000766754,0.07337737642228603,0.01066792942583561,5.016575875784831,3.6732103748357074,0.13434659459200304,1000,3.1271097105309207,2.8803982960171672,-2.5720587917046274,362
resnet_frozen,fold2_france,29,0.6910626586826368,False,15,1e-05,1e-05,1.4168878830969334,0.1288079893724485,0.6796638537198305,0.5829749088734388,2.6809928957372904,1.1038953829556704,0.03175940550863743,0.19591354951262474,0.07347156666219234,0.010642515495419502,4.998321912404991,3.657185809039459,0.14063489046040611,1000,3.1438457296590085,2.897207711873075,-2.610395801891923,362
resnet_frozen,fold2_france,30,0.712755882877043,False,16,1e-05,1e-05,1.412976574152708,0.12845241583206438,0.6819217354059219,0.7080566063523293,2.80437545850873,1.1006464157253504,0.03157653100788593,0.1953400932252407,0.07346655055880547,0.0107515137642622,4.983929047916671,3.646928634895233,0.14557691607149215,1000,3.1632367649963897,2.916897573208547,-2.6550705251774764,362
resnet_frozen,fold2_france,31,0.7354952288770128,False,17,1e-05,1e-05,1.4150895159691572,0.12864450145174156,0.6721236612647772,0.5835710614919662,2.672181250527501,1.1028755512088537,0.03157753683626652,0.19551857002079487,0.0733474139124155,0.010585635900497437,4.9712991075612765,3.6350944492345185,0.14990187301715008,1000,3.1595317631620055,2.912566758970845,-2.6465133963141985,362
resnet_frozen,fold2_france,32,0.7002455674368759,False,18,1e-05,1e-05,1.41767661832273,0.12887969257479365,0.6757836248725653,0.5830801110714674,2.677941305562854,1.1053057499229908,0.03174753300845623,0.19546555168926716,0.07337872684001923,0.01058369129896164,4.955619590604146,3.621940058829718,0.15525584895841227,1000,3.1642586004408284,2.9183820564278884,-2.6574323362843946,362
resnet_frozen,fold2_france,33,0.743712881515766,False,19,1e-05,1e-05,1.4240213334560394,0.12945648485963995,0.6775150261819363,0.5835404135286808,2.68648187443614,1.1117331571877003,0.03166721574962139,0.1954781897366047,0.0732696782797575,0.010650794953107834,4.953051463898918,3.615094947318278,0.15613115742481354,1000,3.135079466371422,2.8883128890631573,-2.590289500827937,362
resnet_frozen,fold2_france,34,0.6624826192855835,False,20,1e-05,1e-05,1.4251468852162361,0.12955880774693054,0.6796988788992167,0.5842905417084694,2.6905588172376156,1.1126366015523672,0.03168420121073723,0.19548660889267921,0.07343252189457417,0.010712236166000366,4.939543346759834,3.6030483444696273,0.1607277319993201,1000,3.148932051244967,2.9036545469522985,-2.622087526379949,362
resnet_frozen,fold2_france,35,0.7185961878162691,False,21,1e-05,1e-05,1.485219307243824,0.13501993702216583,0.683655459433794,0.5849801152944565,2.7552562821656466,1.1685284059494734,0.03194575570523739,0.19546923227608204,0.07671103626489639,0.011245524510741234,4.928248907893425,3.592761734272006,0.16456139495186128,1000,3.155155552453445,2.9091540491398007,-2.6364189515285354,362
resnet_frozen,fold2_france,36,0.7150103305948192,False,22,1e-05,1e-05,1.4179150462150574,0.12890136783773248,0.6807121317833662,0.5849058553576469,2.684978073462844,1.1115546431392431,0.03168068639934063,0.19542058371007442,0.06869790330529213,0.009333288297057152,4.916780252235612,3.5822069950668465,0.1684452122470539,1000,3.150267997815116,2.9036960697989525,-2.6251615475357863,362
resnet_frozen,fold2_france,37,0.6749680453333361,False,23,1e-05,1e-05,1.4175444580614567,0.12886767800558696,0.6795779503881931,0.5837733671069145,2.6822851449251175,1.1108848508447409,0.03158154524862766,0.19583243504166603,0.06873189471662045,0.009306378662586212,4.9088926524248935,3.5730951175056815,0.17111106674206955,1000,3.1451650481545586,2.897537930721708,-2.6134266512538624,362
resnet_frozen,fold2_france,38,0.682160998897991,False,24,1e-05,1e-05,1.4219398014247417,0.12926725467497652,0.6799359209835529,0.5833855867385864,2.6867083311080933,1.1156713217496872,0.03172457590699196,0.19548987410962582,0.06858839467167854,0.009255869314074516,4.89432535649091,3.5633782396539226,0.17602327617730884,1000,3.1516497747429604,2.9039541630160923,-2.6283423963743777,362
resnet_frozen,fold2_france,39,0.6943233300899637,False,25,1e-05,1e-05,1.418305343016982,0.12893684936518018,0.6775090619921684,0.5838778968900442,2.6811153423041105,1.112057138234377,0.031615788117051125,0.1955465618520975,0.06856218352913857,0.00933033972978592,4.88697107250096,3.558906755754083,0.17849765442005872,1000,3.147811813983003,2.898587974635939,-2.6195108587358296,362
resnet_frozen,fold3_italy,1,0.7999930005324515,True,0,1e-05,1e-05,1.657964900135994,0.1275357615489226,0.6754217315465212,0.48390892148017883,2.8185024224221706,1.2901500333100557,0.03569566272199154,0.23937999084591866,0.08005332015454769,0.011297808960080147,4.970425211906111,3.485421507057219,-0.040710318014604896,1000,5.665791906378691,4.3990089895191185,-0.7511109827050333,286
resnet_frozen,fold3_italy,2,0.7933051052846407,False,1,1e-05,1e-05,1.5996056515723467,0.12304658858248821,0.6744906436651945,0.4625781513750553,2.73800215870142,1.252177556976676,0.03566779009997845,0.2202069517225027,0.07938877493143082,0.010815411806106567,5.011666922897153,3.508398494873259,-0.05805239149003105,1000,5.747563101131599,4.502092805788013,-0.8020213349355083,286
resnet_frozen,fold3_italy,3,0.7786478184460063,False,2,1e-05,1e-05,1.5979056749492884,0.12291582114994526,0.6819031164050102,0.46327753365039825,2.744402604177594,1.2504945378750563,0.035572223365306854,0.22034767642617226,0.07929080165922642,0.01083972118794918,5.042200918439149,3.529078573200057,-0.07098420947404183,1000,5.794024152069554,4.5821250383136,-0.8312727581188262,286
resnet_frozen,fold3_italy,4,0.792485971276353,False,3,1e-05,1e-05,1.6001032087951899,0.1230848622150146,0.6773187965154648,0.46310828253626823,2.741841807961464,1.2530217338353395,0.03571910411119461,0.22002603858709335,0.07926121540367603,0.010721113532781601,5.04843445557242,3.5194107227322338,-0.0736339041762879,1000,5.80455310523894,4.623113640450329,-0.837934416323183,286
resnet_frozen,fold3_italy,5,0.7868874590265277,False,4,1e-05,1e-05,1.597472369670868,0.12288248997468215,0.6759776044636965,0.4617782533168793,2.7365307565778494,1.2502535358071327,0.035625021904706955,0.2201237790286541,0.07932634465396404,0.010804818943142891,5.038707369041725,3.4920825111311617,-0.06950063509213011,1000,5.816507760395168,4.645857940722313,-0.8455127768344717,286
resnet_frozen,fold3_italy,6,0.7471169406244477,False,5,1e-05,1e-05,1.6008615735918283,0.12314319796860218,0.6815032493323088,0.463411184027791,2.747073356062174,1.2536568455398083,0.03566731512546539,0.22007534839212894,0.07935160957276821,0.010749975219368935,5.032013148539454,3.4748893786974087,-0.06666073324307753,1000,5.829736931473034,4.662402538237653,-0.8539172593067961,286
resnet_frozen,fold3_italy,7,0.7544243580569657,False,6,1e-05,1e-05,1.6003323532640934,0.12310248871262257,0.6819431204348803,0.46490054577589035,2.7484578005969524,1.2530377078801394,0.03554176911711693,0.2202833853662014,0.07935244962573051,0.010776344686746597,4.998899115725661,3.451149069353487,-0.05266823439021362,1000,5.782105909266816,4.619548835233939,-0.8237466914896194,286
resnet_frozen,fold3_italy,8,0.7995701056925415,False,7,1e-05,1e-05,1.6586757842451334,0.12759044494193333,0.6769206188619137,0.4624027647078037,2.7997558880597353,1.3060607519000769,0.03544899635016918,0.22023161314427853,0.08425730094313622,0.011269044131040573,4.9656525019499655,3.4281696109816786,-0.03871265239445476,1000,5.737813110149138,4.575486118727457,-0.7959127323462181,286
resnet_frozen,fold3_italy,9,0.7710292442619265,False,8,1e-05,1e-05,1.5946562066674232,0.12266586205134025,0.6823735628277063,0.4639812055975199,2.74231799505651,1.2471175156533718,0.03558511473238468,0.22039564698934555,0.07933550886809826,0.010865205898880959,4.9394216266611615,3.4056280377788237,-0.027767714890589046,1000,5.706588660331524,4.539553081980543,-0.7764196587210161,286
resnet_frozen,fold3_italy,10,0.7935487236229843,False,9,1e-05,1e-05,1.6026546116918325,0.12328112397629482,0.6786983404308558,0.4626254756003618,2.745267378166318,1.255199247971177,0.035558704286813736,0.22035396844148636,0.07939866743981838,0.010814126580953598,4.924820076036298,3.389162660636899,-0.021700275355980736,1000,5.7027933528379116,4.532765933019375,-0.7740575410856023,286
resnet_frozen,fold3_italy,11,0.7247820998492994,False,10,1e-05,1e-05,1.6004265621304512,0.12310973554849625,0.6770511418581009,0.4625352267175913,2.741318941116333,1.253053080290556,0.03564017824828625,0.22026813589036465,0.07932725548744202,0.010786907747387886,4.9003432744817195,3.3752754942547254,-0.01156962749340451,1000,5.67603929266332,4.504462044353431,-0.7574509748459926,286
resnet_frozen,fold3_italy,12,0.7605516631275759,True,0,1e-05,1e-05,1.6076492182910442,0.12366532448392648,0.6793091930449009,0.4637979082763195,2.752059379592538,1.2598900888115168,0.03552074171602726,0.22066539153456688,0.07944233901798725,0.010814905166625977,4.890693598997171,3.360618536299736,-0.00758961745126796,1000,5.657781376546333,4.490252020898841,-0.746162897497409,286
resnet_frozen,fold3_italy,13,0.7871317538278553,True,0,1e-05,1e-05,1.611106052994728,0.12393123484574832,0.6789222434163094,0.4626241270452738,2.7540061343461275,1.2639202885329723,0.03544618561863899,0.22024142742156982,0.07933043502271175,0.010816741734743118,4.867077420038921,3.3449856083895613,0.0021177848192461823,1000,5.633857598041793,4.465438155815195,-0.7314269118624772,286
resnet_frozen,fold3_italy,14,0.6964671215441781,True,0,1e-05,1e-05,1.6198534686118364,0.12460411297014126,0.6790453661233187,0.46209222823381424,2.7622963320463896,1.272590497508645,0.03565681166946888,0.2202281914651394,0.07926011085510254,0.010756373405456543,4.857627172518892,3.3389699641810355,0.005989134265921292,1000,5.608612941665759,4.442712881198157,-0.7159450333827475,286
resnet_frozen,fold3_italy,15,0.7348628319579922,True,0,1e-05,1e-05,1.6034185010939837,0.1233398846995372,0.6776513550430536,0.46278134919703007,2.7451696060597897,1.2560736425220966,0.03562393970787525,0.22030609846115112,0.07929393090307713,0.010770179331302643,4.830492211524652,3.3182055259556567,0.01706331116866633,1000,5.579056276770289,4.412618493305397,-0.6979070709746549,286
resnet_frozen,fold3_italy,16,0.7403797733003276,False,1,1e-05,1e-05,1.6075394973158836,0.12365688440891412,0.6760517656803131,0.46272712014615536,2.747611381113529,1.2591699175536633,0.03580446355044842,0.22079647332429886,0.07953527010977268,0.01086474396288395,4.817485143303305,3.3043451310954337,0.022349692247401465,1000,5.5808427743986515,4.412164617595912,-0.6989946357742196,286
resnet_frozen,fold3_italy,17,0.723311746763173,True,0,1e-05,1e-05,1.6078500375151634,0.12368077211655103,0.6809194684028625,0.46353759057819843,2.753608988597989,1.2605664487928152,0.03578510321676731,0.22017007879912853,0.07925618998706341,0.010741794481873512,4.792568488337185,3.2837982005698536,0.03243660636204282,1000,5.540199800825419,4.376052803160365,-0.6743385909597475,286
resnet_frozen,fold3_italy,18,0.7411923538582622,True,0,1e-05,1e-05,1.5979143846780062,0.1229164911290774,0.6886230241507292,0.46349827013909817,2.7513355016708374,1.2505015302449465,0.0356111079454422,0.22033583000302315,0.07932250387966633,0.010797344148159027,4.778947149515339,3.2727394291328062,0.0379287676467448,1000,5.5188098618255035,4.358043684161591,-0.6614347733430883,286
resnet_frozen,fold3_italy,19,0.7443236682626188,True,0,1e-05,1e-05,1.621311979368329,0.12471630610525608,0.6771071590483189,0.4632471911609173,2.76303374953568,1.2739581670612097,0.03557919152081013,0.22026478312909603,0.07927576638758183,0.010872149839997292,4.774866363347114,3.2651675147482266,0.03957110878534087,1000,5.517481006321686,4.35498041349183,-0.6606347671849084,286
resnet_frozen,fold3_italy,20,0.7488023561445831,True,0,1e-05,1e-05,1.6786477882415056,0.12912675294165427,0.6838226821273565,0.46276518143713474,2.826535603031516,1.3255204819142818,0.03575835935771465,0.22040684707462788,0.08403176255524158,0.011500995606184006,4.752812077259667,3.2517143503773145,0.04842273096855876,1000,5.487264880832463,4.327201535303599,-0.6424958554874494,286
resnet_frozen,fold3_italy,21,0.7168964303656934,True,0,1e-05,1e-05,1.5955740176141262,0.12273646289339432,0.6792739406228065,0.46282653138041496,2.7389933336526155,1.2482528928667307,0.035624098032712936,0.22027730010449886,0.07928474433720112,0.010799434036016464,4.734095644582675,3.245374468086168,0.05590254027675612,1000,5.439458295653684,4.2836221392980205,-0.6140007613374385,286
resnet_frozen,fold3_italy,22,0.6976708639723957,False,1,1e-05,1e-05,1.6083873379975557,0.1237221029228889,0.6809874027967453,0.4637902230024338,2.754497343674302,1.2613085508346558,0.03545236587524414,0.22024942748248577,0.07927260920405388,0.010766468942165375,4.724743437306317,3.232244347685963,0.059628985434756365,1000,5.445470242167505,4.287288020784974,-0.6175704728741838,286
resnet_frozen,fold3_italy,23,0.7530920394577937,True,0,1e-05,1e-05,1.614221042022109,0.12417084938631608,0.6832722835242748,0.4632388539612293,2.7620391715317965,1.2670299280434847,0.035632386803627014,0.2201246414333582,0.07925772294402122,0.010857725515961647,4.71614004107347,3.2223929582104,0.06305055469707554,1000,5.4391879458591745,4.279451680141723,-0.6138403284755864,286
resnet_frozen,fold3_italy,24,0.6768471649124626,True,0,1e-05,1e-05,1.6095086131244898,0.12380835485572998,0.6815539840608835,0.4637468457221985,2.7561271004378796,1.2624122817069292,0.03545509837567806,0.22026492469012737,0.07922175712883472,0.010819366201758385,4.699134525675297,3.2127048921666312,0.06979530011266555,1000,5.421267585067816,4.262522467414092,-0.6032236852444366,286
resnet_frozen,fold3_italy,25,0.7447400888062258,True,0,1e-05,1e-05,1.597043987363577,0.12284953748950592,0.6924998499453068,0.4639783650636673,2.7548438236117363,1.2498343512415886,0.03555372916162014,0.2202168796211481,0.07932013086974621,0.01078374870121479,4.689170697657753,3.197025431628502,0.0737358442519006,1000,5.407032785281289,4.252339725634351,-0.5948154647884338,286
resnet_frozen,fold3_italy,26,0.72422247053876,True,0,1e-05,1e-05,1.6054501850157976,0.12349616807813828,0.6793626137077808,0.4627977851778269,2.748933894559741,1.2582925278693438,0.03560149855911732,0.2201550416648388,0.07927844859659672,0.010808397084474564,4.6743893720673775,3.1955718266105833,0.07956622823147252,1000,5.355743216801579,4.203027177353483,-0.5647030364546661,286
resnet_frozen,fold3_italy,27,0.7224943357040395,False,1,1e-05,1e-05,1.6127534490078688,0.12405795761598991,0.6821123361587524,0.46265838481485844,2.7588604018092155,1.2652302980422974,0.03563491813838482,0.22036940976977348,0.07934787310659885,0.010815169662237167,4.661778725395199,3.183897841753761,0.08452585269587787,1000,5.363783884626485,4.209705453168761,-0.569404793457664,286
resnet_frozen,fold3_italy,28,0.730160586947195,True,0,1e-05,1e-05,1.6131823919713497,0.12409095322856536,0.680120475590229,0.46345329657197,2.7581398263573647,1.2657915707677603,0.03570938855409622,0.2202059105038643,0.07933211885392666,0.010780645534396172,4.636580400097995,3.1787458085646594,0.09439593484082542,1000,5.311575098451527,4.157631703102835,-0.5390016480341087,286
resnet_frozen,fold3_italy,29,0.6882233380582734,False,1,1e-05,1e-05,1.612938093021512,0.12407216100165477,0.6802737172693014,0.46295951679348946,2.757531898096204,1.2656666319817305,0.035446200519800186,0.22032888233661652,0.07923087105154991,0.01087394542992115,4.63710987736101,3.1699340577441735,0.09418909096079475,1000,5.32734772724265,4.173764096171113,-0.548155295308866,286
resnet_frozen,fold3_italy,30,0.7111135451876306,False,2,1e-05,1e-05,1.6088276728987694,0.12375597483836688,0.6837267503142357,0.46376561746001244,2.7576814107596874,1.2618009503930807,0.035485366359353065,0.22017352283000946,0.07925637438893318,0.010784255340695381,4.633552952792552,3.1589074117899782,0.09557817401988955,1000,5.338372953959116,4.183013169096077,-0.5545699039847201,286
resnet_frozen,fold3_italy,31,0.708576708840773,True,0,1e-05,1e-05,1.7192562706768513,0.13225048235975778,0.6807343997061253,0.4644912388175726,2.8658416010439396,1.3717862144112587,0.03571699373424053,0.2203492969274521,0.07930740341544151,0.010759595781564713,4.6102993777977215,3.149829364300638,0.10463311247812401,1000,5.290469976816213,4.139559205505191,-0.5267957443595581,286
resnet_frozen,fold3_italy,32,0.7057053059607323,False,1,1e-05,1e-05,1.6828464958816767,0.12944973045243666,0.6840947922319174,0.4629682879894972,2.831529624760151,1.3297207672148943,0.03558865189552307,0.22064940072596073,0.08406793884932995,0.011432623490691185,4.5979192632085155,3.1285667623056432,0.10943534362797569,1000,5.2987257877707155,4.14510602554224,-0.5315646106900562,286
resnet_frozen,fold3_italy,33,0.6966232209823863,True,0,1e-05,1e-05,1.6219807844609022,0.12476775265083863,0.6856001727283001,0.46276151947677135,2.771730637177825,1.274513067677617,0.03554343618452549,0.22049765288829803,0.07933029718697071,0.010773399844765663,4.587293950552255,3.1262953969528344,0.11354659217983187,1000,5.258938602133492,4.103650276633641,-0.5086504737000119,286
resnet_frozen,fold3_italy,34,0.7197354859809973,True,0,1e-05,1e-05,1.6014835461974144,0.12319104201518573,0.6793257910758257,0.46321755833923817,2.7454217467457056,1.2541111968457699,0.03559186868369579,0.22031610645353794,0.07928065210580826,0.010835481807589531,4.5770422218415225,3.114261173294134,0.1175042741301443,1000,5.256062689263127,4.1024688960507945,-0.5070008781087059,286
resnet_frozen,fold3_italy,35,0.6612068317514941,True,0,1e-05,1e-05,1.615290354937315,0.1242531042259473,0.6780403908342123,0.4640414621680975,2.7587278988212347,1.2678376473486423,0.03550894744694233,0.2204804327338934,0.0793259497731924,0.0107704047113657,4.574134626060083,3.1085887881728564,0.11862514027472404,1000,5.248511752750447,4.093837690668752,-0.5026740293566867,286
resnet_frozen,fold3_italy,36,0.713107840164023,True,0,1e-05,1e-05,1.6009908188134432,0.1231531399087264,0.6793657336384058,0.46359085105359554,2.7452689222991467,1.2539681382477283,0.035604078322649,0.22006527706980705,0.0792493000626564,0.010784057900309563,4.555953921055404,3.10624448306501,0.1256175759989545,1000,5.198295669663223,4.04883908574922,-0.4740573751497734,286
resnet_frozen,fold3_italy,37,0.7117991614249919,True,0,1e-05,1e-05,1.6028856839984655,0.12329889876911274,0.6817608941346407,0.4630792308598757,2.749035296961665,1.2557512316852808,0.0353972390294075,0.22032171674072742,0.07930777780711651,0.010762695223093033,4.547549985555577,3.097994305901546,0.12884038128102582,1000,5.195644940525295,4.042307410662385,-0.4725544477034973,286
resnet_frozen,fold3_italy,38,0.6860537017876132,False,1,1e-05,1e-05,1.6039607767015696,0.12338159820781304,0.6816047355532646,0.4636121317744255,2.750475911423564,1.2569039389491081,0.035587748512625694,0.22020318917930126,0.07919845543801785,0.010742243379354477,4.546077662881425,3.0894094936023557,0.12940438626418194,1000,5.206231709570366,4.058610438228432,-0.47856158517550607,286
resnet_frozen,fold3_italy,39,0.7280811536602858,True,0,1e-05,1e-05,1.60516313649714,0.12347408742285691,0.6814380548894405,0.4638895019888878,2.751808123663068,1.2580559626221657,0.0355039406567812,0.2202281467616558,0.07924576103687286,0.010782578960061073,4.535808701046604,3.088309129402261,0.13333305469114598,1000,5.18831852110558,4.044125034715198,-0.4684044547323154,286
resnet_frozen,fold3_italy,40,0.6542216181678552,True,0,1e-05,1e-05,1.6121353022754192,0.12401040786733994,0.6831419467926025,0.46356839314103127,2.760163553059101,1.2647855337709188,0.035449638962745667,0.22041788510978222,0.07937217876315117,0.010778933763504028,4.519449185301868,3.0794930085041847,0.1395734778592551,1000,5.157119576377871,4.013442159684962,-0.45079762259781186,286
resnet_frozen,fold3_italy,41,0.6708918180943148,True,0,1e-05,1e-05,1.6051808502525091,0.12347545001942378,0.6833137590438128,0.46462305448949337,2.754442483186722,1.257947375997901,0.035569608211517334,0.22020736522972584,0.0793418250977993,0.010791970416903496,4.511765973631239,3.075626815474587,0.14249649768060657,1000,5.137484731039281,3.99327392626788,-0.43977132840826627,286
resnet_frozen,fold3_italy,42,0.6946235648015651,False,1,1e-05,1e-05,1.604514880105853,0.12342422154660408,0.6819874383509159,0.4640323631465435,2.7518476247787476,1.2570776138454676,0.03553813509643078,0.22037997841835022,0.07930479384958744,0.010876435786485672,4.509344053329824,3.066796332804246,0.14341686799123066,1000,5.152269679095912,4.005316612413167,-0.4480701656074997,286
resnet_frozen,fold3_italy,43,0.6468023930954842,False,2,1e-05,1e-05,1.6035677026957273,0.12335136174582519,0.6787011381238699,0.463472843170166,2.7470336258411407,1.2564397640526295,0.03559011407196522,0.22027613781392574,0.0792388953268528,0.01069987379014492,4.502780253296004,3.0610514956351844,0.14590873745739485,1000,5.157949640588914,4.011252762028596,-0.45126468646228024,286
resnet_frozen,fold3_italy,44,0.6679351343576042,True,0,1e-05,1e-05,1.6793646160513163,0.12918189354240894,0.6893113143742085,0.4626930542290211,2.8326344415545464,1.3245652243494987,0.035766324028372765,0.2210702057927847,0.08511160872876644,0.011449666693806648,4.482966163479115,3.048882999386084,0.15340890662342677,1000,5.129221706817778,3.985536342847652,-0.43514365605642147,286
resnet_frozen,fold3_italy,45,0.6580745879278562,True,0,1e-05,1e-05,1.5998703930526972,0.12306695331174594,0.6756199467927217,0.46347906440496445,2.740279896184802,1.2525584883987904,0.03563825599849224,0.2201604936271906,0.07932017371058464,0.01086336001753807,4.483351101037662,3.0567424585857585,0.15326351239647473,1000,5.116798854733538,3.974496903439376,-0.42820030746162474,286
resnet_frozen,fold3_italy,46,0.6696832652881608,True,0,1e-05,1e-05,1.6041596978902817,0.12339689983771397,0.6808249708265066,0.46310533583164215,2.7493927739560604,1.256749402731657,0.03556354157626629,0.22027361020445824,0.07936039194464684,0.010858912020921707,4.470230124684648,3.051440726314979,0.15821237850265435,1000,5.088206004051645,3.947288134496116,-0.41228323825280544,286
resnet_frozen,fold3_italy,47,0.6872838982721654,True,0,1e-05,1e-05,1.6079731713980436,0.12369024395369567,0.6766052488237619,0.4632626958191395,2.749165477231145,1.2605257350951433,0.03563528321683407,0.2203416097909212,0.07931032218039036,0.010816916823387146,4.45776955543846,3.0432845506590676,0.16289872959893448,1000,5.069515113038981,3.9288234503074895,-0.4019266020133281,286
resnet_frozen,fold3_italy,48,0.6757449248329819,True,0,1e-05,1e-05,1.6075435020029545,0.12365719246176574,0.6781245209276676,0.4629294667392969,2.74989353120327,1.2594367116689682,0.03555230610072613,0.22098046354949474,0.07942458055913448,0.010817764326930046,4.4524846191303356,3.0353594040666034,0.1648824142090468,1000,5.0676256319205155,3.9317820304811057,-0.4008817603900956,286
resnet_frozen,fold3_italy,49,0.6630051687684996,False,1,1e-05,1e-05,1.601855332031846,0.12321964092552662,0.6766978912055492,0.46237811632454395,2.7422288693487644,1.254451435059309,0.03570142015814781,0.22019265964627266,0.07931089028716087,0.010839758440852165,4.456662391585227,3.030950023426496,0.16331449500006623,1000,5.088095035727511,3.9471978243836445,-0.4122216381544235,286
resnet_frozen,fold3_italy,50,0.6981380484682604,True,0,1e-05,1e-05,1.6037638653069735,0.1233664511774595,0.6852686945348978,0.462749607861042,2.7530674282461405,1.2564422897994518,0.035698527470231056,0.22015920467674732,0.07928749173879623,0.010824626311659813,4.437691371869463,3.0228864103741655,0.1704225020151624,1000,5.056159976717299,3.921523202553652,-0.3945498574434736,286
resnet_frozen,fold3_italy,51,0.6968509574756696,True,0,1e-05,1e-05,1.6077322084456682,0.12367170834197448,0.680448193103075,0.4638179074972868,2.7533217407763004,1.2601301744580269,0.03561885468661785,0.22041689790785313,0.07933437824249268,0.010857617482542992,4.430183706601599,3.0137870859884153,0.17322707819490268,1000,5.055777188040351,3.917794156727518,-0.394338709975693,286
resnet_frozen,fold3_italy,52,0.6973902932792634,True,0,1e-05,1e-05,1.598411774262786,0.12295475186636814,0.6815334837883711,0.46421122923493385,2.7454928793013096,1.2509587481617928,0.035632576793432236,0.2203349769115448,0.07923532091081142,0.010903190821409225,4.426821241808784,3.0100631158509525,0.17448162655281596,1000,5.051885407512283,3.917831306825633,-0.3921928987665195,286
resnet_frozen,fold3_italy,53,0.6575996458759968,False,1,1e-05,1e-05,1.608363913372159,0.12372030102862762,0.6847978476434946,0.46495169028639793,2.7594352290034294,1.2608688548207283,0.035620685666799545,0.22035079821944237,0.07930350303649902,0.010853152722120285,4.426952539016493,3.0052535261355295,0.1744326569383703,1000,5.074779437756396,3.9326766360468284,-0.4048397124779832,286
resnet_frozen,fold3_italy,54,0.6741021163809437,True,0,1e-05,1e-05,1.6121906451880932,0.1240146650144687,0.683338226750493,0.4640291389077902,2.7608584333211184,1.2650872264057398,0.035465629771351814,0.2201123759150505,0.07931221649050713,0.010887954384088516,4.41223855293151,2.9968798450822245,0.17991145933664654,1000,5.040003781143992,3.9036012748105113,-0.385651949252241,286
resnet_frozen,fold3_italy,55,0.6869931592867831,True,0,1e-05,1e-05,1.6024594511836767,0.12326611162951359,0.6805323977023363,0.46389749087393284,2.7482080683112144,1.2550097964704037,0.0356620866805315,0.220173055306077,0.07935978285968304,0.010874954983592033,4.409214077051111,2.9967008706378517,0.18103537314020568,1000,5.0342322224609575,3.898672250602868,-0.3824802085977712,286
resnet_frozen,fold3_italy,56,0.6885054409886509,True,0,1e-05,1e-05,1.6789691932499409,0.12915147640384161,0.6772906463593245,0.46349786035716534,2.82106452062726,1.3247307296842337,0.0358758382499218,0.22049842774868011,0.08474524691700935,0.011721311137080193,4.393969319146054,3.0020292337787065,0.18668868644804593,1000,4.993268465189421,3.857424878364176,-0.3600731465363811,286
resnet_frozen,fold3_italy,57,0.682713056023834,False,1,1e-05,1e-05,1.5748024825006723,0.12113865250005172,0.6655801497399807,0.46547835133969784,2.707194922491908,1.226965308189392,0.03591656684875488,0.22022477723658085,0.07943186722695827,0.01088687963783741,4.39496408191143,2.9898951660417628,0.18632038920501115,1000,5.021404419738618,3.8863559160291965,-0.3754437477309418,286
resnet_frozen,fold3_italy,58,0.6507497573312042,False,2,1e-05,1e-05,1.5421060230582952,0.11862354023525348,0.6722020842134953,0.46888862177729607,2.684490902349353,1.1945968978106976,0.035508859902620316,0.22034286335110664,0.07942679151892662,0.010882116854190826,4.407701393526883,2.9870729540904684,0.1815972065059075,1000,5.048806769554477,3.9139128187904606,-0.3904966006175312,286
resnet_frozen,fold3_italy,59,0.6753451058280024,False,3,1e-05,1e-05,1.5781755857169628,0.12139812197822791,0.6620044503360987,0.45956794917583466,2.7010500244796276,1.2304158434271812,0.035797737538814545,0.22039582394063473,0.07935803569853306,0.010872513055801392,4.390320677687474,2.978802350193982,0.18803883211407646,1000,5.014362836238845,3.8827074235938293,-0.3715888456857339,286
resnet_frozen,fold3_italy,60,0.6406884128000678,True,0,1e-05,1e-05,1.5601121466606855,0.12000862666620658,0.7035182416439056,0.48548478446900845,2.7504090927541256,1.212414225563407,0.035840725526213646,0.22027269937098026,0.07939373329281807,0.010854298248887062,4.378002061722666,2.979781899820655,0.19258893499257257,1000,4.985293450373605,3.8589120239878887,-0.35573212552943123,286
resnet_frozen,fold3_italy,61,0.6598832896493366,False,1,1e-05,1e-05,1.617122359573841,0.12439402765952624,0.6478243619203568,0.4609530810266733,2.7272062338888645,1.2696890905499458,0.03559426963329315,0.22028089687228203,0.07937852665781975,0.010826868936419487,4.386953369684463,2.98073577523705,0.18928387776074518,1000,5.004949449030799,3.8732245339722247,-0.3664439536126458,286
resnet_frozen,fold3_italy,62,0.6372768070945691,False,2,1e-05,1e-05,1.6109514757990837,0.12391934429223721,0.726676044985652,0.48060445114970207,2.8195188362151384,1.258156418800354,0.03568682819604874,0.22047786228358746,0.08311135694384575,0.012150656431913376,4.398199345248882,2.973302592659598,0.18512200092107944,1000,5.041133146076683,3.9061473336644847,-0.38627301309292394,286
resnet_frozen,fold3_italy,63,0.625171403982826,False,3,1e-05,1e-05,1.6300754398107529,0.12539041844698098,0.6557020787149668,0.4630833026021719,2.75015752017498,1.2750855721533298,0.035815104842185974,0.22041151113808155,0.08484172821044922,0.012524543330073357,4.386273304993027,2.970444499589614,0.1895352124017996,1000,5.013461490217418,3.882439082862067,-0.3710957959893393,286
resnet_frozen,fold3_italy,64,0.6598930496612471,False,4,1e-05,1e-05,1.593340240418911,0.12256463387837777,0.6622448526322842,0.45873857103288174,2.7156154830008745,1.2377048768103123,0.0356235858052969,0.22048726491630077,0.08558138832449913,0.012586420401930809,4.386032730462305,2.968949412738294,0.18962411330943385,1000,5.003127421623647,3.8769422764172563,-0.36544924020828096,286
resnet_frozen,fold3_italy,65,0.6483123558782644,False,5,1e-05,1e-05,1.5344707891345024,0.11803621454880787,0.6515807062387466,0.45994446240365505,2.6472724974155426,1.1786762308329344,0.035871995612978935,0.22016492672264576,0.0859202966094017,0.012512801215052605,4.396584612553401,2.9670273759376697,0.18572023147168693,1000,5.033462739983693,3.906171667077128,-0.38205761665199356,286
resnet_frozen,fold3_italy,66,0.6399444671436207,True,0,1e-05,1e-05,1.5395598448812962,0.11842768037548432,0.6618851236999035,0.45880918204784393,2.6615544091910124,1.1849954538047314,0.035737914964556694,0.22025788389146328,0.0847597736865282,0.012456066906452179,4.364942650372348,2.9595401542262327,0.19739870275347893,1000,4.982948952085837,3.8544466345215045,-0.35445727008560923,286
resnet_frozen,fold3_italy,67,0.6335887001475872,True,0,1e-05,1e-05,1.556522274389863,0.11973248264537407,0.657743401825428,0.4586426820605993,2.6742985900491476,1.2018079664558172,0.03563932701945305,0.22032411955296993,0.08483861200511456,0.012540163472294807,4.364470720573991,2.9627072295291135,0.19757224500713977,1000,4.971071347915319,3.845643856638283,-0.3480078628185159,286
resnet_frozen,fold3_italy,68,0.6535962159734635,True,0,1e-05,1e-05,1.6315103583037853,0.12550079679259887,0.6560732610523701,0.4576269704848528,2.746563581749797,1.2722082771360874,0.03597765229642391,0.2205279190093279,0.08829260990023613,0.01306774839758873,4.349478527040633,2.9581017138277796,0.2030755423624342,1000,4.945914550186104,3.8175236989311867,-0.3343988229597714,286
resnet_frozen,fold3_italy,69,0.6271184741762086,True,0,1e-05,1e-05,1.5419363379478455,0.11861048753444965,0.6536938305944204,0.4598086252808571,2.6567539740353823,1.18872301094234,0.035793520510196686,0.2201636303216219,0.08362727798521519,0.012257922440767288,4.339566510750246,2.9590195808844735,0.20670362214487226,1000,4.932499063223639,3.803281759730747,-0.3271696921988547,286
resnet_frozen,fold3_italy,70,0.675947543362751,False,1,1e-05,1e-05,1.5335706565529108,0.11796697358099315,0.770082525908947,0.45937565341591835,2.7643360272049904,1.1803752686828375,0.035808464512228966,0.22018099389970303,0.08359936065971851,0.012224845588207245,4.359435210077797,2.9469815872339327,0.19942277979119638,1000,4.975857214535586,3.8445271444613356,-0.3506046838647925,286
resnet_frozen,fold3_italy,71,0.6504101881778899,False,2,1e-05,1e-05,1.543276634067297,0.11871358723594592,0.6600523050874472,0.4587855525314808,2.6634246334433556,1.1902490947395563,0.03555060178041458,0.2202350739389658,0.08367546275258064,0.012214699760079384,4.336728220281276,2.9400695681040006,0.20774099268049373,1000,4.939586900361331,3.812776063543383,-0.33098663006920415,286
resnet_frozen,fold3_italy,72,0.6404274979819076,False,3,1e-05,1e-05,1.5398915726691484,0.1184531978976268,0.6593853645026684,0.4583605248481035,2.6589235942810774,1.18623498827219,0.03603707067668438,0.2204404752701521,0.08361384458839893,0.012211957946419716,4.3415707273602955,2.936148704373425,0.2059706895225012,1000,4.955662778080645,3.83131798645103,-0.3396641153058646,286
resnet_frozen,fold3_italy,73,0.6448897433219734,False,4,1e-05,1e-05,1.5338109713047743,0.11798545933113648,0.667823851108551,0.45779813453555107,2.6607094556093216,1.1805690620094538,0.0357262808829546,0.22043678909540176,0.08355236053466797,0.012189658358693123,4.335242184871385,2.9282168985265042,0.2082838550256365,1000,4.955738730058806,3.8283717223382228,-0.3397051798108204,286
resnet_frozen,fold3_italy,74,0.6268135160781606,False,5,1e-05,1e-05,1.5492600798606873,0.11917385229697594,0.6561075951904058,0.45703598484396935,2.6636821012943983,1.1960001327097416,0.03581077419221401,0.2202871721237898,0.08351570926606655,0.012288007885217667,4.332847252176229,2.93340829931337,0.20915835433323504,1000,4.947885720671377,3.81879697264505,-0.33546267139504726,286
resnet_frozen,fold3_italy,75,0.6420511421251358,True,0,1e-05,1e-05,1.5327196717262268,0.11790151320970975,0.6609071791172028,0.45891707576811314,2.653860757127404,1.1792178694158792,0.03613881580531597,0.22026528976857662,0.08362512476742268,0.01212400384247303,4.312363616097425,2.926599516383266,0.21661812395452007,1000,4.9158406820921865,3.787236911786595,-0.3182204090499483,286
resnet_frozen,fold3_italy,76,0.6703515534835541,False,1,1e-05,1e-05,1.538369296118617,0.11833609970143208,0.6470081098377705,0.4563674759119749,2.6430753022432327,1.1850732862949371,0.03557749278843403,0.22035656683146954,0.08373518660664558,0.012265538796782494,4.312358833075002,2.9215064241560196,0.2166198617166084,1000,4.9177934358274085,3.7908057410237785,-0.31926790886528744,286
resnet_frozen,fold3_italy,77,0.6487544375604475,False,2,1e-05,1e-05,1.4906256310641766,0.11466351008185974,0.6436324995011091,0.4606092981994152,2.596147119998932,1.136908022686839,0.03613189049065113,0.22023802995681763,0.08373626507818699,0.012274207547307014,4.329528816150385,2.92447585666835,0.21036926821278534,1000,4.936445763933726,3.8116210710575844,-0.32929439087533363,286
resnet_frozen,fold3_italy,78,0.6316697450596194,True,0,1e-05,1e-05,1.6234376262873411,0.12487981740671855,0.703858794644475,0.5053908340632915,2.833990404382348,1.26921764947474,0.03628704883158207,0.2203471064567566,0.08387503027915955,0.012363353744149208,4.321989029772657,2.928594430664087,0.21311712517826575,1000,4.911797883673419,3.7926980887070307,-0.3160530857716297,286
resnet_frozen,fold3_italy,79,0.6244129906569886,True,0,1e-05,1e-05,1.5269180350005627,0.11745523346158174,0.641927920281887,0.4542523641139269,2.6243974305689335,1.1734176855534315,0.035935498774051666,0.2202817928045988,0.08370832726359367,0.012229379266500473,4.311943401383055,2.9211459899183354,0.2167707885170821,1000,4.905131079038268,3.7831115560578388,-0.31248294114645425,286
resnet_frozen,fold3_italy,80,0.6373633681886156,True,0,1e-05,1e-05,1.5677551366388798,0.12059654897222152,0.7041725851595402,0.4785011876374483,2.751738643273711,1.2138947397470474,0.036150919273495674,0.2205234318971634,0.08350876905024052,0.012332215905189514,4.307670090219264,2.9138869119926936,0.21832244322317118,1000,4.894036558265714,3.7778603684807734,-0.30655245675129184,286
resnet_frozen,fold3_italy,81,0.6444775789631806,False,1,1e-05,1e-05,1.4734187684953213,0.11333990526887086,0.6400225609540939,0.45288592390716076,2.567628812044859,1.1200541406869888,0.03606495261192322,0.2201293148100376,0.08356562070548534,0.012255027890205383,4.302934203605834,2.906259420517925,0.22004026340467853,1000,4.907449500078043,3.7850036495395063,-0.3137239302780144,286
resnet_frozen,fold3_italy,82,0.6249608574997016,True,0,1e-05,1e-05,1.4702362976968288,0.11309509982283299,0.6339672151952982,0.45494761504232883,2.560432679951191,1.1163321174681187,0.035985151305794716,0.2203277423977852,0.08396914973855019,0.012276522815227509,4.286549026306145,2.903749118211218,0.22596898360213258,1000,4.8645798735880055,3.7455388302992296,-0.290871789232072,286
resnet_frozen,fold3_italy,83,0.6172613339338437,False,1,1e-05,1e-05,1.4647614546120167,0.11267395804707821,0.6244148518890142,0.45239135436713696,2.542871681973338,1.1110724061727524,0.036205191165208817,0.22021630592644215,0.08371277712285519,0.012215904891490936,4.286226732319285,2.8977000837932976,0.22608537380897653,1000,4.867280831945215,3.747710567026678,-0.292305647434405,286
resnet_frozen,fold3_italy,84,0.6420281429192833,True,0,1e-05,1e-05,1.4685297477990389,0.11296382675377223,0.6187893878668547,0.45375849679112434,2.542371693998575,1.1142774857580662,0.03625090979039669,0.22042077407240868,0.0840285625308752,0.012227891013026237,4.281124571462848,2.9003652007023604,0.22792675412085617,1000,4.86197696342773,3.7440382419100815,-0.28949073497761946,286
resnet_frozen,fold3_italy,85,0.609628250494848,True,0,1e-05,1e-05,1.4735109210014343,0.11334699392318726,0.6242351122200489,0.4534347355365753,2.5524929612874985,1.1199492942541838,0.03584331460297108,0.2201507706195116,0.08399495109915733,0.012231087312102318,4.263008281426135,2.8914467390446656,0.23444724108354076,1000,4.825378680503551,3.7118315265366935,-0.2701506496167625,286
resnet_frozen,fold3_italy,86,0.6352300400605404,False,1,1e-05,1e-05,1.481652257964015,0.11397325061261654,0.662007374688983,0.45908280834555626,2.6040687318891287,1.1281246785074472,0.03589305840432644,0.2201624233275652,0.0839322917163372,0.012201985344290733,4.2695815869010145,2.8904578006399233,0.23208454718519733,1000,4.8333348424197,3.7172739046396455,-0.2743425922481211,286
resnet_frozen,fold3_italy,87,0.6329166332166523,False,2,1e-05,1e-05,1.532539688050747,0.11788766831159592,0.6592147033661604,0.45847505144774914,2.6515176333487034,1.1769284568727016,0.03593974933028221,0.220803989097476,0.0850848201662302,0.012437814846634865,4.260358491207989,2.8837567821541006,0.23539864611318362,1000,4.826836295041495,3.710344013933318,-0.27091812085661227,286
resnet_frozen,fold3_italy,88,0.6075249891226038,True,0,1e-05,1e-05,1.5332048274576664,0.11793883288135895,0.6603363547474146,0.45864625088870525,2.6534754745662212,1.1784838233143091,0.03581099584698677,0.22020571120083332,0.08495080843567848,0.01240554079413414,4.263403911395966,2.8890392106700364,0.23430513970856937,1000,4.823426617265069,3.705858984297382,-0.2691232015998224,286
resnet_frozen,fold3_italy,89,0.6130532657533923,False,1,1e-05,1e-05,1.538773162290454,0.11836716633003491,0.6640059668570757,0.4591524116694927,2.6632359120994806,1.1838126182556152,0.03615953214466572,0.22013362310826778,0.08483860827982426,0.01247631385922432,4.2583615939244535,2.881314050282677,0.23611523958528968,1000,4.8297929975060745,3.7123771734861224,-0.27247561210657834,286
resnet_frozen,fold3_italy,90,0.6270924369698159,True,0,1e-05,1e-05,1.540640614926815,0.11851081653283192,0.664131747558713,0.4582714010030031,2.664350824430585,1.186405275017023,0.035476066172122955,0.22017784044146538,0.08474285341799259,0.012498058378696442,4.2491410696907295,2.8768333879236407,0.2394196994444725,1000,4.806245852923017,3.6929699266432654,-0.2600982178344582,286
resnet_frozen,fold3_italy,91,0.634112604278043,True,0,1e-05,1e-05,1.5312701910734177,0.1177900146979552,0.6563759632408619,0.45756233111023903,2.6465015783905983,1.1764185149222612,0.035684509202837944,0.22027588449418545,0.08499469794332981,0.012501666322350502,4.227548832551106,2.869618380703114,0.247129918384569,1000,4.766889409852732,3.659611502005297,-0.23954582137502056,286
resnet_frozen,fold3_italy,92,0.6231400401968705,False,1,1e-05,1e-05,1.5449857003986835,0.11884505387682182,0.6524729020893574,0.45738478004932404,2.6561476457864046,1.1899407301098108,0.03610282205045223,0.22030139155685902,0.08486907929182053,0.012401696294546127,4.243023714088425,2.867848413278426,0.2416080904082224,1000,4.798039551227266,3.6853626304174734,-0.25579884637632433,286
resnet_frozen,fold3_italy,93,0.625043085512056,False,2,1e-05,1e-05,1.6329354010522366,0.12561041546555665,0.6623825877904892,0.4597509130835533,2.756366854533553,1.270668676123023,0.03630456142127514,0.22050929814577103,0.09038708917796612,0.013605697080492973,4.241947081024523,2.8706409457262527,0.24199291324631345,1000,4.778537214766573,3.669345471348229,-0.245610836164609,286
resnet_frozen,fold3_italy,94,0.6424209282701221,False,3,1e-05,1e-05,1.547101454809308,0.11900780421610062,0.665878240019083,0.4599420242011547,2.674210960045457,1.1998405642807484,0.03545002080500126,0.22031795792281628,0.07928515411913395,0.010865092277526855,4.236599603240299,2.8657631416013007,0.24390282445783806,1000,4.780860637426368,3.670103003161478,-0.2468224136380155,286
resnet_frozen,fold3_italy,95,0.6193762263223357,False,4,1e-05,1e-05,1.5606975331902504,0.12005365639925003,0.6662972420454025,0.4607899747788906,2.689072150737047,1.2134001981467009,0.03560609556734562,0.22013678960502148,0.07928881049156189,0.010901963338255882,4.228406549688885,2.8638691334808604,0.24682439142112722,1000,4.771811745017063,3.661831009822665,-0.24210707659710606,286
resnet_frozen,fold3_italy,96,0.6257509140056272,False,5,1e-05,1e-05,1.5539629813283682,0.11953561394833602,0.6635027006268501,0.4605951737612486,2.6793581265956163,1.2066933121532202,0.035545049235224724,0.22021431289613247,0.07937531545758247,0.010795336216688156,4.24199634783855,2.871979196832808,0.2419753058550259,1000,4.786245918838827,3.6729387988624107,-0.2496328997672259,286
resnet_frozen,fold3_italy,97,0.6260948978048846,False,6,1e-05,1e-05,1.5461002588272095,0.11893078914055458,0.6683424841612577,0.45887055434286594,2.6745992358773947,1.1987486984580755,0.03572299890220165,0.22015521861612797,0.07929021120071411,0.010858191177248955,4.234421264856465,2.872924967609396,0.24468015166565416,1000,4.772427448149206,3.6620233638931277,-0.24242763348290675,286
resnet_frozen,fold3_italy,98,0.6188857912711215,False,7,1e-05,1e-05,1.5470274202525616,0.11900210925019704,0.6655930429697037,0.45903314277529716,2.672962326556444,1.1995733734220266,0.03578800521790981,0.220177061855793,0.07932302355766296,0.010832753032445908,4.233257316914462,2.8638601614473616,0.24509533574785547,1000,4.785833915659201,3.6762035274416203,-0.24941777059193093,286
resnet_frozen,fold3_italy,99,0.606740831487139,True,0,1e-05,1e-05,1.5500590819865465,0.11923531399896511,0.6636220421642065,0.4594030827283859,2.6743770595639944,1.2026998326182365,0.03569818660616875,0.2201453447341919,0.07930616661906242,0.010863535106182098,4.222207097215734,2.858702831007776,0.2490313000610329,1000,4.763722161604358,3.6570943809915177,-0.23789919409191906,286
resnet_frozen,fold3_italy,100,0.6139295788264244,True,0,1e-05,1e-05,1.5416713189333677,0.1185901014564129,0.6656791139394045,0.4586786553263664,2.667319977656007,1.1939336713403463,0.03576452471315861,0.22036302462220192,0.07933516800403595,0.010901851579546928,4.221228418552465,2.853514730983098,0.24937939850693613,1000,4.759127594215998,3.654512302955782,-0.23551246025257333,286
resnet_frozen,fold3_italy,101,0.630689198689222,True,0,1e-05,1e-05,1.5426360704004765,0.11866431310772896,0.6616206206381321,0.4588788766413927,2.6644526571035385,1.195424573495984,0.03555436618626118,0.22015235759317875,0.07929781638085842,0.010842440649867058,4.217958490971111,2.85416145818989,0.25054186786363175,1000,4.732404520476951,3.6302613527278766,-0.22167631336007254,286
resnet_frozen,fold3_italy,102,0.6151469844908708,False,1,1e-05,1e-05,1.5420604590326548,0.11862003531020421,0.6621881332248449,0.4591459855437279,2.664710668846965,1.1941356491297483,0.03573640063405037,0.22033977322280407,0.07941723056137562,0.011033236980438232,4.211125169936932,2.845439689398583,0.2529682263247873,1000,4.744051677477713,3.6431118948479972,-0.22769717048839566,286
resnet_frozen,fold3_italy,103,0.5984099840934225,False,2,1e-05,1e-05,1.5484040845185518,0.11910800650142707,0.6588585916906595,0.459020484238863,2.6675881631672382,1.2011024542152882,0.035501591861248016,0.22038386948406696,0.07920749671757221,0.010883374139666557,4.220737272518609,2.844028828452911,0.24955405993128332,1000,4.755685833070325,3.651268254002943,-0.23372608194324096,286
resnet_frozen,fold3_italy,104,0.6040629280087884,False,3,1e-05,1e-05,1.5390675235539675,0.11838980950415134,0.6376505475491285,0.45238439179956913,2.6304279137402773,1.1918053291738033,0.03540585748851299,0.22028085589408875,0.07934559509158134,0.010877419263124466,4.223615484039028,2.850793690895663,0.2485302205088542,1000,4.754189312188352,3.648766575474042,-0.23294974540109248,286
resnet_frozen,fold3_italy,105,0.6033849303009269,False,4,1e-05,1e-05,1.4418831672519445,0.11091408978861111,0.6769065912812948,0.4686144609004259,2.5887059923261404,1.0908603593707085,0.035626281052827835,0.22031876258552074,0.0820187870413065,0.011736113578081131,4.209098318841139,2.8381704351137413,0.25368715902230055,1000,4.741370475533999,3.640120919206219,-0.22630984417950595,286
resnet_frozen,fold3_italy,106,0.6009389001383555,True,0,1e-05,1e-05,1.4750119559466839,0.11346245814974491,0.6363016590476036,0.4524898827075958,2.565097440034151,1.1214486118406057,0.03578982502222061,0.22035850025713444,0.083883972838521,0.012198099866509438,4.206233470719466,2.84287578785117,0.25470274248366764,1000,4.730359312053206,3.6284098511221097,-0.2206205951649094,286
resnet_frozen,fold3_italy,107,0.6439772152625244,False,1,1e-05,1e-05,1.5056455451995134,0.11581888809227027,0.6398948505520821,0.45870471745729446,2.605539245530963,1.1517609059810638,0.0356930922716856,0.22019529156386852,0.08441301062703133,0.012263763695955276,4.215272362069359,2.8476466185907516,0.251496121035078,1000,4.744604510867525,3.642519039828097,-0.2279833189456093,286
resnet_frozen,fold3_italy,108,0.6047558265717865,False,2,1e-05,1e-05,1.5448480676859617,0.11883446674507397,0.6443540640175343,0.46021671779453754,2.6507142037153244,1.1906785983592272,0.035285307094454765,0.22028629295527935,0.08480890840291977,0.012427419424057007,4.214655773519198,2.839315458107775,0.25171507968238016,1000,4.752870046126303,3.649087325150758,-0.23226556437126544,286
resnet_frozen,fold3_italy,109,0.5806605264219301,False,3,1e-05,1e-05,1.5546827353537083,0.11959097964259294,0.6496828384697437,0.4604510981589556,2.6661494839936495,1.2002133801579475,0.035562463104724884,0.2202662080526352,0.0848483256995678,0.012461218982934952,4.201323210072774,2.832723098697737,0.25644181272324984,1000,4.737254728534483,3.6343166703300667,-0.2241817715115968,286
resnet_frozen,fold3_italy,110,0.5881368542742821,True,0,1e-05,1e-05,1.5478087030351162,0.11906220792577817,0.6482739876955748,0.4600322190672159,2.6573846209794283,1.1933935657143593,0.035644082352519035,0.22039706632494926,0.08456074818968773,0.012464778497815132,4.19102771186264,2.829151759448471,0.26008158134058024,1000,4.72593780421972,3.624864941540056,-0.21833981230519672,286
resnet_frozen,fold3_italy,111,0.6055075541540349,False,1,1e-05,1e-05,1.537010757252574,0.11823159671173646,0.6694033518433571,0.46041190810501575,2.668126108124852,1.1826014313846827,0.035424722358584404,0.2202800903469324,0.08497505821287632,0.012406531721353531,4.18927879940542,2.8234317655949908,0.2606989872014489,1000,4.72927278300677,3.6295704391725785,-0.22005992426020726,286
resnet_frozen,fold3_italy,112,0.6043652272346849,False,2,1e-05,1e-05,1.5466041043400764,0.11896954648769818,0.6644965205341578,0.45965698920190334,2.672048904001713,1.1919148229062557,0.03564411401748657,0.2202533222734928,0.08494840189814568,0.012506145983934402,4.189117915873148,2.8183388584741733,0.2607557698030164,1000,4.7321212017587015,3.629891242923386,-0.22153003955575912,286
resnet_frozen,fold3_italy,113,0.6091598122355567,True,0,1e-05,1e-05,1.6804038155823946,0.1292618319678765,0.6736056040972471,0.4607653599232435,2.8160725478082895,1.3245744481682777,0.0355887096375227,0.22092115134000778,0.08538202568888664,0.012551292777061462,4.17633811850306,2.8190314807492496,0.2652593340460746,1000,4.7055363940651445,3.6059931674567047,-0.20784360981090266,286
resnet_frozen,fold3_italy,114,0.6027724391688737,True,0,1e-05,1e-05,1.590242750942707,0.12232636545713131,0.695689607411623,0.479496231302619,2.7667445316910744,1.2349962629377842,0.035428792238235474,0.22049356624484062,0.08542251773178577,0.012534527108073235,4.177077331748281,2.822029624874248,0.26499921233956447,1000,4.6873745625674905,3.5892764825994816,-0.19853784055016055,286
resnet_frozen,fold3_italy,115,0.5905853720317297,False,1,1e-05,1e-05,1.6420089546591043,0.1263083811276234,0.6623608898371458,0.46653249487280846,2.7721976079046726,1.287100786343217,0.03585668280720711,0.22025970555841923,0.08490020968019962,0.012505568563938141,4.193240202684552,2.812868130470426,0.2593001525671309,1000,4.7272799084043315,3.6333421137183426,-0.21903189553062297,286
resnet_frozen,fold3_italy,116,0.6096810107436198,True,0,1e-05,1e-05,1.5698785614222288,0.12075988934017144,0.6939843371510506,0.4856410752981901,2.7508017364889383,1.2148339673876762,0.035845935344696045,0.22047217935323715,0.08481260761618614,0.012531368061900139,4.177094484897182,2.822704630525196,0.2649931757724443,1000,4.6820319194362385,3.5882515492130684,-0.1958072242449671,286
resnet_frozen,fold3_italy,117,0.6047845919722923,False,1,1e-05,1e-05,1.646569048985839,0.1266591576142953,0.661045428365469,0.4654892235994339,2.7744266726076603,1.2915664669126272,0.03573729284107685,0.22045614011585712,0.08496794104576111,0.01247754693031311,4.175892579155469,2.814186566547549,0.2654160926255813,1000,4.698433163250541,3.603689080590829,-0.20419976750278623,286
resnet_frozen,fold3_italy,118,0.5832824387966592,False,2,1e-05,1e-05,1.6875571943819523,0.1298120918755348,0.7001182418316603,0.4689532071352005,2.857909394428134,1.3246903028339148,0.03581264056265354,0.2207977157086134,0.09157703444361687,0.013224650174379349,4.183189619304603,2.8134760769244997,0.262846595684734,1000,4.70841628820485,3.615799867107539,-0.20932251716198946,286
resnet_frozen,fold3_italy,119,0.5967989454526498,False,3,1e-05,1e-05,1.5740482583642006,0.12108063525878467,0.6601085513830185,0.4584795609116554,2.6939185205847025,1.221746115013957,0.03591584973037243,0.22033609077334404,0.08265597373247147,0.012005699798464775,4.1765466014813,2.813213902452052,0.26518597564389323,1000,4.691072728818465,3.6008499054706538,-0.2004297912063404,286
resnet_frozen,fold3_italy,120,0.5920812484541662,True,0,1e-05,1e-05,1.4597431123256683,0.1122879317173591,0.5638048332184553,0.4745030887424946,2.499356657266617,1.1111865509301424,0.0369854886084795,0.22010290995240211,0.07929819822311401,0.01081433892250061,4.1691145776615,2.8091992483452013,0.26779880240336795,1000,4.675366453658485,3.586002655880643,-0.19240488155323954,286
resnet_frozen,fold3_italy,121,0.6002140726525915,True,0,1e-05,1e-05,1.544852614402771,0.11883481649252084,0.6581602897495031,0.4581486899405718,2.662450572475791,1.1973861176520586,0.0358795877546072,0.22015153244137764,0.0792356263846159,0.010854341089725494,4.159531618100524,2.8095408731256697,0.2711609505219861,1000,4.653934546258811,3.5644320880871643,-0.1814979556681764,286
resnet_frozen,fold3_italy,122,0.5862467243062364,False,1,1e-05,1e-05,1.545916274189949,0.11891663647614993,0.6572944596409798,0.4588766321539879,2.6633901968598366,1.198609258979559,0.03552725911140442,0.22015459090471268,0.07940875552594662,0.010876776650547981,4.1651087512098,2.8061154229253367,0.26920517383968123,1000,4.670572467825327,3.5798568378815205,-0.18996082012417692,286
resnet_frozen,fold3_italy,123,0.6084547003059241,False,2,1e-05,1e-05,1.5411091521382332,0.11854685785678717,0.664898943156004,0.45917306281626225,2.6664727814495564,1.193996511399746,0.0355671402066946,0.22012375853955746,0.07916842773556709,0.010888373479247093,4.160211676760516,2.8097586803654138,0.27092260934753076,1000,4.664141612540821,3.5730815984834976,-0.1866861904778696,286
resnet_frozen,fold3_italy,124,0.5990482996455818,False,3,1e-05,1e-05,1.541809955611825,0.11860076581629422,0.6632315441966057,0.45902281254529953,2.6653510313481092,1.1942397747188807,0.035853827372193336,0.22018162161111832,0.07936935499310493,0.010822577401995659,4.1799107781096385,2.7979018368479482,0.26400172463017013,1000,4.716298514387425,3.6202782936050975,-0.21337489136937138,286
resnet_frozen,fold3_italy,125,0.6030206397194917,False,4,1e-05,1e-05,1.5462315678596497,0.11894088983535767,0.664386436343193,0.4587718527764082,2.6707050874829292,1.1988413911312819,0.03553512878715992,0.22032824344933033,0.07934030145406723,0.010861733928322792,4.17382836805409,2.796434831547618,0.26614214649455326,1000,4.681200005897219,3.5911783530719568,-0.19538231477950996,286
resnet_frozen,fold3_italy,126,0.5904981295395265,False,5,1e-05,1e-05,1.5450642686337233,0.11885109758720948,0.6591367330402136,0.45901589281857014,2.6645016744732857,1.197619328275323,0.035657815635204315,0.22022381238639355,0.07929335162043571,0.010929824784398079,4.173066557435096,2.801869880959684,0.2664100107363123,1000,4.68825453043233,3.5946703152982873,-0.19898788940725076,286
resnet_frozen,fold3_italy,127,0.607769540935487,False,6,1e-05,1e-05,1.5440071802586317,0.11876978309681782,0.6660236362367868,0.4577688127756119,2.669105729088187,1.1966237034648657,0.0357814971357584,0.2200501188635826,0.07931435666978359,0.010869020596146584,4.158974156221509,2.796531229397524,0.271356295958487,1000,4.655580575031854,3.569084180962772,-0.1823338606561311,286
resnet_frozen,fold3_italy,128,0.5955452923597206,True,0,1e-05,1e-05,1.5357504449784756,0.1181346496137289,0.663651917129755,0.4593826625496149,2.660066295415163,1.1884465403854847,0.03551148995757103,0.22033877857029438,0.07926352508366108,0.010842643678188324,4.152122238793051,2.7976565612284086,0.27375520186334334,1000,4.651957689861266,3.563010018341865,-0.18049443672712884,286
resnet_frozen,fold3_italy,129,0.5775325507958526,False,1,1e-05,1e-05,1.5569742675870657,0.11976725135285121,0.6636337656527758,0.4586814437061548,2.680612349882722,1.2095302399247885,0.03568629175424576,0.22020725160837173,0.07930728048086166,0.010878751054406166,4.172449569846405,2.800098819519888,0.2666269171540361,1000,4.681294296870744,3.5917696429164465,-0.19543047119120782,286
resnet_frozen,fold3_italy,130,0.5783011126349918,True,0,1e-05,1e-05,1.5869212672114372,0.12207086670857209,0.7081751525402069,0.45963928662240505,2.7560447081923485,1.234825635328889,0.03594897873699665,0.22098922170698643,0.08231792785227299,0.011464223265647888,4.149266275793333,2.7944277965965965,0.2747539272509687,1000,4.634659709507304,3.552056593514815,-0.17173158657033816,286
resnet_frozen,fold3_italy,131,0.620424586442683,False,1,1e-05,1e-05,1.5403900910168886,0.11849154546283759,0.6620832663029432,0.4596124552190304,2.6633827425539494,1.1933058518916368,0.03536749631166458,0.22026453539729118,0.0792472492903471,0.010877789929509163,4.159674460303812,2.793903620250585,0.27111089163419366,1000,4.667409921225007,3.5810611760992868,-0.18834986880564064,286
resnet_frozen,fold3_italy,132,0.578844122005213,False,2,1e-05,1e-05,1.5537173002958298,0.11951671540737152,0.6635207757353783,0.4596551042050123,2.67819663323462,1.2065055388957262,0.03568209894001484,0.22013547644019127,0.07926327921450138,0.010829323902726173,4.170527485826095,2.7859900857643343,0.267302434010526,1000,4.694668327356615,3.6064747207999157,-0.20227069967655043,286
resnet_frozen,fold3_italy,133,0.5664059252732832,True,0,1e-05,1e-05,1.5420044045895338,0.11861572342996414,0.6626868471503258,0.45909175649285316,2.66509678773582,1.1948012188076973,0.03551177680492401,0.2203154619783163,0.07918101735413074,0.010857861489057541,4.142879940556551,2.791843715324193,0.27698473136586865,1000,4.616313200265029,3.5338299874748165,-0.16247324315751932,286
resnet_frozen,fold3_italy,134,0.5891986241389606,True,0,1e-05,1e-05,1.5525020509958267,0.11942323469198667,0.6623941380530596,0.4593444149941206,2.675546444952488,1.2051283549517393,0.035753801465034485,0.22016254998743534,0.07926544733345509,0.010798634961247444,4.132708766601234,2.797614290097652,0.2805305192656845,1000,4.588654124925387,3.5083043136811685,-0.14858483916374388,286
resnet_frozen,fold3_italy,135,0.5836221257437484,False,1,1e-05,1e-05,1.5456747878342867,0.11889806060263744,0.6654662191867828,0.45901887491345406,2.6714654844254255,1.1981138046830893,0.0357526820152998,0.2203763872385025,0.0792377982288599,0.010812658816576004,4.144636169375846,2.7836049513030723,0.2763716074476201,1000,4.655601223149523,3.5691152079522115,-0.18234434829453527,286
resnet_frozen,fold3_italy,136,0.5954895239892453,False,2,1e-05,1e-05,1.5451548900455236,0.11885806846504028,0.6621418874710798,0.45883291587233543,2.667413493618369,1.1980087701231241,0.03563385270535946,0.22008071281015873,0.07923771813511848,0.010841390118002892,4.142981010366295,2.78609964980121,0.2769494535359234,1000,4.649278941533957,3.558540943948298,-0.17913529408390882,286
resnet_frozen,fold3_italy,137,0.5680943148279985,False,3,1e-05,1e-05,1.5474420003592968,0.11903400002763821,0.6588655263185501,0.45877736434340477,2.666378514841199,1.1999526396393776,0.03582475706934929,0.22022525034844875,0.07920904830098152,0.010881917551159859,4.133111965096481,2.783477340612975,0.28039012555331055,1000,4.620339495934113,3.5338815879804217,-0.164501919247521,286
resnet_frozen,fold3_italy,138,0.5833643762076773,False,4,1e-05,1e-05,1.546409461647272,0.11895457397286709,0.6582132056355476,0.4591717068105936,2.6650966461747885,1.1991032920777798,0.03574621304869652,0.22012832202017307,0.07924987934529781,0.010785127058625221,4.117385902488171,2.7809898530269592,0.2858557895530025,1000,4.588876621330456,3.508072213056789,-0.148696227900581,286
resnet_frozen,fold3_italy,139,0.5925952407300702,True,0,1e-05,1e-05,1.5465844627469778,0.11896803559592137,0.6634831596165895,0.4592435471713543,2.670618010684848,1.199449436739087,0.035759760066866875,0.22011833265423775,0.0791306160390377,0.010785764083266258,4.118226202484435,2.776487257525647,0.2855642664230086,1000,4.5859846682375665,3.506616838345377,-0.1472488458447916,286
resnet_frozen,fold3_italy,140,0.5460468584214921,False,1,1e-05,1e-05,1.5508161652833223,0.11929355117564018,0.6623052805662155,0.4594892878085375,2.6739262640476227,1.2035987060517073,0.03567444905638695,0.2201476451009512,0.07926908507943153,0.01079607754945755,4.10896887026226,2.778501005375845,0.2887726066595818,1000,4.588195908483349,3.5049918617284774,-0.1483554585365503,286
resnet_frozen,fold3_italy,141,0.6109023651583969,False,2,1e-05,1e-05,1.5489789545536041,0.11915222727335416,0.6649843621999025,0.45943555794656277,2.6747008860111237,1.201939718797803,0.0355991218239069,0.2202110793441534,0.0791814848780632,0.010732993483543396,4.112284604071521,2.7693546374693097,0.28762429316282456,1000,4.601515461698986,3.5174141616086203,-0.1550324982780451,286
resnet_frozen,fold3_italy,142,0.5842634767714758,True,0,1e-05,1e-05,1.55047376640141,0.11926721280010846,0.6700921654701233,0.4773728270083666,2.69923223182559,1.2033344730734825,0.035872768610715866,0.22000258043408394,0.07920186780393124,0.010724049061536789,4.108261370541682,2.775206755894451,0.2890175098832234,1000,4.576564245580745,3.495707429533318,-0.14254038322511398,286
resnet_frozen,fold3_italy,143,0.5475229236449143,False,1,1e-05,1e-05,1.5735947825014591,0.12104575250011224,0.6646001916378736,0.45908987894654274,2.6987272035330534,1.2259918227791786,0.035289863124489784,0.22045256197452545,0.07967115193605423,0.01082279346883297,4.1201540151583,2.7669303586292355,0.28489523050188825,1000,4.621815545470331,3.5371481379307133,-0.16524607974911487,286
resnet_frozen,fold3_italy,144,0.5479377111054201,False,2,1e-05,1e-05,1.5517204701900482,0.11936311309154217,0.6559593379497528,0.45851179771125317,2.6675095167011023,1.2045530900359154,0.035492103546857834,0.22030831314623356,0.0792598258703947,0.010779190808534622,4.117039137745826,2.777010842694095,0.285976074418653,1000,4.597932099306954,3.513013950907606,-0.15323426963071074,286
resnet_frozen,fold3_italy,145,0.5796322608330743,False,3,1e-05,1e-05,1.5462726671248674,0.11894405131729749,0.6618639621883631,0.4587482288479805,2.6682162899523973,1.1990159135311842,0.03558272123336792,0.2202227134257555,0.0793079361319542,0.010787997394800186,4.119717166477654,2.778563788516864,0.28504686367524235,1000,4.598314480038488,3.5167445188957847,-0.15342609190674694,286
resnet_frozen,fold3_italy,146,0.5724685524180244,False,4,1e-05,1e-05,1.5493848696351051,0.1191834515103927,0.6653802841901779,0.4590814374387264,2.6751412134617567,1.202247891575098,0.03574318811297417,0.22015675716102123,0.07920593023300171,0.010722590610384941,4.109989872827023,2.769513954234158,0.2884191091107182,1000,4.603178051141808,3.5182624011251136,-0.15586730662627457,286
resnet_frozen,fold3_italy,147,0.6082186185502577,False,5,1e-05,1e-05,1.548578191548586,0.11912139934989122,0.6654864847660065,0.45921183936297894,2.6745923664420843,1.2015193812549114,0.03554721921682358,0.22016991674900055,0.07924321666359901,0.010767728090286255,4.1158076120423654,2.7640561477443852,0.2864031810212202,1000,4.628978900810589,3.540321306986647,-0.16886091041997653,286
resnet_frozen,fold3_italy,148,0.5706081976480447,False,6,1e-05,1e-05,1.5506711024791002,0.11928239249839233,0.6633171234279871,0.4592736288905144,2.674560746178031,1.2036938685923815,0.03548279404640198,0.2201600018888712,0.07922785729169846,0.010777948424220085,4.113340189252326,2.7752552583340795,0.28725852579797606,1000,4.603694333039406,3.5175018073299347,-0.15612660002099088,286
resnet_frozen,fold3_italy,149,0.5720249951574401,True,0,1e-05,1e-05,1.547246541827917,0.11901896475599362,0.6643136646598577,0.4584510885179043,2.6713321674615145,1.1999693382531404,0.035761818289756775,0.22021686658263206,0.0791646484285593,0.010780377313494682,4.094945516876146,2.7730880014194637,0.2936189677723813,1000,4.559242098312936,3.4820930853333825,-0.1339077946312932,286
resnet_frozen,fold3_italy,150,0.5537137779406007,False,1,1e-05,1e-05,1.5399446580559015,0.11845728138891551,0.6604105643928051,0.45807345770299435,2.6597224194556475,1.1928587183356285,0.03547901287674904,0.22023123688995838,0.07926637679338455,0.01078963652253151,4.118503326815826,2.766883308303528,0.28546811134227335,1000,4.630624758971321,3.5460460197603174,-0.16969224766060798,286
resnet_frozen,fold3_italy,151,0.5754931849141788,False,2,1e-05,1e-05,1.5372019372880459,0.11824630286831123,0.6617383044213057,0.4580923989415169,2.658361131325364,1.1898700278252363,0.03583553619682789,0.22012749686837196,0.07915966212749481,0.010834814980626106,4.110566394282958,2.7686828118977873,0.2882194636435119,1000,4.604061561172062,3.519288080445947,-0.15631105151363744,286
resnet_frozen,fold3_italy,152,0.5394716246749378,False,3,1e-05,1e-05,1.5481232069432735,0.11908640053409797,0.6652294956147671,0.4590879715979099,2.6737649217247963,1.2011981178075075,0.03534720651805401,0.22028576396405697,0.07922559231519699,0.01073894090950489,4.097696891435868,2.7618024407884842,0.29266942072024993,1000,4.579869905292893,3.4960255581807758,-0.1441914968220821,286
resnet_frozen,fold3_italy,153,0.5901616568628111,False,4,1e-05,1e-05,1.5443613454699516,0.11879702657461166,0.6652608178555965,0.4582900684326887,2.669221321120858,1.196504084393382,0.03606235049664974,0.22039702720940113,0.07923708856105804,0.010821646079421043,4.087361864559201,2.755662468086387,0.29623291597649104,1000,4.5649792330436645,3.4862751085597297,-0.13676330205209575,286
resnet_frozen,fold3_italy,154,0.5706151710089119,False,5,1e-05,1e-05,1.6762257441878319,0.12894044186060244,0.6587203629314899,0.4589431509375572,2.795213960111141,1.32887895219028,0.03569617308676243,0.22014428675174713,0.0792926624417305,0.010862473398447037,4.095883401989004,2.7561264069412603,0.2932953590114481,1000,4.593438676320684,3.5096875414469633,-0.15098132758146798,286
resnet_frozen,fold3_italy,155,0.5678784099332175,True,0,1e-05,1e-05,1.6230268739163876,0.12484822107049134,0.6665683183819056,0.45953708328306675,2.750426724553108,1.270878491923213,0.03548731841146946,0.22058146074414253,0.08306456170976162,0.011566335335373878,4.0709041433446735,2.7529718826042453,0.3018889281616802,1000,4.544286049382335,3.4640625157816816,-0.1264806984307678,286
resnet_frozen,fold3_italy,156,0.588306845841267,False,1,1e-05,1e-05,1.556517582386732,0.11973212172205631,0.6594617944210768,0.45786998979747295,2.675174670293927,1.2096626218408346,0.0353825967758894,0.22006766311824322,0.07920071296393871,0.010855132713913918,4.0818330234901605,2.7585938418549594,0.29813555384442747,1000,4.567724761977179,3.4878188941632025,-0.13813108705967547,286
resnet_frozen,fold3_italy,157,0.5538506142900294,False,2,1e-05,1e-05,1.5485881697386503,0.1191221669029731,0.6670073084533215,0.4591938517987728,2.6760860830545425,1.2017245702445507,0.03555070981383324,0.2201136164367199,0.0791294127702713,0.010760370641946793,4.074903750543597,2.7445642106901516,0.300516485281914,1000,4.572750413095579,3.4894479599016033,-0.14063692824259588,286
resnet_frozen,fold3_italy,158,0.554719556510372,False,3,1e-05,1e-05,1.552782652899623,0.11944481945381714,0.6661308296024799,0.4581972323358059,2.6784239765256643,1.2053927388042212,0.03578735329210758,0.22019798308610916,0.0793159268796444,0.010768156498670578,4.081174440751892,2.750309467670603,0.29836202000142065,1000,4.571791333273418,3.488171669076429,-0.14015850845548705,286
resnet_frozen,fold3_italy,159,0.5781078206253296,False,4,1e-05,1e-05,1.5583749562501907,0.11987499663463005,0.6657248493283987,0.4582917019724846,2.6836740989238024,1.2109519019722939,0.03591065667569637,0.22013403847813606,0.07922129519283772,0.010814821347594261,4.072564939390256,2.748657338370851,0.3013191988978915,1000,4.572197207657771,3.485965688656277,-0.14036095937262116,286
resnet_frozen,fold3_italy,160,0.5756859361972368,False,5,1e-05,1e-05,1.5478763412684202,0.11906741086680156,0.6606774255633354,0.4582906011492014,2.668158270418644,1.2008258495479822,0.03551934473216534,0.22015714459121227,0.07925035804510117,0.010772796347737312,4.067525696570671,2.736406693857342,0.3030471732797483,1000,4.575876033609835,3.491433504152508,-0.1421967844880887,286
resnet_frozen,fold3_italy,161,0.5349098902305681,False,6,1e-05,1e-05,1.554847477003932,0.11960365207722554,0.6602206360548735,0.4582703113555908,2.674628846347332,1.2073975671082735,0.03581998310983181,0.2201920822262764,0.07924913056194782,0.010867200791835785,4.077988946489112,2.7398871284849458,0.29945689674386566,1000,4.583619600622571,3.4982751928678604,-0.14606584082590834,286
resnet_frozen,fold3_italy,162,0.5511606927860686,False,7,1e-05,1e-05,1.5469121243804693,0.11899324033695918,0.6596847977489233,0.4581945836544037,2.666093682870269,1.1999860387295485,0.035556916147470474,0.22018715180456638,0.07910420186817646,0.010763969272375107,4.066831299302966,2.7473805471375607,0.3032851168672376,1000,4.5489913356015705,3.4632459807545724,-0.12881468803906082,286
resnet_frozen,fold3_italy,163,0.554194135598561,False,8,1e-05,1e-05,1.5496267657727003,0.11920205890559234,0.6596060376614332,0.45777817256748676,2.668297516182065,1.2027077563107014,0.03543924540281296,0.22008828073740005,0.07924657687544823,0.010817127302289009,4.084506580367214,2.743714865587418,0.29721582535905156,1000,4.598273568503194,3.5104291290263387,-0.15340556776793313,286
resnet_frozen,fold3_italy,164,0.5440831095630612,False,9,1e-05,1e-05,1.5492394268512726,0.11917226360394405,0.6608682684600353,0.4591328240931034,2.670547690242529,1.201920386403799,0.03560073487460613,0.22017783112823963,0.07929062657058239,0.010881580412387848,4.091841094674286,2.7447078237458027,0.2946895918956959,1000,4.608525077047906,3.516048020116772,-0.15855416425087432,286
resnet_frozen,fold3_italy,165,0.5533960502169099,True,0,1e-05,1e-05,1.5568832401186228,0.11976024923989406,0.6619871594011784,0.4589980337768793,2.6791604347527027,1.209286304190755,0.035854727029800415,0.22032021917402744,0.07922283560037613,0.010855497792363167,4.052402807657749,2.747411764816266,0.3082200215587316,1000,4.519278290276484,3.4368860162193484,-0.11411649244373878,286
resnet_frozen,fold3_italy,166,0.5482709198157196,False,1,1e-05,1e-05,1.5450462866574526,0.11884971435826558,0.6635846495628357,0.45898280292749405,2.668923571705818,1.1979614458978176,0.03552651032805443,0.22015242837369442,0.07922742888331413,0.010820725932717323,4.075327284198297,2.7288595870532277,0.30037107315762357,1000,4.601562443690515,3.512028143377354,-0.15505608442244978,286
resnet_frozen,fold3_italy,167,0.564988114102355,False,2,1e-05,1e-05,1.5428866259753704,0.11868358661349003,0.7095524091273546,0.467997919768095,2.721742795780301,1.1956764683127403,0.0355724785476923,0.22023813426494598,0.07922440208494663,0.010831745341420174,4.057764863793552,2.7367742633804646,0.30638811227887475,1000,4.551012898256215,3.4617001679446644,-0.1298181969492045,286
resnet_frozen,fold3_italy,168,0.565876669540944,False,3,1e-05,1e-05,1.5389389116317034,0.1183799162793618,0.6618455108255148,0.45833646319806576,2.6604322772473097,1.1915786676108837,0.03561699762940407,0.22022720053792,0.07934709079563618,0.010811883956193924,4.060120795785625,2.740199619972993,0.3055824584916774,1000,4.559848875073416,3.4696455398990014,-0.13420963193994795,286
resnet_frozen,fold3_italy,169,0.5475041380819216,False,4,1e-05,1e-05,1.5451429281383753,0.11885714831833656,0.6672220937907696,0.45863213390111923,2.672296207398176,1.1980333849787712,0.03544567711651325,0.22025155648589134,0.0792710892856121,0.01080387644469738,4.061984563989867,2.738608642331009,0.304944777765646,1000,4.574005001023735,3.481231371262874,-0.14126290845194966,286
resnet_frozen,fold3_italy,170,0.5462942347600004,False,5,1e-05,1e-05,1.5499846115708351,0.11922958550544885,0.6729920171201229,0.45916884392499924,2.683437744155526,1.2030911538749933,0.03554186969995499,0.2201468851417303,0.07915327325463295,0.01074424758553505,4.068105180915556,2.7373752511870215,0.3028485748926928,1000,4.566854191854186,3.4793950706121453,-0.13769729187682578,286
resnet_frozen,fold3_italy,171,0.5503590553807661,False,6,1e-05,1e-05,1.5584340579807758,0.11987954292159814,0.5702802147716284,0.4748776964843273,2.6048935893923044,1.2112766448408365,0.03559065982699394,0.22029276378452778,0.07916508801281452,0.010783959180116653,4.065711777059696,2.728359694471877,0.3036686491032681,1000,4.568524746243419,3.4804780335175938,-0.13852978301473273,286
resnet_frozen,fold3_italy,172,0.5580934878338286,False,7,1e-05,1e-05,1.5482085924595594,0.11909296865073535,0.6645435728132725,0.46074862591922283,2.6747825127094984,1.2010680716484785,0.035513732582330704,0.22025051526725292,0.07926636002957821,0.01077769510447979,4.057468582586917,2.728712690552476,0.30648939792326113,1000,4.542591945546311,3.4592840344586224,-0.12564095395526853,286
resnet_frozen,fold3_italy,173,0.5374965793208072,False,8,1e-05,1e-05,1.544408230111003,0.11880063308546177,0.6728844791650772,0.460553664714098,2.6791647858917713,1.196976551786065,0.035676466301083565,0.2203651163727045,0.07927980832755566,0.01077529788017273,4.063524625686286,2.7289901774103775,0.304417631082083,1000,4.560094757671546,3.474113947708848,-0.13433195613880256,286
resnet_frozen,fold3_italy,174,0.5712682289550791,False,9,1e-05,1e-05,1.5555209498852491,0.11965545768348071,0.6720131486654282,0.4691974129527807,2.6980300080031157,1.2082601226866245,0.03574826009571552,0.22024207562208176,0.07919479720294476,0.010741163045167923,4.070397330876466,2.7314231057622154,0.3020627418201898,1000,4.573615807292622,3.4817125447202404,-0.14106870076196487,286
resnet_frozen,fold3_italy,175,0.5629173514549172,True,0,1e-05,1e-05,1.5405542105436325,0.11850417004181789,0.6669040154665709,0.4589038975536823,2.66767256334424,1.1927987579256296,0.03551113046705723,0.22075227089226246,0.07943963631987572,0.010741984471678734,4.038332893142475,2.7335119238628303,0.3130153929331241,1000,4.481835273721131,3.399283940593921,-0.0957316673070332,286
resnet_frozen,fold3_italy,176,0.5564729685348785,False,1,1e-05,1e-05,1.5439116712659597,0.11876243625122768,0.6644990649074316,0.45919948630034924,2.6689189840108156,1.1968734953552485,0.035526093095541,0.220228074118495,0.07922467961907387,0.01073053665459156,4.05895037463395,2.7383297053117093,0.30598276373934474,1000,4.537450240514752,3.4477097289573493,-0.1230941972558659,286
resnet_frozen,fold3_italy,177,0.5583772236560214,False,2,1e-05,1e-05,1.5631046239286661,0.12023881722528201,0.6663819253444672,0.4596806075423956,2.690468030050397,1.215294612571597,0.035781145095825195,0.22044617123901844,0.07930964231491089,0.010904533788561821,4.06179086189428,2.733469124977433,0.30501106577874215,1000,4.5649690767885485,3.4759684068455576,-0.13675824387125002,286
resnet_frozen,fold3_italy,178,0.5555531716545677,False,3,1e-05,1e-05,1.5578799527138472,0.1198369194395267,0.664588013663888,0.46080205775797367,2.6845758873969316,1.210658811032772,0.03571699932217598,0.22017823718488216,0.07922297902405262,0.010788865387439728,4.05396376788126,2.7390778140436707,0.3076869802718517,1000,4.533664458529909,3.446445462170613,-0.12122089139811032,286
resnet_frozen,fold3_italy,179,0.5474290252497016,False,4,1e-05,1e-05,1.5486851576715708,0.11912962751319775,0.6670806258916855,0.46014717780053616,2.6772160828113556,1.2013879604637623,0.035682739689946175,0.22025981545448303,0.07922294363379478,0.010791314765810966,4.058151735207985,2.7282590741042356,0.30625584665338124,1000,4.55236373707402,3.4613854936412527,-0.1304890053237393,286
resnet_frozen,fold3_italy,180,0.5544715757088422,False,5,1e-05,1e-05,1.6308712903410196,0.12545163771853998,0.6650416944175959,0.4605866391211748,2.7577815167605877,1.2765829637646675,0.03583245538175106,0.22032524086534977,0.08496599085628986,0.01168406568467617,4.067596988969092,2.734196228047773,0.30302274178121513,1000,4.575744508751584,3.477695270353518,-0.1421311248810222,286
resnet_frozen,fold3_italy,181,0.5714509240776032,False,6,1e-05,1e-05,1.5513205211609602,0.11933234778161232,0.6666642762720585,0.458884259685874,2.6781561076641083,1.2043563537299633,0.035464564338326454,0.22015609964728355,0.07918853685259819,0.010805906727910042,4.052505943960233,2.7257657749153203,0.3081848086046316,1000,4.553532701577326,3.4610458995439055,-0.13106965804120896,286
resnet_frozen,fold3_italy,182,0.5576694643696404,False,7,1e-05,1e-05,1.551453821361065,0.11934260164315884,0.662362465634942,0.4590698555111885,2.674173464998603,1.2047303523868322,0.03550496697425842,0.2202445324510336,0.07881224155426025,0.01082611083984375,4.051297205527514,2.7230932382022464,0.30859744163307945,1000,4.550725927129259,3.4602450121972397,-0.12967571658879984,286
resnet_frozen,fold3_italy,183,0.571072201291159,False,8,1e-05,1e-05,1.5523194521665573,0.11940918862819672,0.6616722550243139,0.4588584993034601,2.674148866906762,1.205243231728673,0.03562467731535435,0.22014606185257435,0.07919390127062798,0.010796325281262398,4.034692601484752,2.715231497129556,0.31425337763416605,1000,4.508935314180123,3.4232925083987555,-0.10902271718920309,286
resnet_frozen,fold3_italy,184,0.541247592581405,False,9,1e-05,1e-05,1.5478331912308931,0.11906409163314563,0.6584553439170122,0.4584128074347973,2.6659811325371265,1.200776046141982,0.03557968884706497,0.2201820109039545,0.07921586371958256,0.01076936163008213,4.030093190777484,2.70800953168374,0.3158159415891958,1000,4.509784403328646,3.4235312213828855,-0.10944044232923456,286
resnet_frozen,fold3_italy,185,0.5510781445613415,False,10,1e-05,1e-05,1.5558956656605005,0.11968428197388466,0.6613395661115646,0.4608788285404444,2.6794231440871954,1.2082892004400492,0.035897599533200264,0.22026386484503746,0.07926775142550468,0.01081416942179203,4.04621113034338,2.7077624347736817,0.31033235164328354,1000,4.552276458758451,3.4614168389436295,-0.13044565807118036,286
resnet_frozen,fold3_italy,186,0.5402529412194302,False,11,1e-05,1e-05,1.5534572042524815,0.11949670801942165,0.6636733673512936,0.45907219871878624,2.6775016225874424,1.2058742605149746,0.03597474284470081,0.2201904896646738,0.07920078560709953,0.01082739420235157,4.047346186408888,2.7192763813418734,0.3099453618295468,1000,4.535821934552345,3.4472886343650204,-0.1222882764190456,286
resnet_frozen,fold3_italy,187,0.5392531956496992,False,12,1e-05,1e-05,1.5498017445206642,0.11921551880928186,0.6643232181668282,0.4595301393419504,2.674994783475995,1.202697342261672,0.03565780445933342,0.22010687924921513,0.07919399254024029,0.01081828586757183,4.0417776440062605,2.7157416382510036,0.31184287932165,1000,4.5208569700372205,3.43511431002824,-0.11489499743661469,286
resnet_frozen,fold3_italy,188,0.5377601858740134,False,13,1e-05,1e-05,1.5497481152415276,0.1192113934801175,0.6669372003525496,0.45928525924682617,2.6772661451250315,1.2026529610157013,0.03582589328289032,0.22003751061856747,0.0791632104665041,0.010736854746937752,4.036438586923958,2.706751150647091,0.3136597449595765,1000,4.528333051357505,3.4417129517184164,-0.11858542051216703,286
resnet_frozen,fold3_italy,189,0.5250421397493189,False,14,1e-05,1e-05,1.5574234519153833,0.11980180399349102,0.6648908387869596,0.4593439809978008,2.68295956030488,1.2092695254832506,0.0359161701053381,0.22070480324327946,0.07944278419017792,0.01074749045073986,4.039744793581975,2.710032562075601,0.3125349355492607,1000,4.526315668514544,3.4386815037406406,-0.11758897773884036,286
resnet_frozen,fold3_italy,190,0.5759888023558875,False,15,1e-05,1e-05,1.547815054655075,0.11906269651192886,0.6655218508094549,0.46103623136878014,2.6756961457431316,1.2005505040287971,0.03569382429122925,0.22017749212682247,0.07928135432302952,0.010789386928081512,4.037183741445972,2.716006236217924,0.3134063152391,1000,4.509067136309082,3.421689892281988,-0.109087564370411,286
resnet_frozen,fold3_italy,191,0.5340786156972658,False,16,1e-05,1e-05,1.5505906883627176,0.11927620679713212,0.6653240285813808,0.4590916894376278,2.6762785091996193,1.2030934523791075,0.035933662205934525,0.22016792185604572,0.0792597085237503,0.010781148448586464,4.0315798759878625,2.7102821729959254,0.31531106297376754,1000,4.5019996744914605,3.4155156951317567,-0.10561354598055317,286
resnet_frozen,fold3_italy,192,0.529679533070257,False,17,1e-05,1e-05,1.5744184721261263,0.12110911324047126,0.7112591192126274,0.45785653963685036,2.744827803224325,1.2233542259782553,0.03556271642446518,0.22158217802643776,0.0814127828925848,0.01114715076982975,4.033063101979461,2.7151314780519606,0.31480717354584553,1000,4.50694112470787,3.4180547435214943,-0.10804194802530875,286
resnet_frozen,fold3_italy,193,0.5385246054581408,False,18,1e-05,1e-05,1.5500573702156544,0.11923518232428111,0.6573586352169514,0.4580120798200369,2.6667163260281086,1.2027121521532536,0.03598959185183048,0.22013670578598976,0.0791303999722004,0.010750966146588326,4.017547214949488,2.7032256396826595,0.32006914136440756,1000,4.496851286249755,3.408923313473216,-0.10308628098944772,286
resnet_frozen,fold3_italy,194,0.5112330293777818,False,19,1e-05,1e-05,1.5407758839428425,0.11852122184175712,0.6605600472539663,0.45826828852295876,2.660901293158531,1.1940559800714254,0.03502332605421543,0.22021455876529217,0.07931235991418362,0.010823378339409828,4.029023833398626,2.7025191215760067,0.31617898044178927,1000,4.521913081217788,3.433567222319698,-0.11541595645449632,286
resnet_frozen,fold3_italy,195,0.5529752041623284,False,20,1e-05,1e-05,1.5434531159698963,0.1187271627669151,0.6602550484240055,0.45803771913051605,2.6630581449717283,1.1963963620364666,0.03537311591207981,0.2202969491481781,0.07923605851829052,0.010813657194375992,4.017024879195021,2.7035632725285517,0.32024593038105054,1000,4.486207182409735,3.4021252804767084,-0.09787042296202353,286
resnet_frozen,fold3_italy,196,0.5444918851032183,False,21,1e-05,1e-05,1.566296650096774,0.12048435769975185,0.6693894434720278,0.4589707311242819,2.6959316972643137,1.2178668826818466,0.035533493384718895,0.22018717974424362,0.08017893880605698,0.01107647642493248,4.0234621266043105,2.7011865954054186,0.31806558482579694,1000,4.507071483160978,3.4190447917029716,-0.1081060468094952,286
resnet_frozen,fold3_italy,197,0.5766890592232289,False,22,1e-05,1e-05,1.5434956680983305,0.11873043600756389,0.6654986813664436,0.45880312100052834,2.669092023745179,1.1962182372808456,0.03561077453196049,0.2201219405978918,0.07933589071035385,0.010840585455298424,4.013682575530851,2.69817880827503,0.3213766176024153,1000,4.497557487788838,3.4069713940613275,-0.1034327733897289,286
resnet_frozen,fold3_italy,198,0.5619364253057595,True,0,1e-05,1e-05,1.5453439988195896,0.11887261529381458,0.6670354921370745,0.46060043387115,2.674297135323286,1.1975658480077982,0.03573072329163551,0.22021527588367462,0.07946318946778774,0.010953085497021675,3.9977185491830745,2.7010882884337044,0.3267641970347023,1000,4.456181504428809,3.371733138470059,-0.08322375629339174,286
resnet_frozen,fold3_italy,199,0.5139201258587746,False,1,1e-05,1e-05,1.685397358611226,0.129645950662402,0.6621775813400745,0.45876970142126083,2.807681431993842,1.335778972133994,0.03560670278966427,0.22049290128052235,0.08054948225617409,0.011565886437892914,4.002213670591897,2.6970049769834503,0.32524934398069527,1000,4.469579499778499,3.3843451742588124,-0.08974720886528975,286
resnet_frozen,fold3_italy,200,0.5493049966278982,False,2,1e-05,1e-05,1.5706916954368353,0.12082243811052579,0.7221199683845043,0.5106216836720705,2.8047331608831882,1.215408893302083,0.03581569157540798,0.22037267684936523,0.0852432418614626,0.012503428384661674,4.007876470440884,2.699463081615843,0.32333856089369484,1000,4.498457782237786,3.406865411928684,-0.10387457489255558,286
resnet_frozen,fold3_italy,201,0.5215503144554976,False,3,1e-05,1e-05,1.8420994207262993,0.14169995544048455,0.6687380447983742,0.47148177959024906,2.983636476099491,1.4859434720128775,0.035919833928346634,0.2207400668412447,0.08538633212447166,0.01277552917599678,4.013709850494057,2.6926736102341735,0.32136739440634665,1000,4.500122453443161,3.4102243057397192,-0.10469171192544713,286
resnet_frozen,fold3_italy,202,0.5286460635138721,False,4,1e-05,1e-05,1.5652787759900093,0.12040605969153918,0.6580630876123905,0.45904872193932533,2.683696236461401,1.2094002068042755,0.03579948469996452,0.22040390223264694,0.08571591600775719,0.012590132653713226,4.020290996541965,2.7005569200156945,0.31914010744234467,1000,4.497194235503559,3.4115321047460525,-0.10325453963015363,286
resnet_frozen,fold3_italy,203,0.5085987867990721,False,5,1e-05,1e-05,1.5472313649952412,0.11901779730732624,0.6667502652853727,0.45901820436120033,2.6743044815957546,1.1920047383755445,0.03585320711135864,0.2203784193843603,0.08502621576189995,0.012594668194651604,4.023401810870212,2.6967845954003007,0.31808603043470973,1000,4.511706698370457,3.4230924915456598,-0.11038644160381472,286
resnet_frozen,fold3_italy,204,0.5216776854878672,False,6,1e-05,1e-05,1.5470280442386866,0.11900215724912974,0.6943329423666,0.46867500990629196,2.7113479673862457,1.1919064950197935,0.03595490753650665,0.22041459754109383,0.08484778366982937,0.012550139799714088,4.026433784659852,2.694186410782908,0.3170578834014691,1000,4.527387501074084,3.435914102664568,-0.11811833104514746,286
resnet_frozen,fold3_italy,205,0.5407292863523853,False,7,1e-05,1e-05,1.5449595656245947,0.1188430435095842,0.6600020807236433,0.45738320983946323,2.6636521983891726,1.1903174370527267,0.035669075325131416,0.22026904672384262,0.08467685803771019,0.012670185416936874,4.00704523095769,2.68454736049172,0.3236192129451104,1000,4.49442632684237,3.406959678920871,-0.10189690733937917,286
resnet_frozen,fold3_italy,206,0.5345064963241597,False,8,1e-05,1e-05,1.5337353367358446,0.11797964128737266,0.6625188738107681,0.45891996286809444,2.656472133472562,1.1791917961090803,0.03557135351002216,0.22027610056102276,0.08483251743018627,0.012467185035347939,4.023203959049248,2.6857320153925652,0.31815309537609504,1000,4.512802842014018,3.4250823396358037,-0.1109260559790386,286
resnet_frozen,fold3_italy,207,0.5549511596158778,False,9,1e-05,1e-05,1.539427062496543,0.11841746634588791,0.6617455910891294,0.4583789240568876,2.6608513686805964,1.1845470052212477,0.035957956686615944,0.22024619951844215,0.08480029180645943,0.012488292530179024,4.018311122740143,2.6856916541834455,0.3198105488288405,1000,4.513246391212283,3.4226118288335914,-0.11114444556712955,286
resnet_frozen,fold3_italy,208,0.5326584015945415,False,10,1e-05,1e-05,1.5390880834311247,0.11839139103316344,0.6547783967107534,0.4569209534674883,2.652286224067211,1.1842487044632435,0.03580263815820217,0.22038554027676582,0.08479898422956467,0.012495454400777817,4.004122429043367,2.6878003722430477,0.32460557868067963,1000,4.474896840673789,3.3876033194969812,-0.09234163825874786,286
resnet_frozen,fold3_italy,209,0.522457315924844,False,11,1e-05,1e-05,1.5405802335590124,0.11850617181223172,0.6599585730582476,0.4581924341619015,2.660019379109144,1.1858162824064493,0.03595530800521374,0.22029350139200687,0.0847855657339096,0.01237177662551403,4.001641441867066,2.690008000948267,0.3254422792592686,1000,4.471156057841233,3.38246948925206,-0.09051611911872137,286
resnet_frozen,fold3_italy,210,0.5269320203189826,False,12,1e-05,1e-05,1.5370392724871635,0.11823379019132027,0.6608560513705015,0.4573646131902933,2.6565573383122683,1.1822469495236874,0.03568401373922825,0.22042216919362545,0.08488419279456139,0.012467246502637863,4.016494145284917,2.6776149356107424,0.32042553828169906,1000,4.520121185861795,3.425360383887418,-0.11453212139485247,286
resnet_frozen,fold3_italy,211,0.5157141172457415,False,13,1e-05,1e-05,1.5323814805597067,0.11787549850459282,0.6533809285610914,0.4565651025623083,2.6437749695032835,1.1781637240201235,0.03543832153081894,0.22014275938272476,0.08482591807842255,0.012470316141843796,3.9955039193709427,2.6794150299328017,0.32750989990655843,1000,4.472179627888585,3.3836010758630524,-0.09101547426887158,286
resnet_frozen,fold3_italy,212,0.5521547613768277,True,0,1e-05,1e-05,1.5369901526719332,0.11823001174399486,0.6643894854933023,0.457881111651659,2.6605678535997868,1.182461742311716,0.035787785425782204,0.22019055299460888,0.08476957120001316,0.012422243133187294,3.9841000353430758,2.6853483037211237,0.3313432360349493,1000,4.438140071937078,3.3505051404355584,-0.07447036631335102,286
resnet_frozen,fold3_italy,213,0.540611524751771,False,1,1e-05,1e-05,1.5495401117950678,0.11919539321500522,0.6552950497716665,0.45816985331475735,2.664364507421851,1.194487964734435,0.03606456518173218,0.2202711421996355,0.08486686274409294,0.012438680976629257,3.9881244904671203,2.678565629739026,0.329991694540427,1000,4.469405319539181,3.3764757733271717,-0.08966227526867954,286
resnet_frozen,fold3_italy,214,0.5392291225272976,False,2,1e-05,1e-05,1.5326729007065296,0.11789791543896382,0.6620270051062107,0.4590846225619316,2.65507504157722,1.177978778257966,0.03560446761548519,0.22030050680041313,0.08492964506149292,0.012522513046860695,3.9872198305528714,2.673193586312225,0.33029562733433093,1000,4.475379957477445,3.38347185894761,-0.09257751278581172,286
resnet_frozen,fold3_italy,215,0.5349171320036226,False,3,1e-05,1e-05,1.538577787578106,0.11835213750600815,0.6580201126635075,0.4580584242939949,2.6559320949018,1.1840230785310268,0.03554445505142212,0.22033874318003654,0.08492131158709526,0.01242070272564888,4.008745115889679,2.6725117654312887,0.32304521723413016,1000,4.51414576429846,3.4192822428110112,-0.11158733429652612,286
resnet_frozen,fold3_italy,216,0.5226571413763681,False,4,1e-05,1e-05,1.5434675309807062,0.11872827161390048,0.6589373517781496,0.45934081450104713,2.6630307398736477,1.1887597646564245,0.0355919674038887,0.22044810093939304,0.08487804234027863,0.012440254911780357,4.015405246582558,2.6686329354570164,0.3207939627906956,1000,4.536704910722281,3.4405847066505055,-0.12272526458627175,286
resnet_frozen,fold3_italy,217,0.5262000750515978,False,5,1e-05,1e-05,1.6127672139555216,0.12405901645811704,0.6710993219166994,0.4596003256738186,2.7447525430470705,1.2537740990519524,0.0359486248344183,0.22044467367231846,0.08866036124527454,0.012503471225500107,3.983542033068772,2.675016977042338,0.33153052343395184,1000,4.469741734923979,3.3766169544015003,-0.08982632078425246,286
resnet_frozen,fold3_italy,218,0.522120464291897,False,6,1e-05,1e-05,1.545116102322936,0.118855084794072,0.6654965579509735,0.45931894518435,2.6712340973317623,1.197667870670557,0.03572690486907959,0.22017613239586353,0.07927948422729969,0.010891344398260117,3.9858408484612404,2.664945286745632,0.33075878245371904,1000,4.480805082280268,3.3876613681554035,-0.09522799701033913,286
resnet_frozen,fold3_italy,219,0.4988897065219585,False,7,1e-05,1e-05,1.5448230225592852,0.11883254019686809,0.6611568760126829,0.4592512045055628,2.6665198542177677,1.197528662160039,0.03558560647070408,0.22018691152334213,0.07930178195238113,0.010888582095503807,3.996066542765343,2.664937204512,0.3273204943599375,1000,4.47595194520846,3.3828392436763486,-0.09285681013019165,286
resnet_frozen,fold3_italy,220,0.5049818933239644,False,8,1e-05,1e-05,1.5358097292482853,0.11813920994217579,0.6567637734115124,0.45838682539761066,2.652285035699606,1.1882594786584377,0.03570949472486973,0.22026806324720383,0.07934050261974335,0.01090683788061142,3.9956253969608495,2.6678786095532816,0.3274690070829668,1000,4.485828447233535,3.388266680523632,-0.09768506166249935,286
resnet_frozen,fold3_italy,221,0.5202578560225618,False,9,1e-05,1e-05,1.5497032776474953,0.11920794443442272,0.661271795630455,0.45934306643903255,2.6716204900294542,1.202161893248558,0.035753920674324036,0.22017639130353928,0.07938100025057793,0.0108613520860672,3.988576688353286,2.6581125721253147,0.32983974666777693,1000,4.489970226995463,3.390678814122502,-0.09971298968772313,286
resnet_frozen,fold3_italy,222,0.5248003112336331,False,10,1e-05,1e-05,1.5338808987289667,0.11799083836376667,0.6666021998971701,0.45964828692376614,2.661427555605769,1.1861884463578463,0.035829732194542885,0.22025872580707073,0.07938848622143269,0.01083276979625225,3.9957498317093347,2.667762334357708,0.3274271175063689,1000,4.489189678941309,3.3897719324746567,-0.09933066901322607,286
resnet_frozen,fold3_italy,223,0.5093261125534582,False,11,1e-05,1e-05,1.5322331376373768,0.11786408751056744,0.6587503645569086,0.45890156738460064,2.651168528944254,1.1849317457526922,0.03552793152630329,0.22026788629591465,0.07925661094486713,0.010928789153695107,4.005309319925638,2.6638494522928906,0.32420512225022724,1000,4.518098161300494,3.415056528525984,-0.11353470508634333,286
resnet_frozen,fold3_italy,224,0.5119406533486118,False,12,1e-05,1e-05,1.5178383886814117,0.11675679912933937,0.6610746867954731,0.45865195617079735,2.6388586442917585,1.167450176551938,0.03561978228390217,0.22025794722139835,0.08157429471611977,0.011590179055929184,3.991228539191196,2.6586657465016517,0.32894832300841803,1000,4.482682420136988,3.387610441537329,-0.0961459319220439,286
resnet_frozen,fold3_italy,225,0.49687066303138094,True,0,1e-05,1e-05,1.53440647944808,0.1180312676498523,0.6675344705581665,0.4622233174741268,2.665451269596815,1.1798835843801498,0.03603687509894371,0.2203750852495432,0.08427574671804905,0.012462867423892021,3.9799506217747513,2.6727217273400594,0.3327353138418937,1000,4.430039759403749,3.3401485316185155,-0.07055178647795679,286
resnet_frozen,fold3_italy,226,0.5327347501710689,False,1,1e-05,1e-05,1.5977870617061853,0.12290669705432195,0.6736896354705095,0.48509867303073406,2.757884182035923,1.243745194748044,0.03583876974880695,0.2204216942191124,0.083984375,0.012414449825882912,3.997725563905858,2.6647990992976984,0.32676183440381135,1000,4.495323204785237,3.394523060835936,-0.10233672571246655,286
resnet_frozen,fold3_italy,227,0.492038550670707,False,2,1e-05,1e-05,1.7873990759253502,0.13749223660964233,0.6989025417715311,0.4953838810324669,2.982964778319001,1.4317165557295084,0.03586393594741821,0.2208573017269373,0.08473650738596916,0.012815156951546669,3.990314165431722,2.6641174768530638,0.3292557580515296,1000,4.473077639100519,3.3764300453162948,-0.09145366887456996,286
resnet_frozen,fold3_italy,228,0.5236042941488871,False,3,1e-05,1e-05,1.5750163178890944,0.12115510137608418,0.6603535264730453,0.45917034707963467,2.695832122117281,1.2213051337748766,0.03599097579717636,0.22017100267112255,0.08381635509431362,0.012380039319396019,3.9835567241790497,2.659948586549659,0.33152559285868766,1000,4.4685375319072955,3.3746503209757357,-0.08923917484319954,286
resnet_frozen,fold3_italy,229,0.499478683698162,False,4,1e-05,1e-05,1.7111670672893524,0.1316282359453348,0.7727541010826826,0.5163310635834932,3.0015475507825613,1.349778050556779,0.03589983284473419,0.22161583602428436,0.08918660879135132,0.013223281130194664,3.9997884473774077,2.660799890379231,0.32606685412795233,1000,4.517660403960453,3.4145568843337144,-0.11331893537160886,286
resnet_frozen,fold3_italy,230,0.5299509765247937,False,5,1e-05,1e-05,1.7144312597811222,0.13187932767547095,0.6600613761693239,0.45916291885077953,2.834951765835285,1.3596294112503529,0.03570028208196163,0.22049721330404282,0.08484556153416634,0.012410221621394157,3.9721979814784496,2.660477612483277,0.3353323434129297,1000,4.466636808623291,3.3690695570958398,-0.08831274111426324,286
resnet_frozen,fold3_italy,231,0.5089135905667967,False,6,1e-05,1e-05,1.5347533151507378,0.11805794731928752,0.6597285885363817,0.4575501549988985,2.6533315889537334,1.1811790987849236,0.03599938191473484,0.22029508650302887,0.08366403728723526,0.01223403587937355,3.975290860580801,2.655411443145832,0.3342968778870439,1000,4.479091377363029,3.3782109055921166,-0.09439040704363832,286
resnet_frozen,fold3_italy,232,0.4991190489357641,False,7,1e-05,1e-05,1.5354921147227287,0.11811477805559452,0.6571873165667057,0.45767189748585224,2.6516269985586405,1.1824524253606796,0.0357076320797205,0.22024008259177208,0.08353092707693577,0.012233784422278404,3.9756120872437846,2.6525307471688886,0.33418928815850457,1000,4.467244916381673,3.370799085463699,-0.08860909673964623,286
resnet_frozen,fold3_italy,233,0.5042540434083216,False,8,1e-05,1e-05,1.536132937297225,0.11816407209978654,0.6641982011497021,0.4589347969740629,2.660565845668316,1.1831015814095736,0.03557756543159485,0.22023615427315235,0.08364041522145271,0.012213967740535736,3.978297551223034,2.657288623863664,0.33328949485318826,1000,4.480064836942717,3.3814310057691235,-0.09486615558449363,286
resnet_frozen,fold3_italy,234,0.5117514135748799,False,9,1e-05,1e-05,1.5440587736666203,0.11877375182050925,0.6786284409463406,0.4628237094730139,2.6868063416332006,1.1897521987557411,0.03595260716974735,0.22023585811257362,0.08443399891257286,0.01231793686747551,3.964515033855024,2.6543096036882643,0.3379010312108972,1000,4.456971480825002,3.3614829750007242,-0.08360785063427967,286
resnet_frozen,fold3_italy,235,0.5092623165697433,False,10,1e-05,1e-05,1.6183272916823626,0.12448671474479713,0.7005196437239647,0.48677706718444824,2.8069153130054474,1.2646356951445341,0.03562675043940544,0.2202863935381174,0.08409413695335388,0.012297527864575386,3.973572452741563,2.6578607958142304,0.3348722834384683,1000,4.477671120349824,3.3786747422448196,-0.09369648540015407,286
resnet_frozen,fold3_italy,236,0.5245942434771835,False,11,1e-05,1e-05,1.8116395864635706,0.1393568912664285,0.7008836250752211,0.48647131584584713,3.000308569520712,1.457934595644474,0.03572517819702625,0.22046242840588093,0.08379685692489147,0.012360459193587303,3.977929193183446,2.657069351370129,0.3334129530921719,1000,4.4847480873051,3.3838189976060487,-0.09715639581445612,286
resnet_frozen,fold3_italy,237,0.5216176175107087,False,12,1e-05,1e-05,1.6177981104701757,0.12444600849770583,0.676798889413476,0.471121396869421,2.767028898000717,1.26445197686553,0.035729505121707916,0.22036290168762207,0.08368649519979954,0.012202121317386627,3.980307870829595,2.65680887811112,0.33261551819624113,1000,4.486479543676203,3.3837236089481326,-0.09800373221121794,286
resnet_frozen,fold3_italy,238,0.4843163817011499,False,13,1e-05,1e-05,1.7017439883202314,0.13090338371694088,0.6831224337220192,0.46628546342253685,2.8524874448776245,1.3476288262754679,0.035667093470692635,0.22107764892280102,0.08376729115843773,0.01224982924759388,3.970672073328163,2.6592924772361792,0.3358429055722124,1000,4.4685726038406965,3.3668551066774755,-0.08925627299821848,286
resnet_frozen,fold3_italy,239,0.5068326525877926,False,14,1e-05,1e-05,1.5980620700865984,0.12292785154512295,0.677204729989171,0.46316480077803135,2.7397306729108095,1.2443054299801588,0.03563995100557804,0.22023282386362553,0.0843550655990839,0.012160062789916992,3.9616692463322063,2.645890943166929,0.33885121892231795,1000,4.465261631492166,3.3653543522991427,-0.08764271018542891,286
resnet_frozen,fold3_italy,240,0.4912487081752968,True,0,1e-05,1e-05,1.599612882360816,0.12304714479698585,0.6775632314383984,0.4625627212226391,2.7410336043685675,1.2466596495360136,0.03561066836118698,0.2201931905001402,0.0836192648857832,0.012167796492576599,3.9511037607019914,2.6531178886954487,0.34237298855511145,1000,4.425952671393595,3.3325390989606873,-0.06857734775910651,286
resnet_frozen,fold3_italy,241,0.48932947262413845,False,1,1e-05,1e-05,1.665372984483838,0.12810561419106448,0.6998103559017181,0.4632606524974108,2.829793134704232,1.307217812165618,0.035647640004754066,0.22109844721853733,0.0868036150932312,0.013200577348470688,3.950849724182695,2.6422374385157,0.34245755019484136,1000,4.43811529778326,3.343515426513267,-0.07445837073889838,286
resnet_frozen,fold3_italy,242,0.495421134614516,False,2,1e-05,1e-05,1.601510664448142,0.12319312803447247,0.6725695170462132,0.46264262311160564,2.7380161341279745,1.2485634572803974,0.035637324675917625,0.22020288184285164,0.08356578089296818,0.012163376435637474,3.9590660003367866,2.6531905422372355,0.33971982623116526,1000,4.466795809131357,3.364209011829227,-0.08839022462864365,286
resnet_frozen,fold3_italy,243,0.493481493195153,False,3,1e-05,1e-05,1.6086415201425552,0.12374165539558117,0.8156977817416191,0.4626880828291178,2.8883100263774395,1.255675531923771,0.035720936954021454,0.2202229518443346,0.08342970535159111,0.012211764231324196,3.957275617279796,2.6419169911030966,0.34031687974672575,1000,4.480582135866691,3.3773270761612797,-0.09511901164950598,286
resnet_frozen,fold3_italy,244,0.5091334831576905,False,4,1e-05,1e-05,1.607798209413886,0.1236767853395297,0.6734507400542498,0.46253887191414833,2.745089201256633,1.255157658830285,0.035322194918990135,0.22021198831498623,0.08362757414579391,0.01212870329618454,3.977985268114232,2.6453453060013725,0.33339415985370113,1000,4.519542779925533,3.411192089475279,-0.11424690304648188,286
resnet_frozen,fold3_italy,245,0.5002245127925212,False,5,1e-05,1e-05,1.6057871989905834,0.12352209223004487,0.6864767670631409,0.46656368486583233,2.7601121440529823,1.252494277432561,0.035555219277739525,0.22038009017705917,0.0836484357714653,0.012328863143920898,3.9645210776137834,2.6428180148867924,0.33789901251783727,1000,4.489383004399052,3.3845821221152828,-0.09942535566994315,286
resnet_frozen,fold3_italy,246,0.5029292883248629,False,6,1e-05,1e-05,1.6257299222052097,0.12505614786193922,0.6875167600810528,0.4772544112056494,2.7917940746992826,1.2722953259944916,0.035555534064769745,0.22026171535253525,0.08394632674753666,0.012306185439229012,3.979588324626877,2.6437396421897916,0.3328567912733559,1000,4.52639928608496,3.4191808753288324,-0.11763027001497339,286
resnet_frozen,fold3_italy,247,0.5144155352580838,False,7,1e-05,1e-05,1.6920691449195147,0.1301591649938088,0.6993761789053679,0.4746302403509617,2.8673580940812826,1.3389670718461275,0.035555483773350716,0.22037049941718578,0.083619873970747,0.01220923475921154,3.9554490121672568,2.644274537803034,0.34092573421038674,1000,4.482241431213426,3.3839201249063917,-0.09593027335319948,286
resnet_frozen,fold3_italy,248,0.48496649595065966,False,8,1e-05,1e-05,1.6989720407873392,0.13069015698364148,0.6783363241702318,0.4747346807271242,2.853356407955289,1.345900721848011,0.0356566458940506,0.22017481550574303,0.08357788994908333,0.012242240831255913,3.953968518851148,2.6382966725159673,0.3414190144592877,1000,4.4849828338884965,3.386779048790828,-0.0972712564268976,286
resnet_frozen,fold3_italy,249,0.48702567188363327,False,9,1e-05,1e-05,1.6156044378876686,0.12427726445289758,0.7192203309386969,0.47903695330023766,2.8151734825223684,1.2623644676059484,0.0356656052172184,0.2203262262046337,0.0835686270147562,0.012319857254624367,3.957915469107249,2.642464786238377,0.34010353419514616,1000,4.494638366930588,3.3959144360462625,-0.10200088137832619,286
resnet_frozen,fold3_italy,250,0.5302553909886939,False,10,1e-05,1e-05,1.7002184428274632,0.13078603406365102,0.6818681079894304,0.46371215395629406,2.8470977153629065,1.346833262592554,0.03567204251885414,0.22050132043659687,0.08355683088302612,0.012301141396164894,3.952353828625852,2.652138154912286,0.341956796762084,1000,4.473156375646061,3.372071053190981,-0.09149209344699538,286
resnet_frozen,fold3_italy,251,0.4835113764038747,False,11,1e-05,1e-05,1.6020049694925547,0.12323115149942729,0.6798543240875006,0.46281024254858494,2.745960719883442,1.2483764309436083,0.035870376974344254,0.22018917463719845,0.0838972982019186,0.012315193191170692,3.9398822552721344,2.641214493145143,0.34610312888926364,1000,4.45075418271321,3.357437104627178,-0.08058677945617454,286
resnet_frozen,fold3_italy,252,0.5045165310163094,False,12,1e-05,1e-05,1.6083801332861185,0.12372154871431681,0.680925227701664,0.4635373130440712,2.754156006500125,1.254802843555808,0.035320671275258064,0.22037090547382832,0.08425664715468884,0.01224362663924694,3.940937875637107,2.6411860282897845,0.3457526822102608,1000,4.4569615897453945,3.3643936364070894,-0.08360304107259964,286
resnet_frozen,fold3_italy,253,0.4926012557033397,False,13,1e-05,1e-05,1.6782761309295893,0.1290981639176607,0.6769054345786572,0.46263193152844906,2.819103818386793,1.3215254191309214,0.0355648510158062,0.2203885316848755,0.0864799302071333,0.012902101501822472,3.961873724341363,2.6305143534510362,0.3387829679568938,1000,4.512540316410303,3.4100259586944577,-0.1107968067914773,286
resnet_frozen,fold3_italy,254,0.5081130004510647,False,14,1e-05,1e-05,1.603789972141385,0.12336845939549115,0.6728903017938137,0.46158838272094727,2.7395684979856014,1.250588547438383,0.035582125186920166,0.22027285397052765,0.08368631079792976,0.012288816273212433,3.957786058050578,2.650103477526547,0.34014668645723045,1000,4.480973197895724,3.3800591676894705,-0.09531018241206857,286
resnet_frozen,fold3_italy,255,0.5070716994641222,False,15,1e-05,1e-05,1.6027890630066395,0.12329146638512611,0.6794483568519354,0.4625433534383774,2.7460614629089832,1.2495588324964046,0.03580090403556824,0.22029845789074898,0.08353517763316631,0.012195879593491554,3.948956944574092,2.6385916708978057,0.34308743232107897,1000,4.486058667950275,3.3847648991345864,-0.0977977348640644,286
resnet_frozen,fold3_italy,256,0.4952399262414817,False,16,1e-05,1e-05,1.6054372433573008,0.1234951725659462,0.6750972047448158,0.4623127933591604,2.7441349737346172,1.2515785731375217,0.035653406754136086,0.22093572281301022,0.08372732438147068,0.012179657816886902,3.9315081619034067,2.6409688849317288,0.34887984848955256,1000,4.44017821007929,3.3478076989602736,-0.07545745632932532,286
resnet_frozen,fold3_italy,257,0.5250902289909637,False,17,1e-05,1e-05,1.602100383490324,0.12323849103771724,0.6720521915704012,0.4613585341721773,2.7367782797664404,1.2490251939743757,0.0358125027269125,0.22016105614602566,0.0835829135030508,0.012168897315859795,3.938787992824208,2.650622698791836,0.34646630493273045,1000,4.4422242539471,3.3453043491956653,-0.0764488310047049,286
resnet_frozen,fold3_italy,258,0.48666348429791273,False,18,1e-05,1e-05,1.6047020368278027,0.12343861821752328,0.6774786543101072,0.46207796409726143,2.7455644253641367,1.2516042869538069,0.035689448937773705,0.2203657291829586,0.0835951715707779,0.01210441067814827,3.95214359941169,2.6347939656351245,0.34202679870638775,1000,4.49124417407368,3.389263990033889,-0.10033712518526716,286
resnet_frozen,fold3_italy,259,0.5238463447856047,False,19,1e-05,1e-05,1.6061309669166803,0.12354853591666771,0.6759773157536983,0.46353732608258724,2.746958026662469,1.2531959358602762,0.03549819812178612,0.22044911794364452,0.0835047047585249,0.012132551521062851,3.9399645032140267,2.635034396543361,0.34607582744737286,1000,4.464245810636296,3.3678834134418802,-0.08714790178832055,286
resnet_frozen,fold3_italy,260,0.4703776877330418,False,20,1e-05,1e-05,1.6027138959616423,0.12328568430474171,0.6731032524257898,0.4621554836630821,2.739254692569375,1.2498714830726385,0.03554249927401543,0.22034596279263496,0.08343884535133839,0.012164074927568436,3.9301219600914994,2.6350776101061566,0.3493389215864856,1000,4.446315034374838,3.352590486373427,-0.07843231636009196,286
resnet_frozen,fold3_italy,261,0.5244223895137209,False,21,1e-05,1e-05,1.5999782346189022,0.12307524881683864,0.677188616245985,0.46226718463003635,2.740708004683256,1.2473941780626774,0.03553645685315132,0.22016817890107632,0.08346043154597282,0.012074209749698639,3.944343876038077,2.6392609081332328,0.34462131214420977,1000,4.47679578585177,3.3770311799829518,-0.09326891639710722,286
resnet_frozen,fold3_italy,262,0.514513165179511,False,22,1e-05,1e-05,1.5956410020589828,0.12274161554299869,0.6786305159330368,0.462288374081254,2.7378499545156956,1.2430823594331741,0.03539208509027958,0.2202436588704586,0.08350329287350178,0.012077707797288895,3.947710081463016,2.635108283159303,0.3435022004480308,1000,4.4891054765858085,3.3899891143301373,-0.09928942978284971,286
resnet_frozen,fold3_italy,263,0.48567889843121725,False,23,1e-05,1e-05,1.6014965865761042,0.12319204512123878,0.6723524127155542,0.4619061257690191,2.737058714032173,1.2476025111973286,0.03582398220896721,0.22088848613202572,0.08368916250765324,0.012118235230445862,3.9439645260953853,2.6312778587905976,0.34474736906013626,1000,4.487280669320905,3.3851578758786207,-0.0983958960338327,286
resnet_frozen,fold3_italy,264,0.48784763516143287,False,24,1e-05,1e-05,1.6013369765132666,0.12317976742409743,0.6759029757231474,0.46245183423161507,2.7409866489470005,1.2486993446946144,0.03540969267487526,0.22022439911961555,0.08359645307064056,0.012076003476977348,3.9576026447947417,2.625201686343629,0.3402078433962479,1000,4.529881370620865,3.4238312942742235,-0.11935048060087783,286
resnet_frozen,fold3_italy,265,0.4806827644940671,False,25,1e-05,1e-05,1.6473446786403656,0.12671882143387428,0.6902522649616003,0.4619835540652275,2.8008754085749388,1.289500655606389,0.035582272335886955,0.22115350142121315,0.08705678395926952,0.012657450512051582,3.9591966779102736,2.622052334799919,0.3396762375489282,1000,4.534394035350077,3.426759584307737,-0.12158178382829687,286
resnet_frozen,fold4_alpine,1,0.786456236979158,True,0,1e-05,1e-05,1.5301356613636017,0.12751130511363348,0.673061303794384,0.4176225271075964,2.6220162622630596,1.1835396587848663,0.03369283862411976,0.22138266079127789,0.07832585088908672,0.011875098571181297,5.717461635747232,4.193978003996946,-0.04494222650251767,1000,2.4646436052302,2.0089321873288895,-0.9042211023067528,253
resnet_frozen,fold4_alpine,2,0.786666395800826,False,1,1e-05,1e-05,1.4987924695014954,0.12489937245845795,0.681991720572114,0.41398613527417183,2.5960911344736814,1.1686148773878813,0.03370780311524868,0.20577164739370346,0.07780749164521694,0.011567456647753716,5.734180277107912,4.211136484030438,-0.051062269906449576,1000,2.4760452089606813,2.03806905521107,-0.9218799581667523,253
resnet_frozen,fold4_alpine,3,0.7935755964353335,False,2,1e-05,1e-05,1.5200212951749563,0.12666844126457968,0.6792402882128954,0.40952411107718945,2.610232185572386,1.1897116284817457,0.03377459943294525,0.20586810447275639,0.07787162624299526,0.011480452492833138,5.732256705269356,4.217710411197695,-0.05035721545309424,1000,2.466186711118731,2.0602764328149035,-0.9066063028737592,253
resnet_frozen,fold4_alpine,4,0.8022190945535532,True,0,1e-05,1e-05,1.5087872985750437,0.12573227488125363,0.6978447809815407,0.41714524663984776,2.625201804563403,1.1782311610877514,0.03389924578368664,0.20570360869169235,0.07808320596814156,0.011551707983016968,5.726397141153183,4.2045539603693545,-0.04821094388732394,1000,2.4040426244227087,2.014638773088375,-0.811729871737545,253
resnet_frozen,fold4_alpine,5,0.7944547905603178,True,0,1e-05,1e-05,1.5805729161947966,0.1317144096828997,0.6822259519249201,0.4190565664321184,2.683182556182146,1.2508278172463179,0.03367223963141441,0.20568041317164898,0.07775461301207542,0.011359348893165588,5.7069088792873774,4.177973814098699,-0.04108847278787464,1000,2.343721539954348,1.9708261457986505,-0.7219523946471673,253
resnet_frozen,fold4_alpine,6,0.7984307790518133,True,0,1e-05,1e-05,1.5585530009120703,0.12987941674267253,0.6966277807950974,0.4202774278819561,2.6768057625740767,1.2287489976733923,0.03369414433836937,0.20570890605449677,0.0776895098388195,0.011433351784944534,5.684846589193378,4.149852101319673,-0.033054561979233066,1000,2.2954925235893686,1.9309155511162823,-0.6518130126941521,253
resnet_frozen,fold4_alpine,7,0.7475841702413104,True,0,1e-05,1e-05,1.5254020486027002,0.12711683738355836,0.7134000435471535,0.420924199745059,2.661043293774128,1.1954620834439993,0.03379253298044205,0.20572832971811295,0.07777602411806583,0.011351879686117172,5.664084195612831,4.127018819527053,-0.02552242641346969,1000,2.25768707296095,1.9061514897954888,-0.5978522203632295,253
resnet_frozen,fold4_alpine,8,0.8226106005833874,False,1,1e-05,1e-05,1.5201483462005854,0.12667902885004878,0.676652429625392,0.41027751192450523,2.6084237787872553,1.1898839566856623,0.034056730568408966,0.20577076263725758,0.07779328338801861,0.011350486427545547,5.638470732687016,4.103286321576239,-0.016268401032331514,1000,2.2614107993684867,1.9123196798632918,-0.603127416718023,253
resnet_frozen,fold4_alpine,9,0.7456916043735624,True,0,1e-05,1e-05,1.5467617847025394,0.12889681539187828,0.6977506522089243,0.4193944074213505,2.665345637127757,1.2167417090386152,0.03374996595084667,0.20573009923100471,0.0777992382645607,0.01144779846072197,5.617185405856214,4.083785549746883,-0.008610021219308761,1000,2.240778563935444,1.9004204337583641,-0.5740082354238656,253
resnet_frozen,fold4_alpine,10,0.7575948039148547,False,1,1e-05,1e-05,1.5666789393872023,0.13055657828226686,0.6906603574752808,0.410201333463192,2.6688586603850126,1.2357420083135366,0.03383989259600639,0.20630965568125248,0.07804896682500839,0.011429661884903908,5.586703575899469,4.058613204950419,0.002306784815856444,1000,2.242229086455705,1.9074499361672796,-0.5760466995538511,253
resnet_frozen,fold4_alpine,11,0.7927195043550832,True,0,1e-05,1e-05,1.5107018016278744,0.12589181680232286,0.6904144883155823,0.40971519239246845,2.6122688930481672,1.1810512617230415,0.033676013350486755,0.2056700848042965,0.07759322039783001,0.011427754536271095,5.55127491279979,4.028964192367056,0.014920612693681834,1000,2.2280693889812433,1.9004296910190046,-0.5562040522128289,253
resnet_frozen,fold4_alpine,12,0.7834042270869871,False,1,1e-05,1e-05,1.5191648080945015,0.12659706734120846,0.7340197078883648,0.41161194257438183,2.666164070367813,1.1856833398342133,0.033535243943333626,0.20574499107897282,0.08117837458848953,0.011739684268832207,5.52590872712693,4.005929844715547,0.02390255546947906,1000,2.2334701787391893,1.9072001361386843,-0.5637576027322175,253
resnet_frozen,fold4_alpine,13,0.7314914786148852,True,0,1e-05,1e-05,1.5013085566461086,0.1251090463871757,0.6823263932019472,0.4096840210258961,2.5947470627725124,1.1714066788554192,0.033796241506934166,0.20580248907208443,0.07767526060342789,0.011322693899273872,5.513611023735992,3.9891747757969482,0.02824225794717483,1000,2.200575556980446,1.879260173837566,-0.5180346590083367,253
resnet_frozen,fold4_alpine,14,0.7396450845313756,False,1,1e-05,1e-05,1.4966346956789494,0.12471955797324578,0.6793965827673674,0.4111007731407881,2.588507739827037,1.1653981879353523,0.03370208106935024,0.2057346235960722,0.078880425542593,0.01160547137260437,5.482299991013851,3.9686613371019517,0.03924787430776877,1000,2.2274097491795763,1.908983268579806,-0.5552827324548881,253
resnet_frozen,fold4_alpine,15,0.7409370483838195,False,2,1e-05,1e-05,1.4998545479029417,0.12498787899191181,0.6800973806530237,0.4106011427938938,2.5919995829463005,1.1687086895108223,0.033656638115644455,0.2057473585009575,0.07889510877430439,0.011550109833478928,5.462843521478695,3.9500577213962917,0.04605511740129031,1000,2.215205966458507,1.894670057071708,-0.5382869042245626,253
resnet_frozen,fold4_alpine,16,0.7860422849167256,False,3,1e-05,1e-05,1.4981618952006102,0.12484682460005085,0.6789200324565172,0.4105541631579399,2.589069651439786,1.166860919445753,0.0337357334792614,0.2057130578905344,0.07890192233026028,0.011646801605820656,5.439108459129323,3.9336698046172587,0.05432654367130929,1000,2.2151336920354168,1.8965277717836255,-0.5381865280188773,253
resnet_frozen,fold4_alpine,17,0.7392025550911241,False,4,1e-05,1e-05,1.4970539174973965,0.12475449312478304,0.6814613044261932,0.4103829935193062,2.5903406627476215,1.1663582436740398,0.03361699916422367,0.20559914596378803,0.07864135317504406,0.01155814528465271,5.414130452146653,3.9161601229507066,0.06299222884717093,1000,2.2082562930369805,1.8929197688679271,-0.5286500377654868,253
resnet_frozen,fold4_alpine,18,0.7323782644037661,True,0,1e-05,1e-05,1.6257862132042646,0.13548218443368873,0.6792270112782717,0.4099020939320326,2.7163548581302166,1.2940584365278482,0.03362409584224224,0.20622989907860756,0.07899338193237782,0.011609470471739769,5.393566368506515,3.897661925654479,0.07009664308699115,1000,2.1989600722933362,1.8821658600284776,-0.5158066404561199,253
resnet_frozen,fold4_alpine,19,0.7250113309161562,True,0,1e-05,1e-05,1.5146049093455076,0.1262170757787923,0.6860862877219915,0.4108247831463814,2.612877819687128,1.1825822331011295,0.033623453229665756,0.2059299610555172,0.07862424105405807,0.012501781806349754,5.3659214332543375,3.8755012667996795,0.07960472546566977,1000,2.1789560038581715,1.8620518217852906,-0.4883533198770673,253
resnet_frozen,fold4_alpine,20,0.6983006849458078,True,0,1e-05,1e-05,1.499636959284544,0.12496974660704534,0.6898139286786318,0.4105062913149595,2.6012689508497715,1.1678383778780699,0.03369970992207527,0.20583685860037804,0.07938588410615921,0.011592252179980278,5.347962095869745,3.8582999843240597,0.08575540346253419,1000,2.177538767954246,1.8611722658040708,-0.4864178408878117,253
resnet_frozen,fold4_alpine,21,0.7404646568539035,False,1,1e-05,1e-05,1.5155967995524406,0.12629973329603672,0.6815824750810862,0.4098903127014637,2.60838782787323,1.1842629685997963,0.03349907323718071,0.2058374546468258,0.07904181070625782,0.011658532544970512,5.338523061467828,3.8502306597756335,0.08897979829924718,1000,2.1869799792247795,1.8722654703679704,-0.49933518405331667,253
resnet_frozen,fold4_alpine,22,0.735774633829135,True,0,1e-05,1e-05,1.5122673865407705,0.12602228221173087,0.6809755750000477,0.4109434839338064,2.6056219562888145,1.180886635556817,0.03373319283127785,0.20576808974146843,0.07892203703522682,0.011621365323662758,5.319415174404415,3.8307703690071104,0.0954896579582939,1000,2.1741960009727817,1.8589663602778648,-0.48185770652116244,253
resnet_frozen,fold4_alpine,23,0.7007600747221652,True,0,1e-05,1e-05,1.5131714101880789,0.12609761751567325,0.6677654962986708,0.412126025184989,2.5943796299397945,1.1818328350782394,0.03372079133987427,0.20573975704610348,0.078934820368886,0.01164977066218853,5.310745729036242,3.82339732731948,0.09843555058650333,1000,2.171513212437853,1.8563997219288306,-0.4782029687438145,253
resnet_frozen,fold4_alpine,24,0.7347230834817822,False,1,1e-05,1e-05,1.5353274438530207,0.12794395365441838,0.6906000711023808,0.4117578249424696,2.6390417516231537,1.2044165711849928,0.03356929309666157,0.20645618066191673,0.07792987674474716,0.011622529476881027,5.287373131381644,3.8066718942930255,0.10635366057497964,1000,2.1868703875032502,1.872096131917884,-0.49918492149166194,253
resnet_frozen,fold4_alpine,25,0.7196164096198661,False,2,1e-05,1e-05,1.6030392982065678,0.13358660818388066,0.6852149460464716,0.410386323928833,2.700107581913471,1.2684645261615515,0.033259112387895584,0.2059169691056013,0.08191989548504353,0.012124991044402122,5.266201421096167,3.7898457443146194,0.11349601316960434,1000,2.1915165732275796,1.8765080455206744,-0.505561971544235,253
resnet_frozen,fold4_alpine,26,0.7248861689684661,False,3,1e-05,1e-05,1.5222307071089745,0.12685255892574787,0.6837737169116735,0.41111831553280354,2.6185643281787634,1.192600378766656,0.033395733684301376,0.20580839551985264,0.0776992067694664,0.01144920289516449,5.250609462948007,3.7736726823595483,0.11873769295063874,1000,2.179620879252479,1.8658645102484652,-0.4892617553615255,253
resnet_frozen,fold4_alpine,27,0.7275161178830863,False,4,1e-05,1e-05,1.5200640857219696,0.12667200714349747,0.686483608558774,0.41099861450493336,2.6189664378762245,1.190237533301115,0.03348669223487377,0.20575849525630474,0.07789778336882591,0.011376997455954552,5.229771264091486,3.7574493475069435,0.12571877912799045,1000,2.1842202172840053,1.8691337642543,-0.49555353314168094,253
resnet_frozen,fold4_alpine,28,0.7199267609220247,False,5,1e-05,1e-05,1.4765530154109001,0.123046084617575,0.6668702755123377,0.406472472473979,2.5513476859778166,1.1468110457062721,0.03356753848493099,0.20581462606787682,0.07766071520745754,0.011417204514145851,5.207603293060049,3.7382226434139936,0.1331148825491224,1000,2.1881481674711387,1.8725696324280654,-0.5009373692992396,253
resnet_frozen,fold4_alpine,29,0.70066369653236,False,6,1e-05,1e-05,1.4701151419430971,0.12250959516192476,0.6726226713508368,0.4074577111750841,2.5516351647675037,1.1399663519114256,0.033678799867630005,0.20580397732555866,0.07800910994410515,0.011381033807992935,5.201880729290153,3.7351856563055144,0.13501905205140985,1000,2.19181248558342,1.8758124953373227,-0.5059685798933429,253
resnet_frozen,fold4_alpine,30,0.7059527481887058,False,7,1e-05,1e-05,1.4964223001152277,0.12470185834293564,0.6858036201447248,0.42402614280581474,2.607719413936138,1.1665655076503754,0.033532021567225456,0.20571709424257278,0.07782507129013538,0.01149962842464447,5.195206350259637,3.726231083284586,0.13723729090894599,1000,2.1728894430491543,1.8558563965845107,-0.4800772311832078,253
resnet_frozen,fold4_alpine,31,0.6886740774932695,True,0,1e-05,1e-05,1.5314503852277994,0.12762086543564996,0.6701638381928205,0.4074610434472561,2.610529325902462,1.2016129810363054,0.03357350267469883,0.2057807371020317,0.07778253220021725,0.01141786016523838,5.181795095608525,3.7145910295755002,0.14168592870528063,1000,2.170250829682941,1.852433364567183,-0.4764847977280533,253
resnet_frozen,fold4_alpine,32,0.7068132960617461,False,1,1e-05,1e-05,1.4702362641692162,0.12251968868076801,0.7212533932179213,0.42609469406306744,2.618926202878356,1.1405265927314758,0.03345905803143978,0.20580118708312511,0.07769504003226757,0.01149318739771843,5.174577579098839,3.711318394690325,0.1440752866608166,1000,2.182616407314236,1.8651091369508472,-0.4933580557421351,253
resnet_frozen,fold4_alpine,33,0.7064491520962318,False,2,1e-05,1e-05,1.472316576167941,0.1226930480139951,0.6648151557892561,0.40490011125802994,2.5434642136096954,1.142578324303031,0.03364021144807339,0.20568525791168213,0.07771254517138004,0.011426089331507683,5.164999762761488,3.700292759716278,0.14724087948059128,1000,2.181494639361405,1.8611731589695517,-0.49182341070429025,253
resnet_frozen,fold4_alpine,34,0.6807396090697462,False,3,1e-05,1e-05,1.5067667085677385,0.1255638923806449,0.6735611110925674,0.41556250862777233,2.5973425414413214,1.1766447611153126,0.033697495236992836,0.2057221159338951,0.07785364426672459,0.011581741273403168,5.154965196224092,3.6880691756092223,0.15055114325126218,1000,2.1844709977004997,1.8647996050771538,-0.4958969756809384,253
resnet_frozen,fold4_alpine,35,0.6775363574737091,False,4,1e-05,1e-05,1.4591084867715836,0.12159237389763196,0.6759043820202351,0.4060669522732496,2.5425368528813124,1.129431752488017,0.033600661903619766,0.20568566024303436,0.07765970379114151,0.011449525132775307,5.147477945919901,3.682108904602853,0.15301688926526558,1000,2.183997671140231,1.8637180022276585,-0.4952487903201688,253
resnet_frozen,fold4_alpine,36,0.6952019272852399,False,5,1e-05,1e-05,1.4328946098685265,0.11940788415571053,0.6616375055164099,0.4052708800882101,2.501268655061722,1.1029982883483171,0.03348458558320999,0.20586884580552578,0.07774056494235992,0.011517856270074844,5.123232975615065,3.6651729965808046,0.16097679497945427,1000,2.191213008654525,1.8698913722916686,-0.5051449054550547,253
resnet_frozen,fold4_alpine,37,0.6751493579856696,False,6,1e-05,1e-05,1.4286727979779243,0.11905606649816036,0.660350862890482,0.4043728429824114,2.494840072467923,1.0975887142121792,0.03359885513782501,0.20583955012261868,0.07879343070089817,0.01159905269742012,5.113835073115863,3.656949186948797,0.16405212895606625,1000,2.197947530534163,1.876273347286816,-0.5144110133343847,253
resnet_frozen,fold4_alpine,38,0.6873394594023368,False,7,1e-05,1e-05,1.5032054781913757,0.12526712318261465,0.6566640995442867,0.4049299005419016,2.56625235080719,1.1652467884123325,0.03351077623665333,0.206052640452981,0.08453318290412426,0.01251879334449768,5.105329712599537,3.6482166352305097,0.1668305233258599,1000,2.199356172743878,1.8776620661810743,-0.5163527765839255,253
resnet_frozen,fold4_alpine,39,0.7162974201152953,False,8,1e-05,1e-05,1.4151786901056767,0.11793155750880639,0.6628267448395491,0.405210230499506,2.484680585563183,1.0853276476264,0.03365206718444824,0.20559953898191452,0.07783736661076546,0.011469896882772446,5.103320430693075,3.639865175667276,0.16748620788302437,1000,2.1823683442936375,1.8593080225541494,-0.4930186228875848,253
resnet_frozen,fold4_alpine,40,0.7016283794932606,False,9,1e-05,1e-05,1.4324949905276299,0.11937458254396915,0.662936095148325,0.40496648102998734,2.501876089721918,1.102676883339882,0.03350660391151905,0.2056478876620531,0.07776574976742268,0.011561892926692963,5.088897668209277,3.6276086797780085,0.17218518057485177,1000,2.1957554412265132,1.8726997813683812,-0.5113917704220012,253
resnet_frozen,fold4_alpine,41,0.6595156305808813,False,10,1e-05,1e-05,1.4465727508068085,0.12054772923390071,0.667913768440485,0.4060530625283718,2.5219886135309935,1.116632491350174,0.03357831761240959,0.20585818029940128,0.07771452330052853,0.011536231264472008,5.072001220792563,3.620057974931101,0.1776731703306471,1000,2.2390593690142007,1.9199730107986026,-0.5715939059279496,253
resnet_frozen,fold4_alpine,42,0.675187317524893,False,11,1e-05,1e-05,1.4448577295988798,0.12040481079990666,0.6703007407486439,0.40688611194491386,2.523481573909521,1.1154320798814297,0.033509841188788414,0.20557217486202717,0.07769661396741867,0.011390609666705132,5.074720535802961,3.614833118747846,0.17679116536036188,1000,2.2216386298543243,1.898952485415886,-0.5472338367465053,253
resnet_frozen,fold4_alpine,43,0.692157531988084,False,12,1e-05,1e-05,1.448539163917303,0.12071159699310859,0.6707168482244015,0.4062937740236521,2.5270220674574375,1.1188485510647297,0.03347686305642128,0.20571309514343739,0.07769155316054821,0.011537067592144012,5.058191179903821,3.606153725226972,0.182145135574442,1000,2.2475810401268435,1.9248991487868667,-0.5835793781667147,253
resnet_frozen,fold4_alpine,44,0.6726340405937757,False,13,1e-05,1e-05,1.438249435275793,0.11985411960631609,0.6688947193324566,0.4090569466352463,2.5176452826708555,1.1087246276438236,0.0334439929574728,0.2057296261191368,0.07767104730010033,0.011396659538149834,5.056879830143909,3.6047618324241295,0.18256914278117198,1000,2.270752781390177,1.947666814678691,-0.616399946900805,253
resnet_frozen,fold4_alpine,45,0.6916241668581474,False,14,1e-05,1e-05,1.4415505696088076,0.1201292141340673,0.6684169489890337,0.40639919228851795,2.517842832952738,1.111350079998374,0.03387506306171417,0.20571861416101456,0.07774201966822147,0.011544603854417801,5.045291654761261,3.596658462983041,0.1863112442297955,1000,2.272065037698274,1.949500467186445,-0.6182687050848319,253
resnet_frozen,fold4_alpine,46,0.703285351619226,False,15,1e-05,1e-05,1.442222859710455,0.12018523830920458,0.6726568732410669,0.4063149429857731,2.5226290859282017,1.1124678403139114,0.03352707251906395,0.20572924055159092,0.07773148827254772,0.011454572901129723,5.041717716371278,3.5860712395032825,0.18746362299525832,1000,2.2514811711441016,1.9274746407851175,-0.589079981312641,253
resnet_frozen,fold4_alpine,47,0.6525052106884622,False,16,1e-05,1e-05,1.4477810431271791,0.12064842026059826,0.6663664188235998,0.40607029385864735,2.5216981060802937,1.118098622187972,0.0336036141961813,0.20566489733755589,0.07769525982439518,0.011442134156823158,5.040529246057508,3.5783331738665036,0.1878466517958547,1000,2.23020656160081,1.9051523489927256,-0.5591909177064089,253
resnet_frozen,fold4_alpine,48,0.6781903068658275,False,17,1e-05,1e-05,1.4473570436239243,0.12061308696866035,0.6639496870338917,0.40589030273258686,2.518636144697666,1.1173342559486628,0.03366953693330288,0.20594090782105923,0.07770033366978168,0.011412426829338074,5.03204573807501,3.572941159170545,0.190578155181517,1000,2.24429544263051,1.9216420346997602,-0.5789528918468039,253
resnet_frozen,fold4_alpine,49,0.7170560377844359,False,18,1e-05,1e-05,1.439038598909974,0.11991988324249785,0.6605767346918583,0.40555049292743206,2.5066240672022104,1.1092993430793285,0.03357437252998352,0.20583474822342396,0.07767102494835854,0.011383773759007454,5.015310461697003,3.5600840602712456,0.19595305593349144,1000,2.2677799880456835,1.9446742520477895,-0.6121704441339835,253
resnet_frozen,fold4_alpine,50,0.6514882180245154,False,19,1e-05,1e-05,1.4513912983238697,0.12094927486032248,0.6682211104780436,0.4061312433332205,2.5272067319601774,1.1209957208484411,0.033003926277160645,0.2055598683655262,0.07888038083910942,0.01166069507598877,5.005399733215185,3.556127505311866,0.19912766199868093,1000,2.295066757336292,1.9707379680802228,-0.6512003154124442,253
resnet_frozen,fold4_alpine,51,0.6646764220677489,False,20,1e-05,1e-05,1.4993859399110079,0.12494882832591732,0.6883574035018682,0.407448124140501,2.5966459289193153,1.1617729254066944,0.033559055998921394,0.20623038336634636,0.08417392522096634,0.01231999322772026,5.001474639290865,3.5457841141983892,0.20038321272135784,1000,2.2710584547258854,1.9428095630730848,-0.6168351537830372,253
resnet_frozen,fold4_alpine,52,0.6558205478025491,False,21,1e-05,1e-05,1.4481112454086542,0.12067593711738785,0.663218667730689,0.406797943636775,2.5195747781544924,1.116778813302517,0.033421916887164116,0.20583097822964191,0.07927152514457703,0.011538438498973846,5.003683968239492,3.544840241482038,0.19967661843387086,1000,2.2667106526726584,1.9397648696875056,-0.6106504162286186,253
resnet_frozen,fold4_alpine,53,0.6614785414763394,False,22,1e-05,1e-05,1.4443423245102167,0.12036186037585139,0.6645483579486609,0.40683684311807156,2.517168877646327,1.1131402999162674,0.033598268404603004,0.205635042861104,0.07904286868870258,0.011654017493128777,4.999560116099724,3.5388017887587098,0.2009952689602117,1000,2.2527794500586324,1.925244414163374,-0.5909131424128051,253
resnet_frozen,fold4_alpine,54,0.6344577388743912,False,23,1e-05,1e-05,1.4500274695456028,0.12083562246213357,0.6634820271283388,0.4066441748291254,2.5215973909944296,1.1181732900440693,0.03350869566202164,0.20628957822918892,0.07919505424797535,0.011605974286794662,4.982317430345922,3.528795034111744,0.20649704505932986,1000,2.2729992921242173,1.9449353792555522,-0.6195998162196032,253
resnet_frozen,fold4_alpine,55,0.7105648603803627,False,24,1e-05,1e-05,1.4470847658813,0.120590397156775,0.6636801771819592,0.40701874345541,2.5192285291850567,1.1157454382628202,0.03356384113430977,0.20582949183881283,0.07898772321641445,0.011686809360980988,4.971197285814939,3.524791521350506,0.2100351658536398,1000,2.302695381280444,1.9760155657073688,-0.6621954822658938,253
resnet_frozen,fold4_alpine,56,0.6673140613639176,False,25,1e-05,1e-05,1.4481246061623096,0.1206770505135258,0.6633779276162386,0.40594014525413513,2.518878798931837,1.116878416389227,0.03361712023615837,0.20566348731517792,0.07901639305055141,0.011682067066431046,4.967632177836107,3.5209710559844956,0.2111678105302005,1000,2.308977266778747,1.9803149145987218,-0.6712769826581688,253
resnet_frozen,fold5_north,1,0.7695256103739214,True,0,1e-05,1e-05,1.7599438484758139,0.12571027489112957,0.6565928421914577,0.337886119261384,2.7556321900337934,1.3545543774962425,0.03867688588798046,0.259019173681736,0.0923603568226099,0.013822436332702637,5.073941887051875,3.731839457677118,-0.04778946438385345,1000,4.478794913122195,4.040197074667097,-3.427179760453793,197
resnet_frozen,fold5_north,2,0.8000166267869575,True,0,1e-05,1e-05,1.6876510810106993,0.12054650578647852,0.6587167158722878,0.32466636784374714,2.6723249554634094,1.30501695163548,0.038287198171019554,0.23800248838961124,0.0914536751806736,0.013438479974865913,5.120740214721266,3.776788167984175,-0.06720668528015805,1000,4.456445573994115,4.005777667546487,-3.383106443659738,197
resnet_frozen,fold5_north,3,0.7479647939855402,True,0,1e-05,1e-05,1.8248919025063515,0.13034942160759652,0.6633153986185789,0.3275275509804487,2.817100962623954,1.4424257054924965,0.038028085604310036,0.23794283904135227,0.09158474579453468,0.013465752825140953,5.1677254881739065,3.814605761842996,-0.08688081010631543,1000,4.4476945336511164,3.986524721032788,-3.365909293839067,197
resnet_frozen,fold5_north,4,0.7761134137377215,False,1,1e-05,1e-05,1.692770965397358,0.12091221181409699,0.65811787545681,0.3257572613656521,2.6779343094676733,1.3099566120654345,0.0381818488240242,0.23815293051302433,0.09154372476041317,0.013510596007108688,5.167786488888002,3.807351894686111,-0.08690646971111304,1000,4.450824356750199,3.985595302014616,-3.372055998153222,197
resnet_frozen,fold5_north,5,0.7829913123372639,True,0,1e-05,1e-05,1.691811464726925,0.12084367605192321,0.6586174853146076,0.32587724924087524,2.6776693798601627,1.3090344909578562,0.03817017748951912,0.23798494972288609,0.09152117744088173,0.013642910867929459,5.158543864551393,3.788803973643892,-0.08302206595124662,1000,4.412775021675224,3.9478247274212634,-3.2976236030771418,197
resnet_frozen,fold5_north,6,0.757132801000011,True,0,1e-05,1e-05,1.6923594065010548,0.12088281475007534,0.6596001852303743,0.32512450963258743,2.678437702357769,1.308625465258956,0.03815050609409809,0.23863926343619823,0.09188250452280045,0.013621853664517403,5.140799261705908,3.7676928944550294,-0.07558401994641151,1000,4.366073820384522,3.9051660013439276,-3.2071398872670107,197
resnet_frozen,fold5_north,7,0.8008389689705588,False,1,1e-05,1e-05,1.6888271924108267,0.12063051374363047,0.7172207552939653,0.3315233252942562,2.7388902120292187,1.3058332819491625,0.03835706226527691,0.2381854560226202,0.09148652665317059,0.013507110998034477,5.107500602148081,3.7422474924128397,-0.06169531904963943,1000,4.437261565953352,3.971036573472717,-3.34545106873726,197
resnet_frozen,fold5_north,8,0.7725070937398518,False,2,1e-05,1e-05,1.6875936817377806,0.1205424058384129,0.6624932903796434,0.32654277980327606,2.678013863041997,1.3043670691549778,0.03801129572093487,0.23873461596667767,0.09160815738141537,0.01344909705221653,5.071619815968021,3.7127188509717137,-0.04683064974425788,1000,4.468527793044449,4.0035984866984204,-3.4069054287991225,197
resnet_frozen,fold5_north,9,0.7547323566874818,False,3,1e-05,1e-05,1.6836194694042206,0.1202585335288729,0.6624096781015396,0.32562487199902534,2.673020189628005,1.3009720910340548,0.0380328968167305,0.23812424950301647,0.09149950556457043,0.013543115928769112,5.048590311882457,3.680306745895767,-0.03734521664009205,1000,4.421884681107732,3.9630889019658775,-3.315385803682954,197
resnet_frozen,fold5_north,10,0.7907755794137289,False,4,1e-05,1e-05,1.6839158311486244,0.12027970222490174,0.6607740856707096,0.3249176610261202,2.670984448865056,1.3014093711972237,0.03809761069715023,0.23799258843064308,0.09150348976254463,0.013446904718875885,5.033554998369939,3.6710784573515634,-0.031175737638929224,1000,4.3830273161123285,3.919607669423353,-3.23987602971445,197
resnet_frozen,fold5_north,11,0.734017430310044,False,5,1e-05,1e-05,1.6945608984678984,0.12104006417627845,0.6631261091679335,0.32506053149700165,2.6841151379048824,1.3115455117076635,0.038107385858893394,0.2383090816438198,0.0917145125567913,0.013452047482132912,5.004910604156554,3.6443202111794535,-0.019472931071323085,1000,4.411261123072762,3.9493314277335285,-3.294675322100388,197
resnet_frozen,fold5_north,12,0.7695638551666406,False,6,1e-05,1e-05,1.6878528445959091,0.12056091747113637,0.6629275493323803,0.3251391611993313,2.6772828344255686,1.3051810823380947,0.03825732693076134,0.23803291842341423,0.09133459255099297,0.013617275282740593,4.984225707433106,3.6106249944751334,-0.011063543939363818,1000,4.379249493615349,3.916805203751046,-3.232570304704412,197
resnet_frozen,fold5_north,13,0.7529188525733765,False,7,1e-05,1e-05,1.6843310706317425,0.1203093621879816,0.6560950446873903,0.325372539460659,2.6671838890761137,1.3018170800060034,0.03799758478999138,0.23810303397476673,0.09150956012308598,0.013461565598845482,4.9658633038753734,3.591189725645465,-0.003627541162875225,1000,4.367153063795639,3.910329681734471,-3.209220057861021,197
resnet_frozen,fold5_north,14,0.7608756654000168,True,0,1e-05,1e-05,1.6864724941551685,0.12046232101108346,0.6599156782031059,0.32417722046375275,2.671934012323618,1.3040268179029226,0.03816578350961208,0.23798950016498566,0.09135099872946739,0.013461163267493248,4.960272377369323,3.5860843493269003,-0.0013689010320463435,1000,4.349183413249094,3.895286566396346,-3.1746517260245453,197
resnet_frozen,fold5_north,15,0.7793142570262891,False,1,1e-05,1e-05,1.6746776476502419,0.11961983197501727,0.6571181155741215,0.31392140313982964,2.647024756297469,1.2916810531169176,0.03842741623520851,0.2380166407674551,0.09153196960687637,0.01356307789683342,4.93342378042708,3.570571024820188,0.009442032906004205,1000,4.3530449868552346,3.8932495504566824,-3.1820682362336967,197
resnet_frozen,fold5_north,16,0.7244596853495785,True,0,1e-05,1e-05,1.6780960503965616,0.1198640035997544,0.6570350844413042,0.3143016938120127,2.650824749842286,1.2950096279382706,0.03861715644598007,0.2380330041050911,0.09142819978296757,0.013541119173169136,4.919337280296486,3.559241800701755,0.015090675597688286,1000,4.332330112128473,3.8718314463381427,-3.1423604482538874,197
resnet_frozen,fold5_north,17,0.7242166023505362,False,1,1e-05,1e-05,1.6759270783513784,0.11970907702509846,0.654082665219903,0.32390590012073517,2.655237350612879,1.293292535468936,0.03822662867605686,0.23804686032235622,0.09141617827117443,0.013495735824108124,4.904122058798366,3.5447192587419503,0.02117378714797724,1000,4.344412731501769,3.8839269883649217,-3.165498278187557,197
resnet_frozen,fold5_north,18,0.7362428937802474,False,2,1e-05,1e-05,1.6823653616011143,0.12016895440007959,0.6561467554420233,0.3249271120876074,2.664816539734602,1.2995237465947866,0.03830845654010773,0.23809556663036346,0.0915085170418024,0.013469871133565903,4.895412861006835,3.5256209516382513,0.024647282068865017,1000,4.339986541938698,3.8809564399272487,-3.1570147873345222,197
resnet_frozen,fold5_north,19,0.7265449673935557,False,3,1e-05,1e-05,1.6850892957299948,0.12036352112357106,0.6617792788892984,0.3271900303661823,2.6754214987158775,1.3027824647724628,0.038287095725536346,0.23791904374957085,0.09127608314156532,0.013377640396356583,4.867685523853092,3.5198599110203213,0.0356646760155791,1000,4.367826874316225,3.908465757682555,-3.2105190439591755,197
resnet_frozen,fold5_north,20,0.7061128416700226,True,0,1e-05,1e-05,1.757727114483714,0.12555193674883672,0.6572605166584253,0.32405942864716053,2.7404193338006735,1.3654246367514133,0.03824181482195854,0.2381679117679596,0.09993382729589939,0.014442360028624535,4.877543928913965,3.517137865530016,0.03175463082246832,1000,4.274681485441865,3.8084923246926636,-3.0328523699367045,197
resnet_frozen,fold5_north,21,0.7144660256696089,False,1,1e-05,1e-05,1.6789536830037832,0.1199252630716988,0.6593554280698299,0.32473414205014706,2.664362760260701,1.2953959591686726,0.038224825635552406,0.23871998116374016,0.09162110649049282,0.01355789415538311,4.846765017548723,3.4933840114621715,0.04393597047252751,1000,4.326075157880757,3.8639790037450195,-3.1304077253657603,197
resnet_frozen,fold5_north,22,0.7044127346796282,False,2,1e-05,1e-05,1.6820985935628414,0.12014989954020296,0.6584307681769133,0.32413551956415176,2.6660644710063934,1.2991663478314877,0.03804854489862919,0.23852985352277756,0.09143711067736149,0.013445395976305008,4.8371873531396,3.482159776291085,0.047710782325701584,1000,4.322391026918574,3.8568522186998493,-3.1233757238541164,197
resnet_frozen,fold5_north,23,0.7383480879108301,False,3,1e-05,1e-05,1.6758702788501978,0.11970501991787127,0.6586098279803991,0.325182082131505,2.661025719717145,1.293074605986476,0.03827619180083275,0.23807868175208569,0.09148967079818249,0.013488564640283585,4.844200394163246,3.481344524296951,0.044947488648812706,1000,4.293576900983393,3.829523717278458,-3.0685840803597673,197
resnet_frozen,fold5_north,24,0.7125626140804382,False,4,1e-05,1e-05,1.6774782501161098,0.11981987500829357,0.6620362605899572,0.3260215427726507,2.6669158544391394,1.2939893398433924,0.038337428122758865,0.23860575258731842,0.0916302315890789,0.01346944272518158,4.8133057931988485,3.467693586617855,0.05709061838083185,1000,4.313383774432892,3.8466813010947454,-3.1062085640801547,197
resnet_frozen,fold5_north,25,0.7127012125613016,False,5,1e-05,1e-05,1.676057269796729,0.11971837641405207,0.6641647629439831,0.32562826201319695,2.667212914675474,1.292718918994069,0.03824063390493393,0.23857463337481022,0.0915741603821516,0.013505931943655014,4.79456622002016,3.4485549397186013,0.06441835673164642,1000,4.338920760649498,3.87168290450751,-3.154973341106121,197
resnet_frozen,fold5_north,26,0.7185192944473057,False,6,1e-05,1e-05,1.6931669618934393,0.12094049727810281,0.6656958535313606,0.3259225729852915,2.68617725931108,1.3105460032820702,0.03830318711698055,0.23793804831802845,0.09140521101653576,0.01351424865424633,4.754320818664343,3.4229647690678093,0.08005890843203567,1000,4.3859830171231,3.9195200243794592,-3.2455962912521708,197
resnet_frozen,fold5_north,27,0.7310038682376369,False,7,1e-05,1e-05,1.6863847095519304,0.12045605068228074,0.6671215537935495,0.32627553306519985,2.681161215528846,1.3036873191595078,0.03830939345061779,0.23811585269868374,0.09133765660226345,0.013450076803565025,4.772277112407531,3.423618530914666,0.07309685123141862,1000,4.332446884778411,3.867971929743928,-3.142583755764158,197
resnet_frozen,fold5_north,28,0.6857345089958045,False,8,1e-05,1e-05,1.6833014450967312,0.12023581750690937,0.6648027244955301,0.32519075088202953,2.6746770218014717,1.3005367014557123,0.03801616467535496,0.23825077712535858,0.0914707574993372,0.013556316494941711,4.768598418193506,3.411616607716155,0.07452530098656096,1000,4.341612008627884,3.8816835625333344,-3.1601292460422696,197
resnet_frozen,fold5_north,29,0.701953993174448,False,9,1e-05,1e-05,1.6783774942159653,0.11988410672971181,0.6590503007173538,0.32475014217197895,2.6635548155754805,1.2984206322580576,0.03833666443824768,0.23783413507044315,0.08940749801695347,0.012911844998598099,4.752324732698062,3.398392578268692,0.08083121475898802,1000,4.326578475143847,3.86718946883892,-3.131368885942517,197
resnet_frozen,fold5_north,30,0.7408151315730154,False,10,1e-05,1e-05,1.6764812730252743,0.11974866235894817,0.6623149812221527,0.3255532421171665,2.665745496749878,1.3015843126922846,0.03839372657239437,0.237996906042099,0.08543626591563225,0.01163533329963684,4.740073094474526,3.398966057229585,0.08556439611252264,1000,4.337191196257056,3.877028086642844,-3.1516615213924934,197
resnet_frozen,fold5_north,31,0.7115614251656965,False,11,1e-05,1e-05,1.6785786543041468,0.11989847530743905,0.6632029749453068,0.3261153865605593,2.6692754682153463,1.303660973906517,0.038134247064590454,0.23805798217654228,0.08554099127650261,0.011742107570171356,4.731923160554017,3.3868913408830883,0.08870619697617366,1000,4.332371101493006,3.8721026446250684,-3.1424388326434762,197
resnet_frozen,fold5_north,32,0.6978564255260394,False,12,1e-05,1e-05,1.7131610997021198,0.12236864997872285,0.7024382278323174,0.3256246615201235,2.742622861638665,1.3343993406742811,0.0381837859749794,0.23863535560667515,0.0884545911103487,0.012035883963108063,4.725048332305793,3.3687794314412,0.091352240492656,1000,4.311884281170979,3.8465281465162344,-3.103354117476795,197
resnet_frozen,fold5_north,33,0.693870677617178,False,13,1e-05,1e-05,1.6827845256775618,0.12019889469125442,0.6649299040436745,0.32507188618183136,2.6741652209311724,1.3080795798450708,0.03821626119315624,0.2379152998328209,0.08546625450253487,0.011677941307425499,4.727897590066736,3.364969342953921,0.0902560602683462,1000,4.278547792922069,3.8111033812405153,-3.040150831201043,197
resnet_frozen,fold5_north,34,0.7095784385238538,False,14,1e-05,1e-05,1.6802665293216705,0.12001903780869075,0.6575648505240679,0.32700930908322334,2.6662189550697803,1.3055847715586424,0.03820066712796688,0.23796523362398148,0.08548188023269176,0.01161261461675167,4.692249036421367,3.3497453897490055,0.10392335709021305,1000,4.362959324065964,3.894059137937788,-3.201139783403831,197
resnet_frozen,fold5_north,35,0.6972831504767021,False,15,1e-05,1e-05,1.67476512119174,0.11962608008512429,0.659515880048275,0.3255852032452822,2.6612218786031008,1.3001899179071188,0.037906352430582047,0.23800016194581985,0.08552413992583752,0.01170186698436737,4.681752178551395,3.344536684569063,0.10792803296822595,1000,4.409391001336802,3.936904336876312,-3.2910347018863044,197
resnet_frozen,fold5_north,36,0.6849142563970465,False,16,1e-05,1e-05,1.6844139825552702,0.12031528446823359,0.6637625172734261,0.326333848759532,2.6759051363915205,1.309643229469657,0.038197413086891174,0.23803398571908474,0.08541819080710411,0.011691715568304062,4.671561600496265,3.3276145858483113,0.11180727943660418,1000,4.350396571952075,3.873285872656079,-3.1769810007129227,197
resnet_frozen,fold5_north,37,0.6926591310774881,False,17,1e-05,1e-05,1.6769513115286827,0.11978223653776306,0.663758659735322,0.32799631357192993,2.670088518410921,1.3015191089361906,0.03828297182917595,0.23854557797312737,0.08553221076726913,0.01164976879954338,4.676363671856559,3.3282246227184187,0.10998032847189432,1000,4.350495352989312,3.8798258550064677,-3.177170689718653,197
resnet_frozen,fold5_north,38,0.6810974846616316,False,18,1e-05,1e-05,1.682386601343751,0.12017047152455364,0.6641434840857983,0.32539538852870464,2.6733139380812645,1.306717660278082,0.038334138691425323,0.23855209350585938,0.08560098707675934,0.011752098798751831,4.671908462935816,3.3285596688804375,0.11167537830475294,1000,4.316137160047122,3.8443427809260746,-3.111452513927002,197
resnet_frozen,fold5_north,39,0.7117068948643059,False,19,1e-05,1e-05,1.679985024034977,0.11999893028821264,0.6571151930838823,0.32684070244431496,2.6654032934457064,1.3052324429154396,0.03826306201517582,0.23790393583476543,0.0854428019374609,0.011707399040460587,4.6575454218257075,3.318226673323369,0.11712900837268769,1000,4.320263870805372,3.8458830580289645,-3.1193182910147073,197
resnet_frozen,fold5_north,40,0.6824860999173525,False,20,1e-05,1e-05,1.6821963917464018,0.12015688512474298,0.6568250861018896,0.32446566969156265,2.664937222376466,1.306381305679679,0.03829871863126755,0.23867523670196533,0.08568892441689968,0.011715972796082497,4.648782486846255,3.2977422435318595,0.12044803693405592,1000,4.379958061395656,3.90788702711391,-3.233940085337439,197
resnet_frozen,fold5_north,41,0.6671401370655407,False,21,1e-05,1e-05,1.670276664197445,0.11930547601410321,0.662045007571578,0.32618298940360546,2.659962885081768,1.2957597356289625,0.03818974457681179,0.23789424635469913,0.08526641689240932,0.011733576655387878,4.6538084610219705,3.2945717312552523,0.11854517522487895,1000,4.3091625149385875,3.8306018724726276,-3.098175478591868,197
resnet_frozen,fold5_north,42,0.6885736410697681,False,22,1e-05,1e-05,1.678221432492137,0.11987295946372407,0.6639088243246078,0.32639260962605476,2.6699987296015024,1.3034488465636969,0.03831109590828419,0.23793518915772438,0.08543927408754826,0.011645672842860222,4.641355087466153,3.298061975703715,0.12325632705372702,1000,4.321132805992367,3.8439935470253377,-3.1209754956120133,197
resnet_frozen,fold5_north,43,0.6621094924981514,False,23,1e-05,1e-05,1.671979434788227,0.11942710248487336,0.6611060071736574,0.3256809636950493,2.660163490101695,1.2965313140302896,0.03847133927047253,0.23819704912602901,0.08552518486976624,0.01176661066710949,4.62794641081313,3.285571756972581,0.1283147597509645,1000,4.328484964203748,3.849310428765767,-3.135010629635606,197
resnet_frozen,fold5_north,44,0.6862513306038232,False,24,1e-05,1e-05,1.678947227075696,0.11992480193397828,0.6624598242342472,0.3445808496326208,2.6873562075197697,1.3039998281747103,0.03855401836335659,0.2377991769462824,0.08535058796405792,0.011765537783503532,4.6141638053652585,3.281457942911975,0.13349900474277954,1000,4.3479864505347745,3.8703569199210643,-3.1723541844522236,197
resnet_frozen,fold5_north,45,0.6781524245818836,False,25,1e-05,1e-05,1.7289878893643618,0.12349913495459727,0.7793677598237991,0.3259490057826042,2.8357488997280598,1.3495538607239723,0.03865315765142441,0.23800012841820717,0.08884810842573643,0.012380348518490791,4.619137202026411,3.2725978699287843,0.13163007428428064,1000,4.348980810821358,3.870789442831965,-3.1742627910020254,197
resnet_frozen,fold6_balkan_e,1,0.7932376150486696,True,0,1e-05,1e-05,1.673116797581315,0.1287012921216396,0.6644118148833513,0.2700357846915722,2.608763450756669,1.299947364255786,0.03823642060160637,0.2403213530778885,0.08161125890910625,0.011434158310294151,4.774474237927578,3.3743475036562125,-0.04879662486048009,1000,8.886980009743914,6.776068815704903,-1.0707415073143394,146
resnet_frozen,fold6_balkan_e,2,0.8036573092094808,False,1,1e-05,1e-05,1.659736568108201,0.12767204370063084,0.658061608672142,0.2525199167430401,2.5716181863099337,1.2960153128951788,0.03778127208352089,0.2320570070296526,0.08149298653006554,0.011000171303749084,4.810985910264286,3.397765468294597,-0.064898811776813,1000,8.925300249391313,6.843323912056397,-1.0886378883752115,146
resnet_frozen,fold6_balkan_e,3,0.8080578603129047,False,2,1e-05,1e-05,1.641182653605938,0.1262448195081491,0.6549803018569946,0.25181293301284313,2.5492542013525963,1.2769290059804916,0.03784139081835747,0.2324757743626833,0.0815509743988514,0.01103135198354721,4.826069239168345,3.4094376906450616,-0.07158658777052884,1000,8.954847846613726,6.87883234634004,-1.1024898335588573,146
resnet_frozen,fold6_balkan_e,4,0.7860981208711539,False,3,1e-05,1e-05,1.6485003288835287,0.12680771760642529,0.6597962900996208,0.25255907140672207,2.5621602460741997,1.283622583374381,0.03803238645195961,0.23266933485865593,0.08178433775901794,0.011029880493879318,4.818484443834841,3.3955118822676975,-0.06822095929395133,1000,8.984819376818027,6.898114415258729,-1.1165872906562413,146
resnet_frozen,fold6_balkan_e,5,0.795447883473662,False,4,1e-05,1e-05,1.6498859878629446,0.12691430675868803,0.6549815479665995,0.25166037678718567,2.5578102562576532,1.2858582846820354,0.038065606728196144,0.23205950111150742,0.08146617747843266,0.011045409366488457,4.795007583902914,3.371272837064049,-0.057837038858153056,1000,8.987322623153043,6.889095777477216,-1.1177668530351421,146
resnet_frozen,fold6_balkan_e,6,0.7467556521745873,False,5,1e-05,1e-05,1.659432491287589,0.12764865317596838,0.6561121251434088,0.2522562947124243,2.569100935012102,1.2945734895765781,0.03795045241713524,0.2328061629086733,0.08168366365134716,0.011050429195165634,4.774117057797617,3.349777068466915,-0.04863970902691417,1000,8.988844238559755,6.881928103550376,-1.1184840186685596,146
resnet_frozen,fold6_balkan_e,7,0.7527709732009649,False,6,1e-05,1e-05,1.6534127444028854,0.12718559572329888,0.6601446121931076,0.2516082599759102,2.5664550121873617,1.2895556725561619,0.0376639049500227,0.23212108202278614,0.08162077143788338,0.011078601703047752,4.741607421681992,3.3234834891721103,-0.034406784719273276,1000,8.967821278111565,6.852314928539312,-1.1085862557123574,146
resnet_frozen,fold6_balkan_e,8,0.7724144935464111,False,7,1e-05,1e-05,1.6473315618932247,0.12671781245332497,0.6549994684755802,0.25193503871560097,2.5555576235055923,1.2834347113966942,0.037885528057813644,0.23201569356024265,0.08151741698384285,0.011082446202635765,4.717023288471951,3.302513606672584,-0.02370827359153327,1000,8.949478056937298,6.828323273758503,-1.0999690663980792,146
resnet_frozen,fold6_balkan_e,9,0.7771493366889125,False,8,1e-05,1e-05,1.6536758616566658,0.12720583551205122,0.6623108461499214,0.25274510122835636,2.570016622543335,1.2896497808396816,0.03786364011466503,0.23214329220354557,0.0816216692328453,0.01101834885776043,4.69072470183168,3.2810997126850396,-0.012325233732283891,1000,8.930228482535476,6.803438153826411,-1.090945068184379,146
resnet_frozen,fold6_balkan_e,10,0.7372096285170037,False,9,1e-05,1e-05,1.6463481448590755,0.12664216498915964,0.6542465630918741,0.25185098499059677,2.553719587624073,1.281761523336172,0.0378069169819355,0.23262358829379082,0.08174166455864906,0.011032579466700554,4.673594027238379,3.2641249829274184,-0.004944648071953939,1000,8.920462231155428,6.791134582154328,-1.0863741820114114,146
resnet_frozen,fold6_balkan_e,11,0.7050087133420248,False,10,1e-05,1e-05,1.6459515374153852,0.1266116567242604,0.662924624979496,0.2532730344682932,2.5634346418082714,1.2818479873239994,0.03802113048732281,0.23209629021584988,0.08156150579452515,0.011037714779376984,4.649718363850039,3.2469122102116654,0.005296905850211364,1000,8.898300802521035,6.765229165875403,-1.0760205484950833,146
resnet_frozen,fold6_balkan_e,12,0.7630011511222876,True,0,1e-05,1e-05,1.6813725400716066,0.12933634923627743,0.7010658346116543,0.2515039276331663,2.6352559365332127,1.313979882746935,0.03804066404700279,0.23216515220701694,0.08423288352787495,0.011490609496831894,4.631000247750953,3.2317325750490435,0.013289429210734838,1000,8.882036519561076,6.7451104461605915,-1.068438398010629,146
resnet_frozen,fold6_balkan_e,13,0.7731956792107825,True,0,1e-05,1e-05,1.6698890887200832,0.1284530068246218,0.6580232437700033,0.2520481087267399,2.581272365525365,1.3056793790310621,0.03812915459275246,0.2321089692413807,0.08156809955835342,0.01098693534731865,4.603999886376378,3.211863559251701,0.02476162777650026,1000,8.858557891935678,6.716234033592661,-1.0575174998482026,146
resnet_frozen,fold6_balkan_e,14,0.7331633936654242,True,0,1e-05,1e-05,1.6431477405130863,0.12639598003946817,0.6634746287018061,0.2524850480258465,2.560425717383623,1.2789156567305326,0.03801470622420311,0.23212141916155815,0.08160939812660217,0.011085480451583862,4.589231642537245,3.1999190163068496,0.03100813468557473,1000,8.852649912371106,6.707976859610556,-1.0547740018642422,146
resnet_frozen,fold6_balkan_e,15,0.7396838801617501,True,0,1e-05,1e-05,1.6368685252964497,0.12591296348434228,0.6578007023781538,0.25151305086910725,2.547475812956691,1.272575857117772,0.03809401020407677,0.23215612396597862,0.08155100978910923,0.011097041890025139,4.557625794737553,3.180723720043192,0.044308988707574715,1000,8.812114724668094,6.663255952136025,-1.0359999710622518,146
resnet_frozen,fold6_balkan_e,16,0.7315696627440873,True,0,1e-05,1e-05,1.6463588885962963,0.12664299143048433,0.6582355480641127,0.25276002287864685,2.558671412989497,1.2820321917533875,0.038164662197232246,0.23227524384856224,0.08138229511678219,0.011082636192440987,4.544459035780009,3.169083307981559,0.0498229020485198,1000,8.806735907977606,6.655208733621345,-1.0335152262078253,146
resnet_frozen,fold6_balkan_e,17,0.740628278729999,True,0,1e-05,1e-05,1.6454736199229956,0.12657489384023043,0.6630539856851101,0.2533529717475176,2.5631643421947956,1.2811674680560827,0.03787606954574585,0.23231169395148754,0.08169694617390633,0.01102694496512413,4.523761244124413,3.1545172372576262,0.05845837731592163,1000,8.784623012365085,6.629233599238467,-1.0233161112289149,146
resnet_frozen,fold6_balkan_e,18,0.7217875194923438,True,0,1e-05,1e-05,1.6172194797545671,0.124401498442659,0.6605453714728355,0.2527812384068966,2.5318514741957188,1.2515912037342787,0.03796074353158474,0.23243208602070808,0.0822401437908411,0.011545149609446526,4.5068576493630355,3.14069096251656,0.06548160519193136,1000,8.773028445592939,6.61432500698594,-1.0179786045462835,146
resnet_frozen,fold6_balkan_e,19,0.7084891209412542,True,0,1e-05,1e-05,1.6516407076269388,0.1270492852020722,0.665021289139986,0.25307984463870525,2.571060188114643,1.2815312445163727,0.03800130635499954,0.2322535701096058,0.08594992011785507,0.012506194412708282,4.491644994576134,3.1285611530555415,0.07177979045201877,1000,8.759026952746762,6.596837145977164,-1.0115424767418468,146
resnet_frozen,fold6_balkan_e,20,0.722555897419933,True,0,1e-05,1e-05,1.66686543636024,0.1282204181815569,0.6619787625968456,0.25334507413208485,2.583474701270461,1.2968755513429642,0.03784262016415596,0.2322608344256878,0.08602341637015343,0.012467119842767715,4.472744900152126,3.1167439817637943,0.07957494775857565,1000,8.73673579698989,6.5699600303161745,-1.0013170144944574,146
resnet_frozen,fold6_balkan_e,21,0.7186399713356331,True,0,1e-05,1e-05,1.6540570333600044,0.12723515641230804,0.6635397039353848,0.25278450921177864,2.5716648306697607,1.2841636538505554,0.037884291261434555,0.2321609202772379,0.08604922331869602,0.012399645522236824,4.454767892514788,3.103831647106506,0.08695888601563184,1000,8.724040693498074,6.551935846705835,-0.9955051258976366,146
resnet_frozen,fold6_balkan_e,22,0.7105222928222039,True,0,1e-05,1e-05,1.6588059719651937,0.12760045938193798,0.6608678083866835,0.2528972290456295,2.5738912764936686,1.288869010284543,0.03788900934159756,0.23218819312751293,0.08597393147647381,0.01245926320552826,4.447453537102934,3.0945872409094126,0.08995469848624171,1000,8.721622303145596,6.548638573251446,-0.9943989317338815,146
resnet_frozen,fold6_balkan_e,23,0.7506756167791433,True,0,1e-05,1e-05,1.6416159346699715,0.12627814882076704,0.6588038746267557,0.2524845562875271,2.5542081613093615,1.2717607896775007,0.03765668161213398,0.2323360051959753,0.08604015968739986,0.012437338009476662,4.4307561777455735,3.086427515251225,0.09677515376949064,1000,8.697294743792481,6.521637022731508,-0.9832883403932464,146
resnet_frozen,fold6_balkan_e,24,0.7001370490675812,True,0,1e-05,1e-05,1.6579380705952644,0.12753369773809725,0.6562585234642029,0.2521956730633974,2.5677076391875744,1.288340836763382,0.03789554163813591,0.23207815922796726,0.08571610413491726,0.012482184916734695,4.417931297824807,3.0756299756247865,0.10199637790119531,1000,8.685640264657142,6.507182795902943,-0.9779766413844257,146
resnet_frozen,fold6_balkan_e,25,0.6737440012044872,True,0,1e-05,1e-05,1.704464802518487,0.1311126771168067,0.6820386219769716,0.25325168296694756,2.6410554200410843,1.327329371124506,0.03825019299983978,0.2322856094688177,0.09160001389682293,0.013510825112462044,4.404420598940026,3.0687319712491963,0.10748043999906132,1000,8.670448614118188,6.487856563704752,-0.971063517981793,146
resnet_frozen,fold6_balkan_e,26,0.6844995134702206,True,0,1e-05,1e-05,1.6555709335952997,0.12735161027656153,0.6626076474785805,0.25239902921020985,2.571872243657708,1.2858258001506329,0.03754475899040699,0.2322324924170971,0.0861006136983633,0.012460753321647644,4.3901699649656205,3.0595824657188055,0.11324664373776971,1000,8.661532481119156,6.4759272606606055,-0.9670117718416196,146
resnet_frozen,fold6_balkan_e,27,0.730795534298417,True,0,1e-05,1e-05,1.6628620903939009,0.12791246849183852,0.6627187337726355,0.2531807590276003,2.580059764906764,1.2931566126644611,0.0376513097435236,0.2321836445480585,0.08599417470395565,0.012470941990613937,4.380435346106475,3.053692213956192,0.11717479942602338,1000,8.648905771217343,6.4576416695765895,-0.9612809652973744,146
resnet_frozen,fold6_balkan_e,28,0.7115876794005188,True,0,1e-05,1e-05,1.665640713647008,0.12812620874207753,0.6409913841634989,0.260698888450861,2.5686578061431646,1.2955832071602345,0.03784748539328575,0.23224269971251488,0.0861225314438343,0.012434624135494232,4.367074286903622,3.0446164278264543,0.12255211457791448,1000,8.643646643887804,6.449598252786122,-0.9588965040491002,146
resnet_frozen,fold6_balkan_e,29,0.7225601701167007,False,1,1e-05,1e-05,1.66139330342412,0.12779948487877846,0.6585000101476908,0.25412924587726593,2.5754070039838552,1.2916413191705942,0.03766465373337269,0.23229021951556206,0.08600224927067757,0.01238110102713108,4.354316184372098,3.035523636506808,0.12767143120802815,1000,8.644209410889333,6.449409220384519,-0.959151590413615,146
resnet_frozen,fold6_balkan_e,30,0.69630402700461,True,0,1e-05,1e-05,1.6494201552122831,0.12687847347786793,0.663183867931366,0.25466118566691875,2.5685389023274183,1.2798427920788527,0.03780928999185562,0.23216214030981064,0.08589716255664825,0.01233726367354393,4.32956605203814,3.021606641320682,0.13755995864956405,1000,8.612084773620776,6.409940397221478,-0.9446169848364336,146
resnet_frozen,fold6_balkan_e,31,0.7119493959033446,False,1,1e-05,1e-05,1.6509757041931152,0.1269981310917781,0.6649474669247866,0.253297820687294,2.570533625781536,1.2809875402599573,0.038050176575779915,0.23213689774274826,0.0858949888497591,0.012469576671719551,4.323341641144777,3.013631045313712,0.140037954058146,1000,8.613344073045628,6.407074802380109,-0.9451857284464822,146
resnet_frozen,fold6_balkan_e,32,0.6788011498848118,True,0,1e-05,1e-05,1.6460588071495295,0.12661990824227148,0.6600261274725199,0.25167651288211346,2.559045808389783,1.2762879114598036,0.03776465356349945,0.23213091678917408,0.08603839576244354,0.012465197592973709,4.309482479122767,3.0064754205633464,0.1455426081996699,1000,8.59790882552442,6.386977435266578,-0.938220368460738,146
resnet_frozen,fold6_balkan_e,33,0.6850899385313073,True,0,1e-05,1e-05,1.654637984931469,0.12727984499472839,0.6563113108277321,0.25180491991341114,2.5641019511967897,1.2845846768468618,0.03809890151023865,0.23216524347662926,0.08599307388067245,0.012352325022220612,4.303473229565916,3.0013623131812817,0.14792390005438671,1000,8.595952682779226,6.383295307395629,-0.9373385250992077,146
resnet_frozen,fold6_balkan_e,34,0.6868119058620513,True,0,1e-05,1e-05,1.6365709695965052,0.12589007458434656,0.6693365033715963,0.2526967506855726,2.559917217120528,1.267130671069026,0.03757912665605545,0.23221836425364017,0.08581958711147308,0.012442907318472862,4.294000110238678,2.99137248645612,0.15167107541833724,1000,8.593801987993793,6.377498896611606,-0.9363692078459156,146
resnet_frozen,fold6_balkan_e,35,0.6911847853114148,True,0,1e-05,1e-05,1.6560504101216793,0.12738849308628303,0.6684673335403204,0.2546938359737396,2.5805163122713566,1.2860787846148014,0.037859389558434486,0.23227584548294544,0.08602765202522278,0.012390609830617905,4.289072058904869,2.9883860004724254,0.15361714408292215,1000,8.589074184374061,6.371860314186672,-0.9342392413527925,146
resnet_frozen,fold6_balkan_e,36,0.7026897064164119,True,0,1e-05,1e-05,1.662631306797266,0.127894715907482,0.665908969938755,0.2526275161653757,2.582450656220317,1.292441600933671,0.03810562938451767,0.23210166953504086,0.08603643253445625,0.012517105787992477,4.281283046267207,2.9798311242463806,0.15668843812890632,1000,8.58781865652347,6.365532985428351,-0.9336737988638988,146
resnet_frozen,fold6_balkan_e,37,0.6908993291049584,True,0,1e-05,1e-05,1.6557588819414377,0.12736606784164906,0.6636855881661177,0.2526318356394768,2.5733787063509226,1.2861056439578533,0.037958236411213875,0.23202905990183353,0.08595553040504456,0.012305187061429024,4.261941058147018,2.9718044948891382,0.16429105462273863,1000,8.554944780757243,6.326135590031321,-0.9188980594241338,146
resnet_frozen,fold6_balkan_e,38,0.673673193762472,True,0,1e-05,1e-05,1.8338897600769997,0.14106844308284613,0.6639329623430967,0.25223940052092075,2.7513653077185154,1.4573943093419075,0.03834059648215771,0.23224373534321785,0.0912522692233324,0.01314062811434269,4.255575233004705,2.965441585126192,0.16678569444351754,1000,8.553970436371488,6.322063316349437,-0.9184609879693546,146
resnet_frozen,fold6_balkan_e,39,0.6910248565587549,True,0,1e-05,1e-05,1.671453908085823,0.12857337754506332,0.6606057472527027,0.2526679001748562,2.58602761849761,1.3003602623939514,0.03799421899020672,0.23226113431155682,0.08662026934325695,0.012773988768458366,4.244888076307652,2.958256580611433,0.17096539286067292,1000,8.537486342050363,6.304394160148368,-0.9110740975883616,146
resnet_frozen,fold6_balkan_e,40,0.6691674451344839,True,0,1e-05,1e-05,1.6364252138882875,0.12587886260679135,0.6609240919351578,0.2523011863231659,2.550948277115822,1.2649034429341555,0.037900250405073166,0.2322212029248476,0.08728562667965889,0.012694839388132095,4.235855938001965,2.9527926113048033,0.17448962661219525,1000,8.526795679851197,6.294539271912419,-0.9062909904436354,146
resnet_frozen,fold6_balkan_e,41,0.686363958118908,True,0,1e-05,1e-05,1.6498176474124193,0.12690904980095533,0.657845601439476,0.25218833424150944,2.5611523240804672,1.2771876733750105,0.03798125497996807,0.23285959288477898,0.08749362453818321,0.012900082394480705,4.227185354328817,2.9429438145932973,0.17786572400020506,1000,8.52608630018273,6.289829316525132,-0.9059738190534665,146
resnet_frozen,fold6_balkan_e,42,0.6665675073538528,False,1,1e-05,1e-05,1.664846396073699,0.12806510739028454,0.6666608080267906,0.25267026387155056,2.5854855105280876,1.2930585481226444,0.03793363645672798,0.23222480155527592,0.08733072131872177,0.012883458286523819,4.231605501259101,2.942624114004963,0.17614549935440504,1000,8.529131618331613,6.293555076745087,-0.907335600540873,146
resnet_frozen,fold6_balkan_e,43,0.680587806589497,False,2,1e-05,1e-05,1.6502023320645094,0.1269386409280392,0.6604116559028625,0.2520400285720825,2.563954818993807,1.2786778081208467,0.03794558718800545,0.2321875561028719,0.08711500838398933,0.012880483642220497,4.227291462930263,2.9377545113480994,0.17782444991081225,1000,8.533723541781045,6.2954897643182886,-0.9093899003510528,146
resnet_frozen,fold6_balkan_e,44,0.7032907251425905,True,0,1e-05,1e-05,1.6706299632787704,0.12850999717529005,0.6550499647855759,0.2552404571324587,2.582212921231985,1.2985821440815926,0.03821428865194321,0.23221766762435436,0.08727745525538921,0.01290622167289257,4.215392889983624,2.9343918809769773,0.18244629731366868,1000,8.506388834505762,6.264597526973506,-0.8971774063248215,146
resnet_frozen,fold6_balkan_e,45,0.6854557903310502,False,1,1e-05,1e-05,1.6636460609734058,0.1279727739210312,0.6573427058756351,0.2521295063197613,2.574432175606489,1.291790233924985,0.038145141676068306,0.2322897706180811,0.0871388427913189,0.012835316359996796,4.218854708453185,2.9298296423992776,0.18110294227306212,1000,8.537169199613341,6.2944704454590505,-0.9109321186931076,146
resnet_frozen,fold6_balkan_e,46,0.6918717542948567,True,0,1e-05,1e-05,1.6551733631640673,0.1273210279356975,0.663126615807414,0.25238614343106747,2.5719771068543196,1.281192196533084,0.03833137825131416,0.23290221393108368,0.08833559975028038,0.01295907236635685,4.195720738467453,2.9234842530550127,0.19005911682058885,1000,8.495907196571808,6.246402255181812,-0.892504853610258,146
resnet_frozen,fold6_balkan_e,47,0.6790566441520994,True,0,1e-05,1e-05,1.6623077504336834,0.12786982695643717,0.6652443669736385,0.25282181426882744,2.5817031152546406,1.2904241383075714,0.03800518624484539,0.23226101137697697,0.08733050897717476,0.012891855090856552,4.189966468831033,2.9190434909788148,0.19227919894347156,1000,8.485646860668936,6.233980846397111,-0.8879365338668952,146
resnet_frozen,fold6_balkan_e,48,0.6505378737812019,True,0,1e-05,1e-05,1.6663085371255875,0.12817757977889135,0.6615419220179319,0.2542795855551958,2.5834175664931536,1.293885888531804,0.03812253661453724,0.23212846741080284,0.08784043975174427,0.012919392436742783,4.1785780180318435,2.9088783621844496,0.1966640490462057,1000,8.476548215630958,6.221091621049978,-0.8838900644878658,146
resnet_frozen,fold6_balkan_e,49,0.6488421423443839,True,0,1e-05,1e-05,1.6633925661444664,0.1279532743188051,0.6641130615025759,0.25262018106877804,2.581412771716714,1.291680458933115,0.037903375923633575,0.23228861391544342,0.08742155320942402,0.012691680341959,4.169558666070365,2.9043096082135436,0.2001282658045761,1000,8.46249908173802,6.206593973973823,-0.8776504750465894,146
resnet_frozen,fold6_balkan_e,50,0.632852795256349,True,0,1e-05,1e-05,1.6526013724505901,0.12712318249619925,0.6620523612946272,0.2527222763746977,2.568670004606247,1.2803905960172415,0.03812787123024464,0.23218019306659698,0.08755873329937458,0.012920087203383446,4.166754661147216,2.902011212064912,0.20120372261428066,1000,8.458215727450522,6.200473793035319,-0.875750183722553,146
resnet_frozen,fold6_balkan_e,51,0.6941183908281913,False,1,1e-05,1e-05,1.744876690208912,0.13422128386222398,0.6570564918220043,0.2517599519342184,2.654978657141328,1.3665166925638914,0.03781360946595669,0.2323334440588951,0.09308504126966,0.013637639582157135,4.1642416299447085,2.897389203053659,0.20216696369106502,1000,8.46421953973126,6.207386100674458,-0.8784140195067447,146
resnet_frozen,fold6_balkan_e,52,0.6616955399513245,False,2,1e-05,1e-05,1.6608847379684448,0.12776036445911115,0.6552133820950985,0.25148688070476055,2.568889155983925,1.2894889637827873,0.03790328465402126,0.2322784774005413,0.08715289458632469,0.012672331184148788,4.1662756952691895,2.893945336300835,0.20138735433818933,1000,8.483162497613419,6.227210732491172,-0.8868312243354348,146
resnet_frozen,fold6_balkan_e,53,0.6892785481722133,True,0,1e-05,1e-05,1.6525188125669956,0.12711683173592275,0.6622010953724384,0.25275728292763233,2.5687614735215902,1.2812684662640095,0.03794338367879391,0.23208191618323326,0.08712221495807171,0.012697046622633934,4.154141823426301,2.8926169996388125,0.20603234340198895,1000,8.451219916648933,6.190522040521598,-0.8726485918414075,146
resnet_frozen,fold6_balkan_e,54,0.6807160639935437,True,0,1e-05,1e-05,1.646433524787426,0.12664873267595583,0.6581498198211193,0.2517230175435543,2.5576083045452833,1.2750672604888678,0.03779507614672184,0.23217285051941872,0.08716826140880585,0.01283273659646511,4.144621866102089,2.8894463142821194,0.20966721079888628,1000,8.43490525073405,6.170873971505586,-0.8654254578478158,146
resnet_frozen,fold6_balkan_e,55,0.6898726952521735,False,1,1e-05,1e-05,1.6603327691555023,0.12771790531965402,0.6575993113219738,0.2531356494873762,2.5723745618015528,1.2888927422463894,0.03793238289654255,0.2322111837565899,0.08714055828750134,0.012721419334411621,4.146380080277742,2.882067101642503,0.2089965252222209,1000,8.454858031833902,6.189458165281221,-0.8742612294889991,146
resnet_frozen,fold6_balkan_e,56,0.6681683613537879,False,2,1e-05,1e-05,1.6499197389930487,0.1269169029994653,0.6630195714533329,0.2530553974211216,2.5672876592725515,1.2782239317893982,0.03815966285765171,0.2321738600730896,0.08721749112010002,0.012720221653580666,4.139415145812464,2.8781312516225217,0.21165168953877656,1000,8.451323136281648,6.18573962810688,-0.872694335599626,146
resnet_frozen,fold6_balkan_e,57,0.616389060912,False,3,1e-05,1e-05,1.6693996172398329,0.12841535517229483,0.6647522319108248,0.25573328137397766,2.591167163103819,1.29808166064322,0.03801075927913189,0.23205846548080444,0.08714020438492298,0.012686433270573616,4.139384118738062,2.8776176625730385,0.21166350765759323,1000,8.456141812685775,6.192167776903592,-0.8748304462262364,146
resnet_frozen,fold6_balkan_e,58,0.676228621253346,False,4,1e-05,1e-05,1.6536867711693048,0.12720667470533115,0.6693482287228107,0.2517598979175091,2.5760751329362392,1.2826013956218958,0.037925707176327705,0.23218382894992828,0.086980065330863,0.012603865936398506,4.137309781968039,2.8736261060686665,0.21245341532985784,1000,8.45749989968244,6.19076909485697,-0.8754327037023937,146
resnet_frozen,fold6_balkan_e,59,0.6335834244623403,False,5,1e-05,1e-05,1.659860037267208,0.12768154132824677,0.658391784876585,0.25167145766317844,2.571226941421628,1.2883869670331478,0.03817092254757881,0.23217680677771568,0.08705104142427444,0.012645294889807701,4.128491030143977,2.869161519655563,0.21580717724693543,1000,8.445666001963556,6.1751346260141435,-0.8701880919034812,146
resnet_frozen,fold6_balkan_e,60,0.6528086485419832,True,0,1e-05,1e-05,1.6512934491038322,0.12702257300798708,0.661412788555026,0.2523363567888737,2.5663092769682407,1.2784659340977669,0.03813615255057812,0.2321766186505556,0.08816710859537125,0.012898476794362068,4.1193261590952,2.8606945097041,0.2192849848897005,1000,8.433854814758817,6.160351034206653,-0.8649608674490905,146
resnet_frozen,fold6_balkan_e,61,0.6346185647391582,True,0,1e-05,1e-05,1.6396528966724873,0.12612714589788362,0.6548284236341715,0.25591686367988586,2.5517291501164436,1.269020665436983,0.03777429834008217,0.23218095488846302,0.08670739084482193,0.012588299810886383,4.114963207684306,2.858678736422584,0.22093788524716274,1000,8.426956748494867,6.152143753439152,-0.8619114047951975,146
resnet_frozen,fold6_balkan_e,62,0.6389638620492777,True,0,1e-05,1e-05,1.6467669624835253,0.12667438172950193,0.657125186175108,0.253437627106905,2.5586402285844088,1.2765938229858875,0.038004470989108086,0.23221201822161674,0.08603177592158318,0.012516625225543976,4.102958074911925,2.8545026604835493,0.22547697862333416,1000,8.406121226619026,6.128004861036425,-0.8527156919644838,146
resnet_frozen,fold6_balkan_e,63,0.6326687568203244,True,0,1e-05,1e-05,1.6365040428936481,0.12588492637643448,0.6609210316091776,0.26177316531538963,2.5604976639151573,1.2690156362950802,0.037893639877438545,0.23227513022720814,0.08387145958840847,0.012013217434287071,4.100366787094552,2.8503782930254418,0.2264549941199041,1000,8.40550756167051,6.124987698943325,-0.8524451973691052,146
resnet_frozen,fold6_balkan_e,64,0.6654985684393686,True,0,1e-05,1e-05,1.714112063869834,0.13185477414383337,0.6610052678734064,0.2524987794458866,2.6290441565215588,1.3440051674842834,0.03794342279434204,0.23226450756192207,0.08575853332877159,0.012678127735853195,4.099453074041481,2.851890039554054,0.22679970446185493,1000,8.403021085613588,6.122845472222975,-0.8513493969489438,146
resnet_frozen,fold6_balkan_e,65,0.6662624270550735,True,0,1e-05,1e-05,1.6563379801809788,0.1274106138600753,0.663236578926444,0.2524701673537493,2.5733484402298927,1.2862829770892859,0.03806803561747074,0.2320766020566225,0.08594566397368908,0.012566544115543365,4.093004060329632,2.8464054735288076,0.2292304956339979,1000,8.394685847250237,6.112567245090787,-0.8476783874680351,146
resnet_frozen,fold6_balkan_e,66,0.6434806678781175,True,0,1e-05,1e-05,1.6588892843574286,0.1276068680274945,0.6626396514475346,0.25304033793509007,2.575876208022237,1.2885823920369148,0.03801100514829159,0.2321590930223465,0.08609761483967304,0.01263355277478695,4.0825763346338455,2.842442360016928,0.23315286388025747,1000,8.381483772552393,6.090858182641046,-0.8418713787701686,146
resnet_frozen,fold6_balkan_e,67,0.6443271585914281,False,1,1e-05,1e-05,1.6614341884851456,0.12780262988347274,0.6648440230637789,0.25387339666485786,2.5814518220722675,1.290101520717144,0.0380900613963604,0.23217083141207695,0.0870115514844656,0.012681080028414726,4.082629645152106,2.8340692907893885,0.23313283668085416,1000,8.399974917637504,6.106826012574102,-0.8500073798338097,146
resnet_frozen,fold6_balkan_e,68,0.6552255858989618,False,2,1e-05,1e-05,1.6557050123810768,0.1273619240293136,0.6645079273730516,0.2528989724814892,2.5744156762957573,1.2845350708812475,0.03781053610146046,0.23218538239598274,0.08712052181363106,0.012673180550336838,4.0744183715284255,2.8284145112344996,0.23621448954478785,1000,8.387822864907147,6.090257205146067,-0.8446585244394351,146
resnet_frozen,fold6_balkan_e,69,0.6398244045755688,True,0,1e-05,1e-05,1.6549923680722713,0.12730710523632857,0.6565767619758844,0.25145797803997993,2.5643107295036316,1.287608116865158,0.037919001653790474,0.23223221488296986,0.08402911387383938,0.011815803125500679,4.070201712872579,2.827560028934659,0.2377945709022048,1000,8.379816698561118,6.081441130190024,-0.8411387565782227,146
resnet_frozen,fold6_balkan_e,70,0.6454026324470024,True,0,1e-05,1e-05,1.6555264573544264,0.12734818902726358,0.6590027920901775,0.25244717858731747,2.568307673558593,1.2909066881984472,0.0381760373711586,0.23229116573929787,0.08164490573108196,0.011127151548862457,4.071915151542783,2.8283652933936665,0.23715270239458552,1000,8.379215095126625,6.078419973777566,-0.8408744081611814,146
resnet_frozen,fold6_balkan_e,71,0.6193302065960892,True,0,1e-05,1e-05,1.6367891170084476,0.12590685515449598,0.6611328423023224,0.252416567876935,2.551625331863761,1.2726541850715876,0.037991760298609734,0.23217535205185413,0.08155537769198418,0.011020634323358536,4.061389022500705,2.8271700845951138,0.24109161075404584,1000,8.361476602151996,6.06147542044861,-0.8330885300414408,146
resnet_frozen,fold6_balkan_e,72,0.6187879621479279,False,1,1e-05,1e-05,1.633848449215293,0.12568064993963793,0.642216021195054,0.25304396636784077,2.5304260794073343,1.269648453220725,0.03784788213670254,0.23225868679583073,0.08165770024061203,0.01103239506483078,4.060912363790833,2.821615257476381,0.24126973654508788,1000,8.366885872938003,6.068044013060987,-0.8354610486926697,146
resnet_frozen,fold6_balkan_e,73,0.6434816934518849,False,2,1e-05,1e-05,1.6450767759233713,0.12654436737872088,0.6435031294822693,0.252485953271389,2.5423366017639637,1.280261855572462,0.037954503670334816,0.23278319090604782,0.08176728896796703,0.010971063748002052,4.054077854793087,2.8180644550678404,0.24382147108803132,1000,8.36488697398888,6.064086568356308,-0.8345841482649807,146
resnet_frozen,fold6_balkan_e,74,0.6288649311111689,True,0,1e-05,1e-05,1.6538886576890945,0.12722220443762267,0.6448981575667858,0.25386085361242294,2.5539674814790487,1.2899236008524895,0.03782157972455025,0.23225227184593678,0.08154307305812836,0.010978860780596733,4.050693433061138,2.814472697610392,0.2450834886872323,1000,8.356756788941608,6.05240566892359,-0.8310196625398671,146
resnet_frozen,fold6_balkan_e,75,0.6500475686335593,True,0,1e-05,1e-05,1.6539699044078588,0.1272284541852199,0.6617457866668701,0.2526027783751488,2.569649515673518,1.2896043304353952,0.03795083798468113,0.23236669041216373,0.08158878609538078,0.01108642853796482,4.04081298384468,2.80773983876196,0.24876178105174207,1000,8.34589524782561,6.040157330829569,-0.8262630873474819,146
resnet_frozen,fold6_balkan_e,76,0.6360969667843082,True,0,1e-05,1e-05,1.6503503527492285,0.12695002713455603,0.6708406340330839,0.26407032646238804,2.5865433588624,1.2863010335713625,0.038086725398898125,0.23193413764238358,0.08162956684827805,0.011030023917555809,4.0396078256589165,2.809459728598977,0.24920982251384438,1000,8.332824755979233,6.025251103668987,-0.8205473517483619,146
resnet_frozen,fold6_balkan_e,77,0.667995265295192,False,1,1e-05,1e-05,1.7741851843893528,0.1364757834145656,0.6658583264797926,0.2528500556945801,2.6943205408751965,1.40727605111897,0.03789297118782997,0.23288423381745815,0.08330999501049519,0.011433597654104233,4.040728352485033,2.8052091825078755,0.24879324880159648,1000,8.353059358147004,6.044974572868166,-0.8293997588009099,146
resnet_frozen,fold6_balkan_e,78,0.6598359692945124,False,2,1e-05,1e-05,1.6395887527614832,0.1261222117508833,0.6621069833636284,0.25195732340216637,2.554951012134552,1.275434946641326,0.03813382610678673,0.23197460174560547,0.08161304332315922,0.011075550690293312,4.045240548471327,2.802645658595649,0.2471145986500778,1000,8.37078156745396,6.062251227558578,-0.8371706597219823,146
resnet_frozen,fold6_balkan_e,79,0.6085173815524765,False,3,1e-05,1e-05,1.6371371857821941,0.12593362967555338,0.6660764776170254,0.25340816378593445,2.5578991901129484,1.2726564183831215,0.038129206746816635,0.23226890340447426,0.08166524954140186,0.011068439111113548,4.03034106740306,2.799282118282796,0.25265045899932215,1000,8.338127144498685,6.025738685575889,-0.8228650101568764,146
resnet_frozen,fold6_balkan_e,80,0.6500738997223582,False,4,1e-05,1e-05,1.6358032915741205,0.1258310224287785,0.6560067385435104,0.25192800909280777,2.5450312420725822,1.2717495486140251,0.037967029958963394,0.2320661935955286,0.08163677901029587,0.011021055281162262,4.026552934326791,2.7942702587479333,0.2540546721944882,1000,8.333979486124012,6.020945236654917,-0.8210519553200852,146
resnet_frozen,fold6_balkan_e,81,0.6133801681141227,False,5,1e-05,1e-05,1.6343008149415255,0.12571544730319426,0.6618476379662752,0.253259040415287,2.5507081169635057,1.2699319068342447,0.038075536489486694,0.23207200691103935,0.08167140930891037,0.01116928644478321,4.022398123413374,2.7915274477723826,0.2555932898895451,1000,8.33456499399682,6.023913938305975,-0.8213078421297484,146
resnet_frozen,fold6_balkan_e,82,0.6138804503171665,True,0,1e-05,1e-05,1.6376231033354998,0.1259710079488846,0.6621782556176186,0.2523910365998745,2.553480699658394,1.2735633850097656,0.03791162371635437,0.23213187791407108,0.08163096383213997,0.011016720905900002,4.012927933809601,2.7889171823507084,0.2590943724393069,1000,8.31645679940918,6.003432142421929,-0.8134022660176272,146
resnet_frozen,fold6_balkan_e,83,0.6428088768687553,False,1,1e-05,1e-05,1.6539914514869452,0.12723011165284193,0.6669728811830282,0.25254639610648155,2.57481805421412,1.2899166103452444,0.03793860413134098,0.23217210732400417,0.0816155020147562,0.010962465777993202,4.013717721499317,2.7881286336766498,0.25880270723311694,1000,8.3182015130839,6.0048556372658615,-0.8141632149847937,146
resnet_frozen,fold6_balkan_e,84,0.6002534543073077,True,0,1e-05,1e-05,1.6495919898152351,0.12689169152424887,0.6623157169669867,0.2527780830860138,2.565953115001321,1.2853920925408602,0.037993840873241425,0.23224355466663837,0.08162668347358704,0.01099885068833828,4.009242952447757,2.7841252100108687,0.26045446159221974,1000,8.315262325119706,5.9988486357280255,-0.8128813935157675,146
resnet_frozen,fold6_balkan_e,85,0.6170810007358777,False,1,1e-05,1e-05,1.659490555524826,0.12765311965575585,0.6601147055625916,0.25224462151527405,2.573160894215107,1.2952234614640474,0.03805083967745304,0.23214319348335266,0.08162176050245762,0.011062117293477058,4.010452367699632,2.7831162881336775,0.26000821646924555,1000,8.324810059024692,6.009736065147624,-0.81704694973516,146
resnet_frozen,fold6_balkan_e,86,0.6279408684398067,True,0,1e-05,1e-05,1.6564343553036451,0.12741802733104962,0.6609463728964329,0.2524773608893156,2.5711412727832794,1.2922447212040424,0.03813564404845238,0.23215810768306255,0.08149999007582664,0.011047124862670898,4.0014407006399235,2.7778520734659655,0.26333006981273266,1000,8.309566841526452,5.990690254389198,-0.8103988019320532,146
resnet_frozen,fold6_balkan_e,87,0.6184414385742675,True,0,1e-05,1e-05,1.6671661492437124,0.12824354994182402,0.660396009683609,0.25243538804352283,2.581311320886016,1.3022844977676868,0.03775961510837078,0.23276106268167496,0.08180413208901882,0.011198369786143303,3.992706542773255,2.773722025744036,0.266542497445885,1000,8.289320336830809,5.968155426845928,-0.8015873695278117,146
resnet_frozen,fold6_balkan_e,88,0.6069098456489738,False,1,1e-05,1e-05,1.6632531490176916,0.12794254992443782,0.6632068995386362,0.25334279984235764,2.5810931716114283,1.2990551479160786,0.03802295960485935,0.23203889653086662,0.08158337138593197,0.011179681867361069,3.9921730654416154,2.7694945259092245,0.26673848320487126,1000,8.296260923445391,5.972250201634183,-0.8046055441085105,146
resnet_frozen,fold6_balkan_e,89,0.623519271791916,False,2,1e-05,1e-05,1.6536693461239338,0.12720533431722567,0.704070795327425,0.2591664306819439,2.618196915835142,1.289656177163124,0.03810222074389458,0.23212997801601887,0.08141360804438591,0.011022739112377167,3.9933927000251472,2.768102599449847,0.2662903825344366,1000,8.302799929738532,5.973707333537727,-0.8074513990187111,146
resnet_frozen,fold6_balkan_e,90,0.6193243777076067,False,3,1e-05,1e-05,1.6579063832759857,0.1275312602519989,0.6667826417833567,0.25310686416924,2.5790871251374483,1.2935185097157955,0.03810618072748184,0.23221244290471077,0.0817179661244154,0.011000694707036018,3.987832672516209,2.7644803164808462,0.2683320578932592,1000,8.294090188492264,5.962629611942273,-0.803661309620324,146
resnet_frozen,fold6_balkan_e,91,0.6125932000083141,False,4,1e-05,1e-05,1.6542912162840366,0.12725317048338744,0.6616437844932079,0.25269949063658714,2.569894254207611,1.2902771681547165,0.03812781162559986,0.23205843195319176,0.08143357001245022,0.011022120714187622,3.985247868019494,2.7628313987357296,0.26928024495321634,1000,8.292447636641652,5.959980699831599,-0.8029469904366526,146
resnet_frozen,fold6_balkan_e,92,0.5845869142557657,False,5,1e-05,1e-05,1.6606404408812523,0.12774157237548095,0.6625352632254362,0.2522707600146532,2.5767243951559067,1.2964392863214016,0.03791593573987484,0.23220257461071014,0.08161762729287148,0.011075213551521301,3.9850084061502593,2.760705787784291,0.26936805593372326,1000,8.29501046184036,5.960914481243812,-0.8040615834248594,146
resnet_frozen,fold6_balkan_e,93,0.6105254078946729,False,6,1e-05,1e-05,1.6594694964587688,0.1276514997275976,0.6627978272736073,0.252698577940464,2.5762725453823805,1.2951541747897863,0.038156382739543915,0.232152309268713,0.08158509619534016,0.01106957159936428,3.9775260976757383,2.7530015135765113,0.27210917000260826,1000,8.290798466316295,5.952562684045269,-0.8022299353187454,146
resnet_frozen,fold6_balkan_e,94,0.6193030482322085,True,0,1e-05,1e-05,1.6640416868031025,0.12800320667716172,0.6684771869331598,0.25373552925884724,2.587553357705474,1.2997052296996117,0.03808719851076603,0.23221351765096188,0.08163824491202831,0.011028837412595749,3.9744112894273584,2.7555317800578907,0.27324874900997254,1000,8.279174599910705,5.944186998723836,-0.7971799525674961,146
resnet_frozen,fold6_balkan_e,95,0.6238874383944798,False,1,1e-05,1e-05,1.669696418568492,0.12843818604373014,0.6669066101312637,0.253400607034564,2.591296799480915,1.3053516931831837,0.03802681155502796,0.23220578394830227,0.08160161226987839,0.011139070615172386,3.9787613540037157,2.757040766453578,0.2716569937762533,1000,8.287204921297423,5.954752939550888,-0.8006679649304094,146
resnet_frozen,fold6_balkan_e,96,0.5991699163531222,False,2,1e-05,1e-05,1.6649328581988811,0.12807175832299086,0.6679932586848736,0.25267619267106056,2.58691618219018,1.3010409455746412,0.03792908042669296,0.2319525834172964,0.08154816925525665,0.011089909821748734,3.976679907572623,2.7539015785241974,0.2724188441485973,1000,8.281446865757609,5.945984722082176,-0.7981665801523625,146
resnet_frozen,fold6_balkan_e,97,0.5872645572241311,False,3,1e-05,1e-05,1.668050143867731,0.128311549528287,0.6630629021674395,0.2523001115769148,2.584703529253602,1.303956262767315,0.037960855290293694,0.23213220946490765,0.08160682953894138,0.011030986905097961,3.9776930623487865,2.754490321946787,0.27204805935129517,1000,8.283451816832471,5.949424541756269,-0.799037363360348,146
resnet_frozen,fold6_balkan_e,98,0.5977769837017083,True,0,1e-05,1e-05,1.6683583650738,0.12833525885183078,0.6653916630893946,0.25229863077402115,2.587345790117979,1.3042110726237297,0.03777772933244705,0.23235425539314747,0.08160058036446571,0.011056380346417427,3.971198948088736,2.7498478156848987,0.2744230761997293,1000,8.271653731727355,5.937109169695734,-0.7939162904281476,146
resnet_frozen,fold6_balkan_e,99,0.6037696331775375,True,0,1e-05,1e-05,1.6623370684683323,0.12787208218987173,0.6623566709458828,0.25290112011134624,2.5789091549813747,1.2980323322117329,0.03792226314544678,0.23226850293576717,0.08163314126431942,0.011074429377913475,3.9604700137131976,2.747136217516281,0.2783383428164605,1000,8.245091421669564,5.905081413412924,-0.7824133785691916,146
resnet_frozen,fold6_balkan_e,100,0.6035048246958863,True,0,1e-05,1e-05,1.6683403830975294,0.12833387562288687,0.6618078052997589,0.25227411836385727,2.58393782004714,1.2972447089850903,0.037915781140327454,0.23217521980404854,0.08706585131585598,0.012540321797132492,3.9619999663162893,2.7492251395382334,0.2777806709296228,1000,8.242820288856795,5.902469295816428,-0.7814315726016734,146
resnet_frozen,fold6_balkan_e,101,0.6087337748851938,False,1,1e-05,1e-05,1.6723766010254622,0.12864435392503554,0.664966618642211,0.2525679860264063,2.591200539842248,1.300808496773243,0.03810019977390766,0.23214847221970558,0.08715708553791046,0.012743711471557617,3.9715533717926323,2.7467909567476227,0.2742935570596371,1000,8.277594301687666,5.937995937869346,-0.7964939399223352,146
resnet_frozen,fold6_balkan_e,102,0.5944419418370623,False,2,1e-05,1e-05,1.6899122633039951,0.12999325102338424,0.7094164099544287,0.25638881511986256,2.6569986809045076,1.3150933478027582,0.03821241669356823,0.23241478204727173,0.08969620428979397,0.013091744855046272,3.9652786833302853,2.7406971119758308,0.27658484427081653,1000,8.277447202556548,5.937111181836714,-0.7964300903689716,146
resnet_frozen,fold6_balkan_e,103,0.614456484918859,False,3,1e-05,1e-05,1.6724206507205963,0.1286477423631228,0.6668067444115877,0.2532130032777786,2.5937171541154385,1.3065207097679377,0.03817475587129593,0.23228595219552517,0.08250229805707932,0.011542698368430138,3.957105388234879,2.7406587977549752,0.2795640002674159,1000,8.253894850775204,5.9133274902617305,-0.7862216387757395,146
resnet_frozen,fold6_balkan_e,104,0.6371534770878147,False,4,1e-05,1e-05,1.6661358773708344,0.12816429825929496,0.6733247563242912,0.25330110266804695,2.5940427780151367,1.301638588309288,0.038055676966905594,0.23209504783153534,0.08172702044248581,0.01122153177857399,3.958263213150896,2.743263455197249,0.2791423482258385,1000,8.257188336647934,5.918285159910537,-0.7876474067414696,146
resnet_frozen,fold6_balkan_e,105,0.5989763516712534,False,5,1e-05,1e-05,1.6906009335070848,0.13004622565439114,0.6681937910616398,0.2530030608177185,2.613083628937602,1.3256681580096483,0.03785940445959568,0.23271198570728302,0.08172976411879063,0.011232787743210793,3.956734814418618,2.7387496831716915,0.2796989282972846,1000,8.26412406064151,5.92170144545315,-0.7906517795845167,146
resnet_frozen,fold6_balkan_e,106,0.5974918188318269,False,6,1e-05,1e-05,1.6669891495257616,0.12822993457890475,0.669563140720129,0.2538045719265938,2.591649830341339,1.3024832550436258,0.038104018196463585,0.23214259929955006,0.08161923475563526,0.011252513155341148,3.9471478920906424,2.7372227882238236,0.28318518905926016,1000,8.245836073875521,5.901972937568877,-0.7827353490417297,146
resnet_frozen,fold6_balkan_e,107,0.6078502594777557,False,7,1e-05,1e-05,1.6701075751334429,0.1284698134718033,0.6726317722350359,0.2541907522827387,2.5981994215399027,1.3048567660152912,0.03805804066359997,0.23276152275502682,0.08187681250274181,0.011177483946084976,3.9465243156532637,2.736692937565796,0.28341165816064584,1000,8.245879673006854,5.9018912146198055,-0.7827542012035731,146
resnet_frozen,fold6_balkan_e,108,0.5824606869419177,False,8,1e-05,1e-05,1.6712809558957815,0.12856007353044474,0.6704049538820982,0.25372709706425667,2.5966847203671932,1.3072041403502226,0.03787796571850777,0.2319678347557783,0.08155099116265774,0.011306157335639,3.945220984854502,2.7315407552392306,0.283884883390517,1000,8.245455889659455,5.900153336313878,-0.7825709625052029,146
resnet_frozen,fold6_balkan_e,109,0.5939856172326966,True,0,1e-05,1e-05,1.6634455099701881,0.1279573469207837,0.6689657960087061,0.25246140360832214,2.5861478820443153,1.298416543751955,0.03785872273147106,0.23280010744929314,0.08180076815187931,0.011178197339177132,3.9421675679482147,2.730173559319912,0.2849929337886541,1000,8.238132163343744,5.888778432337463,-0.7794057611626954,146
resnet_frozen,fold6_balkan_e,110,0.5909315815017939,True,0,1e-05,1e-05,1.6442889757454395,0.1264837673650338,0.6614792849868536,0.25393536500632763,2.5610124580562115,1.2798045855015516,0.03809434734284878,0.23229094967246056,0.08164297230541706,0.011075211688876152,3.9387766191969984,2.7310942114527057,0.28622246526263273,1000,8.22574221749598,5.877712965832112,-0.7740574220707366,146
resnet_frozen,fold6_balkan_e,111,0.5872626395219773,False,1,1e-05,1e-05,1.6479717437177896,0.12676705720906073,0.6613777615129948,0.25219351798295975,2.5628410670906305,1.283778103068471,0.03776499442756176,0.23214507848024368,0.08165240660309792,0.011246124282479286,3.9391884246488775,2.7276632019282006,0.2860732042740203,1000,8.239238175427925,5.890117434672286,-0.779883582189494,146
resnet_frozen,fold6_balkan_e,112,0.5843204938603253,False,2,1e-05,1e-05,1.6542866099625826,0.1272528161509679,0.6676804926246405,0.2535462025552988,2.5767971444875,1.2900091912597418,0.037890102714300156,0.23223328404128551,0.08154199831187725,0.01122548058629036,3.933521398748079,2.7261495164578906,0.2881258765388268,1000,8.235902445454585,5.889131138697024,-0.7784426700514948,146
resnet_frozen,fold6_balkan_e,113,0.5937686240428607,True,0,1e-05,1e-05,1.655796131119132,0.12736893316301015,0.6632215771824121,0.2528464999049902,2.5731275118887424,1.2919366974383593,0.03766951896250248,0.23200245201587677,0.08161417581140995,0.011224595829844475,3.9294947912539797,2.725138022938413,0.28958257157324696,1000,8.224113292667774,5.875080747826515,-0.7733548666114882,146
resnet_frozen,fold6_balkan_e,114,0.5934511414483028,True,0,1e-05,1e-05,1.662070356309414,0.12785156586995491,0.662300443276763,0.2526377756148577,2.5782993976026773,1.2976246066391468,0.03808548301458359,0.23220828734338284,0.08153743110597134,0.01122167706489563,3.9275215524864997,2.7210416527946895,0.29029588018663877,1000,8.221774789382666,5.8707772185951335,-0.772346513141545,146
resnet_frozen,fold6_balkan_e,115,0.5842702757607611,True,0,1e-05,1e-05,1.7355733755975962,0.13350564427673817,0.671421367675066,0.25187291391193867,2.660163739696145,1.363454308360815,0.03833599202334881,0.23235289752483368,0.08756381273269653,0.012354973703622818,3.9245087877383447,2.7223994370446807,0.2913842772531412,1000,8.20916013456741,5.861746865611597,-0.7669120690022799,146
resnet_frozen,fold6_balkan_e,116,0.6037753678058398,True,0,1e-05,1e-05,1.6564938351511955,0.12742260270393813,0.6612940207123756,0.25219133123755455,2.5712872203439474,1.2924778312444687,0.03751536272466183,0.23230892792344093,0.08166025206446648,0.011136643588542938,3.9213484213872762,2.72642975616088,0.2925250995521398,1000,8.198292371637041,5.852783124833413,-0.7622368840731835,146
resnet_frozen,fold6_balkan_e,117,0.6015161175204417,False,1,1e-05,1e-05,1.6441994681954384,0.12647688216887987,0.6660979893058538,0.2553025782108307,2.56690944544971,1.2798354011029005,0.03794023580849171,0.23229148983955383,0.08152501285076141,0.01121080294251442,3.920910134587871,2.720589730623112,0.29268323881848446,1000,8.210475907331912,5.8626590879091625,-0.7674785194197711,146
resnet_frozen,fold6_balkan_e,118,0.5580417835237896,False,2,1e-05,1e-05,1.6516891345381737,0.12705301034909028,0.6672272961586714,0.2536889035254717,2.573887487873435,1.2869992274791002,0.038065508008003235,0.2323731854557991,0.0816151537001133,0.011208880692720413,3.919851263813991,2.714979730073489,0.2930652194759805,1000,8.219694114312965,5.870871857208079,-0.7714495752708033,146
resnet_frozen,fold6_balkan_e,119,0.5765553188697852,False,3,1e-05,1e-05,1.7775010075420141,0.1367308467340011,0.6676671542227268,0.2535393200814724,2.6999850682914257,1.4127602577209473,0.038110123947262764,0.23229841515421867,0.08167867176234722,0.011224372312426567,3.916127053466216,2.710320503019845,0.2944078842670982,1000,8.224241968352057,5.875978344836545,-0.7734103593869268,146
resnet_frozen,fold6_balkan_e,120,0.6186133485076223,False,4,1e-05,1e-05,1.6518317554146051,0.12706398118573886,0.66525505669415,0.2524981964379549,2.5708790123462677,1.28665766492486,0.037977349013090134,0.23278974927961826,0.0817487183958292,0.011260861530900002,3.905270416131117,2.704931585960728,0.2983146723965545,1000,8.20914136512179,5.855112186328341,-0.7669039892665845,146
resnet_frozen,fold6_balkan_e,121,0.6119427793132381,False,5,1e-05,1e-05,1.6497315112501383,0.12690242394231832,0.6628704462200403,0.2534676380455494,2.5673623885959387,1.2854281179606915,0.037894854322075844,0.23213747330009937,0.08161726221442223,0.011226743459701538,3.9028888983937113,2.7004189326464134,0.29917021700511126,1000,8.205632922383712,5.853766958497574,-0.765394024580845,146
resnet_frozen,fold6_balkan_e,122,0.5875988847815372,True,0,1e-05,1e-05,1.6513269767165184,0.1270251520551168,0.667794993147254,0.2539681177586317,2.574363201856613,1.28684058226645,0.03803825564682484,0.23210171796381474,0.08167074620723724,0.011268304660916328,3.8978963492023317,2.7003022226743734,0.30096206368862444,1000,8.190775040447074,5.841048559906549,-0.7590066394799442,146
resnet_frozen,fold6_balkan_e,123,0.5808942727789517,False,1,1e-05,1e-05,1.6584758628159761,0.1275750663704597,0.6662768553942442,0.2538086846470833,2.579859398305416,1.2941187284886837,0.03792674466967583,0.23222782835364342,0.08167952857911587,0.011125180870294571,3.9002872638252706,2.70223102201231,0.30010424066700814,1000,8.200783396004901,5.849978583874912,-0.7633079466141484,146
resnet_frozen,fold6_balkan_e,124,0.5689882386579157,False,2,1e-05,1e-05,1.6590991746634245,0.12762301343564803,0.668321006000042,0.2525028716772795,2.581195306032896,1.2954265270382166,0.037517474964261055,0.231951417401433,0.08161652460694313,0.011198803782463074,3.9026320930571172,2.7038542028285923,0.29926244146339054,1000,8.202971997162523,5.852296156088001,-0.7642492451681733,146
resnet_frozen,fold6_balkan_e,125,0.5693575282580027,True,0,1e-05,1e-05,1.654192704707384,0.1272455926697988,0.6613236088305712,0.25216951966285706,2.5689703673124313,1.289929373189807,0.03794809244573116,0.23221499286592007,0.08157799951732159,0.01112356223165989,3.884471890157083,2.698443230840193,0.30576878279022723,1000,8.158073148250342,5.802296085185857,-0.7449889147954594,146
resnet_frozen,fold6_balkan_e,126,0.5927280403305164,False,1,1e-05,1e-05,1.6620851252228022,0.12785270194021556,0.6613930240273476,0.252078277990222,2.5769125502556562,1.2980211284011602,0.03766883909702301,0.23231401108205318,0.08147037960588932,0.011208653450012207,3.8843361393227864,2.694896382849913,0.3058173046088155,1000,8.16518296913012,5.8083609702956895,-0.7480317815605606,146
resnet_frozen,fold6_balkan_e,127,0.5962679272537784,False,2,1e-05,1e-05,1.6478469241410494,0.12675745570315763,0.6667891927063465,0.25356584042310715,2.5694836173206568,1.2831908389925957,0.03770962543785572,0.23258172534406185,0.0817810669541359,0.011151116341352463,3.8842200223849246,2.696713726138851,0.30585880728067794,1000,8.161679730750063,5.805876114714085,-0.7465321315563433,146
resnet_frozen,fold6_balkan_e,128,0.5739106366228856,False,3,1e-05,1e-05,1.7366320006549358,0.1335870769734566,0.6614045575261116,0.25233469530940056,2.6516518853604794,1.3679392579942942,0.0382551196962595,0.2324763759970665,0.08455844596028328,0.011914396658539772,3.883311296510949,2.6927801929077515,0.306183562454892,1000,8.17101680186879,5.813704237713399,-0.7505305297435181,146
resnet_frozen,fold6_balkan_e,129,0.569516605361667,False,4,1e-05,1e-05,1.653080776333809,0.1271600597179853,0.6621373444795609,0.2527894750237465,2.5692810993641615,1.2890366557985544,0.03787578083574772,0.23220832645893097,0.08142104372382164,0.011169405654072762,3.8880441396769654,2.6905386014542048,0.3044913337470233,1000,8.187128510879381,5.826729401076328,-0.7574407701027761,146
resnet_frozen,fold6_balkan_e,130,0.581933673745329,False,5,1e-05,1e-05,1.6481785364449024,0.12678296434191558,0.6633970253169537,0.2525860220193863,2.565448608249426,1.2839605323970318,0.03786918520927429,0.2323067095130682,0.08158077113330364,0.011104248464107513,3.889157402490048,2.688983742670181,0.30409298704273224,1000,8.19888458733148,5.8395701604483,-0.762491488809542,146
resnet_frozen,fold6_balkan_e,131,0.6020629155046259,False,6,1e-05,1e-05,1.6519802268594503,0.12707540206611156,0.6605138443410397,0.2524318713694811,2.5662139263004065,1.2877622339874506,0.03796042501926422,0.23218864016234875,0.0815399494022131,0.01112513616681099,3.872246931014269,2.686464222543797,0.3101315861353633,1000,8.16087183215191,5.794896569008249,-0.7461863813992591,146
resnet_frozen,fold6_balkan_e,132,0.5781144065506064,True,0,1e-05,1e-05,1.6485158000141382,0.12680890769339526,0.6670229639858007,0.25370347313582897,2.5705413427203894,1.2840689029544592,0.03786237724125385,0.232300641015172,0.0816884245723486,0.011205095797777176,3.8669112690987766,2.6815057494063543,0.31203144876536104,1000,8.157270305540179,5.787719915852538,-0.7446454800971678,146
resnet_frozen,fold6_balkan_e,133,0.5739728140457117,True,0,1e-05,1e-05,1.6652120389044285,0.12809323376187912,0.6698453575372696,0.2537162508815527,2.590071089565754,1.3012631218880415,0.03793601877987385,0.23178142495453358,0.08150112815201283,0.011319343000650406,3.8637119072048223,2.679765761117303,0.3131693853093198,1000,8.146280930326526,5.775551833739984,-0.7399479161926463,146
resnet_frozen,fold6_balkan_e,134,0.5832384252433178,True,0,1e-05,1e-05,1.661287421360612,0.12779134010466245,0.6658590957522392,0.25361343100667,2.582043878734112,1.2971413917839527,0.03767223842442036,0.2322668358683586,0.08157106675207615,0.011224919930100441,3.8590989717586353,2.6792849172022186,0.31480843812889914,1000,8.140743530120107,5.764979922802261,-0.7375832755844081,146
resnet_frozen,fold6_balkan_e,135,0.5965736122628892,False,1,1e-05,1e-05,1.6603346094489098,0.12771804688068536,0.667319854721427,0.25340780802071095,2.582348356023431,1.295667516067624,0.0379599891602993,0.23236349411308765,0.08169185929000378,0.011257559061050415,3.864147622114257,2.681489996898471,0.3130144673338956,1000,8.146422954260016,5.770089134822914,-0.7400085859395802,146
resnet_frozen,fold6_balkan_e,136,0.5878098273449841,False,2,1e-05,1e-05,1.6611755546182394,0.1277827349706338,0.6661094892770052,0.25328405760228634,2.5818878430873156,1.296583790332079,0.03799181059002876,0.23233910836279392,0.08166914992034435,0.011173058301210403,3.8626164394050493,2.679766653223195,0.3135588005541795,1000,8.14122549884474,5.766496956380201,-0.7377890272047376,146
resnet_frozen,fold6_balkan_e,137,0.5659363198625452,True,0,1e-05,1e-05,1.6667708866298199,0.12821314512537077,0.6637049410492182,0.2528955042362213,2.5846765842288733,1.3014241866767406,0.03789965435862541,0.23292111232876778,0.08186712861061096,0.011257998645305634,3.862428352887775,2.682514572869517,0.3136256501588912,1000,8.136376300473344,5.765553154356044,-0.7357194680091221,146
resnet_frozen,fold6_balkan_e,138,0.5824166806673112,False,1,1e-05,1e-05,1.6489413101226091,0.1268416392402007,0.6591663863509893,0.25276991352438927,2.562220713123679,1.2837883215397596,0.037783484905958176,0.23289547860622406,0.08189377374947071,0.01116708479821682,3.8590831997857777,2.68073453263908,0.3148140388148166,1000,8.139845904871642,5.773162739180543,-0.7372001133769397,146
resnet_frozen,fold6_balkan_e,139,0.5595995794590765,False,2,1e-05,1e-05,1.6470607370138168,0.1266969797702936,0.6646850667893887,0.25455454736948013,2.567603200674057,1.282913587987423,0.03786860965192318,0.2320451382547617,0.08163315430283546,0.011215493083000183,3.862879359780818,2.681141377737687,0.3134653480856969,1000,8.14707831066492,5.777115323947117,-0.7402885546192712,146
resnet_frozen,fold6_balkan_e,140,0.5444222643737769,False,3,1e-05,1e-05,1.6648937370628119,0.12806874900483167,0.6616518367081881,0.25506420619785786,2.5829225201159716,1.3001771438866854,0.03806844726204872,0.23227689042687416,0.08162711746990681,0.011254468932747841,3.8643330533397857,2.6837571848452524,0.3129485321584119,1000,8.148230112385091,5.779056446026989,-0.7407806596331674,146
resnet_frozen,fold6_balkan_e,141,0.5621251905352704,False,4,1e-05,1e-05,1.7197199650108814,0.13228615115468317,0.6632651761174202,0.2566769979894161,2.6409518606960773,1.3501057159155607,0.03821379691362381,0.23239698447287083,0.0854237861931324,0.01211036741733551,3.8580738946469073,2.679783474155628,0.31517239920267903,1000,8.14161591221913,5.775010959974588,-0.7379557029333252,146
resnet_frozen,fold6_balkan_e,142,0.5776907403305155,True,0,1e-05,1e-05,1.6555918511003256,0.12735321931540966,0.6682644933462143,0.25301264971494675,2.5781381148844957,1.291359979659319,0.03798463195562363,0.23203114978969097,0.08156361430883408,0.011255424469709396,3.852744701253107,2.6775543387784526,0.317063010024096,1000,8.131935023162743,5.764398714569142,-0.7338250847452081,146
resnet_frozen,fold6_balkan_e,143,0.5488067845958853,True,0,1e-05,1e-05,1.6728038471192122,0.12867721900917017,0.6644393727183342,0.25435440987348557,2.592902272939682,1.3084754664450884,0.037937797605991364,0.23213536106050014,0.08166572265326977,0.011180000379681587,3.843587438784616,2.672360340434037,0.3203055820851992,1000,8.109007572553,5.737200474363609,-0.7240620579735353,146
resnet_frozen,fold6_balkan_e,144,0.5630148810270468,True,0,1e-05,1e-05,1.653461828827858,0.12718937144829676,0.6683970261365175,0.25416914746165276,2.577364755794406,1.2894318290054798,0.03775383345782757,0.23210499994456768,0.08158280327916145,0.011203715577721596,3.8412378926161677,2.671052102761516,0.32113630876120025,1000,8.108099967997564,5.732310413752456,-0.7236761466286394,146
resnet_frozen,fold6_balkan_e,145,0.5675650809872423,False,1,1e-05,1e-05,1.6585265696048737,0.12757896689268258,0.6646986249834299,0.2529017347842455,2.5774072241038084,1.294370662420988,0.03781997226178646,0.2321473117917776,0.08156934566795826,0.011218050494790077,3.8427474840664293,2.670020315178942,0.3206026223687526,1000,8.120388291099518,5.749103937615986,-0.7289047797528045,146
resnet_frozen,fold6_balkan_e,146,0.5503923858463117,True,0,1e-05,1e-05,1.6545992735773325,0.12727686719825634,0.6578770577907562,0.25195140205323696,2.565714508295059,1.2904343325644732,0.03790535777807236,0.232166837900877,0.08156892657279968,0.011154789477586746,3.8290910802284093,2.6693851932655623,0.32542294357687407,1000,8.06965063431847,5.696399600303945,-0.7073672553980466,146
resnet_frozen,fold6_balkan_e,147,0.5604648853958876,False,1,1e-05,1e-05,1.648984083905816,0.12684492953121662,0.6587409656494856,0.2525285631418228,2.5615544859319925,1.2842570096254349,0.0380114521831274,0.23229897767305374,0.0816949550062418,0.011302851140499115,3.8308935909079205,2.6646747542684763,0.3247876917546739,1000,8.084061086296689,5.708366344670199,-0.7134705932767971,146
resnet_frozen,fold6_balkan_e,148,0.5465993478588661,False,2,1e-05,1e-05,1.6624094042927027,0.12787764648405406,0.6693471446633339,0.25615296699106693,2.58918834105134,1.2977686543017626,0.03806300088763237,0.23225575499236584,0.08161071129143238,0.011286210268735886,3.8386366060064985,2.6695640371024063,0.322055450526905,1000,8.098480946021999,5.7228862680290815,-0.719588815704427,146
resnet_frozen,fold6_balkan_e,149,0.5675749808226334,False,3,1e-05,1e-05,1.6532453279942274,0.12717271753801748,0.6639065593481064,0.25230035930871964,2.5707376785576344,1.2879867777228355,0.038057638332247734,0.23264355771243572,0.08184932544827461,0.011294221505522728,3.826930953933443,2.6641924346687498,0.32618383465305745,1000,8.077673127389161,5.69930538162359,-0.7107637222948613,146
resnet_frozen,fold6_balkan_e,150,0.5682176739804276,False,4,1e-05,1e-05,1.6496690809726715,0.1268976216132824,0.6574959438294172,0.2522968463599682,2.560747066512704,1.2848586160689592,0.03803125396370888,0.23224114626646042,0.08184284344315529,0.011278262361884117,3.8364786455661153,2.6654845662658007,0.322817474364398,1000,8.094871588943391,5.71617531531741,-0.7180563735057897,146
resnet_frozen,fold6_balkan_e,151,0.5571867051400666,False,5,1e-05,1e-05,1.6572865899652243,0.1274835838434788,0.6658401694148779,0.25362882763147354,2.578025432303548,1.2918441444635391,0.03804581239819527,0.23278963565826416,0.0819508358836174,0.011251341551542282,3.830347003789052,2.661757426975183,0.32498035490897637,1000,8.092960424293986,5.707227424577276,-0.7172452177112034,146
resnet_frozen,fold6_balkan_e,152,0.5511024004371952,False,6,1e-05,1e-05,1.6517894510179758,0.12706072700138277,0.6586433183401823,0.2519584633409977,2.5636842660605907,1.2866324968636036,0.0380827970802784,0.23277155309915543,0.08173377066850662,0.011192789301276207,3.822709884858175,2.660648340005866,0.32766944076177296,1000,8.081267040799228,5.695925680929192,-0.7122863648537103,146
resnet_frozen,fold6_balkan_e,153,0.5481656944363482,False,7,1e-05,1e-05,1.649495778605342,0.12688429066194937,0.6604533903300762,0.26217738538980484,2.5734108854085207,1.285129627212882,0.0379845779389143,0.23214746452867985,0.0815876480191946,0.011253442615270615,3.826814318658171,2.654982855800102,0.32622490648698876,1000,8.10539422620253,5.721626357842768,-0.7225259278521454,146
resnet_frozen,fold6_balkan_e,154,0.5602234529356042,False,8,1e-05,1e-05,1.7104994263499975,0.1315768789499998,0.6569388899952173,0.2511815298348665,2.6200275905430317,1.3414982315152884,0.03824278712272644,0.23229731246829033,0.08518282882869244,0.011837275698781013,3.820121607800158,2.65665807978904,0.328579574512573,1000,8.07919572095097,5.694614729956448,-0.7114087207449709,146
resnet_frozen,fold6_balkan_e,155,0.580033365147249,True,0,1e-05,1e-05,1.6618871185928583,0.1278374706609891,0.6566704865545034,0.2529290225356817,2.572755480185151,1.2967076189815998,0.03805691562592983,0.2323405910283327,0.08179515041410923,0.011471683159470558,3.819240480116996,2.6583447225860186,0.3288892708815837,1000,8.068009546103113,5.677867169423607,-0.706672886955064,146
resnet_frozen,fold6_balkan_e,156,0.5614888108323077,False,1,1e-05,1e-05,1.6475320104509592,0.1267332315731507,0.6641251388937235,0.25310176238417625,2.566110363230109,1.2829825077205896,0.03801803104579449,0.23225648514926434,0.08155499957501888,0.011313233524560928,3.823883509495588,2.6561750330797658,0.3272565478877141,1000,8.08950474482421,5.698609472193023,-0.7157790096055019,146
resnet_frozen,fold6_balkan_e,157,0.5325931522038072,False,2,1e-05,1e-05,1.8291063960641623,0.14070049200493556,0.760959105566144,0.28182957135140896,2.873199764639139,1.4639219716191292,0.037982938811182976,0.23227982968091965,0.08193312957882881,0.011590726673603058,3.8191534018802558,2.6528302906360417,0.3289198730251517,1000,8.087788532918378,5.699760344816415,-0.7150510718392382,146
resnet_frozen,fold6_balkan_e,158,0.5440178484048142,False,3,1e-05,1e-05,1.7379306703805923,0.13368697464466095,0.6613000873476267,0.2529247775673866,2.6534353476017714,1.373430073261261,0.03785981610417366,0.23225877434015274,0.08164475858211517,0.011356828734278679,3.8142150681578695,2.65364501353481,0.3306542233837355,1000,8.077475400716816,5.69118489227112,-0.7106799705825533,146
resnet_frozen,fold6_balkan_e,159,0.5407895193456597,False,4,1e-05,1e-05,1.6251206900924444,0.12500928385326496,0.6621470060199499,0.2538470979779959,2.542402748018503,1.2604797594249249,0.03800005093216896,0.2322492767125368,0.08164988458156586,0.01133621297776699,3.814574386379524,2.6525843766393664,0.330528105973802,1000,8.074974578278464,5.6900035345500966,-0.7096208662504242,146
resnet_frozen,fold6_balkan_e,160,0.5598365788149172,False,5,1e-05,1e-05,1.6412188969552517,0.1262476074580963,0.6567548718303442,0.25152438320219517,2.5507838148623705,1.2767219934612513,0.03785422816872597,0.23217274621129036,0.08167489804327488,0.011412695050239563,3.813223436588062,2.6510847973190916,0.3310022153612078,1000,8.074592106826591,5.685987733889655,-0.709458917582233,146
resnet_frozen,fold6_balkan_e,161,0.5303136476273991,True,0,1e-05,1e-05,1.7507875729352236,0.13467596714886335,0.6520214099436998,0.2551761195063591,2.65928409434855,1.38565306738019,0.03782062977552414,0.2324287500232458,0.082119170576334,0.01137332059442997,3.81221174527568,2.65324622290625,0.33135715363014195,1000,8.061066946724724,5.673015692366705,-0.7037369340222546,146
resnet_frozen,fold6_balkan_e,162,0.5489523295039003,True,0,1e-05,1e-05,1.6401949189603329,0.12616883992002562,0.6534760277718306,0.25519584864377975,2.550257608294487,1.2756955027580261,0.03781141899526119,0.2323117759078741,0.08169981837272644,0.011270398274064064,3.806263343921848,2.65066017019147,0.3334421652903852,1000,8.058414162879798,5.669363063657701,-0.7026157667702062,146
resnet_frozen,fold6_balkan_e,163,0.5495588735590797,False,1,1e-05,1e-05,1.613167466595769,0.12408980512275146,0.6525993552058935,0.2514046784490347,2.518519561737776,1.2488774545490742,0.03786771558225155,0.2322614211589098,0.08160042203962803,0.011164659634232521,3.805193333517036,2.644934808052598,0.333816875868171,1000,8.069418783725453,5.676290387255762,-0.7072691474521331,146
resnet_frozen,fold6_balkan_e,164,0.5493636949502372,False,2,1e-05,1e-05,1.6079058106988668,0.1236850623614513,0.6530728619545698,0.2514661494642496,2.51375818438828,1.2429603394120932,0.037908680737018585,0.2328814584761858,0.08169135078787804,0.01108267717063427,3.80638237247388,2.6441935384686004,0.3334004757658917,1000,8.076150300319645,5.683860954144466,-0.7101187465215202,146
resnet_frozen,fold6_balkan_e,165,0.5535683323448328,False,3,1e-05,1e-05,1.6090058647096157,0.12376968190073967,0.6519495267421007,0.25114160776138306,2.513392012566328,1.2448236346244812,0.03786981850862503,0.23214188776910305,0.08164590410888195,0.011171428486704826,3.8022434173598207,2.6432073845206054,0.33484937143423654,1000,8.06463662940184,5.6721954313711045,-0.7052461999449653,146
resnet_frozen,fold6_balkan_e,166,0.5447145455277584,False,4,1e-05,1e-05,1.607304373756051,0.1236387979812347,0.677517294883728,0.2728850319981575,2.5590217411518097,1.2431660406291485,0.03793911077082157,0.23211363144218922,0.08148992620408535,0.011206895112991333,3.8025160689927415,2.6431532571560057,0.3347539746448157,1000,8.073014397917996,5.679279347542826,-0.7087909544111237,146
resnet_frozen,fold6_balkan_e,167,0.534347827673246,False,5,1e-05,1e-05,1.6165553741157055,0.12435041339351581,0.6554760187864304,0.2514042668044567,2.525112060829997,1.25209666416049,0.037823354825377464,0.23212670534849167,0.08189353905618191,0.011169658973813057,3.810003973230295,2.645931452837227,0.33213139368972044,1000,8.08217203315799,5.688747613610187,-0.7126698920495864,146
resnet_frozen,fold6_balkan_e,168,0.5470549391966821,False,6,1e-05,1e-05,1.6082074511796236,0.12370826547535566,0.6587650924921036,0.2518800161778927,2.5201548915356398,1.2436449453234673,0.03783167712390423,0.2323902565985918,0.08167528733611107,0.011224959045648575,3.801066227911343,2.6400298162612135,0.33526117415407486,1000,8.065392171406502,5.6661856927045395,-0.7055657296505822,146
resnet_frozen,fold6_balkan_e,169,0.5822479832014215,True,0,1e-05,1e-05,1.6174512822180986,0.1244193294013922,0.6565150935202837,0.2516604829579592,2.526932843029499,1.2531203161925077,0.03779858164489269,0.23222417756915092,0.08166340552270412,0.011230770498514175,3.7869003377047763,2.639898069929373,0.34020666557148604,1000,8.036482985253242,5.6383047862418385,-0.6933609539301611,146
resnet_frozen,fold6_balkan_e,170,0.5372360370271312,False,1,1e-05,1e-05,1.6151957400143147,0.12424582615494728,0.6519738528877497,0.2509026527404785,2.519390359520912,1.2512535937130451,0.03787135146558285,0.23197552934288979,0.08150914311408997,0.011171801015734673,3.7931246610123637,2.637068745402399,0.33803594984168606,1000,8.05361297874761,5.657998739945931,-0.7005875422480703,146
resnet_frozen,fold6_balkan_e,171,0.5001363917843712,False,2,1e-05,1e-05,1.6131262890994549,0.12408663762303498,0.6527894008904696,0.25104680098593235,2.5182474851608276,1.248998874798417,0.03792506083846092,0.23216462694108486,0.08156289905309677,0.01108253188431263,3.789340091728581,2.636532659984325,0.33935623284625926,1000,8.050722552097106,5.654666205492889,-0.6993670859141417,146
resnet_frozen,fold6_balkan_e,172,0.5298721651547781,False,3,1e-05,1e-05,1.610216436907649,0.12386280283904992,0.651969788596034,0.2511034905910492,2.5145941767841578,1.2458623107522726,0.03793157450854778,0.23221537470817566,0.08162985742092133,0.01120314747095108,3.7877004402371894,2.636427988411907,0.3399278316763745,1000,8.047998749666073,5.647075193914529,-0.6982173860831948,146
resnet_frozen,fold6_balkan_e,173,0.5229576616868179,False,4,1e-05,1e-05,1.6095193289220333,0.12380917914784871,0.6520030051469803,0.2516325283795595,2.5144591256976128,1.2454373873770237,0.037962790578603745,0.23212872259318829,0.08160495571792126,0.011012138798832893,3.7918114832256706,2.6373796551109754,0.3384942137229956,1000,8.059072336389798,5.657913219780115,-0.7028939014840851,146
resnet_frozen,fold6_balkan_e,174,0.5508818624246825,False,5,1e-05,1e-05,1.607710339128971,0.12367002608684394,0.6529462747275829,0.25190987810492516,2.5138599649071693,1.243673451244831,0.03783148713409901,0.232134023681283,0.08156389929354191,0.011109240353107452,3.787920255529053,2.635454668082176,0.33985121623710746,1000,8.058966302229267,5.6591874977231456,-0.7028490914290506,146
resnet_frozen,fold6_balkan_e,175,0.5371508753630451,False,6,1e-05,1e-05,1.6110441368073225,0.12392647206210174,0.6542350742965937,0.2512968685477972,2.5178704019635916,1.2471379451453686,0.03792240470647812,0.23204228468239307,0.08153157122433186,0.011048229411244392,3.7847047376266443,2.630940650822243,0.34097152454036783,1000,8.056277934412726,5.656096422037728,-0.7017131836809958,146
resnet_frozen,fold6_balkan_e,176,0.542785069335643,False,7,1e-05,1e-05,1.6181404050439596,0.12447233884953536,0.6518981456756592,0.2515458557754755,2.5228843800723553,1.2538354881107807,0.03796932473778725,0.23223055712878704,0.081525644287467,0.01119166612625122,3.7891101623765597,2.6333452814114766,0.3394364034200741,1000,8.061525768634512,5.66735299332997,-0.7039308870276944,146
resnet_frozen,fold6_balkan_e,177,0.5298381769901593,False,8,1e-05,1e-05,1.6128125600516796,0.12406250461935997,0.6537911053746939,0.2513398341834545,2.519249703735113,1.2485630605369806,0.037769364193081856,0.2323139663785696,0.08159567229449749,0.011181989684700966,3.7885321016314024,2.6338039315070834,0.3396379371531111,1000,8.04785724064681,5.64830314239079,-0.6981576666494451,146
resnet_frozen,fold6_balkan_e,178,0.5693015232592353,False,9,1e-05,1e-05,1.6108983885496855,0.12391526065766811,0.6538082137703896,0.25168160535395145,2.5176927223801613,1.246710415929556,0.03789323754608631,0.2322716824710369,0.08157452940940857,0.011057037860155106,3.7853869483851468,2.6324549714418928,0.3407339171875041,1000,8.042355387206303,5.644145780387851,-0.6958365964110511,146
resnet_frozen,fold6_balkan_e,179,0.5443056337939816,False,10,1e-05,1e-05,1.6085415184497833,0.12373396295767564,0.6534523423761129,0.26190632209181786,2.52519553527236,1.2447198629379272,0.03766568377614021,0.23212790675461292,0.08155282028019428,0.011072063818573952,3.7853331554958602,2.6256961415073294,0.3407526542814415,1000,8.059183587869715,5.660714054346766,-0.7029409170130196,146
resnet_frozen,fold6_balkan_e,180,0.524504119438199,False,11,1e-05,1e-05,1.6646290495991707,0.12804838843070543,0.6532541792839766,0.2508839797228575,2.5701761208474636,1.2950963787734509,0.037851329892873764,0.23220539651811123,0.08625912852585316,0.01179450936615467,3.790470388133936,2.6323686226501537,0.338962056222018,1000,8.063166670694796,5.662525957297692,-0.70462461879532,146
resnet_frozen,fold6_balkan_e,181,0.5182969684480039,False,12,1e-05,1e-05,1.6102844178676605,0.12386803214366619,0.6535724066197872,0.250839089974761,2.515982685610652,1.2462828811258078,0.03792152740061283,0.2320191040635109,0.08151724003255367,0.011183107271790504,3.7844183900314365,2.628189656340035,0.3410712438544685,1000,8.055989988578652,5.653823560714456,-0.7015915412875089,146
resnet_frozen,fold6_balkan_e,182,0.5138817776457392,True,0,1e-05,1e-05,1.6079546175897121,0.12368881673767017,0.6554399561136961,0.2520567011088133,2.516737038269639,1.243839306756854,0.03788652457296848,0.23227058351039886,0.08151946775615215,0.011064279824495316,3.7717794857984748,2.6255406780217405,0.34546517166989177,1000,8.029426423720958,5.627338533929641,-0.690388494546913,146
resnet_frozen,fold6_balkan_e,183,0.5240651263402656,True,0,1e-05,1e-05,1.641294663771987,0.12625343567476824,0.6761037446558475,0.2547266446053982,2.5734340269118547,1.2773929610848427,0.03780820406973362,0.2320970669388771,0.0815012976527214,0.011115936562418938,3.775586001647757,2.6300076883063075,0.3441433794343143,1000,8.028588189337173,5.627643191169901,-0.6900355757399435,146
resnet_frozen,fold6_balkan_e,184,0.5280394289548205,False,1,1e-05,1e-05,1.6918883565813303,0.13014525819856387,0.6728981863707304,0.2541461829096079,2.6202406380325556,1.3280645925551653,0.03754956088960171,0.23205808736383915,0.08167364820837975,0.011133063584566116,3.7836578367075115,2.626317193529335,0.3413360666335854,1000,8.058547799402426,5.658107389869679,-0.7026722378158681,146
resnet_frozen,fold6_balkan_e,185,0.508772393475108,False,2,1e-05,1e-05,1.6954839956015348,0.13042184581550267,0.6739401239901781,0.2547596339136362,2.6254759281873703,1.331724053248763,0.03762398101389408,0.23223651014268398,0.08146029710769653,0.011071326211094856,3.7765746707236647,2.6254107046841737,0.3437998512739169,1000,8.03198515292295,5.628006257202273,-0.6914660149914316,146
resnet_frozen,fold6_balkan_e,186,0.5375049897212315,True,0,1e-05,1e-05,1.6907438393682241,0.13005721841294032,0.6788801904767752,0.255024803802371,2.6259548254311085,1.3268329482525587,0.037661075592041016,0.2321788500994444,0.08158893138170242,0.011095551773905754,3.7738128950849656,2.6238117455176915,0.34475924707118544,1000,8.027388693391819,5.624416133520582,-0.689530620363356,146
resnet_frozen,fold6_balkan_e,187,0.515505472699178,True,0,1e-05,1e-05,1.6999240517616272,0.13076338859704825,0.6691430099308491,0.25401028990745544,2.6243805531412363,1.3359984960407019,0.0376031007617712,0.23223109170794487,0.0815465897321701,0.011151161044836044,3.769926295080981,2.6239439934880444,0.3461081996550248,1000,8.021556180268234,5.618215276516871,-0.6870763653190362,146
resnet_frozen,fold6_balkan_e,188,0.5272968755843987,False,1,1e-05,1e-05,1.7027706485241652,0.13098235757878193,0.676716223359108,0.25450512021780014,2.6352917421609163,1.3387819081544876,0.03754626028239727,0.23223654925823212,0.08168059028685093,0.011135879904031754,3.7740260245564943,2.624185198007548,0.3446852343616318,1000,8.033449004969048,5.631811361893316,-0.6920826201205279,146
resnet_frozen,fold6_balkan_e,189,0.5112018471603946,False,2,1e-05,1e-05,1.694315256550908,0.13033194281160831,0.6718288604170084,0.25432001799345016,2.6217820160090923,1.3304515182971954,0.03767668455839157,0.23217280954122543,0.08158805035054684,0.011041782796382904,3.7756633842484186,2.6217495322479163,0.3441164949130603,1000,8.035571410996445,5.6349677159321985,-0.6929768215404986,146
resnet_frozen,fold6_balkan_e,190,0.5214570887988956,False,3,1e-05,1e-05,1.7008299622684717,0.13083307402065167,0.6804666332900524,0.25486193783581257,2.6374506559222937,1.337175054475665,0.03774643316864967,0.23193525336682796,0.0814991444349289,0.011098736897110939,3.778342571461784,2.626572347760607,0.3431853429629065,1000,8.033039027757148,5.635207016209031,-0.6919099178072332,146
resnet_frozen,fold6_balkan_e,191,0.511894994751248,False,4,1e-05,1e-05,1.7001686841249466,0.13078220647114974,0.6762964930385351,0.25408983416855335,2.6318425741046667,1.3362612556666136,0.03782455623149872,0.23215685226023197,0.08155224658548832,0.011001594364643097,3.771774646751315,2.6231641000959245,0.34546685115453935,1000,8.022336044843074,5.6271125506657365,-0.6874044201301635,146
resnet_frozen,fold6_balkan_e,192,0.5300913518530612,True,0,1e-05,1e-05,1.695887267589569,0.13045286673765916,0.7132100593298674,0.26206512935459614,2.6724666319787502,1.332098824903369,0.03778066858649254,0.2322218343615532,0.08141674846410751,0.010998701676726341,3.7696140465617116,2.623789366875262,0.3462165138632355,1000,8.013040078204233,5.619770798828637,-0.6834960904573477,146
resnet_frozen,fold6_balkan_e,193,0.5047754420661811,True,0,1e-05,1e-05,1.6945910193026066,0.13035315533096975,0.6690138429403305,0.2536336127668619,2.618549257516861,1.3307976741343737,0.037670962512493134,0.2321043536067009,0.08144847303628922,0.011180516332387924,3.7622688296956492,2.619356661870279,0.348761868812381,1000,8.004610486919532,5.605808110751457,-0.6799559310713714,146
resnet_frozen,fold6_balkan_e,194,0.5206271211905417,False,1,1e-05,1e-05,1.7009864132851362,0.13084510871424124,0.6781269088387489,0.2547569442540407,2.635191898792982,1.3371494766324759,0.03753404691815376,0.23215240985155106,0.08163568563759327,0.01112779788672924,3.761745911861718,2.614831616881458,0.3489428874382351,1000,8.015528420624284,5.61199109040924,-0.6845418271894137,146
resnet_frozen,fold6_balkan_e,195,0.5289397140463816,False,2,1e-05,1e-05,1.6982692331075668,0.13063609485442823,0.6709729209542274,0.25389244221150875,2.6244208496063948,1.3342739157378674,0.037646567448973656,0.23227841407060623,0.08157575689256191,0.011097567155957222,3.7682876549033892,2.6143735438816815,0.3466765187274772,1000,8.031629220058885,5.633806617589943,-0.6913161055999157,146
resnet_frozen,fold6_balkan_e,196,0.5094059677693467,False,3,1e-05,1e-05,1.7017824035137892,0.13090633873182994,0.6770632918924093,0.2546674609184265,2.634812356904149,1.3374629337340593,0.037754202261567116,0.23231661692261696,0.0816638357937336,0.011169739067554474,3.7641494177212396,2.610958052504566,0.3481106571231064,1000,8.03108767892305,5.632980131155955,-0.6910880357173455,146
resnet_frozen,fold6_balkan_e,197,0.5073338007898182,False,4,1e-05,1e-05,1.6976128686219454,0.13058560527861118,0.6744866631925106,0.2547829318791628,2.628215044736862,1.3328491654247046,0.03776799701154232,0.2327964212745428,0.0816764310002327,0.011111915111541748,3.7735503200212897,2.61746330381775,0.34485042482787176,1000,8.041602464706308,5.646793571133953,-0.6955190840157575,146
resnet_frozen,fold6_balkan_e,198,0.5127940237234527,False,5,1e-05,1e-05,1.698675274848938,0.1306673288345337,0.6738585699349642,0.2540000472217798,2.6278371047228575,1.3348317351192236,0.03767859376966953,0.23203054629266262,0.081600746139884,0.011134538799524307,3.7675975708415246,2.6128115336721573,0.3469157822238933,1000,8.039531905971048,5.644242563691146,-0.6946460689916472,146
resnet_frozen,fold6_balkan_e,199,0.5228459000299865,False,6,1e-05,1e-05,1.706651771441102,0.1312809054954694,0.6783295758068562,0.25454026833176613,2.640807457268238,1.3424789290875196,0.037645453587174416,0.23234575800597668,0.08167455717921257,0.011087493970990181,3.7623959923082455,2.6107518806499574,0.34871784508869075,1000,8.029692446512378,5.6309550588361095,-0.6905005048677937,146
resnet_frozen,fold6_balkan_e,200,0.509613053214852,False,7,1e-05,1e-05,1.705341013148427,0.13118007793449438,0.6719342488795519,0.25458247773349285,2.633173244073987,1.341278387233615,0.0376010499894619,0.2322094701230526,0.08166461437940598,0.011205961927771568,3.7705734190872966,2.610468586521115,0.34588369372780536,1000,8.053456165302745,5.658836076329475,-0.7005213179596033,146
resnet_frozen,fold6_balkan_e,201,0.5227950713602855,False,8,1e-05,1e-05,1.7014089580625296,0.13087761215865612,0.6748428326100111,0.25488314777612686,2.6324405819177628,1.3373439963907003,0.03774924390017986,0.2322530709207058,0.08156799711287022,0.011103695258498192,3.760937878341475,2.609264230142967,0.34922255516783385,1000,8.032262026961742,5.635655401737728,-0.6915826315164919,146
resnet_frozen,fold6_balkan_e,202,0.5405347562238879,False,9,1e-05,1e-05,1.702973585575819,0.13099796812121683,0.6757088229060173,0.25477392598986626,2.6347478069365025,1.3388468120247126,0.03764447197318077,0.23223838210105896,0.08171006292104721,0.011147484183311462,3.7572697033740416,2.6056481199509482,0.35049138835064164,1000,8.032638876621453,5.635759556430021,-0.6917413632140048,146
resnet_frozen,fold6_balkan_e,203,0.5328605975259199,False,10,1e-05,1e-05,1.7065440248697996,0.1312726172976769,0.6756929904222488,0.25467016361653805,2.6381910238415003,1.3417490124702454,0.0375672671943903,0.23294923081994057,0.08176353201270103,0.011140046641230583,3.756682117903951,2.6070550905434358,0.35069452095024534,1000,8.023731353214801,5.6235617840862,-0.6879914447207591,146
resnet_frozen,fold6_balkan_e,204,0.5076306199135913,False,11,1e-05,1e-05,1.6988131757825613,0.13067793659865856,0.6802829764783382,0.25561789609491825,2.6359880100935698,1.3346029929816723,0.037725482136011124,0.2322634607553482,0.08161341026425362,0.0111690703779459,3.754416818266124,2.603534599838558,0.3514773542849037,1000,8.024860129353971,5.6263453018615195,-0.688466410395729,146
resnet_frozen,fold6_balkan_e,205,0.5159530185243908,False,12,1e-05,1e-05,1.9036544691771269,0.1464349591674713,0.6785237397998571,0.2550515439361334,2.838508665561676,1.5319331288337708,0.03789958544075489,0.23298398219048977,0.08724095672369003,0.012126777321100235,3.75407551761031,2.6066136534953204,0.35159525869154595,1000,8.013928608358844,5.6178834907268795,-0.683869461852044,146
resnet_frozen,fold6_balkan_e,206,0.49928809984601735,False,13,1e-05,1e-05,1.698340941220522,0.13064161086311707,0.6756361313164234,0.25358585827052593,2.6288484763354063,1.3343117572367191,0.03783288411796093,0.23211389407515526,0.08154320158064365,0.01114652305841446,3.7541291598456663,2.6035007499716785,0.3515767283620007,1000,8.008802165116116,5.605864834168583,-0.6817158364197886,146
resnet_frozen,fold6_balkan_e,207,0.5059411810448143,True,0,1e-05,1e-05,1.6979659032076597,0.1306127617852046,0.671521982178092,0.2540480699390173,2.624838076531887,1.3341132812201977,0.03756033442914486,0.23216073773801327,0.0815038401633501,0.01124470867216587,3.748828810297812,2.605758444555407,0.3534064170265565,1000,7.991581978099706,5.584609554165093,-0.6744917030445166,146
resnet_frozen,fold6_balkan_e,208,0.5036424373976428,False,1,1e-05,1e-05,1.6968732066452503,0.13052870820348078,0.6761498879641294,0.25498885847628117,2.6293341368436813,1.332597203552723,0.03770267590880394,0.23234045691788197,0.08167544193565845,0.011139258742332458,3.751992719659246,2.6025113387891,0.3523145417353135,1000,8.012366552632617,5.60571484133534,-0.6832130942406127,146
resnet_frozen,fold6_balkan_e,209,0.49586124719986724,False,2,1e-05,1e-05,1.69711853004992,0.13054757923460925,0.6718079578131437,0.2544724680483341,2.6247180588543415,1.3333495371043682,0.037412406876683235,0.2322010062634945,0.08155207335948944,0.011167336255311966,3.7458574295580225,2.6023457637826097,0.35443101131955324,1000,7.994082210668204,5.587160066718123,-0.6755396241225362,146
resnet_frozen,fold6_balkan_e,210,0.4992743186985195,False,3,1e-05,1e-05,1.7089149951934814,0.1314549996302678,0.6794089693576097,0.25521481968462467,2.6448344457894564,1.3447547797113657,0.037814367562532425,0.23216602578759193,0.08159247972071171,0.011187179014086723,3.7477514060679686,2.602900534823464,0.35377802244778755,1000,8.000535759020513,5.591686017385406,-0.6782460112683522,146
resnet_frozen,fold6_balkan_e,211,0.5221333685628755,False,4,1e-05,1e-05,1.6939332205802202,0.1303025554292477,0.6783243753015995,0.2543803062289953,2.627896334975958,1.3298627566546202,0.037756484001874924,0.23204947635531425,0.08166269212961197,0.011182010173797607,3.7504075329961224,2.6012809621003408,0.35286170988850873,1000,8.015632176531266,5.6106433620264085,-0.6845854381124061,146
resnet_frozen,fold6_balkan_e,212,0.51353729389545,False,5,1e-05,1e-05,1.7026170920580626,0.1309705455429279,0.6816354468464851,0.25515871681272984,2.6406919583678246,1.3382724113762379,0.03775886259973049,0.23215934820473194,0.08179179206490517,0.011216089129447937,3.7458705385022655,2.5983617395725584,0.3544264928653168,1000,8.005719646878255,5.5949170179442795,-0.6804215299786964,146
resnet_frozen,fold6_balkan_e,213,0.4912240414984695,False,6,1e-05,1e-05,1.6946098916232586,0.13035460704794297,0.6789262909442186,0.254661176353693,2.6294858306646347,1.3298671785742044,0.03790880925953388,0.2323010191321373,0.08188890479505062,0.011195424944162369,3.7407211895197383,2.5977755499224093,0.3562001784990779,1000,7.993261297697013,5.5850557796369165,-0.6751955191830918,146
resnet_frozen,fold6_balkan_e,214,0.4859276068081183,True,0,1e-05,1e-05,1.6838923245668411,0.12953017881283393,0.6730378475040197,0.25415692292153835,2.612368877977133,1.3199603576213121,0.03776446543633938,0.23216912522912025,0.08148549124598503,0.01110704243183136,3.732697347990143,2.6012576663195115,0.35895911573195693,1000,7.96530077884934,5.557012797043216,-0.6634963110922614,146
resnet_frozen,fold6_balkan_e,215,0.5195963202253325,False,1,1e-05,1e-05,1.713957343250513,0.13184287255773178,0.679394917562604,0.2558826357126236,2.6505736596882343,1.3500139750540257,0.037682805210351944,0.23215340077877045,0.08151306957006454,0.011177290230989456,3.7313212259907793,2.5970894113695473,0.35943168972939865,1000,7.972025342373956,5.566783704519273,-0.6663062510654982,146
resnet_frozen,fold6_balkan_e,216,0.5118867501131157,False,2,1e-05,1e-05,1.7011711839586496,0.13085932184297305,0.6708612088114023,0.25396884232759476,2.62731153704226,1.337412066757679,0.03741201013326645,0.23233994469046593,0.08155037276446819,0.011076932772994041,3.7383374886095084,2.5990287561830194,0.3570204145913305,1000,7.985978110874284,5.583030539944056,-0.6721441480298829,146
resnet_frozen,fold6_balkan_e,217,0.5107092406551282,False,3,1e-05,1e-05,1.7051821649074554,0.13116785883903503,0.6995298601686954,0.2668864522129297,2.6728894114494324,1.3414389044046402,0.03753835707902908,0.23216757737100124,0.08153492026031017,0.011130310595035553,3.7362835255263795,2.5963297363283164,0.3577267678994974,1000,7.98039631473853,5.572306026396162,-0.6698074759860384,146
resnet_frozen,fold6_balkan_e,218,0.4779871747850365,False,4,1e-05,1e-05,1.745673881843686,0.13428260629566816,0.6745008919388056,0.25594673305749893,2.6777777187526226,1.378662707284093,0.03782523423433304,0.23238986358046532,0.08387641422450542,0.011496484279632568,3.735605003539045,2.596703394828592,0.3579600247900969,1000,7.982517769474263,5.573801209328807,-0.670695374702998,146
resnet_frozen,fold6_balkan_e,219,0.5117268648236738,True,0,1e-05,1e-05,1.7019587270915508,0.13091990208396545,0.674453629180789,0.25435023941099644,2.6320494171231985,1.3377200067043304,0.037696005776524544,0.23228930495679379,0.08172550797462463,0.011164577677845955,3.7303074429925376,2.59932588588466,0.3597797214338262,1000,7.9605532842118825,5.5536437961190614,-0.6615139411826907,146
resnet_frozen,fold6_balkan_e,220,0.4911904578401614,True,0,1e-05,1e-05,1.7056751772761345,0.13120578286739495,0.6750612668693066,0.25433156825602055,2.6364200077950954,1.3410265073180199,0.03758282959461212,0.2328320685774088,0.08183968625962734,0.010995978489518166,3.726601062112891,2.5988291264750005,0.3610513170839942,1000,7.9550100527863785,5.549012088671436,-0.6592007980441266,146
resnet_frozen,fold6_balkan_e,221,0.5142503950219103,False,1,1e-05,1e-05,1.7042898312211037,0.13109921778623873,0.6792759411036968,0.2550341598689556,2.6399350836873055,1.340094231069088,0.037779372185468674,0.23214683681726456,0.08169840276241302,0.01117296889424324,3.7286969816432007,2.595598342060838,0.3603323983727599,1000,7.966464776865023,5.554721278359115,-0.6639825319993375,146
resnet_frozen,fold6_balkan_e,222,0.4805409091876413,False,2,1e-05,1e-05,1.70481301471591,0.13113946267045462,0.6719964370131493,0.2539960667490959,2.632103480398655,1.3409498780965805,0.03759472258388996,0.23213648237287998,0.08161961287260056,0.01111956313252449,3.7244571983242873,2.5940474755098433,0.36178626289761273,1000,7.958947830887366,5.548755419111847,-0.6608438334649014,146
resnet_frozen,fold6_balkan_e,223,0.48819491831614975,False,3,1e-05,1e-05,1.7031794860959053,0.13101380662276194,0.6764723230153322,0.25464945659041405,2.6356045473366976,1.3393142446875572,0.03760305047035217,0.23216210305690765,0.08160910196602345,0.011118020862340927,3.7225415083073266,2.5905986191343033,0.36244262982036857,1000,7.958662931256043,5.547618602262098,-0.6607249319877224,146
resnet_frozen,fold6_balkan_e,224,0.5229798415170216,True,0,1e-05,1e-05,1.70461137406528,0.13112395185117537,0.6754081398248672,0.25491958670318127,2.636258440092206,1.340434828773141,0.03768238238990307,0.23231451399624348,0.0816892459988594,0.01112845353782177,3.7191615110705296,2.5882258844836334,0.3635998842506315,1000,7.951878754506376,5.535738162691536,-0.6578948461878305,146
resnet_frozen,fold6_balkan_e,225,0.49711694878462,False,1,1e-05,1e-05,1.7123060394078493,0.13171584918521917,0.6745024938136339,0.25485585629940033,2.6429864540696144,1.3465018272399902,0.03761366568505764,0.23221842758357525,0.08233069255948067,0.012252932414412498,3.724905990997779,2.5903878370263174,0.3616324456345562,1000,7.966736488280563,5.552645011975026,-0.6640960405058391,146
resnet_frozen,fold6_balkan_e,226,0.5220623257220582,False,2,1e-05,1e-05,1.696674047037959,0.13051338823368916,0.6734744496643543,0.25356319174170494,2.625012582167983,1.3260182309895754,0.03769995458424091,0.23211940005421638,0.08692244067788124,0.012505797669291496,3.7227056160574894,2.588010625373337,0.3623864153165708,1000,7.959628626412711,5.540995912350071,-0.6611279774078092,146
resnet_frozen,fold6_balkan_e,227,0.49689632147298934,False,3,1e-05,1e-05,1.7002850491553545,0.13079115762733495,0.672370096668601,0.2536596730351448,2.627608649432659,1.329793430864811,0.03744842670857906,0.23219850100576878,0.08695830218493938,0.012488437816500664,3.7221535990036023,2.5888645727901145,0.3625754968679148,1000,7.958459761853565,5.538640894136909,-0.6606401428244342,146
resnet_frozen,fold6_balkan_e,228,0.4980097901260321,True,0,1e-05,1e-05,1.6877648308873177,0.12982806391440904,0.6745283082127571,0.25636469386518,2.6199451461434364,1.31984175555408,0.03777775540947914,0.2320577558130026,0.084791149944067,0.011915208771824837,3.7147896125260105,2.5851884842191257,0.36509518981308065,1000,7.946381216777652,5.526574871047864,-0.6556032647526693,146
resnet_frozen,fold6_balkan_e,229,0.5027979901386256,False,1,1e-05,1e-05,1.706307627260685,0.13125443286620653,0.6735880728811026,0.25399867072701454,2.635191874578595,1.342354828491807,0.03760462626814842,0.2322774026542902,0.08159203827381134,0.011085933074355125,3.7245338122944225,2.5877361321511514,0.36176000586819945,1000,7.969117999765087,5.548554380058639,-0.6650910919125728,146
resnet_frozen,fold6_balkan_e,230,0.4878591107085473,False,2,1e-05,1e-05,1.7539254166185856,0.1349173397398912,0.707584111019969,0.25460971891880035,2.7174361124634743,1.3863860256969929,0.03774768486618996,0.2328630145639181,0.08378619141876698,0.011704571545124054,3.7189900503352686,2.588726705336059,0.3636585615176293,1000,7.949776114679747,5.531129749744814,-0.6570181993071451,146
resnet_frozen,fold6_balkan_e,231,0.49563031799111634,True,0,1e-05,1e-05,1.7065656464546919,0.13127428049651477,0.6781478375196457,0.2540220096707344,2.6400405764579773,1.3423740975558758,0.03789207525551319,0.23210100457072258,0.08148364722728729,0.011262845247983932,3.7152892470233194,2.586764167183078,0.36492439054225534,1000,7.943561266540389,5.5251717336093185,-0.6544284179154687,146
resnet_frozen,fold6_balkan_e,232,0.503057307874912,True,0,1e-05,1e-05,1.702453602105379,0.13095796939272147,0.6784504372626543,0.25471558794379234,2.6369675304740667,1.3383244704455137,0.037745075300335884,0.23225864954292774,0.08161890879273415,0.011110380291938782,3.708300367314826,2.583049953155927,0.36731144151781214,1000,7.938045610235593,5.515396313721983,-0.6521316922679137,146
resnet_frozen,fold6_balkan_e,233,0.4946980758225242,True,0,1e-05,1e-05,1.7129475772380829,0.1317651982490833,0.671120161190629,0.253429776057601,2.6387941762804985,1.3489277809858322,0.037765877321362495,0.23221491649746895,0.0815625786781311,0.011043176054954529,3.7065004602305396,2.580622482480156,0.36792547174156975,1000,7.9373872612054255,5.516231239740701,-0.6518576615437575,146
resnet_frozen,fold6_balkan_e,234,0.49039742329008473,True,0,1e-05,1e-05,1.69195656478405,0.13015050498338845,0.6803337950259447,0.25502309761941433,2.628597339615226,1.3281332850456238,0.037615593522787094,0.23215080052614212,0.08154615759849548,0.011114882305264473,3.7017668423468146,2.581095566509539,0.36953890131651324,1000,7.9224141364069345,5.493458671891399,-0.6456313955359829,146
resnet_frozen,fold6_balkan_e,235,0.47282824455900846,False,1,1e-05,1e-05,1.7083810288459063,0.13141392529583895,0.6758395452052355,0.25405266508460045,2.6395682990550995,1.344820749014616,0.0376777071505785,0.23205409571528435,0.0814642570912838,0.01099180057644844,3.711246068108506,2.577371984338728,0.36630588575004686,1000,7.958292215349965,5.531847727545515,-0.660570221877615,146
resnet_frozen,fold6_balkan_e,236,0.4891907738115014,False,2,1e-05,1e-05,1.701699210330844,0.13089993925621876,0.6747043505311012,0.25380367413163185,2.6315092369914055,1.3380814548581839,0.037537965923547745,0.23208017088472843,0.0815203133970499,0.011078743264079094,3.7091892870541328,2.5765807103119487,0.3670080805704464,1000,7.9597641557608645,5.536792179970038,-0.6611845462552293,146
resnet_frozen,fold6_balkan_e,237,0.4651363877752578,False,3,1e-05,1e-05,1.7370100785046816,0.1336161598849755,0.6759542915970087,0.2555207144469023,2.669760575518012,1.3721518851816654,0.03775430656969547,0.23242215625941753,0.08192555978894234,0.011339101940393448,3.712209687114176,2.578587537298594,0.36597676773584575,1000,7.96377440458865,5.542036992143251,-0.6628588274015608,146
resnet_frozen,fold6_balkan_e,238,0.4924050705424264,False,4,1e-05,1e-05,1.6998186558485031,0.13075528121911562,0.6735198441892862,0.2541232518851757,2.6287548653781414,1.3360088299959898,0.03756742551922798,0.23218707740306854,0.08154263161122799,0.01112588495016098,3.7065310807250493,2.5783531363111774,0.367915028189882,1000,7.944446747671035,5.517226180188178,-0.6547972818916834,146
resnet_frozen,fold6_balkan_e,239,0.4805288112781879,False,5,1e-05,1e-05,1.6900148745626211,0.1300011441971247,0.668758112937212,0.25357175059616566,2.6136486623436213,1.3260651305317879,0.03770163469016552,0.23228177055716515,0.081495126709342,0.011107901111245155,3.7101981761922733,2.575258696097807,0.36666368966781926,1000,7.951714278571725,5.521675588336858,-0.6578262634056438,146
resnet_frozen,fold6_balkan_e,240,0.49446922555044565,False,6,1e-05,1e-05,1.6937752347439528,0.13029040267261174,0.6715042162686586,0.2544679716229439,2.621039876714349,1.3299096152186394,0.03775176405906677,0.23209118656814098,0.081480348482728,0.011149516329169273,3.7049310053555065,2.573966084950781,0.3684606409314629,1000,7.9406971448181585,5.50798401443189,-0.6532355952105631,146
resnet_frozen,fold6_balkan_e,241,0.4943584447099734,False,7,1e-05,1e-05,1.6964119542390108,0.1304932272491547,0.6744415685534477,0.255007091909647,2.627160230651498,1.3318494036793709,0.037689458578825,0.23276250436902046,0.08161226101219654,0.01108468882739544,3.7052955374981504,2.576886123601943,0.368336359145372,1000,7.935742144478779,5.505125581574243,-0.6511729987037396,146
resnet_frozen,fold6_balkan_e,242,0.4706664896054492,True,0,1e-05,1e-05,1.7078825309872627,0.1313755793067125,0.6708604507148266,0.25325245782732964,2.6332828421145678,1.3393587488681078,0.03762414865195751,0.23215202242136002,0.08509690500795841,0.012224240228533745,3.7002926242018215,2.5783130826765768,0.3700409600134029,1000,7.9141930424230305,5.4784658466337115,-0.6422178221822419,146
resnet_frozen,fold6_balkan_e,243,0.4768485140023962,False,1,1e-05,1e-05,1.8041934911161661,0.13878411470124355,0.6690685842186213,0.25594358146190643,2.7305661495774984,1.4264445640146732,0.037724629044532776,0.23238305933773518,0.09250034019351006,0.013652672991156578,3.7030711900814066,2.5794729891885617,0.36909452682182653,1000,7.915941150370769,5.4843737844298595,-0.6429433771601343,146
resnet_frozen,fold6_balkan_e,244,0.4997087238924926,False,2,1e-05,1e-05,1.7022206969559193,0.1309400536119938,0.6648181863129139,0.2543183695524931,2.6226269360631704,1.3318129014223814,0.03768951632082462,0.2321079894900322,0.08670932240784168,0.012498507276177406,3.7023012106046025,2.5714394755140675,0.36935686785534383,1000,7.930779288959755,5.4959290638454545,-0.6491084228817847,146
resnet_frozen,fold6_balkan_e,245,0.4878974351290483,False,3,1e-05,1e-05,1.7015645820647478,0.13088958323574984,0.6740278787910938,0.2536089960485697,2.630515841767192,1.3322296757251024,0.037567514926195145,0.2321786005049944,0.08589582704007626,0.012321438640356064,3.697425120415338,2.5704225595130943,0.3710169422864066,1000,7.922743479815284,5.4902144947069695,-0.6457682197687651,146
resnet_frozen,fold6_balkan_e,246,0.49895415389494674,False,4,1e-05,1e-05,1.7031619809567928,0.13101246007359946,0.674919730052352,0.2533767558634281,2.6327608972787857,1.3323454689234495,0.03763979487121105,0.23229578882455826,0.08693311922252178,0.012551259249448776,3.704744273483412,2.575188740599468,0.3685242996364685,1000,7.933645279108517,5.4991241189768765,-0.6503005333445497,146
resnet_frozen,fold6_balkan_e,247,0.4806380889168407,False,5,1e-05,1e-05,1.7032884154468775,0.13102218580360597,0.801876425743103,0.25370416417717934,2.7601672783493996,1.3325268439948559,0.037648290395736694,0.23214631155133247,0.08693196810781956,0.012636538594961166,3.7099962541920615,2.57523653857142,0.3667326245594632,1000,7.946447184875951,5.519066302944629,-0.6556307533539016,146
resnet_frozen,fold6_balkan_e,248,0.4798466193661615,False,6,1e-05,1e-05,1.7001882437616587,0.13078371105858913,0.6638684775680304,0.25197903253138065,2.617315735667944,1.3290738929063082,0.03748558647930622,0.23261532187461853,0.08711552992463112,0.012506606057286263,3.709692681968363,2.575951782892105,0.36683625513320195,1000,7.94021780769914,5.510895661443561,-0.6530360073772463,146
resnet_frozen,fold6_balkan_e,249,0.48388687214747844,False,7,1e-05,1e-05,1.7025772631168365,0.1309674817782182,0.6683094836771488,0.25381370447576046,2.6259862408041954,1.3321267534047365,0.03749309480190277,0.2321908250451088,0.08689447864890099,0.012494001537561417,3.7012404513577097,2.5736659076596347,0.36971819161737973,1000,7.920002879690164,5.485220087612811,-0.6446298230775049,146
resnet_frozen,fold6_balkan_e,250,0.48482613191817436,False,8,1e-05,1e-05,1.7002529446035624,0.13078868804642788,0.6730556879192591,0.25418685376644135,2.628823708742857,1.3294082637876272,0.03748783469200134,0.23229276575148106,0.08715465664863586,0.012523714452981949,3.7032018168492935,2.5754580660867306,0.3690500153381714,1000,7.921491671484765,5.492999116044482,-0.6452481919233093,146
resnet_frozen,fold6_balkan_e,251,0.4887818692676696,False,9,1e-05,1e-05,1.7022983934730291,0.1309460302671561,0.6675856877118349,0.2534516919404268,2.6246292237192392,1.332731882110238,0.03750533238053322,0.23224914819002151,0.08612755872309208,0.012297380715608597,3.703488908595676,2.5743664355298614,0.36895218240147454,1000,7.9186420101870585,5.4905485679704515,-0.6440646883625434,146
resnet_frozen,fold6_balkan_e,252,0.4725603186969159,True,0,1e-05,1e-05,1.705468462780118,0.13118988175231677,0.6651799418032169,0.25220694951713085,2.624138105660677,1.334702555090189,0.03779256530106068,0.23214522376656532,0.08693656511604786,0.012511201202869415,3.69801877437449,2.5733538823642967,0.3708149486035216,1000,7.911055743688639,5.478739248021186,-0.6409160832231058,146
resnet_frozen,fold6_balkan_e,253,0.47340132732874524,False,1,1e-05,1e-05,1.7081366628408432,0.1313951279108341,0.6689583752304316,0.2534899413585663,2.6319054514169693,1.3369701281189919,0.03782317228615284,0.2322243507951498,0.0870814211666584,0.012593107298016548,3.697894023520865,2.568448196486713,0.3708573983870974,1000,7.917636751867446,5.485838908847019,-0.6436472923495733,146
resnet_frozen,fold6_balkan_e,254,0.48727043898746963,False,2,1e-05,1e-05,1.7010687347501516,0.13085144113462704,0.6649398077279329,0.25268123857676983,2.619992144405842,1.3305062782019377,0.03758348524570465,0.23210548609495163,0.08687393926084042,0.012587325647473335,3.7026734670637835,2.5737120964651266,0.36923004252789604,1000,7.921170587953221,5.489981581709533,-0.6451148202262715,146
resnet_frozen,fold6_balkan_e,255,0.502217128135902,False,3,1e-05,1e-05,1.7109832484275103,0.1316140960328854,0.7228360120207071,0.25487932190299034,2.6900109238922596,1.3385425470769405,0.037995222955942154,0.23213849775493145,0.08806347288191319,0.012788085266947746,3.698210810270751,2.5692403186830433,0.3707496005023654,1000,7.917371246171056,5.48431812806698,-0.6435370598608421,146
resnet_frozen,fold6_balkan_e,256,0.49403834529895113,False,4,1e-05,1e-05,1.7013351451605558,0.1308719342431197,0.6740503385663033,0.2537888288497925,2.6304640769958496,1.3304751235991716,0.03761617839336395,0.23206996358931065,0.08690968155860901,0.012808458879590034,3.6993539910633904,2.568226027934884,0.3703605160565838,1000,7.922307266697729,5.490510087379252,-0.645586998219841,146
resnet_frozen,fold6_balkan_e,257,0.4891102434067444,False,5,1e-05,1e-05,1.7013802416622639,0.13087540320478952,0.6696897186338902,0.25326134636998177,2.625600190833211,1.3307430800050497,0.03779011033475399,0.23202518187463284,0.08684347569942474,0.012538909912109375,3.6982733346848113,2.5634369628637934,0.3707283232701424,1000,7.930303410061773,5.496167004964541,-0.6489105224421245,146
resnet_frozen,fold6_balkan_e,258,0.4733605612028925,True,0,1e-05,1e-05,1.700838677585125,0.130833744429625,0.6641000676900148,0.2534906677901745,2.6197113934904337,1.329713810235262,0.03787071630358696,0.23231551237404346,0.08691817708313465,0.012606820091605186,3.6915831469838283,2.5664305367842934,0.37300297273456473,1000,7.897493377763158,5.462457886209683,-0.6352946772183841,146
resnet_frozen,fold6_balkan_e,259,0.48655004797568513,True,0,1e-05,1e-05,1.7050209175795317,0.1311554551984255,0.6706443782895803,0.25310977548360825,2.6301229633390903,1.3344835694879293,0.037445543333888054,0.23226376064121723,0.0869327187538147,0.012504251673817635,3.6910706738131718,2.5689841682256565,0.37317704268703167,1000,7.897312955370681,5.465527822396991,-0.6352199597368386,146
resnet_frozen,fold6_balkan_e,260,0.4716643487227984,False,1,1e-05,1e-05,1.7044539507478476,0.13111184236521906,0.664691025391221,0.25320373475551605,2.6236329935491085,1.334342224523425,0.037840111181139946,0.2321667391806841,0.08623274601995945,0.012430377304553986,3.691525835729367,2.565517261569658,0.3730224406461953,1000,7.9047128739217065,5.472403818005683,-0.6382858541162533,146
resnet_frozen,fold6_balkan_e,261,0.4787853656761321,False,2,1e-05,1e-05,1.7063255496323109,0.13125581151017776,0.6716738156974316,0.25367844477295876,2.6329596526920795,1.3345206752419472,0.03779847361147404,0.232755234465003,0.08725165203213692,0.012605104595422745,3.6965493389698048,2.5680305659497424,0.3713148720269702,1000,7.909649186597182,5.473922002058316,-0.6403326372084794,146
resnet_frozen,fold6_balkan_e,262,0.4867789144251401,False,3,1e-05,1e-05,1.699559673666954,0.13073535951284262,0.6699057891964912,0.2529996931552887,2.623771708458662,1.328634213656187,0.037616005167365074,0.23225953988730907,0.0871074479073286,0.012569261714816093,3.6906817437778034,2.5644586925330963,0.37330913304906843,1000,7.8972130179042415,5.463140347920131,-0.6351785738358964,146
resnet_frozen,fold6_balkan_e,263,0.48340159255575355,False,4,1e-05,1e-05,1.697951065376401,0.1306116204135693,0.6648206897079945,0.25260065123438835,2.6166730728000402,1.3272037263959646,0.03773556090891361,0.23208473809063435,0.08698199316859245,0.012567911297082901,3.6908148567024495,2.5648865149534914,0.3732639261391698,1000,7.901441848370015,5.464866490364695,-0.636930266328243,146
resnet_frozen,fold6_balkan_e,264,0.47062976714066346,True,0,1e-05,1e-05,1.7101787719875574,0.13155221322981211,0.6626369152218103,0.2524146307259798,2.626505209133029,1.3398221358656883,0.03772629611194134,0.2320424746721983,0.08684178441762924,0.012383004650473595,3.6874509626658054,2.565129385905099,0.37440584902530694,1000,7.889961133838633,5.453535864581121,-0.6321768361712441,146
resnet_frozen,fold6_balkan_e,265,0.4826662546187747,False,1,1e-05,1e-05,1.697217646986246,0.13055520361432663,0.6691054943948984,0.25569258630275726,2.623358689248562,1.3271020986139774,0.03768911212682724,0.23283753916621208,0.08603987656533718,0.012172447517514229,3.687733906540819,2.563983868333541,0.37430983970824405,1000,7.895729337061276,5.459677571600076,-0.6345642165378518,146
resnet_frozen,fold6_balkan_e,266,0.4914250683007971,False,2,1e-05,1e-05,1.6990022547543049,0.13069248113494653,0.667058028280735,0.25276023894548416,2.6200991049408913,1.3285215608775616,0.037704797461628914,0.23208190314471722,0.08693218044936657,0.01238645613193512,3.685493294156902,2.5609844799052777,0.37506992883696155,1000,7.896174314052218,5.459100556389182,-0.6347484589126478,146
resnet_frozen,fold6_balkan_e,267,0.4862156387405027,False,3,1e-05,1e-05,1.6985669992864132,0.1306589999451087,0.6665741354227066,0.25359053164720535,2.6200213469564915,1.3281052391976118,0.03775661811232567,0.23213581182062626,0.08679054118692875,0.012410743162035942,3.6868154596594658,2.559372230645793,0.3746214628512029,1000,7.901698880394188,5.467453470793522,-0.637036765964943,146
resnet_frozen,fold6_balkan_e,268,0.501754435828569,False,4,1e-05,1e-05,1.7762156128883362,0.1366319702221797,0.6753891780972481,0.2533337790518999,2.7062563449144363,1.3949253261089325,0.037901148200035095,0.23285088501870632,0.09568092599511147,0.013417841866612434,3.685677054453013,2.5615522140556615,0.3750076087138847,1000,7.8950972668751875,5.458929779919105,-0.6343025262212008,146
resnet_frozen,fold6_balkan_e,269,0.47306085930658626,False,5,1e-05,1e-05,1.7014715056866407,0.13088242351435697,0.6668716613203287,0.25281839817762375,2.6224629878997803,1.3297760970890522,0.03779434226453304,0.23211237974464893,0.08798277750611305,0.01244787685573101,3.6915438180652127,2.5590117590692345,0.37301633230563247,1000,7.912098281103948,5.47864409575621,-0.6413485992332757,146
resnet_frozen,fold6_balkan_e,270,0.47128826056228473,False,6,1e-05,1e-05,1.699193585664034,0.13070719889723337,0.6622069645673037,0.25238611549139023,2.615103367716074,1.328635435551405,0.03762909397482872,0.23213465325534344,0.08701051771640778,0.012425439432263374,3.685714957346585,2.5575486320634417,0.3749947540109102,1000,7.900967844252604,5.4645603422099445,-0.6367338747258651,146
resnet_frozen,fold6_balkan_e,271,0.44302156308735524,True,0,1e-05,1e-05,1.696867087855935,0.13052823752737963,0.6618837211281061,0.25155041366815567,2.611577095463872,1.326082482933998,0.03783010505139828,0.23217134922742844,0.08696646243333817,0.012434432283043861,3.679889180544894,2.5585705935724663,0.3769690051097019,1000,7.889675223334548,5.4526517657903755,-0.6320585471102729,146
resnet_frozen,fold6_balkan_e,272,0.4760792054802143,False,1,1e-05,1e-05,1.69242412596941,0.13018647122841615,0.6492684185504913,0.253911716863513,2.5968998540192842,1.3220512866973877,0.03748548589646816,0.2321526873856783,0.08676061034202576,0.012574084103107452,3.6820350899258734,2.5575290784740337,0.37624215828679297,1000,7.904501774523703,5.473754818664636,-0.6381983527622774,146
resnet_frozen,fold6_balkan_e,273,0.468601014379713,False,2,1e-05,1e-05,1.6861822810024023,0.1297063293078771,0.6649000812321901,0.2527458854019642,2.6050990726798773,1.315247779712081,0.03782019205391407,0.23213688470423222,0.0869212206453085,0.01268363930284977,3.6858459673215007,2.5585533303479324,0.37495032117885085,1000,7.911235277811549,5.482355856452407,-0.6409905622262018,146
resnet_frozen,fold6_balkan_e,274,0.47344073750285387,False,3,1e-05,1e-05,1.6908516939729452,0.13006551492099577,0.6589822005480528,0.2613667994737625,2.61252211779356,1.3201293163001537,0.03772569261491299,0.23210190422832966,0.08689038828015327,0.012619363144040108,3.679684743303403,2.5576948734520064,0.3770382284985878,1000,7.89624232878195,5.461489319834261,-0.6347766212730648,146
resnet_frozen,fold6_balkan_e,275,0.46107438145558133,False,4,1e-05,1e-05,1.692440902814269,0.1301877617549438,0.6692405957728624,0.2535823844373226,2.6165411975234747,1.3214153535664082,0.03772607445716858,0.2322303894907236,0.08707661181688309,0.01260438933968544,3.677162466333256,2.5544340076445686,0.3778919666384203,1000,7.893973844202949,5.459369255175964,-0.6338374573758958,146
resnet_frozen,fold6_balkan_e,276,0.4661319274882212,True,0,1e-05,1e-05,1.6943662725389004,0.13033586711837694,0.6606757789850235,0.2519592121243477,2.6082917377352715,1.3237769696861506,0.037670839577913284,0.2320871241390705,0.0869327150285244,0.012519488111138344,3.667850236510542,2.5546319291040764,0.3810388917597848,1000,7.864484047933153,5.4250393825554655,-0.6216530904199495,146
resnet_frozen,fold6_balkan_e,277,0.4782197597662416,False,1,1e-05,1e-05,1.6873579565435648,0.12979676588796651,0.6987236104905605,0.25242078118026257,2.639799080789089,1.3166893124580383,0.03777125105261803,0.2320042122155428,0.08691080287098885,0.012611368671059608,3.6696321414770425,2.5521938966165973,0.38043734168936527,1000,7.877076345851964,5.434883432946422,-0.6268503002627481,146
resnet_frozen,fold6_balkan_e,278,0.45398508833745993,False,2,1e-05,1e-05,1.7003188729286194,0.13079375945604765,0.6683015991002321,0.25331710278987885,2.6232451759278774,1.3294680528342724,0.03765924274921417,0.232213968411088,0.08699687011539936,0.01259581372141838,3.674970484819121,2.5537569919801513,0.37863343122210336,1000,7.890662771211539,5.453451309157103,-0.6324671410708373,146
resnet_frozen,fold6_balkan_e,279,0.46798730964252255,False,3,1e-05,1e-05,1.6916341241449118,0.1301257018573009,0.6602807156741619,0.2527747917920351,2.6060004625469446,1.3209752310067415,0.03788634203374386,0.23202941194176674,0.08682912029325962,0.012545214965939522,3.6731432701710105,2.552801045438131,0.3792511710624723,1000,7.8854641559189425,5.449841070924485,-0.630316808891688,146
resnet_frozen,fold6_balkan_e,280,0.4636439475420732,False,4,1e-05,1e-05,1.6923769023269415,0.13018283864053395,0.6611650548875332,0.2631860077381134,2.6180264353752136,1.3213469479233027,0.03805230371654034,0.23216132260859013,0.08685115724802017,0.012597979977726936,3.673185718178864,2.554848851601012,0.37923682383913815,1000,7.880428107322012,5.449276206050584,-0.6282350714705849,146
resnet_frozen,fold6_balkan_e,281,0.4891049241775195,False,5,1e-05,1e-05,1.7508750725537539,0.13468269788875029,0.6614004634320736,0.25235335901379585,2.6661508977413177,1.377347381785512,0.03805481269955635,0.23284241370856762,0.08853882364928722,0.012687506154179573,3.670930377960499,2.551632494967848,0.37999888840869056,1000,7.876856341414982,5.438289192674449,-0.6267594266262801,146
resnet_frozen,fold6_balkan_e,282,0.4687986232259449,False,6,1e-05,1e-05,1.6836019065231085,0.12950783896331602,0.6646561566740274,0.25326070934534073,2.6028177980333567,1.3129028864204884,0.03788611479103565,0.23197940550744534,0.0869347807019949,0.012520883232355118,3.674862071388092,2.551572421847754,0.37867009191817347,1000,7.891534579732205,5.452725811290411,-0.632827890839621,146
resnet_frozen,fold6_balkan_e,283,0.47863439383351475,False,7,1e-05,1e-05,1.6871605701744556,0.12978158232111198,0.6635742541402578,0.2528356686234474,2.6048427559435368,1.3164267521351576,0.03770728036761284,0.23207969032227993,0.08697362244129181,0.012601399794220924,3.6726149687721543,2.5492461662480084,0.37942972053188684,1000,7.8945783891225485,5.451787019462413,-0.6340877156046252,146
resnet_frozen,fold6_balkan_e,284,0.4733725360564357,False,8,1e-05,1e-05,1.6887232884764671,0.1299017914212667,0.6657238937914371,0.25279407761991024,2.608514813706279,1.3176860120147467,0.03793714940547943,0.23220233619213104,0.08696183376014233,0.012540288269519806,3.6719219373148726,2.550951509945089,0.3796639047034942,1000,7.884078857318476,5.447455747601382,-0.6297440392569897,146
resnet_frozen,fold6_balkan_e,285,0.452137367896493,False,9,1e-05,1e-05,1.694636134430766,0.13035662572544354,0.6639777794480324,0.2527531273663044,2.6126388031989336,1.3236431907862425,0.0378497913479805,0.23202231712639332,0.08704083226621151,0.012686712667346,3.663931561878452,2.545451413105612,0.3823607622558802,1000,7.8755670226646135,5.435094012675979,-0.6262269198282919,146
resnet_frozen,fold6_balkan_e,286,0.4699212845113798,False,10,1e-05,1e-05,1.6899604927748442,0.12999696098268032,0.6614895854145288,0.2530633583664894,2.6057796962559223,1.3192532453686,0.037812499329447746,0.23200067691504955,0.08696841821074486,0.012564554810523987,3.665759844076754,2.546716956896598,0.381744211132404,1000,7.885934746362536,5.449657007602737,-0.6305114034996986,146
resnet_frozen,fold6_balkan_e,287,0.47535657203240617,True,0,1e-05,1e-05,1.7014996577054262,0.13088458905426356,0.6663281712681055,0.2524253763258457,2.621560825034976,1.3308093342930079,0.0376973282545805,0.2320704348385334,0.086934894323349,0.012586802244186401,3.6579675298775722,2.545453966375331,0.38436987300289616,1000,7.860796360682743,5.421582440983258,-0.6201326480534848,146
resnet_frozen,fold6_balkan_e,288,0.47167744092975794,False,1,1e-05,1e-05,1.7030505053699017,0.13100388502845398,0.6660826802253723,0.2525139655917883,2.622940920293331,1.3321879412978888,0.03798224218189716,0.23208983056247234,0.08694326505064964,0.0124573465436697,3.6654110303326157,2.5468584944739603,0.38186186524254295,1000,7.875404146647324,5.436549992378139,-0.626159655941336,146
resnet_frozen,fold6_balkan_e,289,0.4444690249294079,False,2,1e-05,1e-05,1.6959585379809141,0.13045834907545492,0.6651380062103271,0.25214587338268757,2.614517129957676,1.3278463818132877,0.037898194044828415,0.2321519386023283,0.08477056957781315,0.01191636547446251,3.6613235692557637,2.5415678391291276,0.38323972260967687,1000,7.875425752301244,5.4316286773749525,-0.626168578477954,146
resnet_frozen,fold6_balkan_e,290,0.46418893969964925,False,3,1e-05,1e-05,1.6964024659246206,0.13049249737881696,0.6693011205643415,0.25431617721915245,2.6213176660239697,1.3323215618729591,0.037861043587327003,0.23222913406789303,0.0816385056823492,0.010979009792208672,3.6630607894616696,2.5445495618715475,0.3826543044757371,1000,7.876578955317294,5.435486865796669,-0.6266448549026433,146
resnet_frozen,fold6_balkan_e,291,0.46249704129445685,False,4,1e-05,1e-05,1.6975094936788082,0.1305776533599083,0.672142343595624,0.2546500265598297,2.625583926215768,1.3338845241814852,0.03774242475628853,0.23200504668056965,0.08154858835041523,0.010968348011374474,3.6633604937663926,2.5434689849067618,0.38255328036387204,1000,7.881104969990224,5.444272879760945,-0.6285147869505439,146
resnet_frozen,fold6_balkan_e,292,0.46325416508859835,True,0,1e-05,1e-05,1.8248071614652872,0.14036978165117595,0.6741242352873087,0.25467006489634514,2.7548993062227964,1.4607687778770924,0.03774428740143776,0.23216821625828743,0.08162623085081577,0.011114010587334633,3.653124587948917,2.541578433528677,0.38599891278385723,1000,7.856835512311545,5.41970246721728,-0.618500374995649,146
resnet_frozen,fold6_balkan_e,293,0.468718793840834,False,1,1e-05,1e-05,1.724544769152999,0.13265728993484607,0.7157956101000309,0.25636263750493526,2.698027627542615,1.3585506286472082,0.037858206778764725,0.23228115029633045,0.0830609705299139,0.011385589838027954,3.6596140913321493,2.539677120605711,0.38381552090903026,1000,7.881986206488406,5.446306613151471,-0.6288789965144974,146
resnet_frozen,fold6_balkan_e,294,0.4548337699348878,False,2,1e-05,1e-05,1.7058966644108295,0.13122282033929458,0.6694249752908945,0.25432595424354076,2.630954045802355,1.3418643362820148,0.037708429619669914,0.23223591223359108,0.08159101754426956,0.011117525398731232,3.656100757201944,2.544469911512589,0.38499806242417955,1000,7.86360161957345,5.436020544485367,-0.6212891981706552,146
resnet_frozen,fold6_balkan_e,295,0.4628243729633934,False,3,1e-05,1e-05,1.7020735759288073,0.13092873660990825,0.6721531264483929,0.25352851301431656,2.6290591675788164,1.337948391214013,0.037914957851171494,0.23227408528327942,0.08147338591516018,0.011094536632299423,3.6559452259124794,2.5432439784935044,0.3850503859328558,1000,7.8591348662439495,5.423571791283938,-0.6194478429061949,146
resnet_frozen,fold6_balkan_e,296,0.4755066156531128,False,4,1e-05,1e-05,1.7100061941891909,0.13153893801455313,0.6716287843883038,0.2538898326456547,2.6368350125849247,1.346058625727892,0.037746574729681015,0.23217809945344925,0.08155917003750801,0.011096237227320671,3.6538355225008687,2.5394173411561574,0.3857599080347016,1000,7.859215791468252,5.421325458310211,-0.6194811938683282,146
resnet_frozen,fold6_balkan_e,297,0.461774265737384,True,0,1e-05,1e-05,1.7055315431207418,0.1311947340862109,0.669042069464922,0.25307014025747776,2.6289655342698097,1.3416547514498234,0.0375941451638937,0.23231378756463528,0.08162097632884979,0.010977007448673248,3.646721948812064,2.5384349609206502,0.3881492814717461,1000,7.840168862917459,5.399419928439111,-0.6116410313484391,146
resnet_frozen,fold6_balkan_e,298,0.4662043382520411,False,1,1e-05,1e-05,1.6996665690094233,0.1307435822314941,0.6751114781945944,0.25364782102406025,2.629750829190016,1.3358684312552214,0.03762853145599365,0.23218072205781937,0.08162295818328857,0.010966498404741287,3.6550075857750426,2.541532753101047,0.38536577769315317,1000,7.857910993064998,5.419728663234373,-0.6189435012734814,146
resnet_frozen,fold6_balkan_e,299,0.4563531520067567,False,2,1e-05,1e-05,1.6979770716279745,0.13061362089445958,0.665796522051096,0.25346714071929455,2.6185297947376966,1.3271841648966074,0.03773956932127476,0.2321118488907814,0.08702818863093853,0.012530934065580368,3.6568362887780665,2.5432045603411435,0.38475058628686376,1000,7.861774264348203,5.4268056398968305,-0.6205357706202055,146
resnet_frozen,fold6_balkan_e,300,0.4790287851136901,False,3,1e-05,1e-05,1.693204803392291,0.13024652333786854,0.6683104727417231,0.2535727806389332,2.616368317976594,1.3224993757903576,0.03762025386095047,0.2321412619203329,0.08705632947385311,0.012484211474657059,3.653433812278749,2.537921960119668,0.38589496225832365,1000,7.858307131513015,5.4190992237262305,-0.619106735988679,146
resnet_frozen,fold6_balkan_e,301,0.46950707860533664,False,4,1e-05,1e-05,1.693228978663683,0.13024838297412947,0.6708060055971146,0.2536897473037243,2.6190320756286383,1.3222367502748966,0.03777979500591755,0.2323616947978735,0.08696172200143337,0.01251283846795559,3.6544986420072063,2.539231870204914,0.3855369360125793,1000,7.8583761460101345,5.417222337255682,-0.6191351752761682,146
resnet_frozen,fold6_balkan_e,302,0.44368327307471034,False,5,1e-05,1e-05,1.695157377049327,0.1303967213114867,0.6744641810655594,0.25332267954945564,2.6242369767278433,1.3246710654348135,0.0377334076911211,0.23231078311800957,0.08662710338830948,0.012426037341356277,3.6556575524935324,2.538588631499353,0.38514715855226134,1000,7.8580870413634845,5.416880995565634,-0.6190160435666423,146
resnet_frozen,fold6_balkan_e,303,0.46275762740895604,False,6,1e-05,1e-05,1.6908927448093891,0.13006867267764533,0.6673596370965242,0.25420974753797054,2.6137532144784927,1.31997923925519,0.037772879004478455,0.23227408155798912,0.08706517890095711,0.01243261806666851,3.6571714867425182,2.5381016923244966,0.3846377894391487,1000,7.864854909190085,5.421549311719162,-0.6218060368764244,146
resnet_frozen,fold6_balkan_e,304,0.4590775729376099,False,7,1e-05,1e-05,1.6975569520145655,0.13058130400112042,0.6648719925433397,0.2530498765408993,2.616768853738904,1.326660981401801,0.037772808223962784,0.23222920298576355,0.0870550274848938,0.01247086189687252,3.6546998560326243,2.5356535280785213,0.38546927037501166,1000,7.861769652354938,5.415645687430809,-0.6205338692942155,146
resnet_frozen,fold6_balkan_e,305,0.45330323219586915,False,8,1e-05,1e-05,1.6927655804902315,0.13021273696078703,0.6686968561261892,0.2542616780847311,2.6170352678745985,1.3221371416002512,0.03758235089480877,0.23212282359600067,0.08696470595896244,0.012563260272145271,3.65122299241511,2.538346165480689,0.3866379700133138,1000,7.854676702237457,5.40410807103576,-0.6176110716918441,146
resnet_frozen,fold6_balkan_e,306,0.4641430382274172,False,9,1e-05,1e-05,1.7791812103241682,0.1368600931018591,0.6738487537950277,0.253963565453887,2.708279673010111,1.400663711130619,0.03773181885480881,0.2328417543321848,0.09295614436268806,0.013527629896998405,3.652713116181036,2.5349253364080604,0.3861372217182497,1000,7.867595443933337,5.419347590239967,-0.6229364811663061,146
resnet_frozen,fold6_balkan_e,307,0.43261938302163194,False,10,1e-05,1e-05,1.6907543502748013,0.13005802694421548,0.6709213275462389,0.25410132482647896,2.6170694772154093,1.3200477752834558,0.03767194785177708,0.23212209716439247,0.08705513551831245,0.01246759295463562,3.649581803377901,2.537440223607767,0.3871892465600725,1000,7.858147164635773,5.418638969840332,-0.6190408182768987,146
resnet_frozen,fold6_balkan_e,308,0.46368244721748575,False,11,1e-05,1e-05,1.6944988034665585,0.13034606180511987,0.6664911285042763,0.2528861537575722,2.6151724066585302,1.322922045364976,0.03756170719861984,0.23291830345988274,0.08725709654390812,0.012468978762626648,3.6517492462418826,2.5401471883111184,0.38646114850571456,1000,7.8535494669038,5.418014479117207,-0.6171468138785938,146
resnet_frozen,fold6_balkan_e,309,0.46214096932992144,False,12,1e-05,1e-05,1.6917492561042309,0.13013455816186392,0.6713911760598421,0.2535411659628153,2.617963256314397,1.3207478392869234,0.03766276687383652,0.23216352239251137,0.08719131350517273,0.012587571516633034,3.644299193315537,2.5391215820728625,0.3889619961762629,1000,7.845089286469131,5.402058036812704,-0.6136645706402415,146
resnet_frozen,fold6_balkan_e,310,0.4468645026729823,False,13,1e-05,1e-05,1.7001633755862713,0.13078179812202087,0.674421988427639,0.2542695254087448,2.630145700648427,1.329394306987524,0.037655800580978394,0.23221603222191334,0.08702046237885952,0.012515580281615257,3.6474252657422968,2.537560366628897,0.3879132522531812,1000,7.853717369265325,5.408423801429204,-0.617215961127896,146
resnet_frozen,fold6_balkan_e,311,0.4378750016879115,False,14,1e-05,1e-05,1.6975544560700655,0.13058111200538966,0.6719112638384104,0.2537973243743181,2.6245516147464514,1.326049955561757,0.03776274621486664,0.23263447172939777,0.08723920024931431,0.012474074959754944,3.6493669613761464,2.536170742497777,0.3872613937927586,1000,7.858654954891641,5.413203285292711,-0.6192500685485218,146
resnet_frozen,fold6_balkan_e,312,0.4629466101904686,False,15,1e-05,1e-05,1.704992014914751,0.13115323191651931,0.6711040493100882,0.25337316282093525,2.6307598911225796,1.334754317998886,0.037486784160137177,0.2326976452022791,0.0864061750471592,0.012257898226380348,3.6499499033470446,2.5309206180636235,0.38706562308348724,1000,7.874626292606048,5.4281483584011605,-0.6258384400726056,146
resnet_frozen,fold6_balkan_e,313,0.47845825775828665,False,16,1e-05,1e-05,1.7018290646374226,0.1309099280490325,0.6753569860011339,0.2548881731927395,2.633367046713829,1.3308683969080448,0.037780798971652985,0.23226862400770187,0.08696621470153332,0.012553492560982704,3.6494933019637625,2.528074003384273,0.3872189672040327,1000,7.883236801166704,5.431553614304942,-0.6293959294186728,146
resnet_frozen,fold6_balkan_e,314,0.44707455986659117,False,17,1e-05,1e-05,1.69848551787436,0.13065273214418155,0.6699215453118086,0.2535654027014971,2.6232933662831783,1.3328622207045555,0.03774087689816952,0.23217235691845417,0.08291161246597767,0.011428946629166603,3.647811220264008,2.531408713554817,0.387783708737098,1000,7.870974218500529,5.420600339834155,-0.6243307353601417,146
resnet_frozen,fold6_balkan_e,315,0.4460411472257285,False,18,1e-05,1e-05,1.702728608623147,0.13097912374024206,0.6729113887995481,0.2535535730421543,2.630477152764797,1.3389675430953503,0.037703853100538254,0.23209130950272083,0.0816242154687643,0.010991808027029037,3.641910158400622,2.528905406782981,0.38976287039767443,1000,7.860278444795233,5.413660294651058,-0.6199191671903237,146
resnet_frozen,fold6_balkan_e,316,0.4438822028576537,False,19,1e-05,1e-05,1.7108306679874659,0.1316023590759589,0.6743704285472631,0.2546333223581314,2.641124103218317,1.347064059227705,0.03746134042739868,0.23221017606556416,0.08163437619805336,0.011082321405410767,3.6449915395173265,2.531376446583134,0.3887298033708495,1000,7.850275518490616,5.4026654334698625,-0.6157987987665776,146
resnet_frozen,fold6_balkan_e,317,0.4479221680052174,False,20,1e-05,1e-05,1.7022924907505512,0.13094557621158087,0.6703425515443087,0.2535715214908123,2.627490784972906,1.3387762680649757,0.03751198202371597,0.23204896412789822,0.08146406710147858,0.0111105777323246,3.6381167119975193,2.5277819117261577,0.391033465295626,1000,7.849857774026195,5.397530142328217,-0.6156268371474651,146
resnet_frozen,fold6_balkan_e,318,0.43027615953412074,False,21,1e-05,1e-05,1.6995728053152561,0.13073636963963509,0.6943683270365,0.27202802896499634,2.6672617122530937,1.3357310872524977,0.03760316036641598,0.2322569601237774,0.08163493126630783,0.010964099317789078,3.637171164568107,2.5255469947903277,0.39134996526575183,1000,7.852867543896122,5.4000537339288215,-0.6168659926404692,146
resnet_frozen,fold6_balkan_e,319,0.45286180785395413,False,22,1e-05,1e-05,1.7245453502982855,0.13265733463832965,0.6739325448870659,0.2546069324016571,2.6543940361589193,1.3607714474201202,0.03767454996705055,0.23220516182482243,0.08145632036030293,0.011074796319007874,3.6334253074745284,2.527839523012787,0.3926029951204203,1000,7.840826261521804,5.381726191877765,-0.6119113150636015,146
resnet_frozen,fold6_balkan_e,320,0.45691003162409344,False,23,1e-05,1e-05,1.6972552631050348,0.13055809716192576,0.6710916981101036,0.25476669892668724,2.624407794326544,1.3328098449856043,0.03764772787690163,0.2325928844511509,0.08172390423715115,0.011091167107224464,3.632659756203277,2.5239776600689594,0.39285892142882406,1000,7.841858050466913,5.386678149718591,-0.6123355718060814,146
resnet_frozen,fold6_balkan_e,321,0.45780851815089096,False,24,1e-05,1e-05,1.6990402825176716,0.1306954063475132,0.667864590883255,0.2530739773064852,2.621292404830456,1.3351040314882994,0.03772398270666599,0.2321576252579689,0.08167328499257565,0.011008908972144127,3.6359642217120762,2.526039499558069,0.3917538417366875,1000,7.851576477872617,5.40178121216929,-0.6163343883219663,146
resnet_frozen,fold6_balkan_e,322,0.4717682278630817,True,0,1e-05,1e-05,1.6993566807359457,0.13071974467199582,0.6718393564224243,0.25459071062505245,2.627061240375042,1.3352011237293482,0.03780085779726505,0.2323288656771183,0.08160793408751488,0.011044805869460106,3.6315629287824143,2.5301929908544936,0.3932255004614522,1000,7.830814017018498,5.381189842656066,-0.60779732362566,146
resnet_frozen,fold6_balkan_e,323,0.42452853155941384,False,1,1e-05,1e-05,1.7099942322820425,0.1315380178678494,0.6688774917274714,0.25280596502125263,2.6330173928290606,1.3463097903877497,0.03753219358623028,0.2321567591279745,0.08153627067804337,0.011090714484453201,3.6408796567528414,2.5335196699520646,0.3901081624953041,1000,7.844548315984047,5.399234633580411,-0.6134420327503536,146
resnet_frozen,fold6_balkan_e,324,0.45351467791167327,False,2,1e-05,1e-05,1.7010559774935246,0.1308504598071942,0.6759585216641426,0.25445754639804363,2.632735366001725,1.337312288582325,0.037634508684277534,0.23218150064349174,0.08150062337517738,0.011078987270593643,3.637204292290686,2.526372877825357,0.39133887792319344,1000,7.846167197759324,5.396327904839146,-0.6141080344916321,146
resnet_frozen,fold6_balkan_e,325,0.4463565731364942,False,3,1e-05,1e-05,1.701228203251958,0.1308637079424583,0.6701473202556372,0.25356440618634224,2.626227080821991,1.3376038111746311,0.037598252296447754,0.2319914624094963,0.08153874427080154,0.0111060980707407,3.6391309699805476,2.52641772082033,0.3906938746149189,1000,7.849064338584711,5.403687443489048,-0.6153002501327689,146
resnet_frozen,fold6_balkan_e,326,0.42965693248770637,False,4,1e-05,1e-05,1.6988000944256783,0.1306769303404368,0.6677521970123053,0.25313057377934456,2.6209425572305918,1.3348496947437525,0.037643058225512505,0.23223410733044147,0.08165151439607143,0.01106330193579197,3.640780793318954,2.525686263740478,0.39014128371237766,1000,7.8546278616885274,5.406902369972282,-0.6175909550734102,146
resnet_frozen,fold6_balkan_e,327,0.4529044894530776,True,0,1e-05,1e-05,1.704272549599409,0.13109788843072379,0.670719638466835,0.25335280410945415,2.629628736525774,1.3404635470360518,0.03766919486224651,0.23214024491608143,0.08155517280101776,0.01107325591146946,3.6271360009495694,2.521867845225218,0.3947039326114127,1000,7.826442459462365,5.373880437175125,-0.6060027166616728,146
resnet_frozen,fold6_balkan_e,328,0.43110387097365604,True,0,1e-05,1e-05,1.7001394405961037,0.13077995696893105,0.6704262271523476,0.2548933867365122,2.6267896350473166,1.3362624663859606,0.03776495344936848,0.23220621049404144,0.08156984858214855,0.010952213779091835,3.6263175572651134,2.523541634196302,0.39497706538128796,1000,7.819450507440473,5.366357708985933,-0.6031344714528697,146
resnet_frozen,fold6_balkan_e,329,0.4231160134616318,True,0,1e-05,1e-05,1.6998494677245617,0.13075765136342782,0.6721423678100109,0.2541236039251089,2.627391241490841,1.3360912669450045,0.03771648369729519,0.2320917621254921,0.08153113350272179,0.011044062674045563,3.62358258603119,2.5199390134528485,0.3958893386724789,1000,7.816958815954537,5.360535705676942,-0.6021129469666766,146
resnet_frozen,fold6_balkan_e,330,0.4503096141487324,False,1,1e-05,1e-05,1.705571211874485,0.13119778552880654,0.669295122846961,0.25367447547614574,2.6298344619572163,1.341656669974327,0.03769836761057377,0.23208360187709332,0.08168940432369709,0.01107184961438179,3.625847448540884,2.519393988528446,0.39513392319596086,1000,7.825540698123918,5.365568988794957,-0.6056326512751691,146
resnet_frozen,fold6_balkan_e,331,0.43800390216064683,False,2,1e-05,1e-05,1.7409297712147236,0.1339176747088249,0.6941496673971415,0.2530055120587349,2.689364265650511,1.3736138921231031,0.03767421469092369,0.23212504014372826,0.08456024900078773,0.011503016576170921,3.6296717526510274,2.521551505008529,0.3938573048288969,1000,7.8376813829880225,5.384103482964767,-0.6106185307299727,146
resnet_frozen,fold6_balkan_e,332,0.42966489039082867,False,3,1e-05,1e-05,1.6941098179668188,0.13031613984360144,0.6731084156781435,0.25373848155140877,2.6222337186336517,1.330380504950881,0.03773089498281479,0.23213380202651024,0.0815772395581007,0.010923786088824272,3.6251673607742783,2.51853224152911,0.395360807225819,1000,7.83561323141631,5.38164887516446,-0.6097686457697915,146
resnet_frozen,fold6_balkan_e,333,0.4313550506627459,False,4,1e-05,1e-05,1.7014541365206242,0.1308810874246634,0.6751188766211271,0.25387299433350563,2.6317647974938154,1.3372685480862856,0.0377094354480505,0.23245708085596561,0.08164573088288307,0.011001499369740486,3.621002670561311,2.5178000607417124,0.39674926090386575,1000,7.825999407227227,5.368326074339614,-0.6058208912775771,146
resnet_frozen,fold6_balkan_e,334,0.44451824445344856,False,5,1e-05,1e-05,1.6967482455074787,0.1305190958082676,0.6718339808285236,0.25367954187095165,2.623563941568136,1.33264428563416,0.03766788728535175,0.23236116208136082,0.08169389329850674,0.011012256145477295,3.619764125584013,2.5169298500698107,0.39716186783128915,1000,7.828944541689512,5.373103519078455,-0.6070297460432195,146
resnet_frozen,fold6_balkan_e,335,0.4381917068337071,False,6,1e-05,1e-05,1.695857660844922,0.13045058929576323,0.6688820347189903,0.2534716296941042,2.6194913890212774,1.3321015909314156,0.037571441382169724,0.23215282522141933,0.08160406909883022,0.011056626215577126,3.6277747164793417,2.5194164819822302,0.39449073628339837,1000,7.84795701656042,5.392472653452562,-0.6148445190299288,146
resnet_frozen,fold6_balkan_e,336,0.44454778135901335,False,7,1e-05,1e-05,1.8196669947355986,0.13997438421043065,0.6734621226787567,0.2537417411804199,2.7482039872556925,1.455958666279912,0.0376704353839159,0.23205754905939102,0.08150950260460377,0.011096037924289703,3.6213633038191886,2.514476561740201,0.39662909357304843,1000,7.830487030463344,5.366816021389375,-0.60766305479209,146
resnet_frozen,fold6_balkan_e,337,0.45183730348315543,False,8,1e-05,1e-05,1.7058996986597776,0.13122305374305981,0.6687000431120396,0.2540178596973419,2.6299213748425245,1.3420122098177671,0.037621019408106804,0.23214614763855934,0.08158370666205883,0.011189820244908333,3.6252121585445845,2.512015495782873,0.39534586355434664,1000,7.845249725205489,5.38329661925101,-0.6137305729360651,146
resnet_frozen,fold6_balkan_e,338,0.446750158459775,False,9,1e-05,1e-05,1.694490509107709,0.13034542377751607,0.6772980336099863,0.2562101725488901,2.6292887274175882,1.330762341618538,0.037638526409864426,0.23218407109379768,0.0814327523112297,0.011086812242865562,3.628030773582722,2.5174325055036437,0.3944052566536097,1000,7.8429986275156285,5.383583026677763,-0.6128046256130928,146
resnet_frozen,fold6_balkan_e,339,0.4459819265240208,False,10,1e-05,1e-05,1.695927757769823,0.13045598136690947,0.671530045568943,0.25424186140298843,2.623014384880662,1.3322785422205925,0.03771135024726391,0.23201071470975876,0.08150002360343933,0.011068420484662056,3.627160857326114,2.516520953423119,0.39469563652407513,1000,7.844906497319592,5.381733196443611,-0.6135893753358983,146
resnet_frozen,fold6_balkan_e,340,0.45775388218956775,False,11,1e-05,1e-05,1.686318339779973,0.12971679536769024,0.6681795679032803,0.2530048582702875,2.6088099163025618,1.3217812571674585,0.037577949464321136,0.23268613405525684,0.08172940276563168,0.01116332970559597,3.6226585857492672,2.515416030845682,0.39619739140142984,1000,7.846690703312655,5.388445793023566,-0.6143234320705906,146
resnet_frozen,fold6_balkan_e,341,0.4261791424239358,False,12,1e-05,1e-05,1.7156550902873278,0.1319734684836406,0.6751408968120813,0.25901794619858265,2.651097586378455,1.3522637020796537,0.03742071054875851,0.23212367668747902,0.08150585927069187,0.010970963165163994,3.6221946416327984,2.5152616546009523,0.39635203624214443,1000,7.84713019084775,5.386858145220657,-0.6145042713368312,146
resnet_frozen,fold6_balkan_e,342,0.4432936663794431,False,13,1e-05,1e-05,1.698161831125617,0.130627833163509,0.6695805471390486,0.2538743484765291,2.6229492593556643,1.3346499986946583,0.037717847153544426,0.23208081535995007,0.08141741715371609,0.010947465896606445,3.6239056486344396,2.5158264439274753,0.39578161419908,1000,7.853704208992248,5.394992588738042,-0.6172105412776927,146
resnet_frozen,fold6_balkan_e,343,0.43706979898261794,False,14,1e-05,1e-05,1.69647135771811,0.13049779674754694,0.6654094401746988,0.2526683360338211,2.615840245038271,1.3327372074127197,0.037672774866223335,0.2321013119071722,0.08158473111689091,0.011015836149454117,3.622799405253874,2.5169306468004526,0.39615044861905424,1000,7.841800831132984,5.377150891981394,-0.6123120425786175,146
resnet_frozen,fold6_balkan_e,344,0.43222834800782334,False,15,1e-05,1e-05,1.784896595403552,0.13729973810796553,0.6723935399204493,0.2535399775952101,2.7121148314327,1.4091793950647116,0.03799877688288689,0.23218847066164017,0.09114720299839973,0.01291530579328537,3.612673109638671,2.5086257709683526,0.39952144023268144,1000,7.832378105331815,5.369023352393465,-0.6084396548415987,146
resnet_frozen,fold6_balkan_e,345,0.4425463640862409,False,16,1e-05,1e-05,1.7168036308139563,0.1320618177549197,0.66994415409863,0.25353388488292694,2.641605893149972,1.3453820645809174,0.037713730707764626,0.23218952678143978,0.08721110038459301,0.012800272554159164,3.614049423240961,2.5097997147085636,0.39906382659890627,1000,7.8312946877289775,5.366708820258316,-0.6079947091845075,146
resnet_frozen,fold6_balkan_e,346,0.4500523476318801,False,17,1e-05,1e-05,1.7025452945381403,0.13096502265678003,0.6681412514299154,0.25366161577403545,2.6256524827331305,1.3369414042681456,0.03769920952618122,0.23198137059807777,0.08297927305102348,0.011569157242774963,3.6173862100979335,2.5177169372724166,0.3979536472012164,1000,7.82447334565028,5.358604821813432,-0.6051946855998784,146
resnet_frozen,fold6_balkan_e,347,0.43335370246693944,False,18,1e-05,1e-05,1.7036847434937954,0.1310526725764458,0.6753740794956684,0.25453742779791355,2.6348829437047243,1.3398930933326483,0.037792716175317764,0.23204770125448704,0.08151896111667156,0.011034658178687096,3.6164321176958123,2.511422530890289,0.3982711870308052,1000,7.8380582472859714,5.374987232607522,-0.6107734232766846,146
resnet_frozen,fold6_balkan_e,348,0.4424663565342907,True,0,1e-05,1e-05,1.7039307225495577,0.13107159404227367,0.6695652902126312,0.2535922955721617,2.6284274496138096,1.3398925866931677,0.03777792491018772,0.2322740387171507,0.08156603574752808,0.011037653312087059,3.6037797778157405,2.505817571753032,0.40247420227843667,1000,7.811683192502515,5.340009982442874,-0.5999511618834319,146
resnet_frozen,fold6_balkan_e,349,0.4588351164493975,False,1,1e-05,1e-05,1.7267618924379349,0.13282783787984115,0.6707205288112164,0.25514333695173264,2.653968721628189,1.3624836895614862,0.03781958855688572,0.23223646357655525,0.08158325776457787,0.011203492060303688,3.6137365119154223,2.504009695114914,0.39916788250525537,1000,7.842289213105234,5.3772202524760795,-0.6125128762065841,146
resnet_frozen,fold6_balkan_e,350,0.4335567903748755,True,0,1e-05,1e-05,1.6956630628556013,0.13043562021966165,0.6855809018015862,0.25794255174696445,2.6404985673725605,1.3318389542400837,0.03772198036313057,0.2320795524865389,0.08147092163562775,0.011171875521540642,3.603161312762713,2.507619005221183,0.4026792742510721,1000,7.8048670204833375,5.336682033959927,-0.5971602692688069,146
resnet_frozen,fold6_balkan_e,351,0.435989840578544,False,1,1e-05,1e-05,1.7257064040750265,0.13274664646730974,0.6705794483423233,0.25471540354192257,2.6523517202585936,1.3599036876112223,0.03763202577829361,0.23285909742116928,0.08241339400410652,0.01143638789653778,3.6143476376888555,2.506750344609829,0.3989646496248923,1000,7.845096924530283,5.384750159917094,-0.6136677128032482,146
resnet_frozen,fold6_balkan_e,352,0.41681961903957465,False,2,1e-05,1e-05,1.7102210093289614,0.13155546225607395,0.6736832000315189,0.2544288244098425,2.6396230962127447,1.3459781594574451,0.03797055594623089,0.23215236887335777,0.08155574463307858,0.011169333010911942,3.604222964522895,2.509212977627438,0.4023272278291977,1000,7.808206754018887,5.343486953623731,-0.5985274241320446,146
resnet_frozen,fold6_balkan_e,353,0.43688671907412274,False,3,1e-05,1e-05,1.7140014916658401,0.13184626858968002,0.6723115276545286,0.2544144243001938,2.642019856721163,1.3502328228205442,0.03776335343718529,0.2320244088768959,0.08148400112986565,0.011116407811641693,3.6078569254902804,2.5056226828303743,0.40112141205885776,1000,7.827981708131167,5.37091407169206,-0.6066344930141709,146
resnet_frozen,fold6_balkan_e,354,0.4329615639763085,False,4,1e-05,1e-05,1.709564981982112,0.1315049986140086,0.6735378690063953,0.25425526313483715,2.638643614947796,1.3455087579786777,0.03778805397450924,0.23222978971898556,0.08151808194816113,0.011128664016723633,3.607384519413256,2.5061573808011905,0.4012782338885903,1000,7.820451841189736,5.357475304279953,-0.6035450822579072,146
resnet_frozen,fold6_balkan_e,355,0.44121630146506324,False,5,1e-05,1e-05,1.7083851769566536,0.13141424438128105,0.6691649612039328,0.2536170016974211,2.6324734911322594,1.3447469100356102,0.037623682990670204,0.23213827051222324,0.0814650934189558,0.011041868478059769,3.6043620269790213,2.5100768123604627,0.40228110668304495,1000,7.808724062274164,5.347718948828442,-0.5987392419928461,146
resnet_frozen,fold6_balkan_e,356,0.4251902643029451,True,0,1e-05,1e-05,1.7141349837183952,0.13185653720910734,0.7445789817720652,0.2563775461167097,2.7163966204971075,1.3506568279117346,0.03746095113456249,0.23199598118662834,0.08150722831487656,0.01114347018301487,3.5962922737320224,2.511665051186513,0.40495455866988916,1000,7.778134440523267,5.317049837558648,-0.5862380857805538,146
resnet_frozen,fold6_balkan_e,357,0.421851494487721,False,1,1e-05,1e-05,1.7192138656973839,0.1322472204382603,0.6680516265332699,0.25725466571748257,2.6458522640168667,1.3549893237650394,0.03789463825523853,0.2322054337710142,0.08152223378419876,0.011193918064236641,3.599277677166052,2.508615916956603,0.40396621405577926,1000,7.7981549372719465,5.3346366618495,-0.5944143767496264,146
resnet_frozen,fold6_balkan_e,358,0.41846050848719296,False,2,1e-05,1e-05,1.7204368449747562,0.13234129576728895,0.6723722536116838,0.25417604111135006,2.648286471143365,1.3560041207820177,0.03812676668167114,0.23216948844492435,0.08151227980852127,0.011205969378352165,3.598611787426063,2.504803065642357,0.4041867338958538,1000,7.803690190030984,5.335814640874901,-0.5966786607715289,146
resnet_frozen,fold6_balkan_e,359,0.435697594978841,False,3,1e-05,1e-05,1.7148321643471718,0.131910166488244,0.6712719909846783,0.2546619698405266,2.6420618165284395,1.350525375455618,0.03797663934528828,0.2321850284934044,0.08142717182636261,0.011295795440673828,3.604846584430468,2.5051796215469113,0.4021203855291716,1000,7.822952149597982,5.360951891358795,-0.6045705979845029,146
resnet_frozen,fold6_balkan_e,360,0.4272913575460022,False,4,1e-05,1e-05,1.7158034536987543,0.13198488105375034,0.6738223228603601,0.2540574409067631,2.6449646279215813,1.3519074339419603,0.037765851244330406,0.23206999152898788,0.08150482922792435,0.011176953092217445,3.600346536094618,2.502220191313135,0.4036121593339289,1000,7.816103209472918,5.353217737099676,-0.6017622471012665,146
resnet_frozen,fold6_balkan_e,361,0.42854942685157166,False,5,1e-05,1e-05,1.7151087895035744,0.1319314453464288,0.6760715637356043,0.25487469136714935,2.6473481468856335,1.351133055984974,0.03777473233640194,0.23204178735613823,0.08159560710191727,0.011181354522705078,3.595757836683033,2.5055104251969933,0.4051314023053735,1000,7.8011244126002275,5.339475476026734,-0.5956288885506824,146
resnet_frozen,fold6_balkan_e,362,0.41757181685853784,False,6,1e-05,1e-05,1.7192056830972433,0.13224659100748026,0.6717624869197607,0.2539449594914913,2.6462126206606627,1.355137774720788,0.0378533061593771,0.23212071880698204,0.08155584149062634,0.011141836643218994,3.5898046102436796,2.503417884493836,0.40709953031604873,1000,7.78427289860305,5.316925951887163,-0.5887427733203088,146
resnet_frozen,fold6_balkan_e,363,0.4264509050564254,False,7,1e-05,1e-05,1.7115087378770113,0.13165451829823163,0.6755416728556156,0.25525823049247265,2.643587753176689,1.3471208456903696,0.037955744192004204,0.23220156878232956,0.08164112642407417,0.011192010715603828,3.591230523647818,2.5032488912516326,0.40662842242842445,1000,7.799627028272975,5.343418747832186,-0.5950164023859532,146
resnet_frozen,fold6_balkan_e,364,0.42753427332790683,False,8,1e-05,1e-05,1.711486466228962,0.13165280509453553,0.6753712110221386,0.25443836860358715,2.6426112167537212,1.3470107708126307,0.03808123618364334,0.23212039843201637,0.0816250890493393,0.011225145310163498,3.5949348454388788,2.5023830660986652,0.40540367627007,1000,7.811994030095427,5.355175173403587,-0.60007849292088,146
resnet_frozen,fold6_balkan_e,365,0.41593207258942333,False,9,1e-05,1e-05,1.7127245534211397,0.1317480425708569,0.6734964158385992,0.25422761775553226,2.641741592437029,1.3487008847296238,0.03770557790994644,0.23218544013798237,0.08149771392345428,0.011265087872743607,3.599723174220963,2.5039297044952633,0.4038186579331229,1000,7.816673116870357,5.362653548383672,-0.6019958390611799,146
resnet_frozen,fold6_balkan_e,366,0.4456731322231569,False,10,1e-05,1e-05,1.7171757072210312,0.1320904390170024,0.6718876212835312,0.25506901927292347,2.645441472530365,1.3529750052839518,0.03791540674865246,0.23220490850508213,0.08151081018149853,0.011157969012856483,3.599939508553357,2.5033652485189903,0.4037469977737711,1000,7.81325432255355,5.357023470938243,-0.6005948091171021,146
resnet_frozen,fold6_balkan_e,367,0.41503768332473334,False,11,1e-05,1e-05,1.7159267738461494,0.13199436721893457,0.6757666487246752,0.2546136863529682,2.6476090904325247,1.3513062745332718,0.037988265976309776,0.23235216550529003,0.08147535845637321,0.011389622464776039,3.5961175079232777,2.5044258325728714,0.40501239105003883,1000,7.807017362771204,5.35337682530351,-0.5980404673234554,146
resnet_frozen,fold6_balkan_e,368,0.4264115929531677,False,12,1e-05,1e-05,1.7153371088206768,0.1319490083708213,0.6718108411878347,0.25427444837987423,2.64273140206933,1.350959261879325,0.03791982680559158,0.2323258090764284,0.08156975917518139,0.011142848059535027,3.597158530438661,2.5015455810990193,0.4046678610680142,1000,7.814856539041302,5.3592889908423995,-0.6012513248864946,146
resnet_frozen,fold6_balkan_e,369,0.4023288326614297,False,13,1e-05,1e-05,1.7977237850427628,0.13828644500328943,0.6748741529881954,0.25499332696199417,2.7288831807672977,1.43042460270226,0.03808039613068104,0.23240327090024948,0.0837945956736803,0.011537700891494751,3.602212603756531,2.4999741427807987,0.40299378081866055,1000,7.833633677383271,5.377957783341078,-0.608955379113125,146
resnet_frozen,fold6_balkan_e,370,0.42651503350680064,False,14,1e-05,1e-05,1.7096448242664337,0.1315111403281872,0.6729960404336452,0.25404770486056805,2.637982225045562,1.3460037354379892,0.03761559911072254,0.2321286778897047,0.08138717710971832,0.011122191324830055,3.6071809204384313,2.4967400530850123,0.4013458150944009,1000,7.8439182586021605,5.3842843742293205,-0.6131828667160517,146
resnet_frozen,fold6_balkan_e,371,0.4364344339606558,False,15,1e-05,1e-05,1.7197863180190325,0.13229125523223326,0.6763310637325048,0.2544671669602394,2.651884639635682,1.3555472027510405,0.038004523143172264,0.23231164552271366,0.08141710236668587,0.011120693758130074,3.604798235223565,2.498886635222155,0.4021364232776038,1000,7.8389693567021,5.3773303042691705,-0.6111479232062689,146
resnet_frozen,fold6_balkan_e,372,0.42678621691731405,False,16,1e-05,1e-05,1.7223117779940367,0.13248552138415667,0.6731913778930902,0.25418466702103615,2.651029175147414,1.3573230262845755,0.03779931366443634,0.23281276784837246,0.08171021938323975,0.011253654956817627,3.601037138050728,2.501158542506408,0.40338334463155723,1000,7.825141625774023,5.363617040391492,-0.6054688933236883,146
resnet_frozen,fold6_balkan_e,373,0.39754893027686383,False,17,1e-05,1e-05,1.7154246158897877,0.13195573968382981,0.6741794496774673,0.25457093492150307,2.645466962829232,1.3515914175659418,0.03763655573129654,0.23220590129494667,0.08143186941742897,0.01117674633860588,3.5923978682634874,2.5016657046943345,0.4062426038689556,1000,7.7952616599432885,5.328037554682225,-0.5932314745808247,146
resnet_frozen,fold6_balkan_e,374,0.4171322435320358,False,18,1e-05,1e-05,1.7316441666334867,0.13320339743334514,0.6762162800878286,0.25517464615404606,2.664350736886263,1.367178225889802,0.0376454833894968,0.23259357176721096,0.08163685910403728,0.011179707944393158,3.5889162552938223,2.4973388082532093,0.4073929395420358,1000,7.7895684761300785,5.314902979320522,-0.5909051261539278,146
resnet_frozen,fold6_balkan_e,375,0.40259953923478486,False,19,1e-05,1e-05,1.7214012797921896,0.13241548306093767,0.6725440546870232,0.25446606427431107,2.649702290073037,1.3573651611804962,0.03771495446562767,0.2321468833833933,0.08162970654666424,0.011148836463689804,3.5958152959242122,2.4973123787142746,0.4051123904737228,1000,7.808290822003871,5.3394455881181475,-0.5985618457879149,146
resnet_frozen,fold6_balkan_e,376,0.41516630500734786,False,20,1e-05,1e-05,1.7161539196968079,0.13201183997667754,0.6740900557488203,0.25414914451539516,2.6456966418772936,1.3522572237998247,0.03762099705636501,0.2321380004286766,0.08152547664940357,0.011193878948688507,3.587571778530216,2.493215798690562,0.407836860284586,1000,7.795215120092139,5.320095188189752,-0.5932124505794341,146
resnet_frozen,fold6_balkan_e,377,0.41276423376058063,False,21,1e-05,1e-05,1.7097793575376272,0.13152148904135594,0.6724738832563162,0.25427248515188694,2.637821674346924,1.3455938827246428,0.038095949217677116,0.23204979859292507,0.08152254857122898,0.011122163385152817,3.5847865519127193,2.4939200111511135,0.40875596011954995,1000,7.7869936847068475,5.310620696722533,-0.5898535731976184,146
resnet_frozen,fold6_balkan_e,378,0.40814939788368554,True,0,1e-05,1e-05,1.7163160145282745,0.13202430880986726,0.6766494270414114,0.2539400923997164,2.648231728002429,1.3521517124027014,0.0377483144402504,0.23237060755491257,0.081575408577919,0.011075204238295555,3.5803794789805545,2.492059966890016,0.41020879637263497,1000,7.776357413099118,5.295856477107819,-0.5855133704636142,146
resnet_frozen,fold6_balkan_e,379,0.4055460992351228,False,1,1e-05,1e-05,1.7197259478271008,0.13228661137131545,0.676362656056881,0.25510835461318493,2.6524979285895824,1.3554798979312181,0.03779134340584278,0.23224519565701485,0.08164530619978905,0.011182976886630058,3.585948479084538,2.4927437116358573,0.40837262134048735,1000,7.7903762771545795,5.311808571977603,-0.5912351062884746,146
resnet_frozen,fold6_balkan_e,380,0.4124051188315356,False,2,1e-05,1e-05,1.7105348818004131,0.13157960629233947,0.6702237948775291,0.38936787471175194,2.771460285410285,1.3457112479954958,0.037927404046058655,0.23258762061595917,0.08166457526385784,0.011228518560528755,3.588836175421871,2.4929476257695615,0.40741938505633535,1000,7.797053987515704,5.318622271183582,-0.593964207133538,146
resnet_frozen,fold6_balkan_e,381,0.415766065385287,False,3,1e-05,1e-05,1.71282260119915,0.13175558470762694,0.7330566644668579,0.26181203313171864,2.7089730501174927,1.3486716244369745,0.037947794422507286,0.23223040252923965,0.08156846836209297,0.01100088283419609,3.584282008576645,2.489102211646464,0.40892237853425495,1000,7.795830317152015,5.315950059649652,-0.593463932617192,146
resnet_frozen,fold6_balkan_e,382,0.3969292833017066,False,4,1e-05,1e-05,1.712792418897152,0.13175326299208862,0.6730216089636087,0.25426648184657097,2.6413698103278875,1.3488764576613903,0.0380301121622324,0.23198038898408413,0.08142386376857758,0.011073017492890358,3.5878466651976595,2.4935318429464104,0.4077461114448242,1000,7.798969550777671,5.320889004532071,-0.5947475066591901,146
resnet_frozen,fold6_balkan_e,383,0.41482161141851126,False,5,1e-05,1e-05,1.7142308168113232,0.1318639089854864,0.6720151044428349,0.2537286914885044,2.6412731669843197,1.3500158991664648,0.03795655816793442,0.23221334628760815,0.08157392032444477,0.011061355471611023,3.5857588285317332,2.4895823927020984,0.4084351986435567,1000,7.8056241378883255,5.3348835259889125,-0.5974701519322243,146
resnet_frozen,fold6_balkan_e,384,0.406448492634282,True,0,1e-05,1e-05,1.7161146476864815,0.13200881905280626,0.6754784993827343,0.2543776724487543,2.647260781377554,1.352149711921811,0.0377411674708128,0.2322424240410328,0.08155841752886772,0.01101701520383358,3.5789336581768625,2.492635965355324,0.41068503651578403,1000,7.774169474763431,5.298536445718295,-0.5846213030636846,146
resnet_frozen,fold6_balkan_e,385,0.41479491101818294,False,1,1e-05,1e-05,1.7179188188165426,0.13214760144742635,0.6690357886254787,0.2528993487358093,2.641173556447029,1.3532666936516762,0.03773641400039196,0.23269259929656982,0.08178480714559555,0.011046193540096283,3.581731275164076,2.48984829265941,0.40976335308287104,1000,7.788492523733632,5.312544603211854,-0.5904656615110979,146
resnet_frozen,fold6_balkan_e,386,0.42945448682161524,False,2,1e-05,1e-05,1.71388690918684,0.13183745455283385,0.6780810616910458,0.25413595139980316,2.6473860535770655,1.3499071951955557,0.03768703155219555,0.2321783471852541,0.08159895613789558,0.011137090623378754,3.5867158071771548,2.4858943753991216,0.40811939914190587,1000,7.8046898715199395,5.3233434999798375,-0.5970877678221036,146
resnet_frozen,fold6_balkan_e,387,0.4058658456198413,False,3,1e-05,1e-05,1.713509026914835,0.13180838668575653,0.6675429660826921,0.2530965283513069,2.635438662022352,1.3497309032827616,0.03772527165710926,0.23199878819286823,0.08157669939100742,0.011092191562056541,3.5890693132531135,2.489401661129652,0.407342392159477,1000,7.808443626418807,5.332294698425163,-0.5986244125399094,146
resnet_frozen,fold6_balkan_e,388,0.4081805859960894,True,0,1e-05,1e-05,1.711310900747776,0.13163930005752122,0.6751684248447418,0.25451694056391716,2.642308007925749,1.3472615126520395,0.037859005853533745,0.232063390314579,0.08159482665359974,0.011134101077914238,3.5737134923152456,2.4873156064011774,0.4124029103938126,1000,7.769153959530911,5.290027968941931,-0.5825773217542374,146
resnet_frozen,fold6_balkan_e,389,0.42246871021889665,False,1,1e-05,1e-05,1.7090224549174309,0.1314632657628793,0.6704674884676933,0.2531586866825819,2.633949361741543,1.3451672904193401,0.03765600174665451,0.23217961750924587,0.08151610940694809,0.011117959395051003,3.5751183851666672,2.4844666593415576,0.41194082902422957,1000,7.779829692736706,5.301130938221962,-0.5869296054989834,146
resnet_frozen,fold6_balkan_e,390,0.4171696651111322,False,2,1e-05,1e-05,1.7122448682785034,0.13171114371373102,0.6735094208270311,0.25416402891278267,2.641198856756091,1.3484816066920757,0.03770602121949196,0.23210182040929794,0.0815477967262268,0.01102096401154995,3.577875887254854,2.4868908004607264,0.4110333347371318,1000,7.783160611305793,5.305035748654281,-0.5882887778923396,146
resnet_frozen,fold6_balkan_e,391,0.4131882674947147,False,3,1e-05,1e-05,1.7075583972036839,0.1313506459387449,0.6687909420579672,0.25337977707386017,2.6310143191367388,1.3438634742051363,0.037858469411730766,0.23195097781717777,0.08148807100951672,0.011031720787286758,3.5741015078265366,2.4838545102011076,0.4122753069006906,1000,7.779413268771895,5.303631606118456,-0.5867597257308339,146
resnet_frozen,fold6_balkan_e,392,0.4139857151971364,False,4,1e-05,1e-05,1.7109783198684454,0.13161371691295734,0.6749921925365925,0.2546229399740696,2.6418918818235397,1.3470293674618006,0.037786414846777916,0.23218631744384766,0.08158128336071968,0.011033928021788597,3.5804546316951007,2.4823041696228683,0.41018403649708746,1000,7.795648098143031,5.316676190817357,-0.5933894425337953,146
resnet_frozen,fold6_balkan_e,393,0.41139916110383873,False,5,1e-05,1e-05,1.7072665337473154,0.13132819490363964,0.6682174894958735,0.25340378656983376,2.6301651410758495,1.3432984817773104,0.03775160014629364,0.23229959048330784,0.0815401915460825,0.010969338938593864,3.585171823113818,2.4869691719147937,0.40862886661548936,1000,7.79664618858854,5.3214796539438325,-0.5937974775210042,146
resnet_frozen,fold6_balkan_e,394,0.4084380860783079,False,6,1e-05,1e-05,1.796750146895647,0.13821154976120362,0.6743336170911789,0.25431661680340767,2.7266947850584984,1.4297487642616034,0.0376758873462677,0.23269529826939106,0.0835189763456583,0.011616652831435204,3.5859116058658755,2.4881731850304005,0.4083847883270838,1000,7.797498108511088,5.3221601617644385,-0.5941457970347523,146
resnet_frozen,fold6_balkan_e,395,0.41557062225836466,False,7,1e-05,1e-05,1.7068711072206497,0.1312977774785115,0.6711632534861565,0.2534288354218006,2.632791057229042,1.3426138050854206,0.037799226120114326,0.23239452578127384,0.08165217004716396,0.011032264679670334,3.5819692195570387,2.486115059185545,0.40968492834640047,1000,7.790677292720866,5.3181640452823,-0.5913580774450538,146
resnet_frozen,fold6_balkan_e,396,0.3978867269827747,False,8,1e-05,1e-05,1.7054673340171576,0.13118979492439672,0.6703388001769781,0.2541886866092682,2.6312720328569412,1.3415524158626795,0.037734633311629295,0.2320741880685091,0.08156243711709976,0.01114836148917675,3.5862098020242548,2.482867917297243,0.4082863895164144,1000,7.807143264447124,5.333527302991911,-0.598092010079412,146
resnet_frozen,fold6_balkan_e,397,0.4185747032573916,False,9,1e-05,1e-05,1.704965041950345,0.13115115707310346,0.6740883346647024,0.2544670570641756,2.6348243039101362,1.341144984588027,0.037819935008883476,0.23205060698091984,0.08157001435756683,0.010977443307638168,3.5834657709864337,2.48248628230699,0.4091915564826829,1000,7.803152701517189,5.331337501331172,-0.596458722033615,146
resnet_frozen,fold6_balkan_e,398,0.4050270714072468,False,10,1e-05,1e-05,1.7096805647015572,0.13151388959242746,0.669711397960782,0.2525960337370634,2.6333005484193563,1.3461083453148603,0.03763922303915024,0.23200195468962193,0.08157982863485813,0.01098240539431572,3.5775531567280296,2.484663898304487,0.41113958154696695,1000,7.783703600594426,5.31851530547628,-0.5885103983676345,146
resnet_frozen,fold6_balkan_e,399,0.41182504578148643,False,11,1e-05,1e-05,1.7061492875218391,0.13124225288629532,0.6733634117990732,0.2541750743985176,2.6349797751754522,1.3424808476120234,0.037718286737799644,0.23214685171842575,0.0814505722373724,0.01099458523094654,3.574489363628218,2.478219659071444,0.41214774208473426,1000,7.780032869077411,5.298436862367284,-0.5870124943983932,146
resnet_frozen,fold6_balkan_e,400,0.38231895880187233,False,12,1e-05,1e-05,1.7089593783020973,0.13145841371554595,0.6696505062282085,0.2530082240700722,2.632924498990178,1.3444145377725363,0.037741685286164284,0.23258269764482975,0.08169492334127426,0.011130869388580322,3.572107018316381,2.4796372587865156,0.41293107096490855,1000,7.77085650309893,5.291059851284969,-0.5832710142932647,146
resnet_frozen,fold6_balkan_e,401,0.4137816608527313,False,13,1e-05,1e-05,1.7032463662326336,0.1310189512486641,0.664804058149457,0.25263069197535515,2.6219481714069843,1.3392509520053864,0.03787532076239586,0.23218813352286816,0.08156022056937218,0.010985316708683968,3.5845529289224274,2.4808265296268375,0.408833021164962,1000,7.798214242644901,5.3251982841215915,-0.5944386280499849,146
resnet_frozen,fold6_balkan_e,402,0.4103761118700766,False,14,1e-05,1e-05,1.705735830590129,0.131210448506933,0.6703903544694185,0.25414359383285046,2.6315581519156694,1.3417175076901913,0.037914784625172615,0.2321261242032051,0.08153413608670235,0.011033568531274796,3.5816874420419635,2.482230243706196,0.4097777995919597,1000,7.786410984144426,5.311636467428227,-0.5896156446857399,146
resnet_frozen,fold6_balkan_e,403,0.3951409165404818,False,15,1e-05,1e-05,1.7001127693802118,0.13077790533693937,0.6665418893098831,0.25525442510843277,2.6232260037213564,1.3364318925887346,0.03766210004687309,0.23218372277915478,0.0814416091889143,0.01101665198802948,3.5776217753267097,2.478941518786419,0.4111169922729746,1000,7.789853173044443,5.3159693118315685,-0.5910214186183242,146
resnet_frozen,fold6_balkan_e,404,0.397030398267601,True,0,1e-05,1e-05,1.6948565393686295,0.13037357995143303,0.6640930939465761,0.25276357121765614,2.612988108769059,1.3308373466134071,0.03783565014600754,0.23214395716786385,0.0816374123096466,0.01103992760181427,3.5723236369724085,2.479250644970204,0.4128598670857101,1000,7.767154563236566,5.28122546031312,-0.58176287217714,146
resnet_frozen,fold6_balkan_e,405,0.40198679173093366,False,1,1e-05,1e-05,1.706295995041728,0.13125353808013293,0.6692811902612448,0.25360401161015034,2.6304580084979534,1.3422412555664778,0.037917183712124825,0.23226512968540192,0.08155209571123123,0.01092633418738842,3.5766130771919062,2.479624309740977,0.41144901253109634,1000,7.7845158772666,5.301591613623077,-0.5888419570528431,146
resnet_frozen,fold6_balkan_e,406,0.4108949416149655,False,2,1e-05,1e-05,1.707313073799014,0.13133177490761647,0.6818786263465881,0.26851010136306286,2.658986324444413,1.3428477589040995,0.0378935020416975,0.23249822854995728,0.08165472373366356,0.011051595211029053,3.580900528679921,2.4807199653141407,0.41003712021793215,1000,7.790827097607469,5.313765874297356,-0.5914192776461091,146
resnet_frozen,fold6_balkan_e,407,0.4138354767648676,False,3,1e-05,1e-05,1.738238574936986,0.13371065961053738,0.6692274678498507,0.25386362336575985,2.6628231275826693,1.373858742415905,0.037815580144524574,0.23215650394558907,0.08202093653380871,0.010998930782079697,3.572670864248362,2.477656696415416,0.41274572234534834,1000,7.780190458765313,5.300981812339131,-0.5870767870153615,146
resnet_frozen,fold6_balkan_e,408,0.42424181445228754,False,4,1e-05,1e-05,1.6683071330189705,0.1283313179245362,0.6491835005581379,0.25030750781297684,2.569095304235816,1.303855249658227,0.037995439022779465,0.2321691457182169,0.08180244825780392,0.011104118078947067,3.5706807726001264,2.4753086092090375,0.41339977886439816,1000,7.777123556510941,5.29807141963007,-0.5858258022096203,146
resnet_frozen,fold6_balkan_e,409,0.3979821134318201,False,5,1e-05,1e-05,1.6308662295341492,0.1254512484257038,0.650813601911068,0.25047241523861885,2.53346249088645,1.261649414896965,0.037809353321790695,0.2321568001061678,0.08572716638445854,0.012185664847493172,3.574125516709195,2.4752825257197824,0.41226741084034924,1000,7.787783771073228,5.308733353041403,-0.590176209996385,146
resnet_frozen,fold6_balkan_e,410,0.4210642195510059,False,6,1e-05,1e-05,1.63950439915061,0.12611572301158538,0.6451238226145506,0.24936290457844734,2.535290440544486,1.269781168550253,0.03804761357605457,0.23219895362854004,0.08592144586145878,0.0121736079454422,3.571321947732266,2.4768171343851146,0.4131890922939818,1000,7.780826737994178,5.30850524640657,-0.5873363861324363,146
resnet_frozen,fold6_balkan_e,411,0.40331777610307146,False,7,1e-05,1e-05,1.6329330578446388,0.12561023521881837,0.6499460190534592,0.25072092562913895,2.5348743852227926,1.2634044717997313,0.03811699338257313,0.23209895938634872,0.08584842085838318,0.012122517451643944,3.567378119738475,2.4725759654266337,0.41448441289668936,1000,7.780027025483171,5.3032215781943215,-0.5870101103844063,146
resnet_frozen,fold6_balkan_e,412,0.40131092028393534,False,8,1e-05,1e-05,1.6345878578722477,0.12573752752863443,0.6539534535259008,0.25126117654144764,2.541079441085458,1.265381334349513,0.0375497005879879,0.23202716931700706,0.08594908937811852,0.012284383177757263,3.5698655363157834,2.4750581007519012,0.41366760633105026,1000,7.781486659357889,5.300239863276356,-0.5876056535637335,146
resnet_frozen,fold6_balkan_e,413,0.3929510357440309,False,9,1e-05,1e-05,1.6749070845544338,0.12883900650418723,0.6780160162597895,0.2521292883902788,2.606336487457156,1.3050574101507664,0.03762172535061836,0.2326504960656166,0.08605103194713593,0.01213810034096241,3.575432287405387,2.4691425702503795,0.41183755904869623,1000,7.800912532832543,5.321629601113055,-0.5955422146639031,146
resnet_frozen,fold6_balkan_e,414,0.4026805622226798,False,10,1e-05,1e-05,1.7076226063072681,0.13135558510055909,0.6664833482354879,0.2535037901252508,2.628890536725521,1.3379280027002096,0.037764787673950195,0.23213910683989525,0.08614446595311165,0.012276148423552513,3.5739209828461016,2.476737345028238,0.41233467640041155,1000,7.783017273336563,5.305778412853804,-0.5882302772386894,146
resnet_frozen,fold6_balkan_e,415,0.3907104999150528,False,11,1e-05,1e-05,1.6880581844598055,0.1298506295738312,0.6591057386249304,0.25232433527708054,2.600781463086605,1.3230251632630825,0.03803780674934387,0.23210315965116024,0.08222189545631409,0.011288976296782494,3.5745184656201126,2.4734954056515583,0.41213816995313934,1000,7.7848051163461855,5.3058159596905465,-0.5889600282932532,146
resnet_frozen,fold6_balkan_e,416,0.3794225844384965,False,12,1e-05,1e-05,1.6783650517463684,0.12910500398048988,0.6632478833198547,0.2520720474421978,2.594981662929058,1.314252620562911,0.03810431249439716,0.23208757676184177,0.08154397457838058,0.011010406538844109,3.5720660540103344,2.4683669422116137,0.4129445356977748,1000,7.7931302916408915,5.310879411451016,-0.5923603559502273,146
resnet_frozen,fold6_balkan_e,417,0.41658987074335463,False,13,1e-05,1e-05,1.67932553216815,0.1291788870898577,0.6586192548274994,0.2521736975759268,2.591390846297145,1.3150223102420568,0.03800775110721588,0.23237305134534836,0.08155735395848751,0.01100679486989975,3.572735782852126,2.470760401344589,0.4127243802874989,1000,7.784041473349025,5.299158211597254,-0.5886483085606011,146
resnet_frozen,fold6_balkan_e,418,0.37858579033677914,False,14,1e-05,1e-05,1.6769469659775496,0.1289959204598115,0.6589798554778099,0.252297006547451,2.5895292684435844,1.3127825763076544,0.03807852976024151,0.232206167653203,0.08149771392345428,0.011017447337508202,3.5646876573747805,2.469566486004771,0.41536725377369077,1000,7.770745099641701,5.278811679005164,-0.5832256188853475,146
resnet_frozen,fold6_balkan_e,419,0.4038746051031948,False,15,1e-05,1e-05,1.6812754590064287,0.12932888146203297,0.7005075719207525,0.25758072175085545,2.64065414480865,1.3173484802246094,0.03798821195960045,0.2320650890469551,0.08150439709424973,0.011004947125911713,3.56556344723079,2.4659876374575007,0.4150799476335295,1000,7.781936688200234,5.293002582942205,-0.5877892917361474,146
resnet_frozen,fold6_balkan_e,420,0.41268017593281403,False,16,1e-05,1e-05,1.682614928111434,0.12943191754703337,0.6581913512200117,0.2525759469717741,2.594707740470767,1.3176412116736174,0.03797190636396408,0.23221353068947792,0.08239532448351383,0.011028371751308441,3.5647635873796606,2.470958537001953,0.41534234744566434,1000,7.776125818122813,5.287999939376697,-0.5854189325554677,146
resnet_frozen,fold6_balkan_e,421,0.39626193291027956,False,17,1e-05,1e-05,1.6767408289015293,0.1289800637616561,0.6601341757923365,0.2516625337302685,2.589823480695486,1.3124492801725864,0.03800101578235626,0.23226443119347095,0.0815977118909359,0.011043908074498177,3.573988249441275,2.4719727099576714,0.4123125546928419,1000,7.79950486456465,5.317340917672924,-0.5949664380499973,146
resnet_frozen,fold6_balkan_e,422,0.3879405953196766,False,18,1e-05,1e-05,1.6821282636374235,0.12939448181826335,0.6623015981167555,0.2521867249161005,2.597893038764596,1.3179175853729248,0.03811725601553917,0.232228247448802,0.08154935762286186,0.010971257463097572,3.563419107773675,2.4708161253107743,0.4157832810652773,1000,7.782086935636646,5.306412216013854,-0.5878506038704348,146
resnet_frozen,fold6_balkan_e,423,0.4050392862971068,True,0,1e-05,1e-05,1.681336460635066,0.12933357389500508,0.6613804139196873,0.2524419445544481,2.5964662227779627,1.3170821126550436,0.03809698857367039,0.23218541406095028,0.08153974823653698,0.011049840599298477,3.5531694068763042,2.4673562818089065,0.41913929086250634,1000,7.765825132906176,5.2911507107937865,-0.5812214477574957,146
resnet_frozen,fold6_balkan_e,424,0.4044962017038619,False,1,1e-05,1e-05,1.691902695223689,0.130146361171053,0.7693375516682863,0.25398604571819305,2.716524103656411,1.3277705907821655,0.037939999252557755,0.23224623687565327,0.08150213211774826,0.011055434122681618,3.559391793382147,2.464184875335467,0.417103078017687,1000,7.7911393299377,5.311659720638526,-0.5915468385584923,146
resnet_frozen,fold6_balkan_e,425,0.39733103485676863,False,2,1e-05,1e-05,1.6892056073993444,0.12993889287687266,0.6693488843739033,0.254007738083601,2.613857189193368,1.32532081566751,0.03795363940298557,0.23206863552331924,0.08139442838728428,0.011066403239965439,3.5594145297139748,2.470528296260807,0.41709563125097115,1000,7.777796694998565,5.298373938548682,-0.5861003321361526,146
resnet_frozen,fold6_balkan_e,426,0.3901663412878108,True,0,1e-05,1e-05,1.6921170894056559,0.13016285303120428,0.6696931440383196,0.25376441702246666,2.6168857719749212,1.3281921353191137,0.03785047121345997,0.23218150436878204,0.08150665275752544,0.011009791865944862,3.5525035251418733,2.470726892808161,0.4193569828718068,1000,7.7586990327120064,5.276052227245257,-0.578320848681098,146
resnet_frozen,fold6_balkan_e,427,0.3994708467809656,False,1,1e-05,1e-05,1.6920000277459621,0.13015384828815094,0.6659276280552149,0.25312080420553684,2.6123468820005655,1.328227635473013,0.03784549981355667,0.23210186697542667,0.08148850873112679,0.010964801535010338,3.5591166471798634,2.467651296569966,0.417193192107306,1000,7.782865590151486,5.298557406350958,-0.5881683718179249,146
resnet_frozen,fold6_balkan_e,428,0.416888037154988,False,2,1e-05,1e-05,1.6929528079926968,0.1302271390763613,0.6681562997400761,0.25253829546272755,2.6149219535291195,1.3291214015334845,0.03783025033771992,0.23203839361667633,0.08155949786305428,0.011017484590411186,3.5589746264797855,2.4691579596749067,0.4172397030748629,1000,7.778491196289651,5.2928593418007726,-0.5863835994808384,146
resnet_frozen,fold6_balkan_e,429,0.39215061895378533,False,3,1e-05,1e-05,1.6900641117244959,0.13000493167111507,0.6808832045644522,0.25349142402410507,2.625745724886656,1.326270079240203,0.037857191637158394,0.23212369717657566,0.08146168105304241,0.010955560952425003,3.5587072117707153,2.4729233743115415,0.41732727482622467,1000,7.775792804271715,5.294804652802922,-0.5852831438165615,146
resnet_frozen,fold6_balkan_e,430,0.3971071484508791,False,4,1e-05,1e-05,1.693605162203312,0.13027732016948554,0.6731111966073513,0.25383649580180645,2.6218546871095896,1.3297547083348036,0.03781149163842201,0.23217104747891426,0.0814832728356123,0.010972516611218452,3.5533270113022697,2.4683244344618953,0.41908776039015383,1000,7.770138884214695,5.286392992246763,-0.5829786056723212,146
resnet_frozen,fold6_balkan_e,431,0.3946066689289954,False,5,1e-05,1e-05,1.6894595548510551,0.12995842729623502,0.6694187298417091,0.2535475753247738,2.6137054413557053,1.3254110105335712,0.03786180168390274,0.23217393644154072,0.08158398233354092,0.011048004031181335,3.5520500835875386,2.4686589572909505,0.4195051999628342,1000,7.759263695551831,5.265732613684434,-0.578550591208653,146
resnet_frozen,fold6_balkan_e,432,0.4043480364203597,False,6,1e-05,1e-05,1.7571219354867935,0.13516322580667642,0.6838060170412064,0.2533309627324343,2.695554818958044,1.3854814488440752,0.03791583329439163,0.23292342200875282,0.08739583566784859,0.011868234723806381,3.553095778196836,2.4679850277168116,0.41916336377260566,1000,7.763044495054027,5.273492845959231,-0.5800893035298493,146
resnet_frozen,fold6_balkan_e,433,0.40677866404393037,False,7,1e-05,1e-05,1.6940345484763384,0.13031034988279527,0.6696414276957512,0.2530572824180126,2.6180355809628963,1.32914487272501,0.03804714046418667,0.23273317702114582,0.08171483501791954,0.010972954332828522,3.5524833109166516,2.4644996319746215,0.4193635907275036,1000,7.7757071657291394,5.292829497730715,-0.585248225038806,146
resnet_frozen,fold6_balkan_e,434,0.41516128750416853,False,8,1e-05,1e-05,1.692347614094615,0.13018058569958577,0.6727629620581865,0.2543983943760395,2.620818892493844,1.328431161120534,0.038051923736929893,0.23209774680435658,0.08139054663479328,0.010973436757922173,3.5480402407254994,2.4643749415457625,0.42081507962733344,1000,7.764329333872067,5.276291437608259,-0.5806123787427686,146
resnet_frozen,fold6_balkan_e,435,0.39228909743996954,False,9,1e-05,1e-05,1.6869754157960415,0.12976733967661858,0.6717916000634432,0.25427922420203686,2.6143358293920755,1.3230350129306316,0.03805481269955635,0.23206712305545807,0.08141785301268101,0.010995626449584961,3.553384856374903,2.461003727890192,0.41906884674437916,1000,7.7901028470620295,5.30287073769804,-0.5911234084933017,146
resnet_frozen,fold6_balkan_e,436,0.38533702266230657,False,10,1e-05,1e-05,1.6915082801133394,0.13011602154717997,0.6721097193658352,0.25393445417284966,2.6188526935875416,1.327650560066104,0.0380630437284708,0.2320644985884428,0.08138841018080711,0.010925302281975746,3.555911802928363,2.4598883369805216,0.41824230866665124,1000,7.7963950677733616,5.308179479565941,-0.5936948104853221,146
resnet_frozen,fold6_balkan_e,437,0.40414256367953755,False,11,1e-05,1e-05,1.6855517905205488,0.12965783004004222,0.6694447062909603,0.25260010175406933,2.6088851168751717,1.3214198742061853,0.0381152518093586,0.23208328895270824,0.08143692277371883,0.011056197807192802,3.549965236056758,2.4606376374227774,0.4201864335888946,1000,7.775906926839903,5.287825979091533,-0.5853296774410695,146
resnet_frozen,fold6_balkan_e,438,0.4036700023457282,False,12,1e-05,1e-05,1.6871202904731035,0.12977848388254642,0.6660461891442537,0.2525832802057266,2.6070487927645445,1.3232031222432852,0.037901442497968674,0.2321519311517477,0.0814986377954483,0.010955851525068283,3.554295243808111,2.4627629808860276,0.4187711361432588,1000,7.781438657357341,5.294351242383949,-0.5875860665578732,146
resnet_frozen,fold6_balkan_e,439,0.3900257856264908,True,0,1e-05,1e-05,1.6853234842419624,0.1296402680186125,0.6690401919186115,0.2532997317612171,2.609004469588399,1.3214120622724295,0.03800443559885025,0.23203541338443756,0.08147919364273548,0.011002728715538979,3.5476735776779216,2.468090499482905,0.42093478217883507,1000,7.748606626517028,5.262024410999048,-0.5742174043024091,146
resnet_frozen,fold6_balkan_e,440,0.39054029245284555,False,1,1e-05,1e-05,1.708118224516511,0.13139370957819316,0.6699145920574665,0.2532481011003256,2.632655890658498,1.343515980988741,0.03787970170378685,0.23264787159860134,0.08170118927955627,0.010980676859617233,3.5539291748086224,2.4629689457848483,0.4188908554671327,1000,7.781308936397106,5.295631843392721,-0.5875331350932731,146
resnet_frozen,fold6_balkan_e,441,0.3806002910447782,False,2,1e-05,1e-05,1.68868319503963,0.12989870731074077,0.6668602880090475,0.25352441146969795,2.610380157828331,1.3248741384595633,0.037934765219688416,0.2320529669523239,0.08149242587387562,0.010936183854937553,3.559266041501468,2.4663030460628153,0.4171442643178188,1000,7.790978591872019,5.307081703181839,-0.5914811692101418,146
resnet_frozen,fold6_balkan_e,442,0.4129108382148536,False,3,1e-05,1e-05,1.6912394668906927,0.13009534360697636,0.6609726399183273,0.2517884895205498,2.605294618755579,1.3272635713219643,0.03802024386823177,0.23213795386254787,0.08145209029316902,0.010997079312801361,3.5514961075039158,2.4657708173283743,0.41968625324280995,1000,7.773672367829395,5.285622722477338,-0.5844186573520938,146
resnet_frozen,fold6_balkan_e,443,0.3802153709354677,False,4,1e-05,1e-05,1.6846980471163988,0.12959215747049221,0.6636658702045679,0.252908430993557,2.602568281814456,1.320867108181119,0.03794696554541588,0.23203272372484207,0.08146458677947521,0.01097404770553112,3.552633344167461,2.4633347573444007,0.41931454525707024,1000,7.782245507511554,5.296210517217306,-0.5879153142790177,146
resnet_frozen,fold6_balkan_e,444,0.39006910055192734,False,5,1e-05,1e-05,1.6886599007993937,0.1298969154461072,0.6659254748374224,0.25317611917853355,2.609041068702936,1.3249416761100292,0.03790952078998089,0.23202994465827942,0.08145612850785255,0.010946560651063919,3.550474995028651,2.46140016630849,0.4200199044153621,1000,7.775184445639954,5.2767975108450695,-0.585035096323099,146
resnet_frozen,fold6_balkan_e,445,0.41502825651582964,False,6,1e-05,1e-05,1.7575089819729328,0.13519299861330253,0.6673677451908588,0.25340425968170166,2.6796057391911745,1.3874513246119022,0.03802998550236225,0.23223439417779446,0.08641420677304268,0.011938273906707764,3.558319259288386,2.4619195335641533,0.4174543080409745,1000,7.786528389475529,5.292232504501495,-0.5896635822422063,146
resnet_frozen,fold6_balkan_e,446,0.3868465879426503,False,7,1e-05,1e-05,1.6909271106123924,0.13007131620095327,0.6655100230127573,0.2532740104943514,2.6110261753201485,1.3270120527595282,0.037831589579582214,0.23219515196979046,0.08153405785560608,0.010980205610394478,3.5542349962992845,2.460811187164352,0.418790840355722,1000,7.7858954444279505,5.28816058954183,-0.5894051541605212,146
resnet_frozen,fold6_balkan_e,447,0.3726611998745558,False,8,1e-05,1e-05,1.6873837318271399,0.12979874860208768,0.6664020139724016,0.25366951152682304,2.6087422892451286,1.3237795662134886,0.03774564899504185,0.23196303099393845,0.0815364383161068,0.010990124195814133,3.547193859021301,2.4596796326708774,0.42109137471811264,1000,7.771508270712735,5.274402937406367,-0.5835366138564697,146
resnet_frozen,fold6_balkan_e,448,0.3906348349820863,False,9,1e-05,1e-05,1.6917282864451408,0.1301329451111647,0.6698672976344824,0.25377959944307804,2.6166742350906134,1.3280394300818443,0.03781324811279774,0.232123464345932,0.0814866591244936,0.010890131816267967,3.544112917342406,2.455813951712271,0.4220965688012618,1000,7.773801395806712,5.2843325940889985,-0.5844712543799886,146
resnet_frozen,fold6_balkan_e,449,0.3991855488971002,False,10,1e-05,1e-05,1.6918902453035116,0.1301454034848855,0.6722570192068815,0.2542070783674717,2.619648326188326,1.3248534072190523,0.037785351276397705,0.23223916999995708,0.08394103311002254,0.011657405644655228,3.54707877281371,2.4619706340494227,0.4211289386743453,1000,7.769463440772421,5.2827719055153715,-0.5827034069758541,146
resnet_frozen,fold6_balkan_e,450,0.38093427535420593,False,11,1e-05,1e-05,1.656736508011818,0.12744126984706292,0.6611378137022257,0.25501503236591816,2.574184764176607,1.290324404835701,0.03764535114169121,0.23236658051609993,0.08326107263565063,0.011677240952849388,3.544693524338751,2.457711921225222,0.4219072056137232,1000,7.776852645272592,5.291138244517342,-0.585715321632573,146
resnet_frozen,fold6_balkan_e,451,0.3852533369141982,False,12,1e-05,1e-05,1.707352602854371,0.1313348156041824,0.6717807278037071,0.25396003015339375,2.6344086211174726,1.3368093445897102,0.03781497851014137,0.2327133808284998,0.08632604219019413,0.012281466275453568,3.5505651263599214,2.4627386059863294,0.4199904576277015,1000,7.777439708391841,5.2924253305514055,-0.5859547372836396,146
resnet_frozen,fold6_balkan_e,452,0.40271784287885243,False,13,1e-05,1e-05,1.7060493677854538,0.1312345667527272,0.6691429931670427,0.2536472789943218,2.6301059424877167,1.3364925999194384,0.03782249055802822,0.23219522088766098,0.0859351884573698,0.012192590162158012,3.5563501314539114,2.4582549413978576,0.4180988761397072,1000,7.806657533727056,5.32362878536248,-0.5978931618684658,146
resnet_frozen,fold6_balkan_e,453,0.40492719774942204,False,14,1e-05,1e-05,1.7065181378275156,0.13127062598673198,0.674851069226861,0.25438529066741467,2.637040050700307,1.3373560775071383,0.037708329036831856,0.23205471225082874,0.08580463193356991,0.012202637270092964,3.544022577578895,2.4610315110768743,0.4221260300487646,1000,7.770493883898239,5.284469713770062,-0.5831232542428815,146
resnet_frozen,fold6_balkan_e,454,0.3870550872189576,False,15,1e-05,1e-05,1.7078571487218142,0.13137362682475492,0.6687043402343988,0.2531558182090521,2.6309964284300804,1.3382253274321556,0.03763703070580959,0.232394402846694,0.08592641353607178,0.012285435572266579,3.5401950350249494,2.4601726961820916,0.4233735631955726,1000,7.763071707369075,5.27146534089089,-0.5801003811330556,146
resnet_frozen,fold6_balkan_e,455,0.37562912947018556,False,16,1e-05,1e-05,1.7086026277393103,0.13143097136456233,0.672576766461134,0.2537626791745424,2.6362386252731085,1.3394466564059258,0.0376737117767334,0.23212881572544575,0.08579255267977715,0.012186063453555107,3.541399989792973,2.458068999342652,0.4229809706906681,1000,7.7673843976943635,5.273704217989387,-0.5818564840623834,146
resnet_frozen,fold6_balkan_e,456,0.3779513779825411,False,17,1e-05,1e-05,1.7100255861878395,0.1315404297067569,0.6707105226814747,0.2530880458652973,2.635130940005183,1.3408816754817963,0.037716859951615334,0.23207490146160126,0.08574196510016918,0.012204339727759361,3.5369419603441594,2.4594708717727785,0.42443279694156855,1000,7.757649915576018,5.269306956526479,-0.5778940422045502,146
resnet_frozen,fold6_balkan_e,457,0.3859002537333347,False,18,1e-05,1e-05,1.7147772926837206,0.13190594559105542,0.7102419044822454,0.26673033460974693,2.6930395644158125,1.344865469262004,0.03777230158448219,0.23249023035168648,0.08592763170599937,0.012308919802308083,3.538453974859257,2.45822658719202,0.4239405909675481,1000,7.770262661012493,5.282571085257878,-0.5830290391552551,146
resnet_frozen,fold6_balkan_e,458,0.38968203212297436,False,19,1e-05,1e-05,1.7152244914323092,0.131940345494793,0.6776817813515663,0.2541366573423147,2.6483232509344816,1.346253914758563,0.03747998923063278,0.23219784162938595,0.08565302938222885,0.012251706793904305,3.5446801851774614,2.460929230650679,0.42191155648832634,1000,7.782655604338083,5.297256657912231,-0.5880826737354874,146
resnet_frozen,fold6_balkan_e,459,0.3754518157538516,False,20,1e-05,1e-05,1.7093213219195604,0.1314862555322739,0.670665031298995,0.25389533676207066,2.6351585406810045,1.3401970472186804,0.03737182915210724,0.2322358302772045,0.08594064600765705,0.0121957678347826,3.538815009357431,2.453992810387419,0.42382303232115803,1000,7.788204648310113,5.308154722917566,-0.5903480912591004,146
resnet_frozen,fold6_balkan_e,460,0.3792058047181303,False,21,1e-05,1e-05,1.7105019520968199,0.1315770732382169,0.6729333233088255,0.25418146699666977,2.6388915926218033,1.3414837811142206,0.03763359226286411,0.2320816945284605,0.08576434291899204,0.012168316170573235,3.546272198577299,2.4547992390555984,0.42139216902778787,1000,7.801594528258097,5.317669631954178,-0.5958212076799152,146
resnet_frozen,fold6_balkan_e,461,0.373389250874088,False,22,1e-05,1e-05,1.7010804656893015,0.13085234351456165,0.6804683841764927,0.2530181333422661,2.635870845988393,1.3317656014114618,0.03778872638940811,0.2322292346507311,0.08576175570487976,0.01213841699063778,3.5482060730566176,2.4533357297275074,0.42076093715793184,1000,7.817001653005655,5.331371168209913,-0.6021305062205675,146
resnet_frozen,fold6_balkan_e,462,0.37550516266586986,False,23,1e-05,1e-05,1.7057221718132496,0.13120939783178842,0.6669395137578249,0.25335289537906647,2.627314442768693,1.336329409852624,0.0376737080514431,0.23213390447199345,0.08593736961483955,0.012262420728802681,3.546661633081942,2.454106527027866,0.42126508220887626,1000,7.805044686366336,5.316049118684439,-0.5972329839271031,146
resnet_frozen,fold6_balkan_e,463,0.3852946620223318,False,24,1e-05,1e-05,1.7116249185055494,0.13166345526965764,0.6742759421467781,0.2538621164858341,2.641053568571806,1.3424621354788542,0.03780169598758221,0.2320573776960373,0.08577186055481434,0.01215948536992073,3.54054188206162,2.450656331266582,0.4232605688738762,1000,7.789004235274362,5.296605290498203,-0.5906746586610174,146
resnet_frozen,fold6_balkan_e,464,0.3984902772167192,False,25,1e-05,1e-05,1.7081826105713844,0.13139866235164496,0.6680019237101078,0.25305526331067085,2.6305260714143515,1.3387831691652536,0.03756687231361866,0.23236584477126598,0.08589240163564682,0.012180635705590248,3.531762157764413,2.450291121058449,0.4261173829270817,1000,7.75895939582755,5.260840687695782,-0.5784267796952469,146
resnet_frozen,fold7_balkan_s,1,0.783384971359774,True,0,1e-05,1e-05,1.7900494169443846,0.12786067263888462,0.6672246214002371,0.2703345064073801,2.728836439549923,1.3949263729155064,0.039523905143141747,0.256503339856863,0.08401612192392349,0.013563999906182289,4.564000799160207,3.383000152426648,-0.04796168864798367,1000,10.14582993508984,8.178116222417064,-1.3522013912315405,144
resnet_frozen,fold7_balkan_s,2,0.7697865075001714,False,1,1e-05,1e-05,1.7521284949034452,0.12515203535024608,0.6796805374324322,0.25130397267639637,2.684372067451477,1.3748699091374874,0.039165688678622246,0.24057058990001678,0.08295325934886932,0.013110348954796791,4.596670028921057,3.4120171720583614,-0.06301805437855323,1000,10.333571995937529,8.361320352600966,-1.4400587607443573,144
resnet_frozen,fold7_balkan_s,3,0.7870598466021933,False,2,1e-05,1e-05,1.748040247708559,0.12486001769346851,0.7794784791767597,0.2526650447398424,2.7814724911004305,1.370797062292695,0.03929572366178036,0.2404332086443901,0.0829805489629507,0.013072650879621506,4.609590861450785,3.4292465041701012,-0.06900255281533574,1000,10.490670609621016,8.51475597196053,-1.5148138756033451,144
resnet_frozen,fold7_balkan_s,4,0.8004204822226846,False,3,1e-05,1e-05,1.747491354122758,0.12482081100876842,0.6767858229577541,0.2517114616930485,2.677292160689831,1.370527658611536,0.03919489309191704,0.24042715691030025,0.0828625988215208,0.01304703764617443,4.604497919707062,3.4189189645770335,-0.06664166645329028,1000,10.575878105627837,8.6118124439261,-1.5558315034671075,144
resnet_frozen,fold7_balkan_s,5,0.7732652198551554,False,4,1e-05,1e-05,1.7446786314249039,0.124619902244636,0.6772526912391186,0.2615388762205839,2.684767358005047,1.3678016029298306,0.03902788832783699,0.24042470380663872,0.08297038078308105,0.01300729624927044,4.590385131712545,3.3944156767707483,-0.06011317244573311,1000,10.556820123647462,8.595284656539418,-1.5466284655961382,144
resnet_frozen,fold7_balkan_s,6,0.7687386343928714,False,5,1e-05,1e-05,1.8006252814084291,0.1286160915291735,0.6761508006602526,0.25148000195622444,2.7297007963061333,1.4216646738350391,0.039202213287353516,0.240504814311862,0.08393383212387562,0.013799291104078293,4.574958642275678,3.376436493821054,-0.05299989337076716,1000,10.512316208045137,8.551570332376594,-1.525202307632425,144
resnet_frozen,fold7_balkan_s,7,0.7633150466269244,False,6,1e-05,1e-05,1.775959849357605,0.12685427495411464,0.6829317975789309,0.2561918571591377,2.7163854967802763,1.39645891264081,0.039292894303798676,0.24185429885983467,0.08336745761334896,0.013518160209059715,4.549160583241678,3.35503879078309,-0.04115770496633675,1000,10.477372875016984,8.516859935613533,-1.5084424749544745,144
resnet_frozen,fold7_balkan_s,8,0.7925633321849491,False,7,1e-05,1e-05,1.7510460522025824,0.12507471801447018,0.6841716505587101,0.2538733445107937,2.690366368740797,1.3735092617571354,0.03919699229300022,0.2406227681785822,0.08314883336424828,0.01310347393155098,4.534975493681205,3.3347686657702313,-0.034674799395950195,1000,10.438835844234003,8.477304834450166,-1.4900237075917184,144
resnet_frozen,fold7_balkan_s,9,0.7560430289149911,False,8,1e-05,1e-05,1.758782472461462,0.125627319461533,0.6784643121063709,0.2518309708684683,2.6904033049941063,1.3817559648305178,0.03906046785414219,0.2402796931564808,0.0830665435642004,0.013180889189243317,4.517817396846479,3.3137880904054056,-0.026860218673871783,1000,10.382754818328735,8.420483376310788,-1.4633410428334748,144
resnet_frozen,fold7_balkan_s,10,0.733583924057744,False,9,1e-05,1e-05,1.8403421267867088,0.13145300905619348,0.7086904495954514,0.2621621545404196,2.812478454783559,1.463028559461236,0.039173396304249763,0.24044591560959816,0.08302581496536732,0.01321331225335598,4.496540673697527,3.2945081837324124,-0.01721096930271071,1000,10.333226128901478,8.369752741589215,-1.439895424819793,144
resnet_frozen,fold7_balkan_s,11,0.7574377381446692,False,10,1e-05,1e-05,1.7916027009487152,0.1279716214963368,0.6817586440593004,0.2588774785399437,2.733513977378607,1.4143268335610628,0.03894115425646305,0.24058072455227375,0.0830709058791399,0.013243310153484344,4.477628036903565,3.2732702059832555,-0.008672101409745281,1000,10.328594208435787,8.366945076802686,-1.4377085243384835,144
resnet_frozen,fold7_balkan_s,12,0.7764618483747715,False,11,1e-05,1e-05,1.942496307194233,0.1387497362281595,0.6793594304472208,0.26164969243109226,2.8847870025783777,1.5643316712230444,0.039340054616332054,0.2403455413877964,0.08341738767921925,0.013604741543531418,4.455719717542651,3.2568184453742886,0.0011742943127975858,1000,10.268817644891277,8.306724380196439,-1.409573781929529,144
resnet_frozen,fold7_balkan_s,13,0.7121814468835295,False,12,1e-05,1e-05,1.7116919830441475,0.12226371307458196,0.6662539131939411,0.2508293390274048,2.6300631668418646,1.3341882172971964,0.039181942120194435,0.24050153233110905,0.08305634185671806,0.013243574649095535,4.432610533439258,3.242149801971443,0.011508063989891681,1000,10.207811487802282,8.246906665745623,-1.3810286878317108,144
resnet_frozen,fold7_balkan_s,14,0.7375411592376072,False,13,1e-05,1e-05,1.6992978546768427,0.12137841819120306,0.6684799063950777,0.25010185688734055,2.61916483938694,1.3221581261605024,0.038983821868896484,0.2404173742979765,0.08301252871751785,0.013268576934933662,4.412738333381574,3.225219299265669,0.02035137501176254,1000,10.170175187048478,8.210106266617275,-1.3635033035324633,144
resnet_frozen,fold7_balkan_s,15,0.7246194547961069,True,0,1e-05,1e-05,1.6937973257154226,0.12098552326538733,0.6665019020438194,0.25025893934071064,2.6118473168462515,1.3164404090493917,0.039223071187734604,0.24047513864934444,0.08306816220283508,0.013146715238690376,4.396361113788043,3.2127503000729223,0.027609520470578852,1000,10.111903583900403,8.151193533090195,-1.3364967741005769,144
resnet_frozen,fold7_balkan_s,16,0.704279699975541,True,0,1e-05,1e-05,1.7007060628384352,0.12147900448845965,0.6684269644320011,0.25056551955640316,2.6210571471601725,1.3230714108794928,0.03923741728067398,0.24064774811267853,0.0830268245190382,0.013287186622619629,4.380816719567365,3.1946261503116298,0.03447360592967985,1000,10.083349397596963,8.125891841277133,-1.323319716863757,144
resnet_frozen,fold7_balkan_s,17,0.7034535172454669,True,0,1e-05,1e-05,1.6962756179273129,0.12116254413766521,0.6649297997355461,0.25017805583775043,2.6127076651901007,1.319014985114336,0.03905855678021908,0.24051006324589252,0.08305581472814083,0.013195279985666275,4.365546474234289,3.1775332562399328,0.041192959659930306,1000,10.054545937831028,8.097395146172813,-1.3100653776291145,144
resnet_frozen,fold7_balkan_s,18,0.7313431499300821,True,0,1e-05,1e-05,1.7770117614418268,0.12692941153155907,0.6668097004294395,0.250714847818017,2.695823820307851,1.396322313696146,0.03953141160309315,0.24082326143980026,0.08401054702699184,0.014757063239812851,4.3567639992357625,3.165257930745418,0.04504687744804292,1000,10.029230289089202,8.071884904717637,-1.29844731319579,144
resnet_frozen,fold7_balkan_s,19,0.7287081433052357,True,0,1e-05,1e-05,1.7066009286791086,0.12190006633422204,0.669353112578392,0.25095050781965256,2.6282269805669785,1.3288769479840994,0.03935760259628296,0.24056626297533512,0.08312996290624142,0.013205327093601227,4.339644995132697,3.1511404278313657,0.052536715632252484,1000,9.989950174147793,8.032697374792813,-1.2804785415207403,144
resnet_frozen,fold7_balkan_s,20,0.7253441313728559,True,0,1e-05,1e-05,1.7166946288198233,0.12262104491570167,0.6664633899927139,0.25204659812152386,2.63650362752378,1.3391770608723164,0.03914251551032066,0.24054235219955444,0.08317238837480545,0.013226600363850594,4.327325125039592,3.1422110850430265,0.057908609332169014,1000,9.927396913861198,7.969827737899404,-1.2520089793987523,144
resnet_frozen,fold7_balkan_s,21,0.68560801099353,True,0,1e-05,1e-05,1.700887406244874,0.12149195758891958,0.668538760393858,0.25132068805396557,2.622035587206483,1.3235524874180555,0.03925482928752899,0.24032220244407654,0.08306385017931461,0.013250969350337982,4.308923358802987,3.1232239219480036,0.06590398034476441,1000,9.86313577588541,7.907115728112785,-1.222948334895674,144
resnet_frozen,fold7_balkan_s,22,0.7164075264997533,False,1,1e-05,1e-05,1.700360905379057,0.12145435038421835,0.6482517533004284,0.25023260712623596,2.600156296044588,1.3229717630892992,0.039145004004240036,0.24047065898776054,0.08314439840614796,0.013174878433346748,4.307855316963559,3.1180232336195304,0.06636698694991416,1000,9.871251278242607,7.914970665759575,-1.226607975148677,144
resnet_frozen,fold7_balkan_s,23,0.7305965502569708,True,0,1e-05,1e-05,1.6954772863537073,0.12110552045383624,0.6330605931580067,0.24941271543502808,2.5792247764766216,1.318191496655345,0.03914070501923561,0.24041403643786907,0.08310616575181484,0.013188675045967102,4.291411435579935,3.1047306828967094,0.07348108323726465,1000,9.834486061835795,7.878203832047395,-1.2100529760235323,144
resnet_frozen,fold7_balkan_s,24,0.703713241823222,True,0,1e-05,1e-05,1.702949345111847,0.12163923893656049,0.667439067736268,0.24986662529408932,2.6216471195220947,1.3253019079566002,0.039371365681290627,0.24051756970584393,0.08314202725887299,0.013182604685425758,4.277212453485192,3.090646517870988,0.07960208175460204,1000,9.805230982759904,7.850696911291193,-1.196923849046832,144
resnet_frozen,fold7_balkan_s,25,0.7161672347759686,True,0,1e-05,1e-05,1.6948219630867243,0.12105871164905173,0.672197513282299,0.2503597754985094,2.6187122147530317,1.3172608502209187,0.03927217796444893,0.24072710238397121,0.08304488286376,0.013079870492219925,4.272354498392655,3.0849446053589706,0.08169162611676062,1000,9.800928500310388,7.8470764778327275,-1.1949962753818948,144
resnet_frozen,fold7_balkan_s,26,0.6823927772302621,True,0,1e-05,1e-05,1.7081080507487059,0.12200771791062184,0.6639211121946573,0.25008250400424004,2.6234405674040318,1.3306898791342974,0.03922706097364426,0.24054190330207348,0.082987105473876,0.013209084048867226,4.260502396174914,3.0778128818609747,0.08677958781004969,1000,9.758229926732882,7.805189246928446,-1.1759125623602125,144
resnet_frozen,fold7_balkan_s,27,0.7466673093167787,True,0,1e-05,1e-05,1.707573076710105,0.12196950547929321,0.6493726931512356,0.25079295597970486,2.609061686322093,1.330144215375185,0.039269909262657166,0.24044946022331715,0.08304980583488941,0.013236789032816887,4.256241534344903,3.070484266016028,0.088605269346127,1000,9.744695925477558,7.793398695037624,-1.169881062420635,144
resnet_frozen,fold7_balkan_s,28,0.7191849266028307,True,0,1e-05,1e-05,1.7062352951616049,0.12187394965440035,0.6684900876134634,0.25080673582851887,2.62684359960258,1.3288713116198778,0.03921478055417538,0.24038653261959553,0.08312384970486164,0.013182604685425758,4.2395328261062195,3.0580808207184846,0.09574694015019025,1000,9.711998633110893,7.762536144813449,-1.1553438814294985,144
resnet_frozen,fold7_balkan_s,29,0.6718640130511238,True,0,1e-05,1e-05,1.7067684140056372,0.12191202957183123,0.6708258502185345,0.2499980740249157,2.6288885790854692,1.3292202688753605,0.03941164165735245,0.24042067304253578,0.08308294974267483,0.013178037479519844,4.230983150893431,3.047170542412369,0.09939039561478336,1000,9.696670480551216,7.74846992494587,-1.1485458226393166,144
resnet_frozen,fold7_balkan_s,30,0.6882885091846197,True,0,1e-05,1e-05,1.7030022162944078,0.12164301544960056,0.6632110588252544,0.2601018976420164,2.6276405844837427,1.3258066661655903,0.03915385529398918,0.24046418815851212,0.08302975632250309,0.013100357726216316,4.219883136223183,3.0408341440666447,0.10410970843309197,1000,9.683721605821809,7.735019171192596,-1.1428113440677086,144
resnet_frozen,fold7_balkan_s,31,0.6834798482726766,False,1,1e-05,1e-05,1.7568557653576136,0.12548969752554381,0.6468983273953199,0.25165766663849354,2.6568957287818193,1.3782047349959612,0.039507804438471794,0.24058583192527294,0.08353650756180286,0.013485286384820938,4.221055098166772,3.034381251776451,0.10361201923583085,1000,9.707272711816955,7.757356529562717,-1.1532467832632993,144
resnet_frozen,fold7_balkan_s,32,0.714792441778968,True,0,1e-05,1e-05,1.714537650346756,0.12246697502476829,0.650184590369463,0.25061411410570145,2.616623865440488,1.3372991140931845,0.039307085797190666,0.24036021530628204,0.08301068097352982,0.013135535642504692,4.2102873412676285,3.023324287497299,0.10817949185997211,1000,9.681433601683523,7.735084728461193,-1.1417988857945907,144
resnet_frozen,fold7_balkan_s,33,0.6874862794491957,True,0,1e-05,1e-05,1.714649187400937,0.12247494195720979,0.6710897590965033,0.2509789541363716,2.6380123905837536,1.337004341185093,0.039416782557964325,0.24044359289109707,0.08311543427407742,0.013230925425887108,4.196095704218206,3.01290425728945,0.11418148719017196,1000,9.625962522286025,7.680563337533441,-1.1173257472098794,144
resnet_frozen,fold7_balkan_s,34,0.6808078624112385,True,0,1e-05,1e-05,1.7247114200145006,0.12319367285817862,0.6727205887436867,0.25112510472536087,2.6498722545802593,1.346956379711628,0.03953101858496666,0.24050783179700375,0.08303506672382355,0.01322149857878685,4.179743978813984,3.005104443949874,0.12107191082658963,1000,9.612940700794539,7.666457535390451,-1.111601064863828,144
resnet_frozen,fold7_balkan_s,35,0.6966403484414073,True,0,1e-05,1e-05,1.6999993547797203,0.12142852534140859,0.6688839942216873,0.25071336328983307,2.620860453695059,1.3226484190672636,0.03939429856836796,0.2403841856867075,0.08290361799299717,0.013219445943832397,4.171565474230996,2.999011217272343,0.124508142687624,1000,9.587660957405074,7.641712515121516,-1.1005096526901714,144
resnet_frozen,fold7_balkan_s,36,0.6880226715294436,True,0,1e-05,1e-05,1.714750051498413,0.12248214653560094,0.6686221025884151,0.250893322750926,2.635587340220809,1.3366851545870304,0.03963931277394295,0.24058210290968418,0.08316073194146156,0.013208361342549324,4.165048654009491,2.9905272394721507,0.1272413931032491,1000,9.563957440388137,7.6223427875626015,-1.0901363365252834,144
resnet_frozen,fold7_balkan_s,37,0.6987016614389503,True,0,1e-05,1e-05,1.7072738911956549,0.12194813508540392,0.6647739261388779,0.25027998350560665,2.6236278135329485,1.329868683591485,0.03934529982507229,0.24033786356449127,0.08308272063732147,0.01320425420999527,4.153426343053863,2.9860066936621963,0.13210535527710587,1000,9.531197328677369,7.591072821333951,-1.0758418716276807,144
resnet_frozen,fold7_balkan_s,38,0.648018469047769,False,1,1e-05,1e-05,1.698584120720625,0.12132743719433035,0.6653979178518057,0.24983474239706993,2.6151018217206,1.3208329267799854,0.039273811504244804,0.24067038297653198,0.08319446444511414,0.013176020234823227,4.14613613331721,2.973452951317801,0.13514938720939906,1000,9.541254123918279,7.601297877372259,-1.0802248110855035,144
resnet_frozen,fold7_balkan_s,39,0.6627980157846048,False,2,1e-05,1e-05,1.7033464536070824,0.1216676038290773,0.6704134047031403,0.2505525704473257,2.625595150515437,1.3256488349288702,0.039390070363879204,0.24056783877313137,0.08310129307210445,0.013194702565670013,4.145450301054213,2.9683785566739695,0.13543548172081188,1000,9.545363133403958,7.607709164808028,-1.0820169243499302,144
resnet_frozen,fold7_balkan_s,40,0.6903211746519237,False,3,1e-05,1e-05,1.6948437225073576,0.12106026589338269,0.6685708202421665,0.2508080843836069,2.6155199874192476,1.317686190828681,0.03921016678214073,0.24028874933719635,0.0830803606659174,0.01313435472548008,4.138284051200908,2.957933839758184,0.13842204754825427,1000,9.543545625484512,7.60556771359424,-1.0812241369123257,144
resnet_frozen,fold7_balkan_s,41,0.6721498147479568,True,0,1e-05,1e-05,1.835651220753789,0.13111794433955634,0.6707502119243145,0.25110339373350143,2.758807308971882,1.4580255933105946,0.039400726556777954,0.2405306790024042,0.08307209797203541,0.01315532810986042,4.123596590763432,2.9500833006729335,0.14452696236796891,1000,9.503527343567658,7.567688662004469,-1.0638066284304881,144
resnet_frozen,fold7_balkan_s,42,0.7094890170464792,False,1,1e-05,1e-05,1.7113330103456974,0.12223807216754981,0.6666230969130993,0.249539440497756,2.6288060788065195,1.333819855004549,0.03942290507256985,0.24047106131911278,0.08305971324443817,0.01312817819416523,4.1175543731812745,2.9433698322091777,0.1470321381951898,1000,9.506988838581947,7.57292596076321,-1.0653103137694888,144
resnet_frozen,fold7_balkan_s,43,0.6396153631505392,True,0,1e-05,1e-05,1.7695808429270983,0.1263986316376499,0.6979797463864088,0.25076616182923317,2.719619255512953,1.3907707910984755,0.039467671886086464,0.2405876014381647,0.08351869322359562,0.013734744861721992,4.105236159535324,2.934405341926957,0.15212803872107505,1000,9.495986735659281,7.563589934717423,-1.0605328581728863,144
resnet_frozen,fold7_balkan_s,44,0.6931486505551847,True,0,1e-05,1e-05,1.7045020684599876,0.12175014774714198,0.6700551398098469,0.25041789188981056,2.6262803226709366,1.327080363407731,0.03928131423890591,0.24055791087448597,0.08306681178510189,0.01309552974998951,4.093282160141073,2.9287802720293157,0.1570586706460353,1000,9.480273242275437,7.5461596073735295,-1.0537191627811775,144
resnet_frozen,fold7_balkan_s,45,0.658296958716794,True,0,1e-05,1e-05,1.7070537600666285,0.1219324114333306,0.6529756262898445,0.2521622534841299,2.613510513678193,1.3293476179242134,0.03961387649178505,0.240482859313488,0.0830024778842926,0.013150755316019058,4.0877777537282,2.9258719274350913,0.15932422271409286,1000,9.443952443065962,7.511513218016834,-1.0380128999515335,144
resnet_frozen,fold7_balkan_s,46,0.6889365177995199,False,1,1e-05,1e-05,1.69056654907763,0.120754753505545,0.6704293098300695,0.25083423033356667,2.6131160128861666,1.3132305033504963,0.03928024135529995,0.24046517722308636,0.08303521946072578,0.01311928778886795,4.089449635770443,2.918714065755042,0.1586364171416006,1000,9.461797786827791,7.528633554136738,-1.0457222573585119,144
resnet_frozen,fold7_balkan_s,47,0.6559221298633371,False,2,1e-05,1e-05,1.7004566602408886,0.12146119001720633,0.6787117794156075,0.25257059186697006,2.633024163544178,1.3227056954056025,0.03946651145815849,0.2405017763376236,0.08314093574881554,0.01317414827644825,4.077212324453668,2.913292098217239,0.1636642932810788,1000,9.444526143925803,7.513365373819585,-1.0382605177309907,144
resnet_frozen,fold7_balkan_s,48,0.6506386156744659,False,3,1e-05,1e-05,1.696995384991169,0.12121395607079778,0.6641864404082298,0.24985375069081783,2.6123182363808155,1.3195343483239412,0.039359498769044876,0.24046475812792778,0.0830575916916132,0.013135112822055817,4.077077086932205,2.9164929428656996,0.16371977339018684,1000,9.451966390228463,7.5188856255766945,-1.0414732006088396,144
resnet_frozen,fold7_balkan_s,49,0.6363364950092091,True,0,1e-05,1e-05,1.8129857629537582,0.1294989830681256,0.7144822049885988,0.2655987199395895,2.794358767569065,1.4339206833392382,0.03935799188911915,0.24035056494176388,0.085816141217947,0.012112488970160484,4.063717497903837,2.902642972843214,0.1691913675494945,1000,9.423005964837534,7.497660133555734,-1.02898239047977,144
resnet_frozen,fold7_balkan_s,50,0.6459502336301096,True,0,1e-05,1e-05,1.7492032293230295,0.12494308780878782,0.6491538323462009,0.2503664307296276,2.6500229705125093,1.370429763570428,0.039320819079875946,0.24043100327253342,0.08590144291520119,0.011689318343997002,4.059958860801747,2.899690160065428,0.17072752945820413,1000,9.411556597223836,7.486150299089346,-1.0240547798475466,144
resnet_frozen,fold7_balkan_s,51,0.668178616771208,False,1,1e-05,1e-05,1.8653523568063974,0.13323945405759982,0.6775654349476099,0.25948055274784565,2.803715383633971,1.4861884489655495,0.03946797363460064,0.24059311859309673,0.08588412217795849,0.011796468868851662,4.061225748198391,2.890457079586711,0.1702099090618142,1000,9.432473393336618,7.506956237965808,-1.0330615337342817,144
resnet_frozen,fold7_balkan_s,52,0.6831051386453503,True,0,1e-05,1e-05,1.718830557540059,0.12277361125286136,0.667970871552825,0.25015229918062687,2.638229552656412,1.3400288689881563,0.039442216977477074,0.24034461937844753,0.0859347116202116,0.011673197150230408,4.047901756956188,2.887484297465423,0.17564569630576532,1000,9.377364401826886,7.455464052539194,-1.0093747082814786,144
resnet_frozen,fold7_balkan_s,53,0.625246697570313,True,0,1e-05,1e-05,1.6982045490294695,0.1213003249306764,0.6628231778740883,0.24958856776356697,2.6119222566485405,1.3194687739014626,0.039259620010852814,0.24048870988190174,0.08585138618946075,0.011692719534039497,4.0362690658309495,2.8802469326682063,0.18037687837196426,1000,9.337183266773378,7.417780434486385,-0.992191633461881,144
resnet_frozen,fold7_balkan_s,54,0.6261320853539537,True,0,1e-05,1e-05,1.6995437685400248,0.12139598346714463,0.6612428538501263,0.2496687788516283,2.611755695194006,1.3211259134113789,0.03929547592997551,0.2402956373989582,0.08579674176871777,0.011618776246905327,4.03409734041317,2.8737430063484797,0.1812586419369311,1000,9.333018098063139,7.41674292628052,-0.9904146599875272,144
resnet_frozen,fold7_balkan_s,55,0.6685754934111605,True,0,1e-05,1e-05,1.6943791806697845,0.12102708433355604,0.6618431936949492,0.25904556177556515,2.6165338195860386,1.3155059441924095,0.03934336081147194,0.24053801782429218,0.0859398040920496,0.011637482792139053,4.032467056197799,2.8704180422440957,0.1819202578028537,1000,9.324842959361911,7.408767412560114,-0.9869292302672827,144
resnet_frozen,fold7_balkan_s,56,0.691045951717998,True,0,1e-05,1e-05,1.7474889382719994,0.12482063844799995,0.6616997327655554,0.24950363859534264,2.66022446192801,1.3647403344511986,0.0394478403031826,0.24063492752611637,0.08903618715703487,0.012163423001766205,4.018963912621131,2.8622363244390154,0.18738993808831705,1000,9.29632750601643,7.3834430237650945,-0.9747957160858647,144
resnet_frozen,fold7_balkan_s,57,0.6478581763260279,True,0,1e-05,1e-05,1.7004105355590582,0.12145789539707559,0.6632942166179419,0.2506083194166422,2.6155885122716427,1.3214394971728325,0.039265360683202744,0.24064674973487854,0.08594585582613945,0.011693542823195457,4.016377817980914,2.857820978935837,0.18843538683903183,1000,9.289719771524238,7.3785761454904195,-0.9719893846096346,144
resnet_frozen,fold7_balkan_s,58,0.6787272341684228,True,0,1e-05,1e-05,1.702577518299222,0.12161267987851586,0.6600390207022429,0.24919168651103973,2.6131091583520174,1.3237275071442127,0.03923807106912136,0.24045096337795258,0.08601372689008713,0.01173427514731884,4.0064363050518885,2.8491046629333057,0.19244805452352898,1000,9.285236817104773,7.372504262804591,-0.9700865919105353,144
resnet_frozen,fold7_balkan_s,59,0.6274209772016455,False,1,1e-05,1e-05,1.7055037207901478,0.12182169434215341,0.6654841471463442,0.24853010475635529,2.6208156161010265,1.3269844446331263,0.03911830112338066,0.24040661938488483,0.08593978732824326,0.011644374579191208,4.004060887290802,2.8445192884193675,0.19340536641657746,1000,9.289402676795659,7.378906273097466,-0.9718547633762813,144
resnet_frozen,fold7_balkan_s,60,0.6552163819019654,False,2,1e-05,1e-05,1.6905630100518465,0.12075450071798903,0.6676864381879568,0.24959697760641575,2.6091286186128855,1.3118729908019304,0.039346082136034966,0.24041452445089817,0.08590660057961941,0.01161467656493187,3.997309786056034,2.840931970269555,0.1961230130922278,1000,9.285498072610656,7.375125265021343,-0.9701974567641203,144
resnet_frozen,fold7_balkan_s,61,0.6529388420775281,True,0,1e-05,1e-05,1.6914625708013773,0.12081875505724124,0.6656520050019026,0.25009205751121044,2.60851114615798,1.3129353486001492,0.03921759873628616,0.24037867970764637,0.0859308298677206,0.011594220995903015,3.982534297429942,2.8360914051638444,0.202054864182305,1000,9.262994102627621,7.35286211725904,-0.9606592420014142,144
resnet_frozen,fold7_balkan_s,62,0.62548323663716,False,1,1e-05,1e-05,1.701409712433815,0.12152926517384392,0.6600214876234531,0.2495842669159174,2.612333469092846,1.3225920349359512,0.03939313441514969,0.24050398357212543,0.0858741719275713,0.011647066101431847,3.982497129540194,2.832647963710121,0.20206975811477268,1000,9.264773632884813,7.356881718958537,-0.9614126458253944,144
resnet_frozen,fold7_balkan_s,63,0.6661931854970122,False,2,1e-05,1e-05,1.7011888697743416,0.12151349069816726,0.6603500582277775,0.24871034733951092,2.611570356413722,1.3226216118782759,0.039250096306204796,0.24039721116423607,0.08591258898377419,0.011607242748141289,3.9878469818471998,2.836394472927556,0.19992453312662606,1000,9.273686556606789,7.362620480683252,-0.9651883085660693,144
resnet_frozen,fold7_balkan_s,64,0.6432562745668285,True,0,1e-05,1e-05,1.6901259757578373,0.12072328398270267,0.6596298962831497,0.24903244711458683,2.600072180852294,1.311627184972167,0.0393757950514555,0.24028496630489826,0.08581299893558025,0.011610805988311768,3.972583113789999,2.8265877424630186,0.20603754330159008,1000,9.25044154611647,7.34169563512781,-0.9553489481758715,144
resnet_frozen,fold7_balkan_s,65,0.6234617948323332,True,0,1e-05,1e-05,1.687699869275093,0.12054999066250664,0.6444131769239902,0.24922729656100273,2.582615226507187,1.3089573588222265,0.03925410099327564,0.24035729095339775,0.08605221100151539,0.011644082143902779,3.967084199588214,2.8228430449017003,0.20823405353545166,1000,9.248317641646857,7.3384110939610805,-0.9544511537110714,144
resnet_frozen,fold7_balkan_s,66,0.666594247127651,False,1,1e-05,1e-05,1.6952419690787792,0.12108871207705565,0.6616027988493443,0.249212846159935,2.607356745749712,1.3161795195192099,0.03942537121474743,0.2404880654066801,0.08598151616752148,0.011711636558175087,3.9663709362032256,2.8184256301243567,0.2085187396485133,1000,9.258881268952129,7.3499252359516065,-0.9589185359054684,144
resnet_frozen,fold7_balkan_s,67,0.6232813367249321,False,2,1e-05,1e-05,1.6862482968717813,0.12044630691941295,0.659753205254674,0.24886532500386238,2.5961572900414467,1.3074440844357014,0.03952057473361492,0.24030005745589733,0.08591910265386105,0.011631548404693604,3.970170934205569,2.810797314171868,0.20700144941447285,1000,9.297572237129605,7.385860320910069,-0.975324581754863,144
resnet_frozen,fold7_balkan_s,68,0.6341113495116893,False,3,1e-05,1e-05,1.6884078681468964,0.1206005620104926,0.7146228551864624,0.25588067434728146,2.660199109464884,1.3094975519925356,0.03948354907333851,0.24033857882022858,0.08602908626198769,0.011622108519077301,3.9677752325168036,2.809299738908689,0.20795819148337313,1000,9.290675399821737,7.3816133336612655,-0.9723951203762256,144
resnet_frozen,fold7_balkan_s,69,0.626674829974066,False,4,1e-05,1e-05,1.6894969288259745,0.12067835205899817,0.6573040522634983,0.2493990045040846,2.59752325899899,1.310645343735814,0.03953390568494797,0.24049488455057144,0.08581480756402016,0.011606205254793167,3.9588103870606175,2.8006078696533785,0.2115332482709653,1000,9.320555643024116,7.404978582844044,-0.9851025751963376,144
resnet_frozen,fold7_balkan_s,70,0.5998616963537966,False,5,1e-05,1e-05,1.6905626598745584,0.1207544757053256,0.6606257352977991,0.24968602694571018,2.602158721536398,1.3120914828032255,0.03937225975096226,0.2402697056531906,0.08583202958106995,0.011609597131609917,3.9548680728631846,2.7970729966850048,0.21310282885209864,1000,9.338543316146954,7.4219928829628445,-0.9927720389731329,144
resnet_frozen,fold7_balkan_s,71,0.6577523409172031,False,6,1e-05,1e-05,1.7002786602824926,0.12144847573446375,0.6625018455088139,0.24953309632837772,2.6136053949594498,1.321405190974474,0.039436016231775284,0.240425119176507,0.08597828634083271,0.011626342311501503,3.956605947522117,2.7915228762936293,0.2124111096381931,1000,9.351867459266412,7.437207277869599,-0.9984626313933833,144
resnet_frozen,fold7_balkan_s,72,0.6385195566003112,False,7,1e-05,1e-05,1.694924533367157,0.12106603809765407,0.658125601708889,0.24886296316981316,2.6031894385814667,1.3164138831198215,0.03923318721354008,0.24029054678976536,0.08592403680086136,0.011650947853922844,3.9297852714079853,2.7851838268125912,0.22305258934871153,1000,9.283907956366468,7.370269879826119,-0.9695227326490861,144
resnet_frozen,fold7_balkan_s,73,0.6549219713528395,False,8,1e-05,1e-05,1.6959601435810328,0.12114001025578805,0.6628767568618059,0.24957125447690487,2.609703067690134,1.3173642680048943,0.039290523156523705,0.24027636274695396,0.0859753917902708,0.011627046391367912,3.932498199187437,2.7859069675720423,0.22197948757409902,1000,9.328755703866229,7.4098499693942586,-0.9885970283277552,144
resnet_frozen,fold7_balkan_s,74,0.6225849757122145,False,9,1e-05,1e-05,1.6907896846532822,0.12077069176094872,0.6628705076873302,0.24863620474934578,2.603585597127676,1.3122477605938911,0.03936498984694481,0.24040080606937408,0.0857622642070055,0.011602222919464111,3.92783488519893,2.7822779570544536,0.22382360932576695,1000,9.319644993405388,7.401305388526645,-0.9847146917564058,144
resnet_frozen,fold7_balkan_s,75,0.628443927146925,False,10,1e-05,1e-05,1.69179823435843,0.12084273102560214,0.6619201637804508,0.24946161545813084,2.604490175843239,1.3125300165265799,0.03934015706181526,0.2407506313174963,0.0860699824988842,0.01167999766767025,3.9208567983192553,2.7755635925295943,0.22657902816822384,1000,9.290156119979166,7.375426574446237,-0.9721746420234192,144
resnet_frozen,fold7_balkan_s,76,0.6169901753613215,False,11,1e-05,1e-05,1.6964711286127567,0.12117650918662548,0.6654620692133904,0.24979081563651562,2.6130283270031214,1.3174820709973574,0.03943875804543495,0.24050848558545113,0.08595645241439342,0.011656010523438454,3.927991708371293,2.7785132494136766,0.22376162867871408,1000,9.311031108301313,7.393118053389555,-0.9810475555923883,144
resnet_frozen,fold7_balkan_s,77,0.624118583702025,False,12,1e-05,1e-05,1.6892215199768543,0.12065867999834674,0.662891335785389,0.25023811496794224,2.603639591485262,1.3105948641896248,0.03934185951948166,0.240295622497797,0.08592223562300205,0.011647311970591545,3.91360593042004,2.764730196910684,0.22943696874259845,1000,9.284969988561919,7.36891767939993,-0.969973365335524,144
resnet_frozen,fold7_balkan_s,78,0.6182734631197674,False,13,1e-05,1e-05,1.6886236891150475,0.12061597779393196,0.6634859144687653,0.25016199611127377,2.603567060083151,1.3097763787955046,0.03924086317420006,0.24060104973614216,0.08601653203368187,0.011576080694794655,3.9045350783614814,2.764177850079608,0.23300481034666842,1000,9.25668607043725,7.340432037160964,-0.957989761647652,144
resnet_frozen,fold7_balkan_s,79,0.6316386926473405,True,0,1e-05,1e-05,1.6914884205907583,0.12082060147076845,0.660641971975565,0.24961689487099648,2.603039378300309,1.3127099238336086,0.03923407010734081,0.24056819453835487,0.08593209832906723,0.011618528515100479,3.9032723236779994,2.763326703470454,0.23350083362946772,1000,9.242143529202973,7.327164933335471,-0.9518424688164706,144
resnet_frozen,fold7_balkan_s,80,0.6268579420191602,True,0,1e-05,1e-05,1.7171004507690668,0.12265003219779048,0.6666882783174515,0.24965008348226547,2.634738255292177,1.3366822600364685,0.03932873159646988,0.24050524085760117,0.08703421987593174,0.01209094375371933,3.9009738606363196,2.761560401257728,0.23440328221384843,1000,9.230088138610629,7.313700594370293,-0.9467538490761387,144
resnet_frozen,fold7_balkan_s,81,0.6086703420938001,True,0,1e-05,1e-05,1.8922645691782236,0.1351617549413017,0.66860531270504,0.24948269315063953,2.811659127473831,1.5078062657266855,0.039648327976465225,0.2405548430979252,0.09012666158378124,0.012622008100152016,3.886854957270426,2.7574760089382324,0.2399351443103731,1000,9.184828242875424,7.272048308079582,-0.927708775883862,144
resnet_frozen,fold7_balkan_s,82,0.6188790924842776,False,1,1e-05,1e-05,1.7048484217375517,0.12177488726696797,0.6673612296581268,0.25000954419374466,2.6235140189528465,1.3260138537734747,0.039165135473012924,0.240476967766881,0.08599352650344372,0.011763028800487518,3.8849928912467027,2.75350262098908,0.24066321466503737,1000,9.197052694463808,7.284453536481234,-0.9328435185052915,144
resnet_frozen,fold7_balkan_s,83,0.6422875553491306,False,2,1e-05,1e-05,1.6964394431561232,0.12117424593972308,0.6685238499194384,0.2530997581779957,2.6193493511527777,1.3177048470824957,0.039387572556734085,0.24039979092776775,0.08581630326807499,0.011720027774572372,3.884114062576567,2.7496534716879357,0.2410067166880917,1000,9.222277830997898,7.30937015334503,-0.9434606381749961,144
resnet_frozen,fold7_balkan_s,84,0.6237850102568258,False,3,1e-05,1e-05,1.6971994917839766,0.1212285351274269,0.6645241137593985,0.25067438557744026,2.613690622150898,1.318513412028551,0.03932199068367481,0.24036367796361446,0.08585580252110958,0.011726746335625648,3.887945036438805,2.743035759608757,0.2395087599678677,1000,9.237849609725508,7.324180146276638,-0.9500292298336528,144
resnet_frozen,fold7_balkan_s,85,0.6044293645523615,False,4,1e-05,1e-05,1.7036971990019083,0.12169265707156487,0.6638052240014076,0.2498937640339136,2.618709947913885,1.324818231165409,0.03937247209250927,0.24045067839324474,0.08592214062809944,0.01172107458114624,3.8745016506968044,2.744333209411029,0.24475878378047,1000,9.201611317727064,7.287122687820053,-0.9347600648995646,144
resnet_frozen,fold7_balkan_s,86,0.6435539528631844,True,0,1e-05,1e-05,1.699401332065463,0.12138580943324737,0.6639248635619879,0.24895261228084564,2.613557368516922,1.3201567456126213,0.03946622088551521,0.2405848279595375,0.0860237255692482,0.011731494218111038,3.8691589525071977,2.7415758213244024,0.24684020958257302,1000,9.184025846322486,7.269785236301847,-0.927371977138921,144
resnet_frozen,fold7_balkan_s,87,0.6389967101885433,True,0,1e-05,1e-05,1.6875170655548573,0.12053693325391837,0.666529456153512,0.2498987540602684,2.6052671056240797,1.3085591401904821,0.03957977890968323,0.2403231170028448,0.08589081838726997,0.0117149967700243,3.8679775244475243,2.741670270090132,0.247300086404462,1000,9.174999943838278,7.259621846591781,-0.9235854627215336,144
resnet_frozen,fold7_balkan_s,88,0.6324781580271946,True,0,1e-05,1e-05,1.6941798739135265,0.12101284813668046,0.6653018947690725,0.2498885542154312,2.610642783343792,1.314766500145197,0.039033811539411545,0.24105528183281422,0.08616506680846214,0.011724976822733879,3.862107506640918,2.742161182044766,0.2495829379614516,1000,9.16860690997076,7.253594907444819,-0.9209057324346204,144
resnet_frozen,fold7_balkan_s,89,0.6040481328268323,True,0,1e-05,1e-05,1.6969970148056746,0.12121407248611961,0.6587937157601118,0.2493657823652029,2.606459315866232,1.3179437089711428,0.039369381964206696,0.24055022932589054,0.08600421622395515,0.011707361787557602,3.8574027015229775,2.734843998645417,0.2514101349344733,1000,9.13230282922605,7.221751859947568,-0.9057237854936686,144
resnet_frozen,fold7_balkan_s,90,0.614579088946775,True,0,1e-05,1e-05,1.692167779430747,0.12086912710219622,0.6616021879017353,0.24914494156837463,2.604216141626239,1.3136384040117264,0.039095692336559296,0.24048625864088535,0.08581896498799324,0.01168580912053585,3.8583103570807395,2.7306158394764126,0.2510578037191278,1000,9.131542472500712,7.223190083219777,-0.905406457082462,144
resnet_frozen,fold7_balkan_s,91,0.6199041963389097,True,0,1e-05,1e-05,1.700021218508482,0.12143008703632015,0.6751890257000923,0.24983170256018639,2.626373916864395,1.3209565170109272,0.03950246423482895,0.24047383852303028,0.08593579940497875,0.011712051928043365,3.857535254648299,2.728337998304545,0.2513586859991266,1000,9.128065597815898,7.221889803541515,-0.9039557496531823,144
resnet_frozen,fold7_balkan_s,92,0.6188204175049425,False,1,1e-05,1e-05,1.6921099368482828,0.12086499548916306,0.6623279396444559,0.2501615025103092,2.605896318331361,1.31333352252841,0.039257945492863655,0.2404585164040327,0.08593253418803215,0.011699091643095016,3.8503322132630053,2.723865242146978,0.2541518994907871,1000,9.12807976113257,7.220934053819402,-0.9039616581008914,144
resnet_frozen,fold7_balkan_s,93,0.6020770082679744,False,2,1e-05,1e-05,1.688602602109313,0.12061447157923665,0.6625383291393518,0.2497686631977558,2.6022159438580275,1.3100459482520819,0.03917107172310352,0.240494504570961,0.0858327392488718,0.011658314615488052,3.8524697963699253,2.7232065227170588,0.2533235268893492,1000,9.133798071602563,7.228117293100201,-0.9063478892477348,144
resnet_frozen,fold7_balkan_s,94,0.6052998657715091,False,3,1e-05,1e-05,1.7677196003496647,0.12626568573926175,0.6625464390963316,0.24993346258997917,2.681579951196909,1.3826156500726938,0.039504412561655045,0.2405564896762371,0.09106126613914967,0.012522311881184578,3.8527791667999787,2.721898667854293,0.253203599201941,1000,9.15783368627538,7.248545794133047,-0.9163942097349123,144
resnet_frozen,fold7_balkan_s,95,0.6167799043015159,False,4,1e-05,1e-05,1.690794013440609,0.12077100096004349,0.6618288457393646,0.2504280023276806,2.604314673691988,1.3121473584324121,0.039369333535432816,0.24041817523539066,0.08581203781068325,0.011612866073846817,3.8413490201823866,2.7124990446355715,0.2576281094077896,1000,9.152706856502519,7.245987131771806,-0.91424910051908,144
resnet_frozen,fold7_balkan_s,96,0.6271689794457452,True,0,1e-05,1e-05,1.692401722073555,0.12088583729096822,0.663631146773696,0.24930253252387047,2.6066396050155163,1.313640071079135,0.0394215676933527,0.24041529931128025,0.0858495943248272,0.01167682372033596,3.8337850644616918,2.714182795876088,0.2605488227299385,1000,9.118749718157439,7.2157390649381075,-0.9000714717711067,144
resnet_frozen,fold7_balkan_s,97,0.6087801013505049,False,1,1e-05,1e-05,1.7231134921312332,0.12307953515223094,0.6690656561404467,0.2504484225064516,2.643918838351965,1.3443983383476734,0.03918960504233837,0.2404423039406538,0.08589184284210205,0.011748429387807846,3.8471145472253716,2.7142523041833306,0.2553979672028335,1000,9.14760170537253,7.245821123284505,-0.9121142554563015,144
resnet_frozen,fold7_balkan_s,98,0.6208542058569467,False,2,1e-05,1e-05,1.7001553401350975,0.12143966715250697,0.6682121846824884,0.2494879812002182,2.6191332172602415,1.3203727267682552,0.03939749859273434,0.24115891940891743,0.08608554676175117,0.011699782684445381,3.8314970507251545,2.7093562153119426,0.26143117245217495,1000,9.12649652745478,7.221090406287364,-0.9033012443277426,144
resnet_frozen,fold7_balkan_s,99,0.6173274686165323,False,3,1e-05,1e-05,1.701745392754674,0.12155324233961957,0.6638599466532469,0.2488788217306137,2.615781670436263,1.3227456286549568,0.03927857056260109,0.24062194861471653,0.08599226363003254,0.01170467957854271,3.831343268576987,2.705009944178065,0.26149045811522087,1000,9.140018045310335,7.233369579522862,-0.9089451595222731,144
resnet_frozen,fold7_balkan_s,100,0.609778660539292,False,4,1e-05,1e-05,1.6968231443315744,0.12120165316654104,0.6678264308720827,0.25010950304567814,2.6160687413066626,1.3178014140576124,0.03935953602194786,0.2405378744006157,0.08592529967427254,0.011765116825699806,3.830226963739542,2.704055452938966,0.2619207414999092,1000,9.166729582537995,7.255006919945089,-0.9201191789548473,144
resnet_frozen,fold7_balkan_s,101,0.6034412266424505,False,5,1e-05,1e-05,1.7012518495321274,0.12151798925229482,0.6714161671698093,0.25211326405406,2.6260772608220577,1.3203226551413536,0.039423469454050064,0.24034712836146355,0.08743074350059032,0.012267610058188438,3.8231873909133607,2.7016847055834634,0.2646312795936625,1000,9.14371931904838,7.233194283572313,-0.9104915370355846,144
resnet_frozen,fold7_balkan_s,102,0.6120508056040472,False,6,1e-05,1e-05,1.7035233601927757,0.12168024001376969,0.6662455387413502,0.25025249272584915,2.6213002540171146,1.3246679566800594,0.03942262567579746,0.24038563296198845,0.08586835488677025,0.011744225397706032,3.8249426600211343,2.6995698652164517,0.2639558921907518,1000,9.14327749710741,7.232934805616001,-0.9103069126707328,144
resnet_frozen,fold7_balkan_s,103,0.632515647922144,True,0,1e-05,1e-05,1.7024386078119278,0.12160275770085198,0.6648727767169476,0.2500383611768484,2.618635019287467,1.3235835209488869,0.03951837308704853,0.24031498283147812,0.08580623380839825,0.011761235073208809,3.814071208380187,2.6950089588528963,0.2681339920843093,1000,9.105906290716591,7.198867767358116,-0.8947228779042191,144
resnet_frozen,fold7_balkan_s,104,0.6280946319936941,False,1,1e-05,1e-05,1.7012017872184515,0.12151441337274653,0.6694542113691568,0.2509617805480957,2.622915582731366,1.3219346422702074,0.039766700938344,0.24040030874311924,0.08584697544574738,0.011776544153690338,3.8120245209758745,2.6878810467126013,0.26891924173501347,1000,9.141876351791419,7.235304832873128,-0.9097214743534794,144
resnet_frozen,fold7_balkan_s,105,0.6037228858686648,False,2,1e-05,1e-05,1.7024447862058878,0.12160319901470627,0.6646930258721113,0.2507662810385227,2.619200125336647,1.3233035784214735,0.03959997929632664,0.24048280157148838,0.08590858429670334,0.011714564636349678,3.811883727024735,2.6898447665511203,0.26897324445568993,1000,9.138861666153101,7.23421655839834,-0.9084621572477576,144
resnet_frozen,fold7_balkan_s,106,0.585665063974945,False,3,1e-05,1e-05,1.7030636575073004,0.12164740410766431,0.7431846335530281,0.2578769698739052,2.7053711619228125,1.3233096655458212,0.0396868959069252,0.2408500798046589,0.0860297828912735,0.011742250993847847,3.8052177996075716,2.6845401692853783,0.2715277350453722,1000,9.144900126914463,7.2378680149280505,-0.9109850056165385,144
resnet_frozen,fold7_balkan_s,107,0.5789869172282199,False,4,1e-05,1e-05,1.7072635311633348,0.12194739508309535,0.6661709155887365,0.24976754002273083,2.6244812607765198,1.3282561600208282,0.039139557629823685,0.24074840918183327,0.0859871655702591,0.011702671647071838,3.8025615091997356,2.6820013541100782,0.27254442244759747,1000,9.148604581711924,7.24035477114597,-0.9125335389632572,144
resnet_frozen,fold7_balkan_s,108,0.5633416123649077,False,5,1e-05,1e-05,1.6958469562232494,0.12113192544451781,0.6680386178195477,0.25012604147195816,2.61529796756804,1.3167623039335012,0.03947083838284016,0.2404945269227028,0.08596870489418507,0.011698158457875252,3.8106032136543315,2.6835735495807302,0.26946430471508165,1000,9.184538678029003,7.272776430602538,-0.9275872302475368,144
resnet_frozen,fold7_balkan_s,109,0.5682644922344989,False,6,1e-05,1e-05,1.6966949552297592,0.12119249680212565,0.6661988161504269,0.2502887696027756,2.6144825238734484,1.317560227587819,0.03960689157247543,0.2405022569000721,0.0858446154743433,0.011730030179023743,3.8051955315496033,2.680947822939773,0.27153626103048767,1000,9.17844892373726,7.267228118896927,-0.9250319269411844,144
resnet_frozen,fold7_balkan_s,110,0.5862400018187621,False,7,1e-05,1e-05,1.6946917828172445,0.1210494130583746,0.6653235759586096,0.2509445808827877,2.6122448910027742,1.3157993592321873,0.039368076249957085,0.24053730070590973,0.08583991788327694,0.011714499443769455,3.792094614051687,2.6782675152539643,0.27654368549553254,1000,9.13528887479061,7.225706024067459,-0.9069702418377348,144
resnet_frozen,fold7_balkan_s,111,0.600025054139139,False,8,1e-05,1e-05,1.7010849192738533,0.12150606566241809,0.6638796832412481,0.24987279996275902,2.6161518041044474,1.322225073352456,0.03946606628596783,0.24035081826150417,0.08586125634610653,0.011740004643797874,3.7961902333280113,2.674435410401042,0.27498011601151706,1000,9.173795073364989,7.264177161220327,-0.9230802814329075,144
resnet_frozen,fold7_balkan_s,112,0.5908995467671441,False,9,1e-05,1e-05,1.7061929944902658,0.12187092817787613,0.6670693270862103,0.2500930093228817,2.6246515214443207,1.3278557248413563,0.039052704349160194,0.24029958806931973,0.08587695844471455,0.011673465371131897,3.7878737328985492,2.6679480386853385,0.2781533097162776,1000,9.14764277025842,7.239688711015895,-0.9121314230008628,144
resnet_frozen,fold7_balkan_s,113,0.609056154190972,False,10,1e-05,1e-05,1.7103455290198326,0.1221675377871309,0.6696315500885248,0.25049299001693726,2.6317701507359743,1.3312326353043318,0.039530739188194275,0.24041332304477692,0.08598600700497627,0.011751877143979073,3.7905112461176182,2.6671352485205904,0.2771477096555802,1000,9.165951791485254,7.257554334409948,-0.9197933510475345,144
resnet_frozen,fold7_balkan_s,114,0.5907437148598016,False,11,1e-05,1e-05,1.708650566637516,0.12204646904553686,0.6658404357731342,0.24978441931307316,2.6255852319300175,1.3297271374613047,0.03933907486498356,0.2404509261250496,0.0859515406191349,0.011731518432497978,3.7780457064907984,2.666720437860403,0.28189426063137146,1000,9.113505059423229,7.206826495426668,-0.8978864440002834,144
resnet_frozen,fold7_balkan_s,115,0.591472527400416,False,12,1e-05,1e-05,1.6974571906030178,0.12124694218592984,0.6359229777008295,0.24607217498123646,2.5807688552886248,1.31679592654109,0.039484020322561264,0.24058115668594837,0.0868156235665083,0.012298483401536942,3.789787310689913,2.6694086524040723,0.2774237929470482,1000,9.149682095752926,7.241792290750102,-0.9129840782957155,144
resnet_frozen,fold7_balkan_s,116,0.5935640802038252,False,13,1e-05,1e-05,1.6812866311520338,0.12009190222514528,0.6562327221035957,0.24908085726201534,2.5878820810467005,1.2946410179138184,0.03959308937191963,0.24049736559391022,0.09171511605381966,0.013363851234316826,3.7853237615105875,2.6639735598131686,0.279124867358838,1000,9.127803578329676,7.223097953294563,-0.9038464458051914,144
resnet_frozen,fold7_balkan_s,117,0.6015829614429395,True,0,1e-05,1e-05,1.684076301753521,0.12029116441096578,0.6563222911208868,0.24872344732284546,2.5904189124703407,1.2974689230322838,0.039495134726166725,0.24051892571151257,0.0917410533875227,0.013389984145760536,3.780521227046239,2.6655067649411297,0.280952891436381,1000,9.100157620155821,7.195020918047138,-0.8923313093746927,144
resnet_frozen,fold7_balkan_s,118,0.5719422980560174,True,0,1e-05,1e-05,1.6852800641208887,0.12037714743720633,0.6571897212415934,0.24889235757291317,2.592672985047102,1.298812748864293,0.039328839629888535,0.2405064683407545,0.09173116460442543,0.013449791818857193,3.7729284512084607,2.661008028024618,0.2838382507334174,1000,9.075186641840233,7.172142947280861,-0.8819603830527805,144
resnet_frozen,fold7_balkan_s,119,0.5572847099034186,False,1,1e-05,1e-05,1.8002373035997152,0.1285883788285511,0.6669047735631466,0.24929529801011086,2.717737387865782,1.407792303711176,0.039481811225414276,0.24051648564636707,0.09669223055243492,0.014166247099637985,3.766608314406946,2.6524221559961525,0.28623556585389476,1000,9.07846756626512,7.173887669971985,-0.8833213877720889,144
resnet_frozen,fold7_balkan_s,120,0.611265789362957,True,0,1e-05,1e-05,1.6986897382885218,0.12133498130632299,0.7695650309324265,0.25020557828247547,2.719738008454442,1.3122833631932735,0.03932656906545162,0.2402981873601675,0.09186203591525555,0.013464989140629768,3.7528679233918902,2.6484520235505924,0.29143361840089,1000,9.02648218766179,7.127201708036075,-0.861814484549551,144
resnet_frozen,fold7_balkan_s,121,0.568497312500403,False,1,1e-05,1e-05,1.7091315295547247,0.1220808235396232,0.6589537225663662,0.24924371764063835,2.6186442729085684,1.3233799617737532,0.0395048875361681,0.24053692258894444,0.09087575599551201,0.0133841373026371,3.7667182703872952,2.645309256966926,0.28619389238689785,1000,9.095029175532408,7.191081175236182,-0.8901990426248818,144
resnet_frozen,fold7_balkan_s,122,0.5628095108448102,False,2,1e-05,1e-05,1.6949946209788322,0.12107104435563087,0.6605290044099092,0.24867094680666924,2.6054638363420963,1.309570899233222,0.03919833339750767,0.24035841971635818,0.09115049242973328,0.013290856033563614,3.761862632172958,2.646040022848221,0.28803302660539476,1000,9.080170651951525,7.1762732200941395,-0.8840280617847194,144
resnet_frozen,fold7_balkan_s,123,0.58596144231244,False,3,1e-05,1e-05,1.6974858734756708,0.12124899096254792,0.6644673682749271,0.24905739724636078,2.612308382987976,1.3109911940991879,0.03947484493255615,0.24028807319700718,0.09184787794947624,0.013456495478749275,3.7639902861890997,2.648508296888644,0.28722744281980106,1000,9.076056746158072,7.1733154573682025,-0.8823212748822371,144
resnet_frozen,fold7_balkan_s,124,0.6016375943017994,False,4,1e-05,1e-05,1.6995773576200008,0.12139838268714291,0.6646287199109793,0.24959762766957283,2.6150688752532005,1.3129189927130938,0.03937608003616333,0.24043653532862663,0.09193857200443745,0.013455161824822426,3.7528943375733843,2.6477298848419633,0.29142364402009513,1000,9.073199679633301,7.1679485647953225,-0.8811363835153971,144
resnet_frozen,fold7_balkan_s,125,0.5840846115883094,False,5,1e-05,1e-05,1.6932678669691086,0.12094770478350776,0.67283770814538,0.25013654865324497,2.6175352670252323,1.3069896399974823,0.03911578841507435,0.24041986279189587,0.0918640810996294,0.013427598401904106,3.7504864246361205,2.63983100002038,0.2923326186208479,1000,9.069090842021499,7.165075600878928,-0.8794330078422969,144
resnet_frozen,fold7_balkan_s,126,0.561121558123559,False,6,1e-05,1e-05,1.7013554368168116,0.12152538834405797,0.6656880304217339,0.2501093987375498,2.618434926494956,1.3166580982506275,0.03943009674549103,0.2402476705610752,0.09044946171343327,0.013103937730193138,3.7431537579280247,2.6414782720512,0.2950970687769917,1000,9.046893273652534,7.1438673600685645,-0.8702440411088328,144
resnet_frozen,fold7_balkan_s,127,0.576065979397791,False,7,1e-05,1e-05,1.6963492687791586,0.12116780491279704,0.6600650437176228,0.25127012841403484,2.608959471806884,1.317017963156104,0.039071615785360336,0.24054507352411747,0.08625838905572891,0.011967072263360023,3.7478340768223877,2.637537125046391,0.29333319087645304,1000,9.071433100472662,7.169374733377045,-0.88040392904849,144
resnet_frozen,fold7_balkan_s,128,0.5719005216719877,False,8,1e-05,1e-05,1.6995524931699038,0.12139660665499312,0.6616975143551826,0.24949315562844276,2.6120238061994314,1.314557883888483,0.03944144770503044,0.24042108841240406,0.09046808071434498,0.013214489445090294,3.7550418033749486,2.636743383329943,0.29061249469925043,1000,9.09648714977608,7.192089866213014,-0.89080510608106,144
resnet_frozen,fold7_balkan_s,129,0.5705814898118455,False,9,1e-05,1e-05,1.6995258815586567,0.12139470582561833,0.6624130941927433,0.24954691715538502,2.6127755548805,1.314526865258813,0.03943192958831787,0.24037359468638897,0.09058323875069618,0.01316651701927185,3.742196873893987,2.6283361383493995,0.29545741953443216,1000,9.055676769410876,7.154691165134226,-0.8738773889571372,144
resnet_frozen,fold7_balkan_s,130,0.5970312077889162,False,10,1e-05,1e-05,1.6969049777835608,0.12120749841311149,0.6331957280635834,0.24548916332423687,2.576889680698514,1.3135599084198475,0.03932433947920799,0.2405378557741642,0.08914564922451973,0.012831825762987137,3.7440529316883038,2.6340306973804144,0.2947583670355832,1000,9.0428139617733,7.1417349565483335,-0.8685578072941869,144
resnet_frozen,fold7_balkan_s,131,0.5748799171840246,True,0,1e-05,1e-05,1.655466865748167,0.11824763326772622,0.6778373625129461,0.24955063685774803,2.584128398448229,1.274905176833272,0.039564382284879684,0.24051610752940178,0.08681020513176918,0.012233765795826912,3.73374320425217,2.6314127786097026,0.298636965196318,1000,9.004763409395064,7.10573892491548,-0.8528657738928724,144
resnet_frozen,fold7_balkan_s,132,0.5648161488809713,True,0,1e-05,1e-05,1.7835575807839632,0.12739697005599737,0.6631370447576046,0.25172049924731255,2.6997454185038805,1.3980536684393883,0.03959638997912407,0.2407078556716442,0.09076155722141266,0.01287878304719925,3.730906015388952,2.6287750104244814,0.2997024607284632,1000,8.994427843879794,7.096259557521358,-0.8486148181682669,144
resnet_frozen,fold7_balkan_s,133,0.5571593300021328,False,1,1e-05,1e-05,1.70016597956419,0.12144042711172785,0.6666960585862398,0.250432638451457,2.618640497326851,1.32128169760108,0.039316797628998756,0.24036543257534504,0.08596067503094673,0.011783594265580177,3.7428336905129735,2.6269850605439804,0.2952176124830259,1000,9.017519172010516,7.118888465460717,-0.8581188726937057,144
resnet_frozen,fold7_balkan_s,134,0.5823456036439084,True,0,1e-05,1e-05,1.6913271974772215,0.12080908553408724,0.6638221349567175,0.2506308574229479,2.607054030522704,1.3123986683785915,0.03928146883845329,0.24042445421218872,0.08607705682516098,0.0117009487003088,3.737972439226368,2.6282037241263945,0.2970471884776563,1000,8.978900822054198,7.082595715469972,-0.8422378239203492,144
resnet_frozen,fold7_balkan_s,135,0.5325771238604834,True,0,1e-05,1e-05,1.7085891366004944,0.12204208118574959,0.6613918319344521,0.24994971603155136,2.6212268862873316,1.3296826053410769,0.03943685255944729,0.24045120738446712,0.08588330447673798,0.01170344091951847,3.7185565980900543,2.6227696520506005,0.3043308022047143,1000,8.927829626207423,7.034578212572752,-0.8213404521485386,144
resnet_frozen,fold7_balkan_s,136,0.5594860031391818,False,1,1e-05,1e-05,1.7087246961891651,0.1220517640135118,0.6825548261404037,0.2523566707968712,2.6449334267526865,1.329915378242731,0.039335109293460846,0.24046344310045242,0.08583239652216434,0.01175961084663868,3.7288243016773666,2.6212929180514046,0.3004837252673931,1000,8.966029552915783,7.073887814087929,-0.8369599076661183,144
resnet_frozen,fold7_balkan_s,137,0.5554985474649397,False,2,1e-05,1e-05,1.7793543320149183,0.1270967380010656,0.666277077049017,0.24953189492225647,2.6964480485767126,1.4005065206438303,0.03904178738594055,0.2404614668339491,0.08606908284127712,0.011822948232293129,3.7225619671898063,2.620656433405826,0.3028313426703636,1000,8.965227507547663,7.070635095719961,-0.8366312762960328,144
resnet_frozen,fold7_balkan_s,138,0.588502474751169,False,3,1e-05,1e-05,1.6971428506076336,0.12122448932911668,0.6635398734360933,0.24926858581602573,2.611258240416646,1.3181704841554165,0.03924364782869816,0.2404318954795599,0.08606460876762867,0.011799599975347519,3.7265837898760243,2.609058779609366,0.30132409932824833,1000,8.9916138548096,7.100801379500929,-0.847458286982564,144
resnet_frozen,fold7_balkan_s,139,0.5748652800508779,False,4,1e-05,1e-05,1.7016854137182236,0.12154895812273026,0.6673906669020653,0.24989093653857708,2.6202711705118418,1.3221080154180527,0.03919726237654686,0.24040384031832218,0.08668793365359306,0.01185699738562107,3.7166133598360984,2.6123049388154755,0.3050576959536062,1000,8.963104213325332,7.0696844417642195,-0.8357614162110949,144
resnet_frozen,fold7_balkan_s,140,0.5538966855457215,False,5,1e-05,1e-05,1.7007956430315971,0.12148540307368551,0.6672133672982454,0.2501514982432127,2.6194535084068775,1.3220228757709265,0.03918800689280033,0.24041001312434673,0.08600946515798569,0.011762173846364021,3.7140196905830174,2.613760544233377,0.3060272999369966,1000,8.953702054752537,7.059626789940314,-0.8319120651991732,144
resnet_frozen,fold7_balkan_s,141,0.5399824972745625,False,6,1e-05,1e-05,1.699894741177559,0.1214210529412542,0.666943347081542,0.24998781643807888,2.6181001160293818,1.3209807705134153,0.03926287218928337,0.24047234654426575,0.08603301458060741,0.011726763099431992,3.7183830167434597,2.613484119763173,0.30439574803761515,1000,8.972925736501262,7.078916083502371,-0.839786774220989,144
resnet_frozen,fold7_balkan_s,142,0.5485262253516888,False,7,1e-05,1e-05,1.701872255653143,0.1215623039752245,0.6643685027956963,0.2504387851804495,2.6179673429578543,1.3228946402668953,0.039181046187877655,0.24062302522361279,0.08596479706466198,0.01179799996316433,3.720980713634896,2.6057007211377257,0.3034234973697777,1000,9.00562229936472,7.107683874847491,-0.853219249859221,144
resnet_frozen,fold7_balkan_s,143,0.5455015276303712,False,8,1e-05,1e-05,1.6956368554383516,0.12111691824559655,0.6609636079519987,0.24974574521183968,2.607643410563469,1.3175273817032576,0.038638921454548836,0.24033291079103947,0.0859809648245573,0.011724621057510376,3.710476849048977,2.598517763197443,0.30735064383458965,1000,8.98230278068723,7.087484674749498,-0.8436340759263314,144
resnet_frozen,fold7_balkan_s,144,0.5508864156279867,False,9,1e-05,1e-05,1.7033578921109438,0.12166842086506742,0.7243026457726955,0.25904178619384766,2.6880116779357195,1.32418018206954,0.039263876155018806,0.24042794480919838,0.08616369217634201,0.011848267167806625,3.7052390369300015,2.600687897942075,0.30930478971384756,1000,8.974796891269104,7.079448954091974,-0.8405541682318876,144
resnet_frozen,fold7_balkan_s,145,0.5525792101914606,False,10,1e-05,1e-05,1.6946384329348803,0.12104560235249144,0.6682963483035564,0.24954460561275482,2.6137572955340147,1.3160775043070316,0.03937194682657719,0.24059984274208546,0.08549532666802406,0.011660922318696976,3.7054354443628212,2.600417501575038,0.3092315629842173,1000,8.979117568912661,7.082874774040063,-0.8423267666736431,144
resnet_frozen,fold7_balkan_s,146,0.5720722042393838,False,11,1e-05,1e-05,1.7058648448437452,0.12184748891741037,0.6698970198631287,0.25057661533355713,2.6276250407099724,1.3262560591101646,0.03980959579348564,0.2406028751283884,0.08594672754406929,0.011827073991298676,3.6953677054753347,2.6033582412108327,0.31298012567675515,1000,8.928565574777993,7.033279857388272,-0.8216407419626577,144
resnet_frozen,fold7_balkan_s,147,0.5617968247288928,False,12,1e-05,1e-05,1.6960715018212795,0.12114796441580568,0.6659993939101696,0.25022183544933796,2.6135894022881985,1.3171343822032213,0.039520299062132835,0.24029758758842945,0.08598217368125916,0.011670844629406929,3.694695457356586,2.5991264640153395,0.31323006335333226,1000,8.941114735794383,7.044190413224026,-0.8267649979883485,144
resnet_frozen,fold7_balkan_s,148,0.5518773510591092,False,13,1e-05,1e-05,1.6917442865669727,0.12083887761192662,0.6650765724480152,0.2494206838309765,2.6075228732079268,1.3130553383380175,0.0389217883348465,0.24051639437675476,0.0860799141228199,0.011684877797961235,3.7004628623006193,2.6067791908794464,0.31108429960472794,1000,8.936536432916373,7.039802039296704,-0.8248946848491965,144
resnet_frozen,fold7_balkan_s,149,0.5451352460406638,True,0,1e-05,1e-05,1.6957675218582153,0.1211262515613011,0.6618054583668709,0.2486577332019806,2.6075260136276484,1.3168644569814205,0.039316246286034584,0.2405830528587103,0.08595769107341766,0.011606212705373764,3.6820911112462396,2.594326363323615,0.3179078619678418,1000,8.885057655303504,6.98892155817784,-0.8039306863777751,144
resnet_frozen,fold7_balkan_s,150,0.5543451346087303,True,0,1e-05,1e-05,1.7135705724358559,0.12239789803113256,0.6623773295432329,0.2501334436237812,2.627460826188326,1.3353376351296902,0.0387240257114172,0.24056659452617168,0.08562828600406647,0.011820893734693527,3.6853814204609123,2.5979020953194976,0.3166882849788373,1000,8.877579738941536,6.98147002616053,-0.8008954857778994,144
resnet_frozen,fold7_balkan_s,151,0.5716721525125453,True,0,1e-05,1e-05,1.7029192764312029,0.12163709117365736,0.663020558655262,0.25084357522428036,2.618110144510865,1.32386670447886,0.039173420518636703,0.24059471301734447,0.08607455715537071,0.011756455525755882,3.684584440141393,2.597030041877232,0.31698379149078715,1000,8.858907874426768,6.96611371515974,-0.7933279470340098,144
resnet_frozen,fold7_balkan_s,152,0.5497474361774313,False,1,1e-05,1e-05,1.734404293820262,0.12388602098716157,0.6611567456275225,0.2499407660216093,2.6468141581863165,1.3401522133499384,0.03913869895040989,0.2405685931444168,0.10081616789102554,0.012254046276211739,3.6880205698904502,2.591521831916647,0.31570927780295177,1000,8.908422235426023,7.0115282497572196,-0.8134305685440124,144
resnet_frozen,fold7_balkan_s,153,0.5517835448655342,False,2,1e-05,1e-05,1.7223320696502924,0.12302371926073517,0.6673658732324839,0.25067929551005363,2.6416298914700747,1.3336244467645884,0.039271384477615356,0.24056712351739407,0.09326518699526787,0.014052068814635277,3.6845589894047666,2.5866703263175697,0.3169932271304805,1000,8.898235014898582,7.004041482700249,-0.8092854452518787,144
resnet_frozen,fold7_balkan_s,154,0.5596592846977314,False,3,1e-05,1e-05,1.7766845561563969,0.12690603972545692,0.6854406856000423,0.2531941197812557,2.7166041303426027,1.3898906633257866,0.03899029456079006,0.24086029082536697,0.0919023435562849,0.013559704646468163,3.6912936855996756,2.586680717736661,0.31449412373102237,1000,8.920019726882991,7.023003819788807,-0.8181552964042271,144
resnet_frozen,fold7_balkan_s,155,0.5676335742511182,False,4,1e-05,1e-05,1.7805122788995504,0.12717944849282503,0.686679545789957,0.25518225133419037,2.7236606273800135,1.3937889207154512,0.03915555588901043,0.24067235179245472,0.09178466349840164,0.013606471940875053,3.68246722912751,2.583360699708476,0.3177685062892843,1000,8.892081858901422,7.0014006721240225,-0.8067840578684624,144
resnet_frozen,fold7_balkan_s,156,0.5548560316285681,False,5,1e-05,1e-05,1.8031898252665997,0.12879927323332854,0.6827766317874193,0.2537481505423784,2.74100573733449,1.4149710983037949,0.03920795954763889,0.24052238278090954,0.09308098815381527,0.013929411768913269,3.6790909187751586,2.581736091142011,0.31901895559478577,1000,8.900065506296773,7.008650371680383,-0.8100299124611687,144
resnet_frozen,fold7_balkan_s,157,0.565826585017236,False,6,1e-05,1e-05,1.8911680523306131,0.1350834323093295,0.6866709254682064,0.2557192910462618,2.8348341211676598,1.4967378824949265,0.03937235660851002,0.24056265130639076,0.09820239432156086,0.014594441279768944,3.676784655565517,2.590754730217485,0.3198724432186455,1000,8.909670429546424,7.012742360152884,-0.8139387779414731,144
resnet_frozen,fold7_balkan_s,158,0.5547979109063179,False,7,1e-05,1e-05,1.8033989742398262,0.12881421244570188,0.6807295884937048,0.2537319790571928,2.7391510736197233,1.41567050665617,0.039264315739274025,0.2406083643436432,0.0925474539399147,0.013780130073428154,3.6901029465256405,2.5936946612886898,0.3149363139479704,1000,8.95464834714384,7.056056522387797,-0.8322993052578607,144
resnet_frozen,fold7_balkan_s,159,0.5581138440898755,False,8,1e-05,1e-05,1.7876405362039804,0.12768860972885573,0.6951989233493805,0.2534249983727932,2.7375740092247725,1.40138472430408,0.03891681507229805,0.2404914628714323,0.09177982620894909,0.013620655983686447,3.679792395213174,2.5866231971349825,0.31875925138649797,1000,8.94396308846628,7.045851145503064,-0.827929080972279,144
resnet_frozen,fold7_balkan_s,160,0.5444411296490961,False,9,1e-05,1e-05,1.8218943644315004,0.13013531174510717,0.8190804664045572,0.2541210874915123,2.896400921046734,1.4339892845600843,0.039146505296230316,0.24078970029950142,0.09268773160874844,0.013814494013786316,3.6763619073893996,2.5797267393272194,0.32002883320704234,1000,8.959032565850649,7.060594860226374,-0.8340939413210369,144
resnet_frozen,fold7_balkan_s,161,0.5169665217573575,False,10,1e-05,1e-05,1.792306987568736,0.12802192768348114,0.6823600009083748,0.2517232969403267,2.727757666260004,1.4053525179624557,0.038908323273062706,0.24098637513816357,0.09185559116303921,0.013683287426829338,3.671404768557791,2.5833057826513404,0.32186131817856267,1000,8.953730120312024,7.052697468483673,-0.8319235495477271,144
resnet_frozen,fold7_balkan_s,162,0.5700265628443917,False,11,1e-05,1e-05,1.8054170235991478,0.12895835882851056,0.6852155532687902,0.25356811843812466,2.745504366233945,1.4191287439316511,0.03904600255191326,0.24066454730927944,0.09156402014195919,0.013531215488910675,3.677630887712615,2.587791453138168,0.3195593370190124,1000,8.977185270073457,7.075375401996361,-0.8415339175325607,144
resnet_frozen,fold7_balkan_s,163,0.5639531696253329,False,12,1e-05,1e-05,1.7820919025689363,0.12729227875492402,0.6794821955263615,0.25226228684186935,2.71514037810266,1.396462993696332,0.03892870433628559,0.24034062772989273,0.0913737416267395,0.013513317331671715,3.6705583852365042,2.5799848168068538,0.32217395007112704,1000,8.946612334417516,7.04760270062164,-0.8290121245570958,144
resnet_frozen,fold7_balkan_s,164,0.5263347477851663,False,13,1e-05,1e-05,1.7794306501746178,0.12710218929818698,0.6858589425683022,0.25398076698184013,2.7205556742846966,1.393406592309475,0.038926562294363976,0.24048154056072235,0.09171550907194614,0.013446761295199394,3.6639729367758003,2.573230663656779,0.32460398046267624,1000,8.927543652671067,7.028152446354101,-0.8212237727651104,144
resnet_frozen,fold7_balkan_s,165,0.5475204702503697,False,14,1e-05,1e-05,1.7818973828107119,0.1272783844864794,0.6926131509244442,0.2528645657002926,2.728667451068759,1.3954706005752087,0.0391205009073019,0.24053741060197353,0.09182646870613098,0.013476597145199776,3.6696761940977853,2.5778407526998492,0.3224997317168784,1000,8.966176842773828,7.063340501285037,-0.8370202616466187,144
resnet_frozen,fold7_balkan_s,166,0.5672466107717538,False,15,1e-05,1e-05,1.7992253731936216,0.12851609808525868,0.6845692116767168,0.25358293764293194,2.738642392680049,1.4119414780288935,0.039042528718709946,0.2405514307320118,0.09241043776273727,0.013790136203169823,3.670631808655474,2.5674235930540568,0.32214683223313345,1000,8.955029365123671,7.056390188184324,-0.8324552363018254,144
resnet_frozen,fold7_balkan_s,167,0.5278516346017867,False,16,1e-05,1e-05,1.7870605271309614,0.1276471805093544,0.6826438866555691,0.2529114577919245,2.723935494199395,1.400629686191678,0.03901001811027527,0.24037406779825687,0.09198981896042824,0.013592204079031944,3.6596061307186805,2.5725716215129744,0.3262129256948877,1000,8.901968968338373,7.00311810344639,-0.8108042194944611,144
resnet_frozen,fold7_balkan_s,168,0.5395163669964756,False,17,1e-05,1e-05,1.7838278617709875,0.12741627584078483,0.6869567837566137,0.2536393776535988,2.725717334076762,1.3967242613434792,0.03891155682504177,0.24076203256845474,0.09233816899359226,0.01362040638923645,3.6643092215583644,2.571055453304445,0.32447999710884445,1000,8.925930393094704,7.028343352270473,-0.8205656205700962,144
resnet_frozen,fold7_balkan_s,169,0.5600049506831573,False,18,1e-05,1e-05,1.8687374666333199,0.13348124761666572,0.682146105915308,0.2520266156643629,2.804204698652029,1.476527128368616,0.03930567391216755,0.24061540327966213,0.09657622873783112,0.014189271256327629,3.654349289847076,2.56876830279086,0.32814725816560464,1000,8.901805579527963,7.003518878031686,-0.8107377482602494,144
resnet_frozen,fold7_balkan_s,170,0.5362364911086644,False,19,1e-05,1e-05,1.828040774911642,0.13057434106511728,0.6866000015288591,0.2530136778950691,2.768949154764414,1.4420261457562447,0.03880437836050987,0.24056611396372318,0.09152408875524998,0.013642711564898491,3.652518702220776,2.565867227958016,0.32882019727060985,1000,8.884414834725375,6.988540312727667,-0.8036696724679249,144
resnet_frozen,fold7_balkan_s,171,0.5516785253785329,False,20,1e-05,1e-05,1.837604934349656,0.13125749531068973,0.6870538517832756,0.2537329364567995,2.7796805277466774,1.4509930815547705,0.038909075781702995,0.24090889655053616,0.09178037755191326,0.013558244332671165,3.653273388181572,2.5595864761433105,0.3285428093389505,1000,8.899937871949923,7.0037428396823,-0.8099779981625679,144
resnet_frozen,fold7_balkan_s,172,0.5448957354926395,False,21,1e-05,1e-05,1.8357565011829138,0.13112546437020814,0.6894780844449997,0.2545621991157532,2.781112916767597,1.4490474127233028,0.03894185647368431,0.24057219736278057,0.09223690070211887,0.013502471148967743,3.6483389809870626,2.5591474478863474,0.33035543340135476,1000,8.881511886697195,6.986648880108272,-0.8024911809179731,144
resnet_frozen,fold7_balkan_s,173,0.524483751777453,False,22,1e-05,1e-05,1.8375913742929697,0.13125652673521213,0.6944134701043367,0.25464649870991707,2.787906013429165,1.4515432342886925,0.03906884975731373,0.2403750028461218,0.09161004796624184,0.013521863147616386,3.646363732115124,2.562163437230622,0.33108034225214256,1000,8.873528432694432,6.9791270451648675,-0.7992521742950318,144
resnet_frozen,fold7_balkan_s,174,0.5126512482092523,False,23,1e-05,1e-05,1.8326840363442898,0.1309060025960207,0.692230436950922,0.25452820770442486,2.7807372137904167,1.446931017562747,0.038667043671011925,0.24054700508713722,0.09166054055094719,0.013432720676064491,3.653146345435647,2.5654200982090516,0.3285895084347956,1000,8.90049019009045,7.004489158969646,-0.8102026547200027,144
resnet_frozen,fold7_balkan_s,175,0.5085943085508463,False,24,1e-05,1e-05,1.8299032133072615,0.1307073723790901,0.6930124871432781,0.25390127673745155,2.77811330743134,1.4441778976470232,0.038547420874238014,0.2404856514185667,0.09169181250035763,0.013515286147594452,3.6374175776353597,2.5494434895621665,0.33435863153202827,1000,8.876766081288844,6.9841229736658725,-0.8005653856184902,144
resnet_frozen,fold7_balkan_s,176,0.5403987491819779,False,25,1e-05,1e-05,1.8325559943914413,0.1308968567422458,0.690548675134778,0.25349186547100544,2.7778980880975723,1.4460341688245535,0.03915628790855408,0.24061367101967335,0.09171721898019314,0.013545779511332512,3.6377979643370955,2.5538125746147253,0.334219403984643,1000,8.869101142338195,6.975318777147968,-0.7974572119732193,144
resnet_frozen,fold8_poland,1,0.8069190651914698,True,0,1e-05,1e-05,1.6833497826009989,0.12948844481546146,0.6785281207412481,0.47381614334881306,2.836919367313385,1.3105821646749973,0.034768711775541306,0.23847804591059685,0.08509567752480507,0.013040609657764435,5.439491601341911,3.6423446883015482,-0.04261386159304137,1000,5.550723226421311,4.834385281342376,-2.4717730979769468,277
resnet_frozen,fold8_poland,2,0.7840982376366505,False,1,1e-05,1e-05,1.6678878664970398,0.12829906665361845,0.6742412745952606,0.4550231993198395,2.7984513882547617,1.3141613956540823,0.03466865234076977,0.22009557858109474,0.08506332896649837,0.0125459935516119,5.475107186633493,3.674806511815763,-0.056311785056890384,1000,5.588786573088652,4.871097652969313,-2.5195507978735603,277
resnet_frozen,fold8_poland,3,0.7959150972113652,False,2,1e-05,1e-05,1.6630770079791546,0.12792900061378112,0.6810901015996933,0.4553794488310814,2.8008320722728968,1.3105039596557617,0.034540021792054176,0.2200109250843525,0.08423028886318207,0.012446315959095955,5.505711553412984,3.699406930029095,-0.06815378335661704,1000,5.622575582776106,4.90658433277919,-2.5622368541811715,277
resnet_frozen,fold8_poland,4,0.7849280635774213,False,3,1e-05,1e-05,1.6599873937666416,0.12769133798204935,0.6776665281504393,0.4663389716297388,2.805278856307268,1.3073351066559553,0.03468783013522625,0.21995102241635323,0.0843137614428997,0.012383099645376205,5.493950223941477,3.6842442317027015,-0.0635950664767222,1000,5.7219479694101665,5.001351233719062,-2.6892662315662568,277
resnet_frozen,fold8_poland,5,0.7849035724241805,False,4,1e-05,1e-05,1.6966490875929594,0.1305114682763815,0.6701061185449362,0.454901609569788,2.823031958192587,1.3386065606027842,0.034882111474871635,0.2201121561229229,0.08855955488979816,0.013068806380033493,5.47017699307757,3.6568482061167935,-0.05441027824672595,1000,5.769886244504092,5.056823420586236,-2.751342262843448,277
resnet_frozen,fold8_poland,6,0.7717643419694838,False,5,1e-05,1e-05,1.6213296856731176,0.12471766812870136,0.6713650412857533,0.45365834794938564,2.747613575309515,1.2699750550091267,0.034901659935712814,0.21982999332249165,0.08315230347216129,0.01215171255171299,5.440196879942639,3.6223147706180643,-0.04288424749325337,1000,5.839651194873997,5.126463871462459,-2.842607291392294,277
resnet_frozen,fold8_poland,7,0.7770906334890656,False,6,1e-05,1e-05,1.6136411670595407,0.12412624361996467,0.6653234008699656,0.4536458570510149,2.733898777514696,1.2622048445045948,0.03480578400194645,0.2200028859078884,0.08320513181388378,0.012104054912924767,5.415436752726566,3.600991684099897,-0.033412831249488795,1000,5.802482870005788,5.087567489271886,-2.79384795655489,277
resnet_frozen,fold8_poland,8,0.7684877695920254,False,7,1e-05,1e-05,1.6117093246430159,0.12397764035715507,0.6719136796891689,0.45485834777355194,2.7397556230425835,1.2602041643112898,0.034834856167435646,0.22013342566788197,0.08307519182562828,0.01213458739221096,5.368077399515031,3.5703754524420157,-0.015416957042712287,1000,5.842815473530686,5.133997406633203,-2.846772736929161,277
resnet_frozen,fold8_poland,9,0.7682551866971314,False,8,1e-05,1e-05,1.6098002009093761,0.12383078468533662,0.6740103028714657,0.45500815846025944,2.740111893042922,1.2584373410791159,0.034973809495568275,0.21988573111593723,0.08304706029593945,0.012147577479481697,5.364196508645945,3.534107420048285,-0.013949281516945522,1000,5.970774040735595,5.265821754768455,-3.0171075557250546,277
resnet_frozen,fold8_poland,10,0.7748436559529391,False,9,1e-05,1e-05,1.6217044051736593,0.1247464927056661,0.6798418294638395,0.4575302228331566,2.7603643368929625,1.2702715527266264,0.03492073342204094,0.2199452631175518,0.08311346732079983,0.012137124314904213,5.279723532754921,3.4965822703128207,0.017733716569249935,1000,5.896017572742183,5.185443840136384,-2.917145707318901,277
resnet_frozen,fold8_poland,11,0.7514598847443168,False,10,1e-05,1e-05,1.7349691707640886,0.13345916698185298,0.6854036934673786,0.45767015032470226,2.879323346540332,1.3829929642379284,0.03483736142516136,0.2202518042176962,0.08329333737492561,0.012277720496058464,5.277114921915465,3.468771692676457,0.01870411490697077,1000,5.988080500778908,5.285661990243327,-3.0404287085793786,277
resnet_frozen,fold8_poland,12,0.7164657829796849,False,11,1e-05,1e-05,1.7282403893768787,0.13294156841360605,0.6840276848524809,0.45766812190413475,2.871259916573763,1.3766310717910528,0.03493011184036732,0.2200649380683899,0.08314153179526329,0.012132557108998299,5.248199422716519,3.443452257348966,0.029428505994712806,1000,6.030781990949608,5.325484966456885,-3.098259426722013,277
resnet_frozen,fold8_poland,13,0.7409333391369397,False,12,1e-05,1e-05,1.7246685475111008,0.13266681134700775,0.6850472148507833,0.4565932583063841,2.8676081728190184,1.373430484905839,0.03470749035477638,0.22002282552421093,0.083136772736907,0.012055238708853722,5.213937464087451,3.4240592712860733,0.04205955609987222,1000,6.008017263240212,5.301217905249361,-3.0673779669947763,277
resnet_frozen,fold8_poland,14,0.7597954252296368,False,13,1e-05,1e-05,1.7210065722465515,0.1323851209420424,0.684412082657218,0.4571218006312847,2.863837795332074,1.369679344817996,0.034697165712714195,0.2200208157300949,0.08313501812517643,0.012144206091761589,5.174185313070185,3.402177154096248,0.056610949464037996,1000,5.916079037306678,5.210809291003476,-2.9438475856901607,277
resnet_frozen,fold8_poland,15,0.7265590850956574,False,14,1e-05,1e-05,1.723233424127102,0.1325564172405463,0.6860561650246382,0.4572603292763233,2.8678491078317165,1.370966326445341,0.03482414595782757,0.22053473070263863,0.08336674608290195,0.012203294783830643,5.224811049754407,3.3958768140545326,0.03805984992247913,1000,6.070142021549912,5.371952426084784,-3.15192875369502,277
resnet_frozen,fold8_poland,16,0.7535184142803495,False,15,1e-05,1e-05,1.7260184455662966,0.1327706496589459,0.7033940460532904,0.47109599597752094,2.901787528768182,1.374797884374857,0.034863464534282684,0.21987753361463547,0.08305599167943001,0.012112656608223915,5.1478748754466865,3.369685344424699,0.06618071577085849,1000,5.917242870267998,5.2133535323035645,-2.9453994349013057,277
resnet_frozen,fold8_poland,17,0.7333422637264813,False,16,1e-05,1e-05,1.6793670188635588,0.1291820783741199,0.6747102905064821,0.4541953671723604,2.8097481969743967,1.3276155591011047,0.03472132608294487,0.21997217647731304,0.0835264753550291,0.012203915044665337,5.146642108515372,3.3610395766010144,0.06662790756318215,1000,5.977839110092073,5.274225713292725,-3.026619868417753,277
resnet_frozen,fold8_poland,18,0.7245857102120651,False,17,1e-05,1e-05,1.615295110270381,0.12425347002079853,0.6696213837713003,0.4540955852717161,2.7402647621929646,1.264078551903367,0.034724581986665726,0.21991303004324436,0.08308550156652927,0.012183181941509247,5.116713323795201,3.346698918808152,0.07745184629209656,1000,6.009678938233804,5.304102071308674,-3.069628158565001,277
resnet_frozen,fold8_poland,19,0.7164846531591428,False,18,1e-05,1e-05,1.6146305799484253,0.12420235230372502,0.6744158305227757,0.45408028550446033,2.744423907250166,1.2625295501202345,0.03484110347926617,0.220678323879838,0.08315370045602322,0.01212020218372345,5.106505572938381,3.3465060635130053,0.08112910847082178,1000,5.977173110800155,5.268036751709484,-3.0257226958627843,277
resnet_frozen,fold8_poland,20,0.7031202548812052,False,19,1e-05,1e-05,1.6204585954546928,0.12465066118882252,0.6738507095724344,0.4551437571644783,2.750729065388441,1.2694182619452477,0.03454773686826229,0.21999997831881046,0.08309560269117355,0.012089613825082779,5.062839824254873,3.322752734362273,0.09677645795295298,1000,5.943472264569628,5.23016051280174,-2.9804545441665438,277
resnet_frozen,fold8_poland,21,0.6998551798734925,False,20,1e-05,1e-05,1.6197061240673065,0.12459277877440819,0.6732810195535421,0.4551029969006777,2.7493855617940426,1.2673920281231403,0.03496265597641468,0.22060391679406166,0.08332592062652111,0.012099802494049072,5.023964565658532,3.2999076831285343,0.11059409444409851,1000,5.968521865650132,5.25094110083533,-3.0140776225257433,277
resnet_frozen,fold8_poland,22,0.7093975182007441,False,21,1e-05,1e-05,1.611896924674511,0.12399207112880853,0.6712930444628,0.45398701541125774,2.738457515835762,1.260559381917119,0.03472720645368099,0.2200330849736929,0.08317012712359428,0.012077266350388527,5.038163246166752,3.296693146239454,0.1055597295525268,1000,5.970506991125616,5.25785540074477,-3.01674822441949,277
resnet_frozen,fold8_poland,23,0.7095702892394617,False,22,1e-05,1e-05,1.616897501051426,0.12437673085010968,0.6706797052174807,0.45387401431798935,2.7427209708839655,1.265573589131236,0.034867770969867706,0.22001388669013977,0.0830344446003437,0.012077705934643745,5.04960600052539,3.297062347557755,0.10149218247668235,1000,5.957632044339086,5.249055608101403,-2.999443275434281,277
resnet_frozen,fold8_poland,24,0.7171465952157664,False,23,1e-05,1e-05,1.6166272796690464,0.12435594458992665,0.6775817926973104,0.4551840256899595,2.750669529661536,1.265344761312008,0.03486292064189911,0.21991659328341484,0.08305194973945618,0.012117959558963776,5.036457035159673,3.2796736857149593,0.10616544451130006,1000,6.025940077814193,5.319205452175336,-3.091681357618268,277
resnet_frozen,fold8_poland,25,0.7170418100952327,False,24,1e-05,1e-05,1.6200104132294655,0.12461618563303581,0.6759755406528711,0.45434899628162384,2.7516629677265882,1.2685876823961735,0.03493070788681507,0.2199570331722498,0.08308810740709305,0.012122178450226784,4.973175167897547,3.273764718291969,0.12848596300862647,1000,5.953480184232059,5.234511853738322,-2.993870812138829,277
resnet_frozen,fold8_poland,26,0.7115841900496241,False,25,1e-05,1e-05,1.6166199781000614,0.12435538293077396,0.6694396734237671,0.454107454046607,2.741438316181302,1.2648926675319672,0.03496447950601578,0.22010167874395847,0.08316980116069317,0.012157747521996498,5.001364615467601,3.266428964239656,0.11857795599277554,1000,6.0335441802725,5.319887243502826,-3.1020144159927447,277
