station_code,country,land,lat,lon,fold,pollutant,true,pred
AD0942A,AD,,42.50969,1.53914,fold1_iberia,pm25,6.530256516739194,9.538625385876985
ES0001R,ES,,39.54694,-4.35056,fold1_iberia,pm25,8.071823233153939,9.148953254113252
ES0006R,ES,,39.87528,4.31639,fold1_iberia,pm25,4.417391409032867,8.708392338746176
ES0010R,ES,,42.31917,3.31583,fold1_iberia,pm25,7.158415910931605,8.796181540637404
ES0011R,ES,,38.47278,-6.92361,fold1_iberia,pm25,10.03999999490177,8.536327776486658
ES0012R,ES,,39.08278,-1.10111,fold1_iberia,pm25,5.696531888102402,9.242970746642868
ES0013R,ES,,41.23889,-5.8975,fold1_iberia,pm25,4.367231749677824,9.011723769515934
ES0014R,ES,,41.39389,0.73472,fold1_iberia,pm25,5.871257602138668,9.266844950087785
ES0016R,ES,,42.63472,-7.70472,fold1_iberia,pm25,4.023121317928194,8.93165012748176
ES0041A,ES,,43.25883,-2.94565,fold1_iberia,pm25,10.13084094422823,11.222345742104586
ES0094A,ES,,43.40556,-7.98889,fold1_iberia,pm25,5.256614538240563,9.347052334619338
ES0110A,ES,,43.30278,-2.97722,fold1_iberia,pm25,8.29836310403051,9.97350338033171
ES0118A,ES,,40.42167,-3.68222,fold1_iberia,pm25,10.008487275313685,10.508902773367945
ES0126A,ES,,40.39472,-3.73194,fold1_iberia,pm25,12.948717849169926,10.361617092566444
ES0201A,ES,,43.45,-7.84722,fold1_iberia,pm25,5.398169772827739,9.8752555811049
ES0339A,ES,,43.687165,-7.506945,fold1_iberia,pm25,5.9164816307934975,9.607824898377384
ES0343A,ES,,43.6844,-7.4319,fold1_iberia,pm25,6.5210252990860464,9.19952350831992
ES0392A,ES,,41.39417,1.84028,fold1_iberia,pm25,10.512157537693874,9.374424945941351
ES0559A,ES,,41.38917,2.16528,fold1_iberia,pm25,15.405521531144366,10.789489438382601
ES0567A,ES,,41.38611,2.12167,fold1_iberia,pm25,11.892463707025433,10.532240812588025
ES0587A,ES,,43.32074,-3.11272,fold1_iberia,pm25,5.959809601855411,9.879297477144931
ES0691A,ES,,41.40417,2.20528,fold1_iberia,pm25,13.150285651798727,10.32148253455709
ES0692A,ES,,41.37194,2.11583,fold1_iberia,pm25,9.175135980014614,10.119471819827796
ES0805A,ES,,43.241105000000005,-2.883935,fold1_iberia,pm25,8.109898915139464,10.532812267892828
ES0825A,ES,,43.30639,-5.68972,fold1_iberia,pm25,8.192191924438703,10.103322115743758
ES0880A,ES,,43.5512,-5.9197,fold1_iberia,pm25,8.940944531247792,11.192538194713977
ES1037A,ES,,43.36764,-4.043195,fold1_iberia,pm25,8.203125063267965,9.716403842528626
ES1044A,ES,,41.67028,-0.87111,fold1_iberia,pm25,7.303960274255252,9.234941065947089
ES1096A,ES,,42.35194,-7.87694,fold1_iberia,pm25,19.329134923485245,10.029782447871902
ES1137A,ES,,42.21917,-8.74194,fold1_iberia,pm25,8.576424046934854,10.866471578909248
ES1138A,ES,,43.36778,-8.41889,fold1_iberia,pm25,8.785918066359452,9.972537107187929
ES1148A,ES,,41.43333,2.22,fold1_iberia,pm25,10.665358257363602,10.498953520132451
ES1161A,ES,,42.6039,-5.5872,fold1_iberia,pm25,8.68306849267215,10.820607770244603
ES1162A,ES,,41.31639,-4.90917,fold1_iberia,pm25,6.784844669995919,10.666987628036491
ES1181A,ES,,39.48111,-0.44722,fold1_iberia,pm25,12.097776637255325,9.76060335472688
ES1185A,ES,,39.66722,-0.23472,fold1_iberia,pm25,5.5673154343374645,9.791794199988418
ES1193A,ES,,40.42,-3.74917,fold1_iberia,pm25,6.017180281639929,8.94950928716968
ES1222A,ES,,41.69306,2.44194,fold1_iberia,pm25,7.801763018284594,10.57257774460571
ES1239A,ES,,39.45611,-0.37583,fold1_iberia,pm25,6.065852451608064,9.616320077019445
ES1244A,ES,,43.2675,-2.9352,fold1_iberia,pm25,8.09392414947538,10.900753087602775
ES1248A,ES,,42.4054,1.13,fold1_iberia,pm25,5.2158001854138005,9.55170813510498
ES1253A,ES,,38.09293,-3.78392,fold1_iberia,pm25,13.570283459497814,9.652896973860202
ES1262A,ES,,41.56199,2.10209,fold1_iberia,pm25,11.435747777164128,10.394938042279643
ES1269A,ES,,43.36686,-5.8321950000000005,fold1_iberia,pm25,11.984618218501852,10.430544021095058
ES1271A,ES,,43.539955000000006,-5.697505,fold1_iberia,pm25,11.409027206429117,10.586877293832947
ES1272A,ES,,43.53111,-5.70583,fold1_iberia,pm25,10.805862508974768,9.963723765686922
ES1349A,ES,,43.14407,-2.96337,fold1_iberia,pm25,8.4748365673995,10.251444978574487
ES1353A,ES,,43.29552,-5.681464999999999,fold1_iberia,pm25,9.898928333202406,9.970480090392936
ES1386A,ES,,40.01278,-0.05722,fold1_iberia,pm25,3.0341173559053014,10.154274435236253
ES1418A,ES,,41.76278,-1.14333,fold1_iberia,pm25,10.114006512437863,10.321911944137817
ES1421A,ES,,40.33639,-1.10667,fold1_iberia,pm25,8.87362633815193,11.112022734612955
ES1432A,ES,,43.17829,-6.54996,fold1_iberia,pm25,8.167237787555914,9.19210705287529
ES1438A,ES,,41.385705,2.15454,fold1_iberia,pm25,10.492013798640924,10.272976222093098
ES1440A,ES,,42.21028,-8.73694,fold1_iberia,pm25,10.756183423343652,10.626245492210064
ES1443A,ES,,42.33611,-3.63611,fold1_iberia,pm25,5.794428798778728,10.258844221678752
ES1445A,ES,,39.98194,0.01056,fold1_iberia,pm25,4.85521818676705,9.45799900655747
ES1472A,ES,,42.80661,-1.652195,fold1_iberia,pm25,12.256198421599471,10.958432024037807
ES1489A,ES,,42.87524,-3.231545,fold1_iberia,pm25,4.402880588396515,8.916519476104947
ES1490A,ES,,43.17222,-2.63583,fold1_iberia,pm25,9.151101320833764,10.278341311936313
ES1491A,ES,,43.406015,-2.703535,fold1_iberia,pm25,4.708046632302561,9.560320897149008
ES1492A,ES,,42.85556,-2.66806,fold1_iberia,pm25,7.874765815978056,11.178821948286375
ES1494A,ES,,43.32278,-1.96028,fold1_iberia,pm25,6.911456641516087,10.224341521525098
ES1497A,ES,,43.2675,-1.9777,fold1_iberia,pm25,7.607375107035047,10.255578789010752
ES1498A,ES,,43.13083,-2.07778,fold1_iberia,pm25,7.754153599767893,9.860638356763777
ES1499A,ES,,43.04822,-2.1912450000000003,fold1_iberia,pm25,9.859648461352865,9.503482400334272
ES1501A,ES,,43.18,-2.26806,fold1_iberia,pm25,7.631824707453818,10.04074667510043
ES1502A,ES,,42.85476,-2.68063,fold1_iberia,pm25,7.2187517480652446,11.097760701420611
ES1525A,ES,,40.44528,-3.70639,fold1_iberia,pm25,9.227409459893831,10.422814756167492
ES1529A,ES,,43.46778,-3.79028,fold1_iberia,pm25,7.380952401021734,10.759861160958454
ES1530A,ES,,43.006525,-4.13556,fold1_iberia,pm25,5.4531249735801595,9.39099786703084
ES1543A,ES,,40.735,-0.16944,fold1_iberia,pm25,2.8609026297931694,9.72127756826607
ES1544A,ES,,42.849085,-2.43546,fold1_iberia,pm25,7.750161448211639,10.07003629543545
ES1559A,ES,,41.96028,3.03917,fold1_iberia,pm25,9.90902139374749,10.7544054035198
ES1563A,ES,,40.47925,-3.377865,fold1_iberia,pm25,10.757897655155276,10.195267284466999
ES1567A,ES,,40.33971,-3.745165,fold1_iberia,pm25,9.902090237795619,11.456435789265585
ES1572A,ES,,43.37278,-5.87278,fold1_iberia,pm25,5.96013863822533,9.037160860625155
ES1578A,ES,,43.38264,-3.220975,fold1_iberia,pm25,6.156249996670403,9.931367362853155
ES1595A,ES,,43.29846,-2.93038,fold1_iberia,pm25,8.061870775244696,9.751065554036677
ES1598A,ES,,43.212985,-3.13442,fold1_iberia,pm25,8.119774891829241,9.897515456900276
ES1599A,ES,,43.25056,-2.155,fold1_iberia,pm25,4.899206865976101,9.366497103098776
ES1601A,ES,,38.88763,-7.01145,fold1_iberia,pm25,8.417333281602042,9.987194832064212
ES1602A,ES,,42.46389,-2.42778,fold1_iberia,pm25,10.716965587529643,11.364011810506197
ES1616A,ES,,39.84917,-5.93972,fold1_iberia,pm25,6.721333388447889,9.233155144342993
ES1619A,ES,,39.47806,-0.36833,fold1_iberia,pm25,12.210210251179035,9.69407355989964
ES1631A,ES,,41.64556,-4.73028,fold1_iberia,pm25,9.299984435567517,10.48674674418843
ES1632A,ES,,41.62056,-4.74667,fold1_iberia,pm25,7.105269025326786,10.171782657207016
ES1636A,ES,,41.65611,-4.73389,fold1_iberia,pm25,9.098077960515557,10.267237646456577
ES1641A,ES,,41.63528,-0.89361,fold1_iberia,pm25,10.23529411524026,9.601044005466001
ES1642A,ES,,41.936185,2.2393,fold1_iberia,pm25,9.948967726220504,10.287765641472399
ES1649A,ES,,42.17583,-1.74333,fold1_iberia,pm25,7.322373267537539,9.863450972020859
ES1654A,ES,,37.99435,-5.66687,fold1_iberia,pm25,5.325514606177968,9.385413449359751
ES1670A,ES,,39.55861,-1.28139,fold1_iberia,pm25,4.788252238835744,10.017792608576867
ES1671A,ES,,39.70806,-0.83194,fold1_iberia,pm25,4.367222355996292,9.049471475175531
ES1673A,ES,,42.84361,-2.66139,fold1_iberia,pm25,9.344019121391998,11.18025157653407
ES1684A,ES,,41.49333,2.04361,fold1_iberia,pm25,9.265213356900093,10.234217455396163
ES1685A,ES,,40.05194,-0.18972,fold1_iberia,pm25,6.271420015576102,9.832746592536017
ES1687A,ES,,40.06222,0.07278,fold1_iberia,pm25,3.9615454319617394,10.193176805154573
ES1691A,ES,,39.93056,-0.60333,fold1_iberia,pm25,4.6809595597364,9.551116255018838
ES1697A,ES,,43.30944,-2.01111,fold1_iberia,pm25,6.434141061091997,11.007707217132513
ES1712A,ES,,43.2984,-2.9871,fold1_iberia,pm25,8.21899376684197,11.07563928061223
ES1713A,ES,,43.255,-2.90222,fold1_iberia,pm25,7.980431368955702,10.323140192150957
ES1718A,ES,,38.1744,-3.01022,fold1_iberia,pm25,12.964912317114736,9.491632809319752
ES1746A,ES,,42.34167,-2.23167,fold1_iberia,pm25,5.832287918467989,10.132517913725842
ES1752A,ES,,40.455,-3.48417,fold1_iberia,pm25,10.157492103676864,10.475681839194822
ES1753A,ES,,42.34,-2.05972,fold1_iberia,pm25,6.929201117282425,9.571116903406395
ES1779A,ES,,42.43889,-2.25028,fold1_iberia,pm25,5.700964511199629,10.192512404667015
ES1798A,ES,,43.35417,-8.42472,fold1_iberia,pm25,10.084868765987869,9.942610888558411
ES1799A,ES,,37.89261,-4.76234,fold1_iberia,pm25,10.589062496780034,9.019983648042942
ES1802A,ES,,40.91028,-3.46667,fold1_iberia,pm25,5.829406278440019,9.045703822351873
ES1803A,ES,,40.63389,-4.01333,fold1_iberia,pm25,12.293874493265223,10.54754051441106
ES1809A,ES,,40.18528,-3.67972,fold1_iberia,pm25,11.418997889700853,10.046423214641072
ES1810A,ES,,40.25194,-4.27472,fold1_iberia,pm25,6.9588815882624315,9.419805104899503
ES1811A,ES,,40.16722,-3.27667,fold1_iberia,pm25,9.28655897100438,9.61407210144656
ES1818A,ES,,39.86806,-4.02083,fold1_iberia,pm25,9.853750600377694,9.62750399101001
ES1828A,ES,,40.01061,3.85758,fold1_iberia,pm25,9.398244967810491,9.917883584109179
ES1836A,ES,,41.64222,-0.86194,fold1_iberia,pm25,8.535911708640606,9.183882508427093
ES1838A,ES,,40.59333,-3.50306,fold1_iberia,pm25,8.390527796972624,10.385555617088015
ES1851A,ES,,42.09778,1.84833,fold1_iberia,pm25,7.662378190350341,10.262934056945719
ES1856A,ES,,41.426105,2.1480300000000003,fold1_iberia,pm25,10.10068260540268,9.871558255515637
ES1857A,ES,,38.993895,-3.93779,fold1_iberia,pm25,7.150181765869786,10.238013926457647
ES1858A,ES,,40.06192,-2.12957,fold1_iberia,pm25,11.143809301665202,10.065503837258357
ES1867A,ES,,43.48056,-8.24139,fold1_iberia,pm25,6.163654077282503,10.585441003849928
ES1868A,ES,,42.87583,-8.55917,fold1_iberia,pm25,5.861956067929899,9.569472598220806
ES1869A,ES,,40.4303,-3.544115,fold1_iberia,pm25,9.824067074991591,10.579589259712813
ES1877A,ES,,39.94528,-0.05639,fold1_iberia,pm25,11.614986596216305,10.083394009074645
ES1884A,ES,,39.63417,-0.26583,fold1_iberia,pm25,7.2754477512594615,9.823324119757611
ES1885A,ES,,39.48028,-0.33639,fold1_iberia,pm25,10.732161964666908,9.261608925999509
ES1889A,ES,,40.96083,-5.63972,fold1_iberia,pm25,4.484416979069874,9.894507663764408
ES1890A,ES,,40.34194,-3.83389,fold1_iberia,pm25,11.09460531376186,10.624975688314988
ES1891A,ES,,41.599765000000005,2.2877150000000004,fold1_iberia,pm25,12.002623909780638,10.643031826530757
ES1901A,ES,,42.88778,-8.53083,fold1_iberia,pm25,7.182155982267047,10.576988655947842
ES1905A,ES,,42.99806,-7.55,fold1_iberia,pm25,7.572048666763301,9.709514866733072
ES1907A,ES,,43.30222,-8.50556,fold1_iberia,pm25,6.530567213737168,10.21001936625865
ES1911A,ES,,39.70528,-0.33667,fold1_iberia,pm25,3.416148805367857,9.61822438265486
ES1912A,ES,,39.4575,-0.34278,fold1_iberia,pm25,10.48757842895225,9.374416604328554
ES1916A,ES,,39.99583,-0.065,fold1_iberia,pm25,14.691642531129661,10.076857968728293
ES1922A,ES,,42.0194,-4.5383,fold1_iberia,pm25,7.014921726842139,10.619729899111771
ES1926A,ES,,39.48111,-0.40833,fold1_iberia,pm25,9.670808212870888,9.945714640988287
ES1937A,ES,,40.39806,-3.68667,fold1_iberia,pm25,8.165796349690789,10.922077121541376
ES1938A,ES,,40.43972,-3.69028,fold1_iberia,pm25,9.617839994191604,11.234574767551162
ES1940A,ES,,40.46583,-3.68833,fold1_iberia,pm25,8.727459463532684,10.730596088787633
ES1943A,ES,,40.3847,-3.7186,fold1_iberia,pm25,9.778761834268295,10.840795450499717
ES1944A,ES,,40.49417,-3.66028,fold1_iberia,pm25,7.740149527358237,10.638746387867513
ES1957A,ES,,43.3825,-8.40889,fold1_iberia,pm25,11.850600847717146,9.49809345566636
ES1974A,ES,,43.51667,-5.67056,fold1_iberia,pm25,6.917122449638442,10.288439692388437
ES2005A,ES,,42.953605,-9.186105,fold1_iberia,pm25,9.912051809942007,10.00851806131509
ES2010A,ES,,41.63,-4.74056,fold1_iberia,pm25,8.91564082546572,10.512351559312801
ES2014A,ES,,42.061635,-7.408720000000001,fold1_iberia,pm25,4.252388511721705,9.047104476194974
ES2018A,ES,,39.78222,-0.35917,fold1_iberia,pm25,5.993628045583251,9.816462396325667
ES2028A,ES,,40.31455,-3.716865,fold1_iberia,pm25,8.339673584245451,10.265450222422487
ES2039A,ES,,43.5197,-8.1502,fold1_iberia,pm25,5.992546751009247,9.357767751535889
ES2041A,ES,,41.91614,0.1911,fold1_iberia,pm25,10.010989002757078,9.501072433675441
ES2051A,ES,,43.4015,-5.8028,fold1_iberia,pm25,9.07336490510514,9.700251095452517
ES2054A,ES,,43.5705,-5.9583,fold1_iberia,pm25,6.015344554886891,10.310705508998252
ES2061A,ES,,42.425915,-8.644,fold1_iberia,pm25,5.045021025021774,10.947809799835321
ES2069A,ES,,43.5229,-5.6895,fold1_iberia,pm25,6.949857878732222,9.700606547763293
ES2070A,ES,,40.94667,-0.29083,fold1_iberia,pm25,7.176829346918053,8.61127215720683
ES2084A,ES,,42.6563,-8.1071,fold1_iberia,pm25,4.686879745097407,9.48038606059702
ES2085A,ES,,42.0607,-7.7299,fold1_iberia,pm25,4.935266281450181,10.368352501786873
ES2089A,ES,,41.6752,-0.8869,fold1_iberia,pm25,7.061112466585612,9.410420920576758
ES2093A,ES,,40.8251,-3.9612,fold1_iberia,pm25,6.877799160579781,9.38346969839933
ES2094A,ES,,42.06,-1.601,fold1_iberia,pm25,6.764554345804186,10.303832212957111
ES2095A,ES,,39.44833,-0.37647,fold1_iberia,pm25,12.123422608026242,9.857974907306255
ES2101A,ES,,43.31217,-1.98083,fold1_iberia,pm25,7.744261055423611,10.505129968546655
ES2102A,ES,,43.1407,-8.0331,fold1_iberia,pm25,5.884557210956824,9.036063810727091
ES2103A,ES,,43.12518,-2.31811,fold1_iberia,pm25,9.46048786142161,8.175214520273435
ES2118A,ES,,43.27379,-2.05051,fold1_iberia,pm25,7.284057806045916,9.823533970303242
ES2119A,ES,,43.26874,-2.01913,fold1_iberia,pm25,6.830729489750854,10.238105273253295
ES2120A,ES,,43.27209,-2.03131,fold1_iberia,pm25,7.720495009301444,9.31003188070941
ES2121A,ES,,43.2213,-2.02328,fold1_iberia,pm25,8.054469295614975,10.31220004453026
ES2125A,ES,,43.21901,-2.73453,fold1_iberia,pm25,9.276360367475426,10.119604395312225
ES2127A,ES,,43.33306,-3.04256,fold1_iberia,pm25,7.758425538327318,10.180754422531304
ES2129A,ES,,43.3621,-3.0228,fold1_iberia,pm25,8.014237882132393,10.088040756563924
ES2132A,ES,,43.5427,-5.7093,fold1_iberia,pm25,10.58925886144344,10.330525397863633
ES2133A,ES,,40.5684,-3.2702,fold1_iberia,pm25,7.544022496182377,10.67339843002221
ES2135A,ES,,38.6791,-4.1078,fold1_iberia,pm25,11.063039690610086,9.769275145141208
ES2137A,ES,,39.5769,-3.8652,fold1_iberia,pm25,6.206057253633547,9.672224484175116
ES2138A,ES,,38.9808,-1.8452,fold1_iberia,pm25,7.916577105647165,9.630819487010108
ES2140A,ES,,43.34305,-8.44914,fold1_iberia,pm25,7.5894063308465975,9.721817321843998
ES2143A,ES,,43.6591,-7.3632,fold1_iberia,pm25,3.7396505211898208,9.72377980546588
ES2146A,ES,,39.9694,0.0089,fold1_iberia,pm25,6.321818129613786,9.257450351158338
ES2159A,ES,,40.4491,-3.8037,fold1_iberia,pm25,10.091323178239522,10.785962143176256
ES2160A,ES,,40.23356,-3.7694,fold1_iberia,pm25,11.240044291561944,10.60473128205022
ES2162A,ES,,41.35457,-1.65257,fold1_iberia,pm25,7.199413473807467,9.866747482195523
ES2163A,ES,,39.46922,-0.40605,fold1_iberia,pm25,13.265648091244723,9.974500236905568
ES2172A,ES,,42.9573,-7.5047,fold1_iberia,pm25,10.027908196312143,8.7641216014452
ES2176A,ES,,43.20364,-8.41414,fold1_iberia,pm25,6.096600060381195,9.56094468489116
ES2182A,ES,,42.71528,-7.44944,fold1_iberia,pm25,6.92765957505613,9.138453780605117
PT01048,PT,,41.37139,-7.79083,fold1_iberia,pm25,3.5767952477544993,9.356352842596635
PT02019,PT,,40.256665,-8.781255,fold1_iberia,pm25,7.5572895167925855,9.927262791982702
PT03063,PT,,38.61944,-9.08111,fold1_iberia,pm25,7.866525050159791,10.048428163439889
PT03071,PT,,38.769445000000005,-9.107645,fold1_iberia,pm25,8.393114480458351,10.240307493796976
PT03072,PT,,38.74861,-9.148895,fold1_iberia,pm25,7.837558860004074,10.10462571544886
PT03083,PT,,38.66361,-9.15778,fold1_iberia,pm25,4.812158980654047,9.48728270389968
PT03089,PT,,38.785,-9.34722,fold1_iberia,pm25,7.361763775298798,10.297737348490088
PT03092,PT,,38.48889,-8.960285,fold1_iberia,pm25,4.9937588953033245,8.862435520105379
PT03096,PT,,39.281945,-8.374035,fold1_iberia,pm25,5.204915850821832,8.517552374937765
PT03099,PT,,38.63556,-8.69056,fold1_iberia,pm25,5.331863316027568,10.13024592691949
PT03102,PT,,39.27833,-9.24583,fold1_iberia,pm25,6.422683594923441,9.812426860658409
PT04001,PT,,37.96042,-8.835695000000001,fold1_iberia,pm25,4.359435243407346,9.693085338171974
PT04003,PT,,37.86889,-8.72028,fold1_iberia,pm25,11.807548886220976,8.502066076359489
PT04006,PT,,38.615,-7.397505,fold1_iberia,pm25,5.242150312177212,9.30118426406642
PT05007,PT,,37.015,-7.926674999999999,fold1_iberia,pm25,2.9053246587877393,8.832224388288418
PT07002,PT,,37.75029,-25.66402,fold1_iberia,pm25,7.417541833988338,10.491277852751258
BELAL02,BE,,51.30505,4.23356,fold2_france,pm25,8.681218949154507,12.072941721070235
BELAL03,BE,,51.254235,4.20087,fold2_france,pm25,9.238707010028772,12.022187537145598
BELAL04,BE,,51.290945,4.292675,fold2_france,pm25,9.544191877259173,11.420290184766134
BELAL05,BE,,51.26365,4.27762,fold2_france,pm25,9.093057376347515,11.94233597675096
BELAT83,BE,,51.3398,4.30499,fold2_france,pm25,8.540394538538406,11.35645963466204
BELEG05,BE,,51.17405,3.78608,fold2_france,pm25,10.08962629347626,11.353863187326306
BELGK37,BE,,50.93175,5.52109,fold2_france,pm25,9.12164825856828,11.211572373307984
BELHB23,BE,,51.17029,4.34093,fold2_france,pm25,7.925452726055046,11.995572835918885
BELHH08,BE,,51.03158,5.37637,fold2_france,pm25,8.550181002499839,11.08392541939631
BELMN01,BE,,50.79355,3.10965,fold2_france,pm25,9.716976184977607,11.413834932421677
BELOB01,BE,,50.91714,3.3074,fold2_france,pm25,10.36288367777019,10.889161425930848
BELRL01,BE,,50.95337,3.12108,fold2_france,pm25,9.441992194751958,11.395796924711851
BELSA04,BE,,51.31474,4.40514,fold2_france,pm25,8.832178251904523,11.70322204187154
BELSZ05,BE,,50.91665,4.51518,fold2_france,pm25,8.387775166811306,11.518255591500795
BETAL09,BE,,51.21989,4.36846,fold2_france,pm25,8.718736639508565,11.812757200062972
BETAL10,BE,,51.21989,4.36846,fold2_france,pm25,9.297160705971041,11.812757200062972
BETB011,BE,,50.85781,4.28871,fold2_france,pm25,7.39546297245242,11.073803712858666
BETDU07,BE,,51.22635,4.44879,fold2_france,pm25,10.08139789113105,11.716326894498778
BETH201,BE,,50.62499,5.54746,fold2_france,pm25,6.07839569223688,10.13839967225241
BETM204,BE,,50.61192,5.61115,fold2_france,pm25,5.472364580135345,11.121790163661558
BETM705,BE,,50.94536,3.1524,fold2_france,pm25,9.874458271047748,11.156819270304737
BETM802,BE,,51.26099,4.4244,fold2_france,pm25,9.776273121463404,11.702864125281412
BETMEU1,BE,,50.895,4.39572,fold2_france,pm25,7.751953020144132,11.597541394818107
BETMK02,BE,,51.25051,4.42752,fold2_france,pm25,9.354446864858186,11.913197180504616
BETN012,BE,,51.25457,3.36254,fold2_france,pm25,8.98779207395998,10.655936098872179
BETN016,BE,,51.23365,5.16398,fold2_france,pm25,8.976011418348504,11.505848858040016
BETN029,BE,,51.01628,2.58232,fold2_france,pm25,8.190187599578195,9.586748557713221
BETN035,BE,,50.97758,4.83762,fold2_france,pm25,8.429980626778136,10.47519926096846
BETN043,BE,,50.88369,4.38298,fold2_france,pm25,6.942298047473933,11.35453104296763
BETN047,BE,,50.93554,5.35321,fold2_france,pm25,8.69070655994754,11.538478136002762
BETN052,BE,,50.81487,3.32249,fold2_france,pm25,9.092285143940522,11.137135088187248
BETN054,BE,,50.71171,5.10316,fold2_france,pm25,7.3277754634738645,11.564926986924727
BETN060,BE,,50.61671,3.45763,fold2_france,pm25,7.933713495928668,10.763198066006593
BETN064,BE,,50.72089,4.49436,fold2_france,pm25,7.838308050914827,10.323839822365603
BETN067,BE,,50.61284,5.99144,fold2_france,pm25,4.923455409253611,9.724488355833795
BETN070,BE,,50.46519,3.93971,fold2_france,pm25,8.123414946568925,11.125341131431275
BETN073,BE,,50.50272,4.98842,fold2_france,pm25,6.631973282839757,9.8841728765233
BETN085,BE,,50.30321,6.00174,fold2_france,pm25,3.3652250195964903,8.900938414771126
BETN093,BE,,50.27448,5.23517,fold2_france,pm25,4.924294725167713,9.497222735385197
BETN100,BE,,50.09568,4.59476,fold2_france,pm25,4.143970770645696,9.520038289463145
BETN113,BE,,50.02703,5.59302,fold2_france,pm25,2.6093013133891456,9.539012525649797
BETN121,BE,,49.87713,5.20239,fold2_france,pm25,3.65486567561004,9.414429680295061
BETN132,BE,,49.71928,5.6304,fold2_france,pm25,4.01644621803198,9.561314797758026
BETR001,BE,,50.84971,4.3341,fold2_france,pm25,8.451866296979752,11.973353551263088
BETR012,BE,,50.79665,4.35862,fold2_france,pm25,6.980590916661752,10.706202004305345
BETR020,BE,,50.94139,4.43672,fold2_france,pm25,9.426401519820176,11.110343072638345
BETR215,BE,,50.72797,5.69015,fold2_france,pm25,6.957012977851402,10.999813050157742
BETR221,BE,,50.65844,5.62784,fold2_france,pm25,6.585254993256254,10.478195253873494
BETR222,BE,,50.61341,5.57022,fold2_france,pm25,6.280439393051234,10.856421610435099
BETR223,BE,,50.62067,5.5164,fold2_france,pm25,6.704483116840218,10.839379651333482
BETR237,BE,,50.65381,5.47038,fold2_france,pm25,6.3449236222935825,11.065503421504658
BETR240,BE,,50.58361,5.39745,fold2_france,pm25,6.461000401765379,10.640443067478227
BETR401,BE,,50.46243,4.86526,fold2_france,pm25,5.629607637318141,10.91123052991095
BETR501,BE,,50.40931,4.45217,fold2_france,pm25,6.3276207177528025,11.345869781454342
BETR502,BE,,50.429,4.45868,fold2_france,pm25,6.5510925623727605,10.881052980071127
BETR503,BE,,50.40919,4.44849,fold2_france,pm25,7.373234859576634,11.297843295353601
BETR510,BE,,50.41643,4.52113,fold2_france,pm25,6.4265052135502545,10.747230307311218
BETR511,BE,,50.37759,4.4247,fold2_france,pm25,6.1802059477415225,10.589375257471554
BETR512,BE,,50.40781,4.3959,fold2_france,pm25,7.08784356040778,11.16128250520568
BETR515,BE,,50.4516,4.42546,fold2_france,pm25,6.98930711817636,9.906969008299045
BETR516,BE,,50.46913,4.48496,fold2_france,pm25,6.067437171774892,9.835838193027374
BETR701,BE,,51.05845,3.72925,fold2_france,pm25,8.944574121089067,11.651062126839554
BETR702,BE,,51.0408,3.7348,fold2_france,pm25,8.758883270789456,11.994873329240248
BETR710,BE,,51.06128,3.77526,fold2_france,pm25,8.980095179286767,10.888346141901101
BETR740,BE,,51.15014,3.80874,fold2_france,pm25,10.761876114112965,11.49818526152806
BETR750,BE,,51.19606,3.82292,fold2_france,pm25,9.29615099669912,11.490851623300438
BETR801,BE,,51.20966,4.43182,fold2_france,pm25,9.290511476219999,12.42179711189321
BETR802,BE,,51.20944,4.43166,fold2_france,pm25,9.687418985018303,12.303156150247055
BETR803,BE,,51.22864,4.42848,fold2_france,pm25,9.696551302862344,12.298559533838377
BETR804,BE,,51.2062,4.442,fold2_france,pm25,9.166773476853454,11.87907218165954
BETR805,BE,,51.20825,4.42154,fold2_france,pm25,10.321517761212904,12.234406794637056
BETR817,BE,,51.17719,4.41796,fold2_france,pm25,9.05435319193841,11.337043619685446
BETR818,BE,,51.21223,4.35048,fold2_france,pm25,8.686574643405377,12.18564384395919
BETR823,BE,,51.21324,4.24049,fold2_france,pm25,8.699221570230032,12.009662297530916
BETR834,BE,,51.09282,4.38137,fold2_france,pm25,8.13466214591716,11.391241697863832
BETR842,BE,,51.02037,4.48326,fold2_france,pm25,8.775122650356382,11.83451670254335
BETREG1,BE,,50.84357,4.36701,fold2_france,pm25,7.967311392668529,11.480087903900397
BETZD01,BE,,51.2155,4.32592,fold2_france,pm25,9.29427035366387,12.12350797031727
BETZD08,BE,,51.22731,4.33152,fold2_france,pm25,8.814964709985693,12.201186627196265
FR01011,FR,,49.11944,6.18083,fold2_france,pm25,8.01300090876752,11.35013885472422
FR01020,FR,,49.35834,6.15694,fold2_france,pm25,7.0054319040831645,10.654276221307567
FR01065,FR,,49.16778,5.38746,fold2_france,pm25,7.564222585542412,11.597689710612379
FR02008,FR,,43.40195,4.98192,fold2_france,pm25,8.056584839269393,9.181978957091887
FR02009,FR,,43.39378,4.80102,fold2_france,pm25,7.42436442969478,9.742954525876128
FR02013,FR,,43.45893,4.93457,fold2_france,pm25,9.086471940613583,10.25420593617289
FR02020,FR,,43.5108,5.22005,fold2_france,pm25,9.129427250687897,9.378851844165744
FR02022,FR,,43.67511,4.62921,fold2_france,pm25,10.323604396023525,10.510580139987738
FR02041,FR,,43.639,5.1011,fold2_france,pm25,7.959308565055991,10.448280613908963
FR02043,FR,,43.41653,5.22228,fold2_france,pm25,9.832107402825015,10.654893097045338
FR03006,FR,,43.27645,5.39736,fold2_france,pm25,10.527139495978277,10.191153415556805
FR03014,FR,,43.34805,5.36012,fold2_france,pm25,8.975504522316486,10.137759094789164
FR03021,FR,,43.52407,5.44816,fold2_france,pm25,17.13611121955853,11.131879292946882
FR03027,FR,,43.3352,5.72737,fold2_france,pm25,7.138020490304764,8.283988541069773
FR03029,FR,,43.53029,5.44091,fold2_france,pm25,7.574232257460881,10.86206908668709
FR03030,FR,,43.45358,5.46667,fold2_france,pm25,10.736700385623577,9.952632501127736
FR03043,FR,,43.30529,5.39472,fold2_france,pm25,8.58551838350195,11.206174215399463
FR03064,FR,,43.1359,6.01151,fold2_france,pm25,8.270200425579223,10.175755411037501
FR03070,FR,,43.43787,6.76839,fold2_france,pm25,7.821898936721905,10.917756420679149
FR03071,FR,,43.13111,5.92418,fold2_france,pm25,7.588164585130043,11.90166735028078
FR03080,FR,,43.94967,4.80434,fold2_france,pm25,9.330763793397143,10.002943468430646
FR03091,FR,,43.9314,4.82688,fold2_france,pm25,12.858914515421821,10.397063247456131
FR04002,FR,,48.93032,2.29435,fold2_france,pm25,9.257534726286499,12.390987701247226
FR04004,FR,,48.89167,2.34667,fold2_france,pm25,7.560457725082367,10.933046337495465
FR04024,FR,,48.99083,2.44472,fold2_france,pm25,7.761727871816318,11.923963672256162
FR04031,FR,,48.86883,2.311585,fold2_france,pm25,9.161509248261106,11.39141456872638
FR04034,FR,,48.7759,2.37579,fold2_france,pm25,8.52469013696496,11.144324480588837
FR04048,FR,,49.10028,2.34389,fold2_france,pm25,6.430594120183681,9.877542660172974
FR04055,FR,,48.86212,2.34462,fold2_france,pm25,9.69521697844894,10.81657712707821
FR04058,FR,,48.92528,2.35667,fold2_france,pm25,13.713617818213134,11.598252299549783
FR04066,FR,,48.36417,2.23694,fold2_france,pm25,6.843961652117269,10.128590358884136
FR04122,FR,,48.52806,2.65361,fold2_france,pm25,9.579883200939298,10.995011428098342
FR04131,FR,,48.87333,2.33028,fold2_france,pm25,7.963950120628499,10.16310053900327
FR04150,FR,,48.89139,2.24056,fold2_france,pm25,8.234287763536743,11.705295044388984
FR04156,FR,,48.9025,2.4525,fold2_france,pm25,7.812827972092572,11.812767029501488
FR04173,FR,,48.8059,3.08416,fold2_france,pm25,8.899413534838564,10.907962574822465
FR04180,FR,,48.64093,2.26872,fold2_france,pm25,11.75976227629491,11.042255768597546
FR04181,FR,,48.63373,1.83053,fold2_france,pm25,7.392428263935373,10.311430842914397
FR04328,FR,,48.3547,2.6453,fold2_france,pm25,5.6765301456065105,9.880511763929169
FR04329,FR,,48.83862,2.41278,fold2_france,pm25,10.549255384144173,12.45437376454303
FR05087,FR,,49.49842,0.7587,fold2_france,pm25,9.133703907541449,9.892384354441676
FR05089,FR,,49.50019,0.1109,fold2_france,pm25,8.456207933559023,10.948540488155416
FR05090,FR,,49.51469,0.10065,fold2_france,pm25,8.83306358389256,10.27289126917757
FR06003,FR,,50.37822,3.06586,fold2_france,pm25,9.616519567517143,10.716219115582556
FR06006,FR,,50.36425,3.52273,fold2_france,pm25,9.485899264058993,12.08588567814216
FR06011,FR,,50.32276,3.39593,fold2_france,pm25,9.34472591458994,11.158130355167879
FR06133,FR,,50.09225,3.85003,fold2_france,pm25,8.230834517709656,9.525206689054487
FR07004,FR,,45.79728,3.11383,fold2_france,pm25,6.535997149134305,11.827281215118918
FR07022,FR,,46.65267,3.60067,fold2_france,pm25,5.815687458847706,9.37872774583105
FR07031,FR,,45.10472,3.27736,fold2_france,pm25,3.647047430050857,8.024760323595288
FR07051,FR,,45.769,3.155,fold2_france,pm25,6.326298505300245,10.220501262276413
FR07052,FR,,44.92008,2.44108,fold2_france,pm25,5.198422934346482,9.875208836047825
FR07057,FR,,46.56197,3.34064,fold2_france,pm25,7.757608192788767,10.165025255638136
FR07058,FR,,46.34072,2.59395,fold2_france,pm25,7.281395794993349,11.074423295302685
FR07059,FR,,46.13043,3.42569,fold2_france,pm25,7.106229885230177,12.2207279646183
FR08016,FR,,43.5915,3.88681,fold2_france,pm25,9.295299258670003,11.2804821478251
FR08020,FR,,43.6758,4.08838,fold2_france,pm25,7.427470607686081,10.54694249026993
FR08030,FR,,43.6096,3.89878,fold2_france,pm25,8.666280948490211,11.013043513016928
FR08614,FR,,43.8344,4.3744,fold2_france,pm25,8.11350821084152,11.744451221605177
FR08714,FR,,42.6955,2.90053,fold2_france,pm25,7.631736470557328,11.35656013549732
FR09003,FR,,46.16265,-1.15368,fold2_france,pm25,6.069542445424238,11.848724570655143
FR09103,FR,,45.64743,0.16716,fold2_france,pm25,7.080836744069239,10.504469902693215
FR09203,FR,,46.16163,-1.21123,fold2_france,pm25,7.448560537403216,10.545085365967319
FR09302,FR,,46.14323,-0.39591,fold2_france,pm25,6.346574544269101,9.165609263266633
FR09303,FR,,46.32003,-0.48286,fold2_france,pm25,7.1262323004874215,10.81706687747629
FR09404,FR,,46.584,0.34558,fold2_france,pm25,7.609638965050875,10.772588457205604
FR10004,FR,,51.04858,2.42004,fold2_france,pm25,10.145759327449875,11.291342544226191
FR10016,FR,,50.94729,1.84308,fold2_france,pm25,9.359292491549398,11.392913682772832
FR10017,FR,,51.03276,2.33236,fold2_france,pm25,9.946705035381058,10.733438655284804
FR10030,FR,,50.71703,1.60591,fold2_france,pm25,9.799518162938357,10.634037513941077
FR10132,FR,,50.61048,1.99145,fold2_france,pm25,8.011841041167564,10.204205469463888
FR11038,FR,,50.73333,3.17361,fold2_france,pm25,9.970275069548975,11.013694588683292
FR12004,FR,,43.57569,1.41806,fold2_france,pm25,8.204649668028136,12.450689043153428
FR12020,FR,,43.6287,0.17907,fold2_france,pm25,5.165671927670784,8.408659517238803
FR12021,FR,,43.62361,1.43853,fold2_france,pm25,7.623981274093367,12.102660022803967
FR12030,FR,,43.58735,1.444,fold2_france,pm25,7.650222852819198,11.83074149946077
FR12042,FR,,43.09625,-0.0405,fold2_france,pm25,7.267641253890823,10.029282198662463
FR12052,FR,,43.2303,0.06234,fold2_france,pm25,8.956675034930454,11.421571935636681
FR12053,FR,,43.6105,2.23015,fold2_france,pm25,8.54142352716222,10.744577828265783
FR12054,FR,,43.64394,1.46824,fold2_france,pm25,8.525019464206691,11.397083155854686
FR12085,FR,,43.61039,1.4152,fold2_france,pm25,10.263554535867494,12.221629363219389
FR12095,FR,,44.35699,2.5707,fold2_france,pm25,6.23762573828208,10.671498234921144
FR14008,FR,,49.90778,4.63,fold2_france,pm25,6.253947815386156,9.321901589083058
FR14011,FR,,49.25073,4.02306,fold2_france,pm25,7.615330763174219,11.099798545900802
FR14012,FR,,49.22417,4.02056,fold2_france,pm25,9.139415300549933,10.276973170365109
FR14028,FR,,49.0461,3.95591,fold2_france,pm25,6.559738660539771,10.775609864298229
FR14033,FR,,48.295,4.05028,fold2_france,pm25,5.932301338700868,10.960770783038905
FR14042,FR,,48.64584,4.96611,fold2_france,pm25,6.945662232907718,10.35168546483062
FR15038,FR,,45.1828,5.7531,fold2_france,pm25,9.96406029128114,11.187989322223086
FR15043,FR,,45.1619,5.7356,fold2_france,pm25,9.050380598521272,10.759422560664952
FR15048,FR,,45.2797,5.8822,fold2_france,pm25,9.475824810233853,10.494335676388896
FR15053,FR,,45.15467,5.74523,fold2_france,pm25,9.608914045569978,10.932148628238687
FR16066,FR,,47.73742,7.30908,fold2_france,pm25,8.626749869684271,10.737753098283694
FR16302,FR,,48.49299,7.1298,fold2_france,pm25,4.233481104231003,7.619769645595876
FR18039,FR,,50.12945,1.61083,fold2_france,pm25,8.79330129143679,10.047724201228935
FR18042,FR,,49.85133,3.284,fold2_france,pm25,9.086063290251488,10.60672857911298
FR18043,FR,,49.25955,2.4744,fold2_france,pm25,8.854467433685306,10.846957950563024
FR18053,FR,,49.90167,2.3046,fold2_france,pm25,8.147181991125166,10.479122325565436
FR18057,FR,,49.17493,3.26082,fold2_france,pm25,8.020096892465064,10.21540484462263
FR18058,FR,,49.61563,1.96326,fold2_france,pm25,8.300293607797796,10.093752065868479
FR18080,FR,,49.84282,3.28144,fold2_france,pm25,10.100717206984452,10.63610339541437
FR18089,FR,,49.43593,2.08429,fold2_france,pm25,10.07299578345419,10.303930559920309
FR19002,FR,,48.10861,-1.66586,fold2_france,pm25,7.6840856541540346,10.966900402806736
FR19012,FR,,48.38618,-4.4866,fold2_france,pm25,7.962562735526068,9.68241424035432
FR19014,FR,,48.39746,-4.48871,fold2_france,pm25,7.838276829560991,10.789401835602986
FR19020,FR,,48.26196,-2.94363,fold2_france,pm25,5.374295713307319,9.65240210186207
FR19032,FR,,47.7425,-3.39501,fold2_france,pm25,7.685838006734979,9.300762920975393
FR19033,FR,,47.64892,-2.76399,fold2_france,pm25,7.826339507838599,10.60385268616828
FR19037,FR,,47.75895,-3.36938,fold2_france,pm25,8.138652102380266,9.707288589949183
FR19039,FR,,48.11521,-1.67309,fold2_france,pm25,8.185233081567757,10.424204323945023
FR19053,FR,,47.98661,-4.09766,fold2_france,pm25,6.874093035471842,9.537129585469161
FR19061,FR,,48.51351,-2.74953,fold2_france,pm25,6.58738933372965,10.022033830380819
FR19082,FR,,48.65306,-2.00268,fold2_france,pm25,7.9799907955473675,10.719797403884948
FR20013,FR,,45.72002,4.81816,fold2_france,pm25,11.031941509150359,10.669422331258534
FR20017,FR,,45.73529,4.82979,fold2_france,pm25,10.001421887841728,11.316340077929317
FR20048,FR,,45.7533,5.0722,fold2_france,pm25,8.64506854621914,10.54988623687515
FR20062,FR,,45.75773,4.85421,fold2_france,pm25,9.518655087113501,11.42276501354714
FR20077,FR,,45.99011,4.71557,fold2_france,pm25,9.03593093527524,11.507822930685919
FR21001,FR,,49.19222,-0.39111,fold2_france,pm25,6.888485799946503,10.315468887399282
FR21031,FR,,48.44555,0.11083,fold2_france,pm25,6.821870613512295,9.621400676134918
FR21038,FR,,49.64225,-1.62436,fold2_france,pm25,7.901841840192518,9.884371685914047
FR21039,FR,,49.63389,-1.62472,fold2_france,pm25,6.474146187638705,10.670956890856692
FR21050,FR,,48.645,-0.45833,fold2_france,pm25,5.691962261682984,8.873926695225805
FR22054,FR,,49.18742,6.91087,fold2_france,pm25,6.7417500473884555,9.689031438035006
FR23003,FR,,47.3227,-2.03924,fold2_france,pm25,7.252752687515683,9.54258504424153
FR23068,FR,,47.24735,-1.93652,fold2_france,pm25,7.218863543662484,9.365638587431418
FR23070,FR,,47.28313,-1.78308,fold2_france,pm25,6.83122966810033,9.257788178497675
FR23107,FR,,47.25278,-1.57333,fold2_france,pm25,7.488143578227509,10.60219242493177
FR23110,FR,,47.26411,-2.25015,fold2_france,pm25,7.521424796163133,10.469192243386825
FR23120,FR,,47.4685,-0.55593,fold2_france,pm25,7.4277409301188575,10.177043560154157
FR23123,FR,,48.0693,-0.76813,fold2_france,pm25,7.6736933948404245,10.476189660607925
FR23124,FR,,46.65662,-0.74338,fold2_france,pm25,6.6569895999267406,9.293240548392522
FR23152,FR,,46.66065,-1.43686,fold2_france,pm25,7.465773977247265,11.290708053462044
FR23177,FR,,47.78833,-0.44476,fold2_france,pm25,6.985586361867145,9.264604818208673
FR23178,FR,,47.31889,-2.06688,fold2_france,pm25,6.410487918350521,9.68046212354923
FR23182,FR,,47.97115,0.22136,fold2_france,pm25,7.269209987301634,10.44784360456402
FR23188,FR,,47.22219,-1.53743,fold2_france,pm25,7.59298825505218,10.92367383041598
FR23238,FR,,47.19416,-1.58169,fold2_france,pm25,8.009822056745875,10.62453669501284
FR23239,FR,,47.18594,-1.5915,fold2_france,pm25,8.419172634965225,11.405859906204087
FR23249,FR,,47.32113,-2.12734,fold2_france,pm25,7.401277258587618,9.498575613465572
FR23251,FR,,47.23356,-1.56481,fold2_france,pm25,8.60112857876029,10.525482613180541
FR23252,FR,,48.07104,-0.76699,fold2_france,pm25,6.902154873018684,10.659665766296321
FR24009,FR,,43.55839,7.00592,fold2_france,pm25,8.911877976277738,11.129993869423046
FR24018,FR,,43.83578,5.78613,fold2_france,pm25,7.581698973793935,10.561204261185331
FR24021,FR,,43.78658,7.37328,fold2_france,pm25,10.832026620019024,9.529482597363549
FR24033,FR,,44.5552,6.07302,fold2_france,pm25,10.468571535303541,11.492980917003175
FR24035,FR,,43.68929,7.24207,fold2_france,pm25,9.352591808959906,10.35842393675905
FR24036,FR,,43.70208,7.28626,fold2_france,pm25,9.203582322659646,12.07060223308173
FR24038,FR,,44.54865,6.06724,fold2_france,pm25,9.071532278886888,10.984942689461068
FR24039,FR,,43.93348,5.71181,fold2_france,pm25,4.267820942269669,7.955978669396612
FR25036,FR,,49.44236,1.09379,fold2_france,pm25,9.02431762438911,10.052612382173882
FR25039,FR,,49.02134,1.14832,fold2_france,pm25,7.283720190899369,11.011822403935058
FR25043,FR,,49.4005,1.09904,fold2_france,pm25,8.172874388352847,10.149700095629097
FR25049,FR,,49.30487,1.21437,fold2_france,pm25,7.7891989918366225,9.835334460749438
FR25051,FR,,49.91801,1.07397,fold2_france,pm25,10.12221179410154,10.410727686911516
FR25053,FR,,49.4367,1.09884,fold2_france,pm25,8.49665267018441,10.33991631776661
FR25055,FR,,49.92049,1.04789,fold2_france,pm25,8.022668699820747,8.616433579746603
FR26005,FR,,47.30737,5.06588,fold2_france,pm25,6.223207471577141,10.849018821488462
FR26012,FR,,47.27476,4.09948,fold2_france,pm25,4.310619993245144,8.65266843397111
FR26017,FR,,46.99683,3.17109,fold2_france,pm25,5.71319149603155,10.387678839039044
FR26019,FR,,47.80058,3.57619,fold2_france,pm25,7.3097493715087545,10.686216453980101
FR26094,FR,,47.35137,5.07071,fold2_france,pm25,6.769093412756423,10.768282620074665
FR27007,FR,,45.60822,5.27087,fold2_france,pm25,8.044117089313799,10.166491013311424
FR27011,FR,,45.34408,4.80748,fold2_france,pm25,9.63457680284305,10.181021408483613
FR28010,FR,,50.44914,2.9,fold2_france,pm25,7.54891920644285,10.860556680629218
FR28022,FR,,50.30886,2.80737,fold2_france,pm25,7.489748260306607,10.160460227294411
FR28028,FR,,50.53539,2.63569,fold2_france,pm25,8.526686994928667,11.262608181252665
FR29424,FR,,45.42009,4.39542,fold2_france,pm25,8.148365231095033,11.753825278917475
FR29426,FR,,45.47533,4.515,fold2_france,pm25,8.86627216052768,12.570068676406203
FR30019,FR,,48.17265,6.45282,fold2_france,pm25,8.308861204530007,10.290094078090274
FR30026,FR,,48.58482,6.4839,fold2_france,pm25,8.241098550365395,9.849148639926932
FR30033,FR,,49.06583,5.78556,fold2_france,pm25,8.144190980940259,9.982664102596834
FR30034,FR,,48.68817,6.19043,fold2_france,pm25,8.1412821389607,12.621905856921842
FR30036,FR,,48.69708,6.15419,fold2_france,pm25,8.63796903087585,10.760157846903773
FR31002,FR,,44.80046,-0.5894,fold2_france,pm25,8.158656856550069,12.03301773004637
FR31007,FR,,44.90029,-0.51584,fold2_france,pm25,8.590347237017228,11.545121248952329
FR31013,FR,,43.3108,-0.39154,fold2_france,pm25,7.53296259798551,10.155924748694684
FR31017,FR,,43.49404,-1.52875,fold2_france,pm25,13.424702384683686,11.87082592858071
FR31033,FR,,45.18982,0.72718,fold2_france,pm25,7.772313993088751,9.896294813017096
FR31043,FR,,43.47024,-1.55388,fold2_france,pm25,5.501036164113646,10.805637006117088
FR31045,FR,,44.83382,-0.59853,fold2_france,pm25,7.765772618848254,11.912128735854981
FR31055,FR,,43.88897,-0.50703,fold2_france,pm25,8.761931623054537,11.596934941382285
FR32001,FR,,46.78231,4.84732,fold2_france,pm25,8.402649401887524,10.32598890359725
FR32002,FR,,46.82106,4.83508,fold2_france,pm25,7.272356207827985,10.788692775212708
FR32005,FR,,46.67878,4.36689,fold2_france,pm25,7.072099395314754,10.725868281442866
FR32006,FR,,46.31617,4.83999,fold2_france,pm25,6.179472879951512,10.167924110142048
FR33101,FR,,45.56472,5.92833,fold2_france,pm25,7.636141374613624,10.410863416846704
FR33121,FR,,45.675,6.38972,fold2_france,pm25,8.422609536188224,10.236495626299059
FR33201,FR,,45.89528,6.11833,fold2_france,pm25,7.942851352066538,11.230546081862258
FR33211,FR,,46.19583,6.24056,fold2_france,pm25,8.109985251985089,11.188686492858725
FR33212,FR,,46.19364,6.21453,fold2_france,pm25,8.403892442421743,9.916091868058702
FR33220,FR,,45.92361,6.71361,fold2_france,pm25,12.790952757690036,9.236538490826652
FR33305,FR,,46.21167,5.22639,fold2_france,pm25,7.551971799289996,11.041134175427002
FR34024,FR,,47.34414,0.65378,fold2_france,pm25,7.106089716648248,9.973421563299798
FR34028,FR,,47.39464,0.70486,fold2_france,pm25,6.8608422776606455,10.187867700955488
FR34029,FR,,47.83775,1.94467,fold2_france,pm25,6.940729990086507,10.140073703853274
FR34032,FR,,47.08278,2.40533,fold2_france,pm25,7.113431055559308,10.631393175846036
FR34038,FR,,46.81469,2.61007,fold2_france,pm25,5.477569174429958,9.222938805693563
FR34041,FR,,48.44442,1.51014,fold2_france,pm25,7.263272358766912,10.336689696846772
FR34046,FR,,48.72969,1.35847,fold2_france,pm25,7.0262745842320005,10.136882930022724
FR34048,FR,,48.44916,1.49247,fold2_france,pm25,6.3352192978714585,10.620690576437095
FR34051,FR,,46.79828,1.69314,fold2_france,pm25,6.967611981437969,10.849588625990997
FR34061,FR,,47.59426,1.30267,fold2_france,pm25,7.016916698616246,9.937573396228682
FR34063,FR,,47.58654,1.32653,fold2_france,pm25,6.6420165649688165,10.165104362329009
FR34064,FR,,48.00694,2.74011,fold2_france,pm25,6.916817361630204,10.13479245736059
FR34066,FR,,48.00145,2.72618,fold2_france,pm25,6.871569779260313,9.919540257126684
FR34067,FR,,47.9103,1.87343,fold2_france,pm25,8.717967892962685,10.67293501963714
FR35007,FR,,45.87331,1.30792,fold2_france,pm25,9.756946996437089,9.54380091663802
FR35027,FR,,45.8422,1.25969,fold2_france,pm25,6.717573004696016,9.89230419898652
FR36002,FR,,44.93351,4.89348,fold2_france,pm25,9.726118388966286,12.47044660219513
FR36019,FR,,45.0425,5.0443,fold2_france,pm25,11.075164188597531,11.596337298982814
FR36021,FR,,44.56944,5.27897,fold2_france,pm25,4.823279565149778,8.148104250004394
FR41001,FR,,41.92469,8.73569,fold2_france,pm25,9.140261607232576,10.443553083189851
FR41002,FR,,42.69792,9.44642,fold2_france,pm25,7.387016931420275,10.729210997542971
FR41017,FR,,42.67133,9.43464,fold2_france,pm25,8.136610706854096,10.345126255809893
FR41024,FR,,42.23603,9.19003,fold2_france,pm25,4.116580012160043,7.151848334061806
FR42010,FR,,48.57281,7.76783,fold2_france,pm25,9.351613583891146,9.544273768808484
FR42011,FR,,48.81835,7.78641,fold2_france,pm25,7.943177271753184,10.917270586130993
FR50060,FR,,44.01286,1.37531,fold2_france,pm25,8.27591214517193,11.836157642566512
FR50225,FR,,43.61161,3.82787,fold2_france,pm25,13.472348080628665,10.815775447454328
FR82006,FR,,47.2474,6.01542,fold2_france,pm25,6.279723561022523,9.7569728168788
FR82010,FR,,47.51031,6.794,fold2_france,pm25,9.000102094831345,9.461234705547758
FR82040,FR,,47.09672,5.49639,fold2_france,pm25,7.769587574491982,10.153540662153127
FR82050,FR,,46.67132,5.55662,fold2_france,pm25,5.541840338660793,10.81290621076641
FR82060,FR,,47.62002,6.15764,fold2_france,pm25,7.090162265543673,10.212964094958103
FR82070,FR,,47.35129,6.35972,fold2_france,pm25,7.395095771849378,9.596787122176703
LU0101A,LU,,49.59801,6.137825,fold2_france,pm25,7.424579137997662,10.930628498375764
LU0102A,LU,,49.50528,5.97668,fold2_france,pm25,7.6015397640530775,11.346763571482613
LU0105A,LU,,49.72226,6.30533,fold2_france,pm25,7.116976806356449,9.398229127323702
LU0109A,LU,,49.61157,6.11847,fold2_france,pm25,7.782848092357698,10.912233942480825
NL00007,NL,,52.38111,4.84501,fold2_france,pm25,8.874215282095076,11.569373450881569
NL00012,NL,,52.39,4.88806,fold2_france,pm25,8.465266486868787,11.335831738580534
NL00014,NL,,52.36,4.8089,fold2_france,pm25,8.727544715883909,11.564029380971053
NL00016,NL,,52.393515,4.87008,fold2_france,pm25,8.557732612095212,11.23179860809732
NL00017,NL,,52.35806,4.9,fold2_france,pm25,10.081590353231512,11.795073117413716
NL00131,NL,,51.54052,5.85309,fold2_france,pm25,8.785189954035724,10.950529350131431
NL00136,NL,,50.88796,5.97053,fold2_france,pm25,7.444362544062571,11.58460227456296
NL00138,NL,,50.90032,5.98685,fold2_france,pm25,7.717752603941532,11.331516302932158
NL00230,NL,,51.51894,5.148675000000001,fold2_france,pm25,10.815766853345748,11.54537315285609
NL00240,NL,,51.59354,4.82499,fold2_france,pm25,8.414217559078883,11.168501901676372
NL00241,NL,,51.603205,4.780935,fold2_france,pm25,9.877986233996198,11.821685699059296
NL00247,NL,,51.40737,5.39333,fold2_france,pm25,9.803150668377844,10.963480091355514
NL00404,NL,,52.07715,4.28919,fold2_france,pm25,7.860677979116891,12.791613712097503
NL00418,NL,,51.91423,4.48,fold2_france,pm25,7.980246827454914,12.035853303568746
NL00444,NL,,52.29656,4.51082,fold2_france,pm25,7.587770220597638,10.865023104701875
NL00449,NL,,51.91488,4.32943,fold2_france,pm25,9.284814202635905,12.269449380050482
NL00450,NL,,52.06254,4.31855,fold2_france,pm25,9.699842698300658,12.330105036189734
NL00485,NL,,51.86676,4.35526,fold2_france,pm25,8.530045143083663,11.770596504151404
NL00487,NL,,51.89115,4.48069,fold2_france,pm25,9.474510455583776,12.451520099582117
NL00488,NL,,51.89363,4.48753,fold2_france,pm25,8.63105736464155,12.027448913458645
NL00489,NL,,51.86943,4.58006,fold2_france,pm25,8.690705137344558,11.49906983523231
NL00491,NL,,51.93859,4.43071,fold2_france,pm25,8.796633647140935,12.792957362500438
NL00493,NL,,51.92711,4.46134,fold2_france,pm25,8.369808619727447,12.064574711153183
NL00494,NL,,51.92125,4.40139,fold2_france,pm25,8.790007008803718,12.65056223653345
NL00495,NL,,51.93204,4.22803,fold2_france,pm25,7.974487878378755,11.465341092508249
NL00496,NL,,51.97783,4.1219,fold2_france,pm25,8.988457341442095,10.881625468996555
NL00538,NL,,52.80366,5.05051,fold2_france,pm25,7.34652182176204,10.30396643698034
NL00551,NL,,52.46302,4.60192,fold2_france,pm25,8.151879063663623,11.845489040260976
NL00553,NL,,52.494,4.60238,fold2_france,pm25,8.554342326181557,11.245788034858434
NL00556,NL,,52.56359,4.8617,fold2_france,pm25,6.5072011085113814,10.550520689352272
NL00561,NL,,52.33362,4.77347,fold2_france,pm25,8.561081499325988,10.844093045338685
NL00570,NL,,52.48927,4.64054,fold2_france,pm25,9.61584913344343,11.482360242728209
NL00572,NL,,52.4744,4.62853,fold2_france,pm25,11.078642426683421,11.696719708957382
NL00573,NL,,52.478,4.57877,fold2_france,pm25,12.613149619000712,10.65427086206655
NL00636,NL,,52.10506,5.12446,fold2_france,pm25,9.366706058257925,11.129734290222688
NL00641,NL,,52.20153,4.98744,fold2_france,pm25,10.24516513197722,10.680460866650703
NL00643,NL,,52.10133,5.12821,fold2_france,pm25,9.55061344723732,11.235045362603387
NL00644,NL,,51.97449,4.9233,fold2_france,pm25,9.443185588950264,10.659156211143264
NL00701,NL,,52.45,4.81667,fold2_france,pm25,8.196569224936132,12.161701681186043
NL00703,NL,,52.399285,4.7292950000000005,fold2_france,pm25,8.153389300786433,10.958147758877145
NL00704,NL,,52.43,4.77,fold2_france,pm25,7.5012004291544585,11.055491548389488
NL00738,NL,,52.11162,5.70842,fold2_france,pm25,8.0045370360857,11.067597943183634
NL00741,NL,,51.84138,5.85778,fold2_france,pm25,10.652229823119047,11.61508411929561
NL00742,NL,,51.83822,5.85694,fold2_france,pm25,8.551209303886697,11.42898588552888
NL00821,NL,,52.2345,6.91949,fold2_france,pm25,7.005647684962775,10.592637641101353
NL00934,NL,,53.33043,6.27694,fold2_france,pm25,6.532215100656203,10.308426320308428
NL00937,NL,,53.21783,6.5789,fold2_france,pm25,8.0258802395294,10.911308876115543
NL00938,NL,,53.24653,6.60894,fold2_france,pm25,7.169024221565132,10.09565993078073
NL01497,NL,,51.93352,3.99972,fold2_france,pm25,7.656129649931768,10.73616789868429
NL01912,NL,,51.86169,4.56377,fold2_france,pm25,8.504342613865905,11.720842280694653
NL01913,NL,,51.27938,3.83859,fold2_france,pm25,9.84580228348296,11.766351498334348
NL10248,NL,,51.69816,5.54332,fold2_france,pm25,10.147642208696245,11.355826286856225
NL49557,NL,,52.49005,4.59931,fold2_france,pm25,10.206921126236146,11.640422160653321
IT0459A,IT,,43.59889,13.34194,fold3_italy,pm25,20.76945117130578,9.469629056015805
IT0460A,IT,,43.52694,13.245,fold3_italy,pm25,13.25414484662915,11.532036254270388
IT0461A,IT,,43.63334,13.3875,fold3_italy,pm25,16.80405476039665,9.841097755770376
IT0470A,IT,,45.10361,7.695,fold3_italy,pm25,20.06818192654986,11.83200862964215
IT0477A,IT,,45.49556,9.19139,fold3_italy,pm25,20.40608652402196,13.38874898256623
IT0480A,IT,,45.53389,9.23639,fold3_italy,pm25,20.636416151837132,13.3779225964589
IT0499A,IT,,46.61944,10.85917,fold3_italy,pm25,10.814289813695382,10.16703466577306
IT0591A,IT,,45.89306,11.03639,fold3_italy,pm25,13.08090345868178,11.061044366494276
IT0594A,IT,,45.54083,10.22361,fold3_italy,pm25,15.202752124197056,10.819347626353883
IT0663A,IT,,45.71444,11.36861,fold3_italy,pm25,16.59609998460679,12.502199771823772
IT0692A,IT,,45.10167,8.90556,fold3_italy,pm25,18.655501888414125,11.018185882450329
IT0703A,IT,,46.05111,11.45444,fold3_italy,pm25,14.049648950822181,10.983536307027506
IT0707A,IT,,45.69028,9.64389,fold3_italy,pm25,17.526404100691824,12.210588616775441
IT0771A,IT,,45.80444,9.08361,fold3_italy,pm25,14.776433576609026,12.295026845423848
IT0777A,IT,,45.697590000000005,9.40629,fold3_italy,pm25,16.70082867661361,11.330844400209584
IT0778A,IT,,45.51833,9.59139,fold3_italy,pm25,20.51810600193684,12.910501971062345
IT0804A,IT,,44.79361,10.33167,fold3_italy,pm25,16.561452827409365,12.529861498844838
IT0825A,IT,,41.947475,12.46964,fold3_italy,pm25,13.16638436721075,12.76269869973861
IT0840A,IT,,45.28472,9.86417,fold3_italy,pm25,24.716712817856383,10.54083948726256
IT0854A,IT,,44.41816,8.92737,fold3_italy,pm25,10.097513309138971,10.944368113447954
IT0858A,IT,,44.39489,8.99154,fold3_italy,pm25,5.804062401161301,10.599654571207873
IT0861A,IT,,43.77306,11.27222,fold3_italy,pm25,13.925501572796744,13.510562656972992
IT0862A,IT,,43.78667,11.2875,fold3_italy,pm25,11.396396427847467,10.842992380386992
IT0863A,IT,,42.42195,12.10917,fold3_italy,pm25,8.55766034786819,12.029314637758386
IT0867A,IT,,42.40417,12.85833,fold3_italy,pm25,9.546723843720093,10.731507117693134
IT0871A,IT,,41.68895,13.257925,fold3_italy,pm25,16.42885238517685,8.959311742543813
IT0885A,IT,,42.09159,11.80249,fold3_italy,pm25,8.847262224808928,10.114720757707017
IT0887A,IT,,41.99556,12.72639,fold3_italy,pm25,9.30311623462374,11.071082869616182
IT0889A,IT,,41.725,13.00944,fold3_italy,pm25,17.285754409760898,12.393013129084409
IT0892A,IT,,44.48333,11.355,fold3_italy,pm25,14.191549475934503,13.02733921824934
IT0898A,IT,,40.85278,14.25139,fold3_italy,pm25,14.704863039611576,13.46474003973903
IT0903A,IT,,44.51611,10.73389,fold3_italy,pm25,14.786703769763927,9.963251067189262
IT0908A,IT,,46.47028,10.3725,fold3_italy,pm25,9.160227272948468,11.295960456615077
IT0912A,IT,,45.19389,9.16472,fold3_italy,pm25,19.316520448901514,12.885882610589912
IT0934A,IT,,41.13146,14.78938,fold3_italy,pm25,17.39031458788808,10.25696457743713
IT0940A,IT,,44.69083,10.66472,fold3_italy,pm25,15.572222170929953,10.441685381107108
IT0945A,IT,,43.87472,11.10528,fold3_italy,pm25,12.937676895498663,14.012924425575218
IT0950A,IT,,43.46111,11.88889,fold3_italy,pm25,13.014326660879654,10.981521456723618
IT0953A,IT,,41.93278,12.50695,fold3_italy,pm25,10.954706012555306,10.481862332891813
IT0956A,IT,,41.85778,12.56861,fold3_italy,pm25,13.26022747100741,13.214469581940481
IT0957A,IT,,41.93139,12.65917,fold3_italy,pm25,11.767732926372133,9.416755593084671
IT0963A,IT,,45.49917,12.26222,fold3_italy,pm25,21.819484203179492,13.733566708120517
IT0966A,IT,,46.06611,13.24056,fold3_italy,pm25,12.161473239328002,11.605433446113484
IT0983A,IT,,45.73583,7.32417,fold3_italy,pm25,8.886118891996313,11.469509991053533
IT0989A,IT,,42.5725,12.96195,fold3_italy,pm25,7.589887657988891,8.760180566742545
IT0992A,IT,,41.67,13.67445,fold3_italy,pm25,10.668907661175933,8.843365867055777
IT1011A,IT,,42.56,12.65083,fold3_italy,pm25,17.246537513692374,12.943122022191329
IT1016A,IT,,45.46972,9.19806,fold3_italy,pm25,21.131163757763165,12.205249565812126
IT1037A,IT,,46.06445,11.12667,fold3_italy,pm25,12.928480560358244,10.840030789897664
IT1043A,IT,,44.0625,12.55333,fold3_italy,pm25,16.030986203731953,13.535194986511268
IT1048A,IT,,44.21917,12.04889,fold3_italy,pm25,14.900552116342569,14.633514977166046
IT1065A,IT,,45.76083,11.73667,fold3_italy,pm25,14.415730299090583,11.97191159911603
IT1110A,IT,,43.73889,10.40167,fold3_italy,pm25,12.51977400089935,10.899895137390967
IT1128A,IT,,45.15508,7.65859,fold3_italy,pm25,17.022099532285953,12.202548398017047
IT1130A,IT,,45.14313,7.77813,fold3_italy,pm25,19.630372618893105,11.947852020648003
IT1143A,IT,,44.2725,8.43889,fold3_italy,pm25,8.62000001703219,10.392081889251994
IT1144A,IT,,44.29389,8.41139,fold3_italy,pm25,8.980169946919206,10.131227639163976
IT1145A,IT,,44.31268,8.47293,fold3_italy,pm25,12.38198789875769,12.520429619573944
IT1153A,IT,,45.13278,10.01667,fold3_italy,pm25,23.1617089010221,12.087457931878745
IT1159A,IT,,44.49972,11.32833,fold3_italy,pm25,14.347107602183982,14.347168477618178
IT1166A,IT,,46.40194,13.01111,fold3_italy,pm25,11.002890116843947,9.729530339243412
IT1170A,IT,,46.03505,13.22529,fold3_italy,pm25,12.954674383864049,9.88693684690534
IT1177A,IT,,45.56056,11.53972,fold3_italy,pm25,20.636871047300374,13.561221910236661
IT1179A,IT,,44.83972,11.96111,fold3_italy,pm25,12.213888789519487,9.513331965189376
IT1180A,IT,,43.10306,12.36611,fold3_italy,pm25,13.039215711883683,11.620631028761263
IT1182A,IT,,43.089445,12.441665,fold3_italy,pm25,11.633431074053746,11.699294135461601
IT1183A,IT,,41.49,13.83056,fold3_italy,pm25,20.14753624572393,11.581593475103666
IT1184A,IT,,41.53139,12.94611,fold3_italy,pm25,8.731356135431842,9.722404359117592
IT1186A,IT,,43.88389,10.245,fold3_italy,pm25,13.324022498903656,12.65281019089967
IT1187A,IT,,43.84083,10.57389,fold3_italy,pm25,18.761643898779333,10.236332936120542
IT1204A,IT,,44.42,12.22556,fold3_italy,pm25,13.82369924484936,11.408103246812972
IT1215A,IT,,45.07472,11.78333,fold3_italy,pm25,23.490303823428956,13.488116246135345
IT1222A,IT,,45.63028,12.59167,fold3_italy,pm25,20.378829798717845,10.346663731474202
IT1247A,IT,,45.558705,8.056395,fold3_italy,pm25,9.59405940659894,13.058833355500328
IT1264A,IT,,42.46667,14.21306,fold3_italy,pm25,13.311965808988393,12.744510784795784
IT1269A,IT,,39.07,9.01667,fold3_italy,pm25,10.27006556248809,8.122204479474586
IT1286A,IT,,45.30528,9.48556,fold3_italy,pm25,13.467400744069714,11.39882093885349
IT1294A,IT,,45.52583,8.73667,fold3_italy,pm25,14.893328645041615,12.673230734004123
IT1328A,IT,,45.89056,12.30806,fold3_italy,pm25,16.733146292639066,12.339730221579957
IT1361A,IT,,43.83972,13.01861,fold3_italy,pm25,17.15732715836088,13.16472145307827
IT1388A,IT,,45.410835,10.69194,fold3_italy,pm25,18.435515166223126,11.189050085942316
IT1409A,IT,,43.71389,10.41056,fold3_italy,pm25,13.828651784577955,13.968657796043795
IT1423A,IT,,42.45667,14.23472,fold3_italy,pm25,12.748265953140905,9.542427291558175
IT1451A,IT,,44.66222,11.63944,fold3_italy,pm25,15.177842621072944,10.100949619884338
IT1453A,IT,,45.37194,11.84194,fold3_italy,pm25,22.315641963334503,12.178519673958906
IT1456A,IT,,44.11081,9.83211,fold3_italy,pm25,10.74462918559804,11.074623174542374
IT1457A,IT,,44.10165,9.8187,fold3_italy,pm25,9.379109160537885,12.580778421158278
IT1464A,IT,,45.4975,9.55639,fold3_italy,pm25,20.829544988852586,9.875944684864711
IT1475A,IT,,45.62421,13.78026,fold3_italy,pm25,11.061624598037644,9.32422870256181
IT1487A,IT,,41.07795,14.33122,fold3_italy,pm25,10.045619333178726,10.342290456105909
IT1488A,IT,,41.04592,14.37809,fold3_italy,pm25,15.442568687360216,11.494844908542863
IT1493A,IT,,40.86427,14.34108,fold3_italy,pm25,18.622209857963735,12.505110919192639
IT1497A,IT,,40.86369,14.25451,fold3_italy,pm25,11.667298784134141,10.609832792282635
IT1504A,IT,,40.68389,14.76972,fold3_italy,pm25,12.043944856098136,11.909872738261694
IT1510A,IT,,45.9303,8.5655,fold3_italy,pm25,10.162534432133718,11.265286154499158
IT1523A,IT,,44.9089,8.2055,fold3_italy,pm25,19.280701887179777,10.96640000925495
IT1529A,IT,,44.3818,7.5382,fold3_italy,pm25,11.121126778484836,12.915830065358769
IT1532A,IT,,45.7132,8.2835,fold3_italy,pm25,11.955089866436895,12.918384975969106
IT1533A,IT,,45.3284,8.4151,fold3_italy,pm25,16.533191236271705,12.135885047180178
IT1536A,IT,,44.116905,9.84336,fold3_italy,pm25,9.765158224201482,12.689960902716582
IT1544A,IT,,44.10666,9.8577,fold3_italy,pm25,13.73868280790715,9.12036321873442
IT1549A,IT,,44.51859,8.87383,fold3_italy,pm25,7.318944508968057,10.888256846049453
IT1553A,IT,,43.91611,11.00695,fold3_italy,pm25,16.497159286630556,10.504716952293363
IT1557A,IT,,43.52,10.32167,fold3_italy,pm25,7.670391004254705,12.955909192809647
IT1560A,IT,,43.55472,10.32972,fold3_italy,pm25,10.387005666683255,14.321181842500039
IT1575A,IT,,39.17722,8.43028,fold3_italy,pm25,4.85895494090943,8.005380867978475
IT1576A,IT,,39.20334,8.38611,fold3_italy,pm25,2.9805102830272476,8.78639141045971
IT1578A,IT,,43.89333,12.91889,fold3_italy,pm25,13.288656284473715,11.634122149640106
IT1582A,IT,,45.1361,8.4452,fold3_italy,pm25,13.696818241995807,10.840517110084964
IT1588A,IT,,45.81694,8.82028,fold3_italy,pm25,13.1506982515351,10.551024630633174
IT1590A,IT,,45.6725,12.23861,fold3_italy,pm25,19.232352794452748,12.899596393872757
IT1593A,IT,,42.77861,11.11917,fold3_italy,pm25,9.546742206236138,9.750210024572121
IT1594A,IT,,46.14139,12.21694,fold3_italy,pm25,12.441666510552604,9.265036389854453
IT1596A,IT,,45.83695,12.51028,fold3_italy,pm25,18.41159459244235,12.015873207040213
IT1606A,IT,,41.11322,16.887999999999998,fold3_italy,pm25,11.181213865147885,11.133033423337354
IT1609A,IT,,40.52111,17.20417,fold3_italy,pm25,8.864117651079656,9.367498011990454
IT1611A,IT,,40.48861,17.22583,fold3_italy,pm25,10.651381193039812,10.795193733649915
IT1613A,IT,,40.49445,17.26361,fold3_italy,pm25,11.212034313223164,8.929625318332212
IT1618A,IT,,40.639075,17.947940000000003,fold3_italy,pm25,11.509850771737348,9.03827297089142
IT1619A,IT,,46.03083,11.90583,fold3_italy,pm25,17.11977730294851,7.980048213451569
IT1621A,IT,,41.12231,16.87256,fold3_italy,pm25,11.40361117330491,9.45309665479792
IT1650A,IT,,45.62694,9.02417,fold3_italy,pm25,19.020127113523177,13.386229188359554
IT1654A,IT,,43.87278,11.09194,fold3_italy,pm25,14.581460811621172,13.944685073257034
IT1681A,IT,,43.66028,11.90167,fold3_italy,pm25,5.052941086721481,6.764558823432854
IT1692A,IT,,45.47833,9.23583,fold3_italy,pm25,17.176923092725897,12.844210900087543
IT1696A,IT,,46.43444,11.33944,fold3_italy,pm25,11.393929983303256,8.913017333278425
IT1698A,IT,,44.40492,8.96819,fold3_italy,pm25,15.072373846755436,10.737234707471766
IT1702A,IT,,40.65006,17.94258,fold3_italy,pm25,11.203089938764974,8.849192159191189
IT1728A,IT,,42.55222,12.65167,fold3_italy,pm25,16.40517207182939,12.108479684374956
IT1737A,IT,,45.51528,10.21944,fold3_italy,pm25,21.762572767284546,12.785601339576122
IT1739A,IT,,45.14222,10.04583,fold3_italy,pm25,20.596264730796396,10.655427324681288
IT1743A,IT,,45.58111,9.274445,fold3_italy,pm25,24.30817690099661,14.590270846529648
IT1771A,IT,,44.65061,10.90633,fold3_italy,pm25,18.823188098629622,12.801442155544343
IT1773A,IT,,43.46806,12.95222,fold3_italy,pm25,8.317373164316086,6.715590235103278
IT1788A,IT,,45.4512,7.878,fold3_italy,pm25,19.027131857330094,11.478091393590887
IT1795A,IT,,43.285,13.42861,fold3_italy,pm25,9.114084088210362,9.943005452777356
IT1796A,IT,,43.33556,13.67472,fold3_italy,pm25,11.975235719115771,8.453983375087965
IT1798A,IT,,41.55417,14.67472,fold3_italy,pm25,10.376436750520691,9.703696931891562
IT1801A,IT,,41.99806,14.99333,fold3_italy,pm25,9.888571426132959,11.291832141936027
IT1817A,IT,,40.95667,17.29028,fold3_italy,pm25,9.790196084063302,8.657664749880464
IT1818A,IT,,40.82714,16.56017,fold3_italy,pm25,10.22097701403949,9.573544700443069
IT1822A,IT,,41.23153,16.30331,fold3_italy,pm25,12.814647990869531,10.56589185257118
IT1823A,IT,,40.95141,16.91985,fold3_italy,pm25,11.504913366627164,9.544820161243512
IT1826A,IT,,45.84944,9.39583,fold3_italy,pm25,11.124778786904516,12.588121386710164
IT1827A,IT,,43.611665,13.50861,fold3_italy,pm25,14.287353355244992,11.055331105196853
IT1830A,IT,,44.91932,8.622015000000001,fold3_italy,pm25,17.728155633872223,11.412923218778058
IT1836A,IT,,41.906375,12.447545,fold3_italy,pm25,11.89138886898044,12.047400094691568
IT1842A,IT,,42.90056,13.33667,fold3_italy,pm25,5.29819815462253,7.55252919916439
IT1843A,IT,,42.84861,13.61945,fold3_italy,pm25,9.82242424361578,11.21395683632533
IT1856A,IT,,42.36417,13.38195,fold3_italy,pm25,9.108882502113202,11.900161686706294
IT1860A,IT,,42.73972,12.735415,fold3_italy,pm25,8.494382030130545,9.993820077593075
IT1863A,IT,,41.75944,14.20889,fold3_italy,pm25,8.033333342012838,7.705349150421738
IT1865A,IT,,44.99694,11.07083,fold3_italy,pm25,19.282072730921264,10.557082453289459
IT1868A,IT,,45.16056,10.79556,fold3_italy,pm25,16.466449370406682,11.13050518823975
IT1871A,IT,,45.22667,11.66583,fold3_italy,pm25,21.802777496654922,13.273077582844525
IT1874A,IT,,45.28111,8.75472,fold3_italy,pm25,19.541931059501195,11.95942818059598
IT1876A,IT,,45.68333,9.46667,fold3_italy,pm25,12.485833435607004,10.84586175870809
IT1877A,IT,,45.0419,7.6259,fold3_italy,pm25,18.667366507617775,11.950989041822854
IT1878A,IT,,45.31889,8.4025,fold3_italy,pm25,14.742465699895344,12.24735660182138
IT1883A,IT,,44.31528,8.48556,fold3_italy,pm25,8.057058825108042,10.565558628807514
IT1894A,IT,,42.99222,13.78472,fold3_italy,pm25,7.459233445069993,7.059689627741394
IT1900A,IT,,42.95167,12.70764,fold3_italy,pm25,14.038356067733186,10.521856040831691
IT1902A,IT,,43.06694,12.46806,fold3_italy,pm25,12.073239328442773,9.117026772414349
IT1904A,IT,,44.76415,9.052865,fold3_italy,pm25,7.617563676670447,8.155759055043243
IT1906A,IT,,41.89389,12.47528,fold3_italy,pm25,13.372265835159439,12.56029497056773
IT1908A,IT,,44.09583,12.4025,fold3_italy,pm25,15.75433555719629,12.604627997273358
IT1911A,IT,,44.6575,10.28889,fold3_italy,pm25,9.834269655066285,7.790879294526491
IT1914A,IT,,44.87306,10.66389,fold3_italy,pm25,15.856353863646241,9.974711481327986
IT1915A,IT,,43.93278,12.6275,fold3_italy,pm25,10.807262534068778,9.387694382747524
IT1918A,IT,,44.825,11.64972,fold3_italy,pm25,16.590395400886393,11.752952615788889
IT1919A,IT,,44.74167,11.94222,fold3_italy,pm25,13.31195341025165,10.180247063656932
IT1921A,IT,,44.92784,11.17795,fold3_italy,pm25,18.10220984487605,10.286483142221496
IT1924A,IT,,44.98945,10.01917,fold3_italy,pm25,14.206703903944076,10.536394361144435
IT1927A,IT,,44.52649,11.98138,fold3_italy,pm25,15.747875623694437,9.790409312163161
IT1932A,IT,,40.36445,18.17306,fold3_italy,pm25,11.12082107196003,10.394693979522271
IT1936A,IT,,45.438335,12.20556,fold3_italy,pm25,19.35180072959862,11.89615557089507
IT1947A,IT,,39.06667,9.00889,fold3_italy,pm25,8.657322383928829,9.387699118910195
IT1948A,IT,,44.80806,8.31028,fold3_italy,pm25,13.55652157447378,8.482913157559834
IT1953A,IT,,40.16717,18.17483,fold3_italy,pm25,12.32318855102288,9.170302164306563
IT1962A,IT,,41.47889,14.03333,fold3_italy,pm25,23.70796481416292,10.16894549323497
IT1965A,IT,,45.3032,9.39848,fold3_italy,pm25,21.464772679008163,9.809316810464534
IT1967A,IT,,46.16861,9.88028,fold3_italy,pm25,15.872269248598561,10.630716649794477
IT1975A,IT,,45.03833,9.66917,fold3_italy,pm25,17.387186988694072,10.847460629447964
IT1977A,IT,,42.52667,14.14833,fold3_italy,pm25,12.758771919668886,8.623369029893052
IT1993A,IT,,39.26056,9.13639,fold3_italy,pm25,7.939778634738146,10.46917500207612
IT1996A,IT,,40.25639,8.77306,fold3_italy,pm25,3.2191103036173674,8.505462708428587
IT2003A,IT,,41.31671,16.28618,fold3_italy,pm25,10.333237789810394,10.196096473615626
IT2004A,IT,,43.10444,12.37472,fold3_italy,pm25,12.313019276305889,11.978932971494695
IT2009A,IT,,40.72445,8.57611,fold3_italy,pm25,5.2034188392574245,10.40868563578797
IT2010A,IT,,40.83139,8.40528,fold3_italy,pm25,7.187008978958243,10.615386339835734
IT2011A,IT,,39.8425,9.21639,fold3_italy,pm25,8.356190839146798,6.368747958338812
IT2012A,IT,,41.87556,12.345,fold3_italy,pm25,10.713296489858264,10.175161511315713
IT2013A,IT,,41.63889,13.32333,fold3_italy,pm25,12.054006044747183,10.022815817807627
IT2019A,IT,,41.45452,15.54822,fold3_italy,pm25,10.746478861337955,11.83986611859421
IT2023A,IT,,42.73657,11.87643,fold3_italy,pm25,8.875623517849203,8.677855207969737
IT2032A,IT,,43.47278,11.14194,fold3_italy,pm25,10.765217346798154,11.314885521050568
IT2038A,IT,,44.05195,8.20694,fold3_italy,pm25,8.146827792727855,11.708214063943142
IT2039A,IT,,44.35173,9.22261,fold3_italy,pm25,11.213915492953744,11.195533823911031
IT2056A,IT,,39.23583,9.115,fold3_italy,pm25,13.134877560665487,9.097654611460754
IT2063A,IT,,45.14833,9.94028,fold3_italy,pm25,22.65819177997913,9.889924426528596
IT2064A,IT,,43.27389,12.61167,fold3_italy,pm25,9.260355023447083,8.120605163201455
IT2066A,IT,,43.35833,12.55722,fold3_italy,pm25,12.591176329614889,10.91747264524167
IT2067A,IT,,43.31833,12.61861,fold3_italy,pm25,12.255255125501398,9.791139553457779
IT2068A,IT,,42.74333,12.66639,fold3_italy,pm25,12.89221549627336,9.333467629226991
IT2073A,IT,,44.54028,10.79222,fold3_italy,pm25,15.616021900149596,13.649902339319388
IT2078A,IT,,38.87028,16.66917,fold3_italy,pm25,6.453625909677021,8.790877070749177
IT2097A,IT,,44.15,10.92611,fold3_italy,pm25,4.53055559890817,7.050219397225335
IT2100A,IT,,43.13308,12.205815,fold3_italy,pm25,13.674863362915383,9.949705267989492
IT2101A,IT,,45.0028,7.8375,fold3_italy,pm25,18.837911872224495,12.447297048636832
IT2104A,IT,,45.665155,8.16018,fold3_italy,pm25,8.038690431874064,9.63385504277717
IT2107A,IT,,44.38333,8.28389,fold3_italy,pm25,13.081315674656896,11.259435208668387
IT2108A,IT,,44.375,8.29861,fold3_italy,pm25,11.832011384720696,10.509163396565196
IT2109A,IT,,42.55192,12.41971,fold3_italy,pm25,9.497237562543885,9.136412763637667
IT2113A,IT,,42.737210000000005,12.136685,fold3_italy,pm25,8.847025490302343,9.400890807803796
IT2114A,IT,,43.3675,12.5469,fold3_italy,pm25,9.273255799126819,8.926671756732462
IT2116A,IT,,45.2948,8.0434,fold3_italy,pm25,18.517914500680906,11.180546366104856
IT2118A,IT,,44.4018,7.8146,fold3_italy,pm25,14.470254905061838,11.28699818938845
IT2121A,IT,,45.6894,8.4584,fold3_italy,pm25,13.332612622752444,11.495708580840912
IT2128A,IT,,46.1276,8.2921,fold3_italy,pm25,16.135057301853163,10.336140944715622
IT2129A,IT,,45.80518,13.52205,fold3_italy,pm25,11.565868212810544,12.415821886490907
IT2131A,IT,,45.73162,13.48636,fold3_italy,pm25,10.603550262569382,10.17502086907146
IT2134A,IT,,42.5342,12.5219,fold3_italy,pm25,14.38271588738323,11.429739079404866
IT2141A,IT,,41.695,15.3792,fold3_italy,pm25,9.38282547525007,9.976308885663194
IT2143A,IT,,40.96157,17.28435,fold3_italy,pm25,9.610481587097167,8.462027892851943
IT2144A,IT,,41.1079,16.7662,fold3_italy,pm25,11.727945871655669,9.149521182191455
IT2148A,IT,,40.64929,17.51271,fold3_italy,pm25,13.898299426386425,8.151572585938775
IT2151A,IT,,40.48967,18.04731,fold3_italy,pm25,10.881992168156694,8.485014198113907
IT2152A,IT,,45.821945,13.271395,fold3_italy,pm25,14.480337018266463,10.377266865109807
IT2155A,IT,,44.39703,8.20604,fold3_italy,pm25,9.107753375559703,8.165764080879374
IT2161A,IT,,41.77944,14.10361,fold3_italy,pm25,8.382596648789034,10.724211358346109
IT2166A,IT,,42.34611,14.13778,fold3_italy,pm25,14.40423745060744,11.534684940862942
IT2167A,IT,,42.42139,14.27917,fold3_italy,pm25,10.879714319127617,10.126859321839598
IT2168A,IT,,45.0249,7.6491,fold3_italy,pm25,15.759530854434246,12.378632377779104
IT2169A,IT,,45.84194,13.30194,fold3_italy,pm25,14.410764735203182,11.322601282632107
IT2170A,IT,,45.8108,13.2622,fold3_italy,pm25,14.49441337896562,10.97441106143246
IT2172A,IT,,42.0993,11.79834,fold3_italy,pm25,9.373371206443522,10.30382231125432
IT2174A,IT,,41.45113,12.89173,fold3_italy,pm25,12.791643677994077,11.243495745845104
IT2177A,IT,,42.94444,13.87944,fold3_italy,pm25,11.811730130879216,12.533387071251306
IT2201A,IT,,45.96261,12.65592,fold3_italy,pm25,14.263456228062237,12.679721876884408
IT2202A,IT,,40.28839,15.89143,fold3_italy,pm25,10.272578413571162,8.506310071731736
IT2203A,IT,,40.33486,15.9007,fold3_italy,pm25,9.368176455934057,8.827478355751333
IT2204A,IT,,40.32423,15.86736,fold3_italy,pm25,13.023791959243091,8.162989889160613
IT2205A,IT,,40.31562,15.9548,fold3_italy,pm25,8.375616040967024,8.452370556624585
IT2209A,IT,,44.28561,11.8734,fold3_italy,pm25,13.338935559698795,13.213181072378868
IT2210A,IT,,40.83555,14.82459,fold3_italy,pm25,13.574201805822176,10.094029527272246
IT2212A,IT,,40.92431,14.48133,fold3_italy,pm25,23.159489408353302,10.854090564139812
IT2213A,IT,,40.71099,14.70244,fold3_italy,pm25,12.790493024774385,11.646327778754426
IT2214A,IT,,40.7404,14.64345,fold3_italy,pm25,14.258290052840557,13.899751842824982
IT2216A,IT,,40.91463,14.29866,fold3_italy,pm25,18.052134626096443,14.27396296313559
IT2218A,IT,,40.99052,14.42397,fold3_italy,pm25,15.891629237768377,11.787963490966755
IT2219A,IT,,40.94108,14.36981,fold3_italy,pm25,20.292081803612913,14.377553757923163
IT2221A,IT,,40.84495,14.20567,fold3_italy,pm25,10.856573287425745,12.855734182503307
IT2223A,IT,,40.8864,14.34998,fold3_italy,pm25,18.925196171647194,12.3586788509705
IT2226A,IT,,40.92087,14.38946,fold3_italy,pm25,17.166787443059775,9.687271432552441
IT2227A,IT,,40.91882,14.78553,fold3_italy,pm25,10.334293983652278,11.451396094768493
IT2228A,IT,,41.11575,14.77998,fold3_italy,pm25,15.027567664243689,9.222962300430847
IT2233A,IT,,45.73444,7.30433,fold3_italy,pm25,10.033057844187276,12.28063651799231
IT2241A,IT,,44.0311,10.13276,fold3_italy,pm25,11.834733868866424,12.774182563394557
IT2243A,IT,,45.43301,11.0301,fold3_italy,pm25,19.803371011206107,10.877650971168345
IT2247A,IT,,41.76823,12.23704,fold3_italy,pm25,9.923268869376006,10.055892987179996
IT2249A,IT,,42.15998,11.74271,fold3_italy,pm25,6.013829276676591,7.944104095172672
IT2251A,IT,,42.09884,11.81765,fold3_italy,pm25,8.134203029633701,11.076592060020044
IT2254A,IT,,42.16097,11.9,fold3_italy,pm25,8.66855539537427,7.57114523049075
IT2263A,IT,,45.62061,13.78378,fold3_italy,pm25,10.611111144626385,10.535014076132377
IT2268A,IT,,40.61107,14.97584,fold3_italy,pm25,9.513855422446213,10.964662191775227
IT2270A,IT,,40.81588,14.34927,fold3_italy,pm25,10.431241240095721,12.084328234243353
IT2273A,IT,,40.48701,15.52825,fold3_italy,pm25,9.299407250783862,8.9578316678533
IT2280A,IT,,45.64049,13.76608,fold3_italy,pm25,11.668604696654839,10.364454876965546
IT2282A,IT,,45.4397,8.6204,fold3_italy,pm25,15.330508753817993,12.93091887268772
IT2284A,IT,,45.7324,7.32189,fold3_italy,pm25,10.573298063243111,10.962484315639935
IT2286A,IT,,44.26179,8.44565,fold3_italy,pm25,8.76637928782057,8.75812746098294
IT2294A,IT,,44.7043,7.6853,fold3_italy,pm25,17.652542061545457,10.599525818130434
IT2298A,IT,,44.50842,8.70463,fold3_italy,pm25,10.504093575691696,8.708522280605331
IT2299A,IT,,44.39951,8.28096,fold3_italy,pm25,11.499999947961504,12.315757006180556
IT2300A,IT,,45.53861,10.23194,fold3_italy,pm25,17.770007772825576,12.17666018545923
IT2301A,IT,,45.50867,10.25637,fold3_italy,pm25,20.225706659089564,11.978577187407188
IT2302A,IT,,44.31906,9.32947,fold3_italy,pm25,6.01322312529088,11.529382210084902
IT2303A,IT,,44.25306,8.44256,fold3_italy,pm25,8.217664638672984,8.301952433912236
IT2321A,IT,,45.95746,12.50816,fold3_italy,pm25,17.492918294057283,11.090706722974693
IT2322A,IT,,42.5723,12.67886,fold3_italy,pm25,15.286549535088092,10.333311911017415
IT2323A,IT,,44.56784,8.94896,fold3_italy,pm25,14.192797896117462,11.441112947298766
IT2324A,IT,,45.93648,13.61613,fold3_italy,pm25,12.101408365469029,10.619315905713666
IT2325A,IT,,45.79561,13.14656,fold3_italy,pm25,13.465015596992476,10.079357181064646
IT2327A,IT,,44.43438,8.89251,fold3_italy,pm25,11.27196484094444,10.504510265728317
IT2336A,IT,,40.40444,16.1191,fold3_italy,pm25,4.6969132107689555,6.5242421070161
IT2339A,IT,,44.40444,8.96563,fold3_italy,pm25,11.9717781021803,11.159729862131712
AT0ENK1,AT,,48.39164,13.67086,fold4_alpine,pm25,7.574507124857111,7.91068128623094
AT0ILL1,AT,,47.77028,16.76639,fold4_alpine,pm25,8.997244512125375,10.173380925689447
AT0PIL1,AT,,48.7212,15.936,fold4_alpine,pm25,8.815364917089292,9.871199258416022
AT0ZOE2,AT,,47.83828,14.44091,fold4_alpine,pm25,3.5043852072443182,7.7323186749763435
AT10001,AT,,47.84011,16.52617,fold4_alpine,pm25,11.496320992549053,10.812902921600124
AT10003,AT,,48.10915,17.07032,fold4_alpine,pm25,11.293543097782273,9.51586102382109
AT2KA21,AT,,46.62556,14.31806,fold4_alpine,pm25,10.75052478385302,11.217963010679194
AT2KA71,AT,,46.62662,14.29914,fold4_alpine,pm25,10.996662678207526,11.316728766044715
AT2WO15,AT,,46.83498,14.84346,fold4_alpine,pm25,10.993837976681135,10.900580954724497
AT30101,AT,,48.1199,14.8788,fold4_alpine,pm25,9.132815866412427,10.531057014871603
AT30104,AT,,48.19234,14.51954,fold4_alpine,pm25,10.54448740363794,10.16113552946139
AT30201,AT,,47.9592,16.20573,fold4_alpine,pm25,8.497121003990223,10.262600344541905
AT30301,AT,,48.1442,16.95787,fold4_alpine,pm25,10.340341472435203,10.178094382515546
AT30407,AT,,48.2307,16.6363,fold4_alpine,pm25,10.048441137839681,9.843586129265146
AT30599,AT,,48.30833,16.32803,fold4_alpine,pm25,10.65347520212819,10.492290265776933
AT30701,AT,,48.52832,15.94185,fold4_alpine,pm25,8.157288334854206,10.909241220495588
AT31406,AT,,48.08333,16.33722,fold4_alpine,pm25,9.254371710895445,10.611435675124918
AT31413,AT,,48.0843,16.329,fold4_alpine,pm25,9.556534339396507,10.812823238283855
AT31901,AT,,48.32945,16.0625,fold4_alpine,pm25,10.86219869954366,11.020277910489307
AT31902,AT,,48.34509,15.90706,fold4_alpine,pm25,9.882899210867706,10.094227382422465
AT31903,AT,,48.33097,15.8578,fold4_alpine,pm25,10.314057133797391,10.071512463193491
AT31905,AT,,48.32184,15.96462,fold4_alpine,pm25,10.091924191722324,10.37955918356242
AT32301,AT,,48.2116,15.6325,fold4_alpine,pm25,9.99911409494276,11.083501964267558
AT32701,AT,,48.14558,16.4759,fold4_alpine,pm25,9.676838064744697,11.406717930077487
AT4S108,AT,,48.53111,14.57472,fold4_alpine,pm25,6.232991835848359,7.983665700194224
AT4S125,AT,,47.71611,13.63222,fold4_alpine,pm25,5.920569484703196,9.294815971805917
AT4S156,AT,,48.25747,13.03923,fold4_alpine,pm25,8.987647579148291,10.22654908393362
AT4S173,AT,,48.27975,14.3665,fold4_alpine,pm25,9.948453877929422,9.092106659114906
AT4S184,AT,,48.30612,14.2975,fold4_alpine,pm25,10.111473780201807,10.769408485669734
AT4S217,AT,,48.20944,14.43694,fold4_alpine,pm25,11.0323698712072,9.277091926598546
AT4S235,AT,,47.81586,13.72074,fold4_alpine,pm25,4.101452499165903,5.646144179718511
AT4S404,AT,,48.22535,14.23755,fold4_alpine,pm25,10.817754187567761,10.277032959334138
AT4S406,AT,,48.1649,14.0366,fold4_alpine,pm25,10.062743952772395,10.06344655010863
AT4S407,AT,,48.0009,13.66761,fold4_alpine,pm25,9.383825382714587,10.088334160827335
AT4S409,AT,,48.04925,14.44236,fold4_alpine,pm25,8.422633509419034,10.208134951112068
AT4S415,AT,,48.32333,14.29778,fold4_alpine,pm25,8.653730372495218,9.549352264376594
AT4S416,AT,,48.27329,14.31479,fold4_alpine,pm25,10.81727602818063,9.924495199705536
AT4S431,AT,,48.30299,14.28217,fold4_alpine,pm25,12.750085225866318,9.817372705782216
AT4S432,AT,,47.97386,13.60892,fold4_alpine,pm25,9.319852844252717,9.97796554516884
AT51000,AT,,47.7974,13.05329,fold4_alpine,pm25,6.7874777545229605,10.490722693328761
AT51201,AT,,47.81575,13.02801,fold4_alpine,pm25,7.038211816156589,10.761042988177108
AT52000,AT,,47.68259,13.09995,fold4_alpine,pm25,8.422096335332386,10.02636247229976
AT52300,AT,,47.69135,13.10815,fold4_alpine,pm25,6.4760753915450335,9.331416725130012
AT55032,AT,,47.12566,13.80804,fold4_alpine,pm25,8.342083884527245,10.204942481178778
AT56072,AT,,47.32664,12.79512,fold4_alpine,pm25,6.774959103364405,8.85064170019685
AT60107,AT,,47.04472,15.15278,fold4_alpine,pm25,9.866308684458973,10.869925034696173
AT60138,AT,,47.094955,15.414645,fold4_alpine,pm25,11.902129879698785,10.53682514513714
AT60164,AT,,47.05561,15.4166,fold4_alpine,pm25,15.94474740000609,9.889531314171286
AT60170,AT,,47.04172,15.43308,fold4_alpine,pm25,15.797969082486137,10.1252510299551
AT60173,AT,,47.05008,15.42861,fold4_alpine,pm25,15.571122657355257,10.490925592495344
AT60176,AT,,47.42567,15.27053,fold4_alpine,pm25,9.992880352655476,9.231608944397308
AT60178,AT,,47.2157,15.62839,fold4_alpine,pm25,9.848966599105966,10.760311010986468
AT60197,AT,,46.77833,15.54056,fold4_alpine,pm25,13.468119086559474,10.612172943521974
AT72110,AT,,47.26262,11.39236,fold4_alpine,pm25,8.879469609313093,10.76525147757623
AT72519,AT,,47.42855,11.8718,fold4_alpine,pm25,9.323982924461646,8.51621202376779
AT72710,AT,,47.4476,10.74412,fold4_alpine,pm25,6.924706189574236,8.55326084175857
AT72821,AT,,47.34877,11.69203,fold4_alpine,pm25,8.839339278856434,8.907841199533504
AT72910,AT,,46.82773,12.76562,fold4_alpine,pm25,9.901263098321639,10.014530476380632
AT80706,AT,,47.41084,9.65278,fold4_alpine,pm25,7.943305316201962,9.264708852127804
AT80807,AT,,47.40945,9.7432,fold4_alpine,pm25,7.4331228618494105,10.333829857402984
AT900KE,AT,,48.15671,16.47605,fold4_alpine,pm25,10.40769961145042,10.148946074327553
AT90A23,AT,,48.20306,16.43455,fold4_alpine,pm25,10.548751098404272,10.2979365959093
AT90AKC,AT,,48.21911,16.34982,fold4_alpine,pm25,9.934565264296593,11.384063938619203
AT90FLO,AT,,48.26109,16.39695,fold4_alpine,pm25,9.828750482220379,11.362210225612218
AT90LOB,AT,,48.16207,16.52561,fold4_alpine,pm25,9.21262771269115,10.25288834550412
AT90TAB,AT,,48.21674,16.38092,fold4_alpine,pm25,10.116003612697451,10.920487440595949
AT9BELG,AT,,48.17435,16.36142,fold4_alpine,pm25,9.877831687334783,10.847223857974996
AT9KEND,AT,,48.205,16.30975,fold4_alpine,pm25,10.112767840325876,11.316916285355331
AT9LIES,AT,,48.14125,16.30008,fold4_alpine,pm25,10.071390618456023,10.285567723148473
AT9SCHA,AT,,48.23537,16.30156,fold4_alpine,pm25,9.552726333716956,10.18398071507335
AT9STAD,AT,,48.22636,16.45835,fold4_alpine,pm25,10.027519463875242,11.092633257651721
CH0002R,CH,,46.8131,6.94448,fold4_alpine,pm25,6.51310823969708,8.821631245768637
CH0005A,CH,,47.4029,8.6134,fold4_alpine,pm25,7.2025674317127795,9.730018368153317
CH0005R,CH,,47.0674,8.46333,fold4_alpine,pm25,4.673892905375784,7.051029352228132
CH0008A,CH,,47.5411,7.58328,fold4_alpine,pm25,7.432428901928573,9.36364519341807
CH0010A,CH,,47.3776,8.53041,fold4_alpine,pm25,8.060644035815653,10.231800882333399
CH0011A,CH,,46.0111,8.9571,fold4_alpine,pm25,9.302252480349596,10.968235563976053
CH0031A,CH,,46.951,7.44087,fold4_alpine,pm25,8.936186892063906,10.615813029037778
CH0033A,CH,,46.1603,8.93394,fold4_alpine,pm25,9.023804903127107,8.809655134108864
DEBW004,DE,Baden-Wuerttemberg,49.07655,8.40666,fold4_alpine,pm25,6.574683598812081,10.032319304162767
DEBW005,DE,Baden-Wuerttemberg,49.54408,8.46528,fold4_alpine,pm25,8.307678416942242,11.123733287751197
DEBW009,DE,Baden-Wuerttemberg,49.41953,8.6767,fold4_alpine,pm25,7.023157901050032,10.40134841068583
DEBW010,DE,Baden-Wuerttemberg,49.30073,8.7001,fold4_alpine,pm25,6.895681652832511,9.363735616707444
DEBW013,DE,Baden-Wuerttemberg,48.8088,9.22974,fold4_alpine,pm25,7.627999927575681,10.15857364037468
DEBW015,DE,Baden-Wuerttemberg,49.16551,9.22479,fold4_alpine,pm25,7.909295555379289,10.269198039373778
DEBW019,DE,Baden-Wuerttemberg,48.39684,9.97903,fold4_alpine,pm25,7.908036826884734,10.409622388233672
DEBW022,DE,Baden-Wuerttemberg,48.57818,7.80232,fold4_alpine,pm25,6.983011476411987,10.223552339842081
DEBW023,DE,Baden-Wuerttemberg,47.58815,7.63327,fold4_alpine,pm25,6.476100599420888,9.888130338859206
DEBW024,DE,Baden-Wuerttemberg,48.89923,9.17279,fold4_alpine,pm25,7.286274563278447,9.700904823233461
DEBW027,DE,Baden-Wuerttemberg,48.48889,9.20732,fold4_alpine,pm25,7.205758168467791,9.958488324632041
DEBW029,DE,Baden-Wuerttemberg,48.84792,10.09629,fold4_alpine,pm25,6.875229096951096,10.459580334160993
DEBW031,DE,Baden-Wuerttemberg,47.80989,7.76453,fold4_alpine,pm25,3.1259075106010807,8.06242284135216
DEBW033,DE,Baden-Wuerttemberg,48.88904,8.66554,fold4_alpine,pm25,6.669330584702454,9.829155553371322
DEBW038,DE,Baden-Wuerttemberg,47.66006,9.48568,fold4_alpine,pm25,6.94460664162137,10.136031160531614
DEBW039,DE,Baden-Wuerttemberg,48.04866,8.4636,fold4_alpine,pm25,5.465100342984948,10.55939251186852
DEBW042,DE,Baden-Wuerttemberg,48.67807,9.22777,fold4_alpine,pm25,7.559740106527915,10.356170220244003
DEBW046,DE,Baden-Wuerttemberg,48.08989,9.80033,fold4_alpine,pm25,7.383860270412435,10.057049449681523
DEBW052,DE,Baden-Wuerttemberg,47.66436,9.16929,fold4_alpine,pm25,6.344442446558084,9.203937447848137
DEBW059,DE,Baden-Wuerttemberg,49.63484,9.65792,fold4_alpine,pm25,6.8136754897723355,10.488793468620488
DEBW073,DE,Baden-Wuerttemberg,47.81902,7.56797,fold4_alpine,pm25,6.927798740003845,9.929970087891673
DEBW076,DE,Baden-Wuerttemberg,48.77307,8.22021,fold4_alpine,pm25,5.987719660592923,10.08904519237145
DEBW080,DE,Baden-Wuerttemberg,49.00796,8.38719,fold4_alpine,pm25,7.497496451606608,10.67483328524912
DEBW081,DE,Baden-Wuerttemberg,49.02859,8.35563,fold4_alpine,pm25,6.890638857308098,10.831819517219849
DEBW084,DE,Baden-Wuerttemberg,48.00151,7.83212,fold4_alpine,pm25,6.185054176309,11.126720842778262
DEBW087,DE,Baden-Wuerttemberg,48.34578,9.20764,fold4_alpine,pm25,4.2771317936236,8.469268167891647
DEBW098,DE,Baden-Wuerttemberg,49.49258,8.472175,fold4_alpine,pm25,8.903126508997733,10.659757032545256
DEBW099,DE,Baden-Wuerttemberg,48.78313,9.180745000000002,fold4_alpine,pm25,9.403177387957015,9.959066420964703
DEBW107,DE,Baden-Wuerttemberg,48.5077,9.05118,fold4_alpine,pm25,7.23243772978445,9.853730447484574
DEBW112,DE,Baden-Wuerttemberg,48.64561,8.90444,fold4_alpine,pm25,6.41998372681575,9.826400356172437
DEBW118,DE,Baden-Wuerttemberg,48.788175,9.1912,fold4_alpine,pm25,8.623715493527571,9.947505792595278
DEBW122,DE,Baden-Wuerttemberg,47.98837,7.859895,fold4_alpine,pm25,6.49081070009617,10.615078179836098
DEBW125,DE,Baden-Wuerttemberg,49.00375,8.52615,fold4_alpine,pm25,8.386906086033063,9.8573051206351
DEBW136,DE,Baden-Wuerttemberg,48.52023,9.05802,fold4_alpine,pm25,8.43886150583532,10.077953292000364
DEBW147,DE,Baden-Wuerttemberg,48.48934,9.210765,fold4_alpine,pm25,7.851096636921896,10.662031733293762
DEBW152,DE,Baden-Wuerttemberg,49.14602,9.22586,fold4_alpine,pm25,8.666554265550811,9.318704392101193
DEBW156,DE,Baden-Wuerttemberg,48.22916,8.39056,fold4_alpine,pm25,7.017162198069409,9.611946092123093
DEBY001,DE,Bayern,49.30489,10.5723,fold4_alpine,pm25,7.943262373329064,10.087133103981163
DEBY002,DE,Bayern,50.05819,12.18865,fold4_alpine,pm25,8.067795197819553,9.8833815510852
DEBY004,DE,Bayern,49.86942,9.17155,fold4_alpine,pm25,8.161889684461624,9.77027764574662
DEBY005,DE,Bayern,49.99152,9.11797,fold4_alpine,pm25,7.179422902761571,9.6568572078466
DEBY007,DE,Bayern,48.37658,10.88837,fold4_alpine,pm25,7.734651180147504,10.462107717567326
DEBY009,DE,Bayern,49.89833,10.88769,fold4_alpine,pm25,7.850393575398637,11.563023441699265
DEBY012,DE,Bayern,48.17717,12.82931,fold4_alpine,pm25,10.337521239403243,10.215267949109313
DEBY013,DE,Bayern,48.18284,12.78139,fold4_alpine,pm25,8.051838599328581,9.38635991408745
DEBY014,DE,,50.26058,10.95931,fold4_alpine,pm25,9.09435202806238,10.093249188565277
DEBY031,DE,Bayern,47.72514,10.30656,fold4_alpine,pm25,6.6744252090309475,11.16742894173947
DEBY035,DE,Bayern,47.55439,9.69002,fold4_alpine,pm25,7.422099499445923,9.488021342165958
DEBY037,DE,Bayern,48.13725,11.56493,fold4_alpine,pm25,8.788148116889404,10.084026790705412
DEBY039,DE,Bayern,48.15453,11.55467,fold4_alpine,pm25,6.6915921745348275,10.777361848356266
DEBY052,DE,Bayern,48.39708,10.00829,fold4_alpine,pm25,7.903199812863848,10.435728292518167
DEBY053,DE,Bayern,49.44591,11.08844,fold4_alpine,pm25,8.70661935121044,10.87520192870458
DEBY058,DE,Bayern,49.46223,11.02547,fold4_alpine,pm25,8.002076581973773,10.71308028680393
DEBY067,DE,Bayern,49.32196,12.12814,fold4_alpine,pm25,7.913213902970684,9.10091888745565
DEBY072,DE,Bayern,49.43847,12.54887,fold4_alpine,pm25,5.569772727496308,7.748768235482126
DEBY075,DE,Bayern,49.67895,12.15936,fold4_alpine,pm25,8.882944463437202,10.428991363319703
DEBY077,DE,Bayern,49.8047,9.95642,fold4_alpine,pm25,7.477658397733464,9.919842639465548
DEBY088,DE,Bayern,48.02166,12.53818,fold4_alpine,pm25,7.644853472423114,9.76401128254333
DEBY089,DE,Bayern,48.1732,11.64804,fold4_alpine,pm25,7.3908471202412604,10.218975548104774
DEBY099,DE,Bayern,48.32601,10.90305,fold4_alpine,pm25,6.95800204516974,10.070581199142666
DEBY109,DE,Bayern,47.96875,11.22017,fold4_alpine,pm25,5.620315028725121,8.125343398648525
DEBY115,DE,Bayern,48.14961,11.53651,fold4_alpine,pm25,8.61217381777073,10.509800446227116
DEBY118,DE,Bayern,48.57362,13.42204,fold4_alpine,pm25,10.975207023980103,10.026669544838402
DEBY121,DE,Bayern,47.64846,12.18833,fold4_alpine,pm25,8.467076997801623,8.624991149733827
DEBY124,DE,Bayern,49.44452,10.31658,fold4_alpine,pm25,7.551440828075594,9.586388264676112
DEBY187,DE,Bayern,48.95218,10.59772,fold4_alpine,pm25,8.1446353356069,9.773796087249664
DEBY198,DE,Bayern,48.74262,11.43464,fold4_alpine,pm25,9.485371478918525,10.380101134573172
DEBY200,DE,Bayern,48.57663,13.46936,fold4_alpine,pm25,9.470010728892698,9.405261359007465
DEHE001,DE,Hessen,49.8723,8.66462,fold4_alpine,pm25,8.140122265465124,10.892088501825935
DEHE005,DE,Hessen,50.10175,8.54252,fold4_alpine,pm25,8.561455695491635,11.040477966628949
DEHE008,DE,Hessen,50.12533,8.74634,fold4_alpine,pm25,8.453562431523055,11.374396040486973
DEHE011,DE,Hessen,50.13577,8.92157,fold4_alpine,pm25,8.312079470397027,11.404900367616527
DEHE013,DE,Hessen,51.31425,9.4834,fold4_alpine,pm25,8.493641872354353,10.026102768907478
DEHE018,DE,Hessen,50.01032,8.45153,fold4_alpine,pm25,8.374445847253176,10.678612453218413
DEHE020,DE,Hessen,50.56718,8.50062,fold4_alpine,pm25,8.141774896732562,10.073557976746237
DEHE022,DE,Hessen,50.05034,8.24495,fold4_alpine,pm25,8.230101123467168,10.001584977410376
DEHE024,DE,Hessen,51.29176,9.77459,fold4_alpine,pm25,6.331407054067234,8.076565251427914
DEHE028,DE,Hessen,49.65347,8.81725,fold4_alpine,pm25,6.511959403586216,8.076875704289499
DEHE030,DE,Hessen,50.80426,8.76932,fold4_alpine,pm25,8.290790069516309,10.428054528190644
DEHE032,DE,Hessen,50.97002,9.80026,fold4_alpine,pm25,8.430296208199893,9.552285241132251
DEHE037,DE,Hessen,50.07719,8.23032,fold4_alpine,pm25,8.190354849362697,10.739727930582127
DEHE040,DE,Hessen,49.86946,8.65375,fold4_alpine,pm25,8.191789379730626,10.782655597260316
DEHE041,DE,Hessen,50.12459,8.69191,fold4_alpine,pm25,9.562646513283523,11.148657199706998
DEHE043,DE,Hessen,49.82517,8.5168,fold4_alpine,pm25,8.201283446975596,10.349913213472718
DEHE044,DE,Hessen,50.38322,8.061,fold4_alpine,pm25,7.559092354861739,10.064980714289723
DEHE045,DE,Hessen,49.67251,9.00198,fold4_alpine,pm25,7.777409536127248,10.265598033229686
DEHE049,DE,Hessen,51.31208,9.49112,fold4_alpine,pm25,10.20940786873402,9.912091354415141
DEHE050,DE,Hessen,51.36076,9.27123,fold4_alpine,pm25,6.639977748442312,7.745161188338799
DEHE051,DE,Hessen,50.49771,9.93586,fold4_alpine,pm25,4.7164165561328275,7.5010972422402045
DEHE052,DE,Hessen,50.22194,8.44608,fold4_alpine,pm25,4.925871728788249,6.771858447999095
DEHE059,DE,Hessen,50.55003,9.68485,fold4_alpine,pm25,8.570727165469837,10.44559416659613
DEHE060,DE,Hessen,51.15484,9.03175,fold4_alpine,pm25,6.085151862608293,8.190054424674816
DEHE061,DE,Hessen,50.58411,8.66858,fold4_alpine,pm25,8.908122443479627,10.602382911711546
DEHE062,DE,Hessen,50.80701,8.7694,fold4_alpine,pm25,8.183615987257316,10.345241776393054
DEHE063,DE,Hessen,49.64324,8.642,fold4_alpine,pm25,8.505879273106208,10.98052961113538
DEHE112,DE,Hessen,50.07212,8.22887,fold4_alpine,pm25,8.74471315228157,10.244268232523508
DEHE116,DE,Hessen,50.10149,8.78489,fold4_alpine,pm25,9.390254340430502,10.657349544135359
DEHE131,DE,Hessen,50.38643,8.05991,fold4_alpine,pm25,9.027467523083216,10.168051868849094
DEHE134,DE,Hessen,50.54638,9.68017,fold4_alpine,pm25,7.866858707696258,10.971512175293372
DEHE135,DE,Hessen,50.07546,8.57631,fold4_alpine,pm25,7.549984146433133,10.35786237164754
DENW002,DE,Nordrhein-Westfalen,51.64138,7.33141,fold4_alpine,pm25,10.26862840100646,9.986199692898202
DENW006,DE,Nordrhein-Westfalen,51.592205,7.5698,fold4_alpine,pm25,9.174033189486803,9.725714545897546
DENW008,DE,Nordrhein-Westfalen,51.53691,7.45746,fold4_alpine,pm25,9.58235868400827,10.40360298975524
DENW010,DE,Nordrhein-Westfalen,51.54749,7.69384,fold4_alpine,pm25,9.961584357880339,9.6659966706057
DENW021,DE,Nordrhein-Westfalen,51.525955,6.976895000000001,fold4_alpine,pm25,10.138840869107689,11.280414598863887
DENW022,DE,Nordrhein-Westfalen,51.53365,7.10179,fold4_alpine,pm25,9.28009793594857,10.632871758682377
DENW024,DE,Nordrhein-Westfalen,51.49653,6.98104,fold4_alpine,pm25,9.506048350511326,11.165257981501426
DENW029,DE,Nordrhein-Westfalen,51.40301,7.20857,fold4_alpine,pm25,8.108702639039686,10.233760483632912
DENW034,DE,Nordrhein-Westfalen,51.524025,6.74838,fold4_alpine,pm25,9.621978031844066,11.691364914420827
DENW038,DE,Nordrhein-Westfalen,51.45346,6.86508,fold4_alpine,pm25,8.765320815571952,11.021077099521829
DENW040,DE,Nordrhein-Westfalen,51.38526,6.763,fold4_alpine,pm25,9.966446658197482,11.340215460829285
DENW042,DE,Nordrhein-Westfalen,51.33767,6.64024,fold4_alpine,pm25,9.92607777382304,11.244639294816912
DENW043,DE,Nordrhein-Westfalen,51.45118,7.0306,fold4_alpine,pm25,10.135705635705692,10.179331412380833
DENW053,DE,Nordrhein-Westfalen,51.01934,6.88464,fold4_alpine,pm25,8.247356509999005,10.352758477999137
DENW058,DE,Nordrhein-Westfalen,50.87615,6.873805,fold4_alpine,pm25,8.455289783202776,10.332935244741982
DENW059,DE,Nordrhein-Westfalen,50.88982,6.98516,fold4_alpine,pm25,7.6465376284920055,10.38699205143128
DENW062,DE,Nordrhein-Westfalen,50.75364,7.08268,fold4_alpine,pm25,8.189095663214706,10.398282657339482
DENW065,DE,Nordrhein-Westfalen,50.93033,8.19192,fold4_alpine,pm25,5.092150404992907,7.894211069411693
DENW066,DE,Nordrhein-Westfalen,51.32693,6.19583,fold4_alpine,pm25,8.876556360424322,9.716837739065149
DENW067,DE,Nordrhein-Westfalen,52.02316,8.548375,fold4_alpine,pm25,8.181236105526775,9.960531395989223
DENW068,DE,Nordrhein-Westfalen,51.57066,8.14806,fold4_alpine,pm25,7.533472109528438,10.201850121020016
DENW071,DE,Nordrhein-Westfalen,51.24921,6.73238,fold4_alpine,pm25,9.07280979184146,11.144311627193925
DENW074,DE,Nordrhein-Westfalen,50.88348,6.46931,fold4_alpine,pm25,8.54355249353845,9.951917210849563
DENW078,DE,Nordrhein-Westfalen,51.30392,6.81997,fold4_alpine,pm25,8.717859408975949,10.533453484703193
DENW079,DE,Nordrhein-Westfalen,51.02888,7.00506,fold4_alpine,pm25,8.104807109307078,10.604808655541223
DENW081,DE,Nordrhein-Westfalen,51.86202,6.87451,fold4_alpine,pm25,9.592287207278913,10.27070018004489
DENW082,DE,Nordrhein-Westfalen,51.21311,6.78256,fold4_alpine,pm25,10.523052949965813,11.155018961216136
DENW094,DE,Nordrhein-Westfalen,50.754715,6.093875,fold4_alpine,pm25,6.998882645317614,9.774260321590827
DENW095,DE,Nordrhein-Westfalen,51.936545,7.61158,fold4_alpine,pm25,9.456502922031245,10.14125393234089
DENW096,DE,Nordrhein-Westfalen,51.15461,6.42561,fold4_alpine,pm25,7.634163225323167,10.176479416070132
DENW114,DE,Nordrhein-Westfalen,51.27765,7.23189,fold4_alpine,pm25,7.9927632148177485,10.199425714988823
DENW116,DE,Nordrhein-Westfalen,51.34256,6.67019,fold4_alpine,pm25,10.69599457392507,11.188686705514801
DENW133,DE,Nordrhein-Westfalen,51.36283,7.46353,fold4_alpine,pm25,9.972826496632795,10.040152700380233
DENW136,DE,Nordrhein-Westfalen,51.523555,7.48358,fold4_alpine,pm25,10.028004457533626,10.924626469833294
DENW179,DE,Nordrhein-Westfalen,51.44876,7.58229,fold4_alpine,pm25,7.803533262176657,10.05709780536885
DENW181,DE,Nordrhein-Westfalen,51.44301,8.36071,fold4_alpine,pm25,7.759261350852804,9.37777059759932
DENW182,DE,Nordrhein-Westfalen,50.92711,6.58221,fold4_alpine,pm25,9.067482395258631,9.897213892107782
DENW188,DE,Nordrhein-Westfalen,51.47498,6.86366,fold4_alpine,pm25,9.807844116044798,11.434991470592596
DENW189,DE,Nordrhein-Westfalen,51.26068,7.14739,fold4_alpine,pm25,10.448798627557023,9.941342752638231
DENW200,DE,Nordrhein-Westfalen,52.00562,8.55279,fold4_alpine,pm25,9.469138314288147,9.801096043042016
DENW207,DE,Nordrhein-Westfalen,50.77313,6.09577,fold4_alpine,pm25,7.657207946922144,10.58330740356527
DENW208,DE,Nordrhein-Westfalen,51.52789,7.0846,fold4_alpine,pm25,11.152023958791544,10.433348283518107
DENW211,DE,Nordrhein-Westfalen,50.96285,7.0046,fold4_alpine,pm25,9.456977744546826,10.860706538713387
DENW212,DE,Nordrhein-Westfalen,50.94737,6.9577,fold4_alpine,pm25,9.068364071809395,10.581340827133475
DENW247,DE,Nordrhein-Westfalen,51.40697,6.96564,fold4_alpine,pm25,7.65611040287153,10.423412160892072
DENW259,DE,Nordrhein-Westfalen,51.169435,6.439965,fold4_alpine,pm25,9.42213778530991,10.39888404405356
DENW260,DE,Nordrhein-Westfalen,51.953275000000005,7.619384999999999,fold4_alpine,pm25,9.643740493700674,9.934799199443475
DENW329,DE,Nordrhein-Westfalen,51.03383,6.45148,fold4_alpine,pm25,8.121837892273637,9.772994123763997
DENW337,DE,Nordrhein-Westfalen,51.0976,6.4695,fold4_alpine,pm25,8.880731365858574,10.374177618759
DENW338,DE,Nordrhein-Westfalen,51.48549,6.73543,fold4_alpine,pm25,10.405334793115307,12.119710129398015
DENW355,DE,Nordrhein-Westfalen,51.03147,7.01093,fold4_alpine,pm25,8.403765556038465,10.560054034962587
DENW356,DE,Nordrhein-Westfalen,51.22761,7.64309,fold4_alpine,pm25,8.172205271306074,9.066078434295697
DENW405,DE,Nordrhein-Westfalen,51.67355,6.65512,fold4_alpine,pm25,8.69628453252928,10.257533522672903
DENW415,DE,Nordrhein-Westfalen,51.47844,6.84252,fold4_alpine,pm25,10.073467148867687,12.145324744681172
DENW430,DE,Nordrhein-Westfalen,51.20255,6.77635,fold4_alpine,pm25,9.474245893990291,11.222268897276448
DENW431,DE,Nordrhein-Westfalen,51.27743,6.74429,fold4_alpine,pm25,7.989786142960877,10.670319792003745
DERP003,DE,Rheinland-Pfalz,49.45538,8.42558,fold4_alpine,pm25,11.66762497148605,10.81282773210037
DERP009,DE,Rheinland-Pfalz,49.995,8.27397,fold4_alpine,pm25,8.817913651442598,10.576830929703045
DERP010,DE,Rheinland-Pfalz,50.00103,8.26113,fold4_alpine,pm25,10.399357685277307,11.0556866521645
DERP017,DE,Rheinland-Pfalz,49.27026,7.82641,fold4_alpine,pm25,4.8870149784782235,7.64980573022083
DERP019,DE,Rheinland-Pfalz,49.446,7.7673,fold4_alpine,pm25,8.093172873206786,9.679204748246597
DERP020,DE,Rheinland-Pfalz,49.75423,6.64672,fold4_alpine,pm25,7.761919632208902,10.211524871489095
DERP022,DE,Rheinland-Pfalz,49.84213,7.86621,fold4_alpine,pm25,8.260317684700231,10.680522567749156
DERP023,DE,Rheinland-Pfalz,49.62877,8.36478,fold4_alpine,pm25,10.732404694384059,10.980454517463336
DERP024,DE,Rheinland-Pfalz,50.3544,7.59658,fold4_alpine,pm25,9.035051214715589,10.000288317324738
DERP028,DE,Rheinland-Pfalz,50.4243,7.7299,fold4_alpine,pm25,5.644109809288217,8.083498264646632
DERP041,DE,Rheinland-Pfalz,49.4785,8.44385,fold4_alpine,pm25,9.698359350718732,11.317919398184651
DERP045,DE,Rheinland-Pfalz,50.35937,7.59224,fold4_alpine,pm25,8.701219906427335,10.112386428328145
DERP046,DE,Rheinland-Pfalz,50.4314,7.46081,fold4_alpine,pm25,8.654589831359228,10.870644891100852
DERP047,DE,Rheinland-Pfalz,49.78402,6.69026,fold4_alpine,pm25,9.41633571579207,9.508652006115321
DERP053,DE,Rheinland-Pfalz,49.3511,8.423,fold4_alpine,pm25,9.62000693880438,10.625530552796047
DESL003,DE,Saarland,49.35786,6.73354,fold4_alpine,pm25,9.315710240158742,9.831765718449503
DESL012,DE,Saarland,49.23346,6.9876,fold4_alpine,pm25,8.0783373072631,10.191002149718154
DEUB004,DE,Baden-Wuerttemberg,47.91325,7.90804,fold4_alpine,pm25,4.127725520795408,7.265475941556619
DK0012R,DK,,55.69411,12.08867,fold5_north,pm25,5.996220852594072,10.403486460525476
DK0030A,DK,,55.69833,12.55334,fold5_north,pm25,6.7203844202496725,11.783164691839973
DK0034A,DK,,55.6743,12.5711,fold5_north,pm25,9.67257528917897,11.099173994367515
DK0045A,DK,,55.70028,12.5614,fold5_north,pm25,6.667836615374111,10.324414020918653
DK0051A,DK,,56.15056,10.20084,fold5_north,pm25,7.097863829487653,11.75412972998211
DK0053A,DK,,57.04667,9.93085,fold5_north,pm25,5.898186851666885,11.55595478503243
DK0056A,DK,,56.15978,10.19362,fold5_north,pm25,6.25864269329163,10.6088662470366
DK0059A,DK,,57.04528,9.915,fold5_north,pm25,6.5203835779503585,11.203164757282407
DK0060A,DK,,55.6375,12.4617,fold5_north,pm25,6.400765138303088,9.896151814683423
EE0009R,EE,,59.49445,25.93057,fold5_north,pm25,4.179395660073366,9.054254253560604
EE0011R,EE,,58.37611,21.84501,fold5_north,pm25,4.27178775745809,11.923582030097961
EE0016A,EE,,58.70278,26.7589,fold5_north,pm25,3.735245754802542,8.797637346741976
EE0018A,EE,,59.41417,24.64946,fold5_north,pm25,3.4234637080244363,10.342346390023216
EE0019A,EE,,59.40973,27.27862,fold5_north,pm25,4.176502858846511,10.729678166182483
EE0021A,EE,,58.37056,26.73472,fold5_north,pm25,4.83351790450421,11.661375097497436
EE0022A,EE,,59.37616,28.17917,fold5_north,pm25,4.006849493876628,11.282254219974762
FI00027,FI,,64.99473,25.47926,fold5_north,pm25,4.373020269467252,10.49517238467049
FI00208,FI,,60.31439,24.68486,fold5_north,pm25,4.124022720156493,8.874903567151394
FI00280,FI,,61.05748,28.24585,fold5_north,pm25,4.925455710857658,10.914646725828113
FI00349,FI,,59.77923,21.37395,fold5_north,pm25,4.331311316223721,11.045374004617846
FI00356,FI,,67.96715,24.11233,fold5_north,pm25,1.766934171682823,8.739331481571712
FI00370,FI,,60.28995,25.03953,fold5_north,pm25,5.564238168212592,10.939379076321746
FI00397,FI,,63.67912,22.71837,fold5_north,pm25,5.1131706697778,10.763041510312037
FI00425,FI,,60.18739,24.9506,fold5_north,pm25,5.337644236234493,11.331466161790607
FI00427,FI,,68.00049,24.24566,fold5_north,pm25,1.9336790845880802,7.621493962432528
FI00564,FI,,60.16964,24.93924,fold5_north,pm25,6.4495194866378585,10.637907904265285
FI00721,FI,,61.49307,23.76938,fold5_north,pm25,4.117607440158635,9.629057157175293
FI00781,FI,,60.22393,25.10244,fold5_north,pm25,5.019756433626804,10.982086816870032
FI00801,FI,,61.4991,23.80221,fold5_north,pm25,4.193546838090941,10.351886158544877
FI00838,FI,,61.50854,23.67583,fold5_north,pm25,4.429029863289047,10.644203994403464
FI00841,FI,,60.22024,24.81133,fold5_north,pm25,5.8429133512040705,10.56154858329485
FI00889,FI,,60.99129,25.66579,fold5_north,pm25,4.734816826011507,10.76554626719133
FI00928,FI,,61.48226,21.81329,fold5_north,pm25,6.2439968575310925,10.461161519142047
FI00952,FI,,62.23817,25.74788,fold5_north,pm25,5.174940143301644,10.111914970367033
FI00955,FI,,62.89553,27.64725,fold5_north,pm25,5.044262998316447,10.234983820771076
FI00972,FI,,60.24903,24.06947,fold5_north,pm25,4.773639948511276,10.126256575562111
FI01004,FI,,60.53774,27.55872,fold5_north,pm25,4.39263181216384,10.851711779808761
IE001AP,IE,,53.33629,-6.30902,fold5_north,pm25,7.793698615218285,9.76717899314208
IE001CM,IE,,53.03612,-7.28867,fold5_north,pm25,8.148633800072442,9.530839318295747
IE001DP,IE,,55.3722,-7.3389,fold5_north,pm25,7.319827545591599,9.599217142916608
IE001LM,IE,,53.94455,-8.08649,fold5_north,pm25,6.0337912377824585,9.611913680527257
IE001WD,IE,,52.26381,-7.11791,fold5_north,pm25,8.284660854548324,9.86851703809216
IE0028A,IE,,53.35389,-6.27806,fold5_north,pm25,7.623032067034395,10.092260135822578
IE0029D,IE,,53.35241,-6.24899,fold5_north,pm25,8.060223994858767,10.023736443706197
IE002AP,IE,,53.36879,-6.17264,fold5_north,pm25,6.396317365138733,9.757641568216682
IE002BP,IE,,51.88409,-8.53304,fold5_north,pm25,6.51355925184801,9.590832881120724
IE002CM,IE,,54.00313,-6.39263,fold5_north,pm25,8.191977149901824,9.704906168106334
IE002LH,IE,,53.7322,-6.32,fold5_north,pm25,6.334722327238663,9.907741874928673
IE002SO,IE,,54.26733,-8.48043,fold5_north,pm25,7.858725765061059,9.86916560232823
IE0030D,IE,,53.34916,-6.45031,fold5_north,pm25,7.2945206254563555,9.614599014512063
IE0036A,IE,,53.336905,-6.359465,fold5_north,pm25,7.279831897265236,9.446337490038868
IE003AP,IE,,53.39025,-6.30527,fold5_north,pm25,7.027049265835548,9.599847833405255
IE003CP,IE,,52.83972,-6.93167,fold5_north,pm25,6.922388033743945,9.61595910407303
IE003DP,IE,,52.19333,-6.37667,fold5_north,pm25,8.683889396430612,9.759982238756619
IE003WW,IE,,53.14987,-6.07031,fold5_north,pm25,6.319125820110102,9.547605495136121
IE004AP,IE,,53.34188,-6.21408,fold5_north,pm25,7.103591135537034,10.46906525092726
IE004DP,IE,,52.4792,-8.15638,fold5_north,pm25,6.942241240188806,9.476426597925988
IE004KY,IE,,52.05828,-9.50488,fold5_north,pm25,7.009836227068517,10.01521555084477
IE005AP,IE,,53.34584,-6.2948,fold5_north,pm25,7.823224105922193,10.113313846520482
IE005CP,IE,,52.24706,-7.15163,fold5_north,pm25,7.955757578353365,9.20363438838633
IE005DP,IE,,51.855,-8.28778,fold5_north,pm25,6.746408866556575,9.218849003596048
IE005OY,IE,,53.3425,-7.0475,fold5_north,pm25,12.024309338213438,9.59594743274366
IE006AP,IE,,53.34502,-6.25431,fold5_north,pm25,7.881741562531784,10.075006779040116
IE006CP,IE,,54.95445,-7.73515,fold5_north,pm25,10.304815866302787,9.260244759794368
IE006KE,IE,,53.21809,-6.65909,fold5_north,pm25,7.151895053339235,9.711046417008474
IE007CP,IE,,52.65856,-8.6287,fold5_north,pm25,8.00535720006752,9.947292010075078
IE007DP,IE,,51.90467,-8.95293,fold5_north,pm25,8.002222259620478,9.35225588763333
IE007GY,IE,,53.274,-9.0485,fold5_north,pm25,7.701092976141832,9.882992817692495
IE007KE,IE,,53.3719,-6.4867,fold5_north,pm25,6.718579128072866,9.263481069426797
IE008CP,IE,,53.6556,-6.68933,fold5_north,pm25,7.859726050875262,9.704654703994882
IE0095A,IE,,53.358605,-6.357825,fold5_north,pm25,7.4570588938800375,9.577253023054995
IE0098A,IE,,53.34167,-6.28889,fold5_north,pm25,6.350270168836831,10.24110513845251
IE009CP,IE,,52.26726,-9.69792,fold5_north,pm25,11.032240441565753,9.82081816508576
IE0106A,IE,,53.36111,-6.225,fold5_north,pm25,7.636592189957708,10.282808696148887
IE0108A,IE,,52.63917,-8.95417,fold5_north,pm25,4.945000106999535,9.045194070683477
IE010LK,IE,,52.6613,-8.6316,fold5_north,pm25,6.8552485825355465,10.284371743041659
IE0110A,IE,,51.88194,-8.456900000000001,fold5_north,pm25,5.005571138774109,9.666280761518838
IE011CP,IE,,53.42478,-7.93766,fold5_north,pm25,8.822188430666259,10.270517318505227
IE0127A,IE,,53.31184,-6.23532,fold5_north,pm25,7.2223140056136925,9.820857061733731
IE012CK,IE,,52.13405,-8.64071,fold5_north,pm25,6.383519496344511,9.641638889093556
IE012CP,IE,,52.33742,-6.46162,fold5_north,pm25,8.814958476786575,10.177506636114167
IE0131A,IE,,53.3856,-6.370105000000001,fold5_north,pm25,7.275690559335788,9.445205960699614
IE0132A,IE,,53.28583,-6.131945,fold5_north,pm25,7.473770497998085,9.976614253223524
IE0136A,IE,,53.28034,-6.35877,fold5_north,pm25,6.214929523054116,9.097769523015723
IE0137A,IE,,52.8432,-8.9893,fold5_north,pm25,12.240896286361892,9.91628143092674
IE013CK,IE,,51.90168,-8.46206,fold5_north,pm25,7.783879800395597,10.306220924640595
IE0140A,IE,,53.4638,-6.2235,fold5_north,pm25,6.351506901084732,9.597913668135506
IE0142A,IE,,53.725570000000005,-7.79151,fold5_north,pm25,9.500277807874388,9.425690422952494
IE0145A,IE,,53.68741,-9.0128,fold5_north,pm25,5.361538478513999,10.07033053391022
IE016CK,IE,,51.83057,-8.32085,fold5_north,pm25,6.454246449257609,9.632112826049973
IE028D,IE,,53.35274,-6.20385,fold5_north,pm25,7.442191739202565,10.208501480574412
IS0002A,IS,,64.05887,-21.99073,fold5_north,pm25,3.9544927877630123,9.346901928248142
IS0006A,IS,,64.13886,-21.87341,fold5_north,pm25,4.026985258502949,9.621552468472206
IS0025A,IS,,64.37358,-21.75914,fold5_north,pm25,4.917546722954429,9.542116829374107
IS0037A,IS,,64.10495,-21.889,fold5_north,pm25,3.9943270767937262,9.684531568383555
IS0046A,IS,,64.04416,-21.98535,fold5_north,pm25,6.826563504282249,9.750950089883819
IS0061A,IS,,64.15335,-21.886,fold5_north,pm25,3.70824736514642,9.182008944428222
IS0063A,IS,,64.08564,-21.82489,fold5_north,pm25,2.7850421161207732,8.334764873830208
IS0064A,IS,,64.08799,-21.99609,fold5_north,pm25,3.5399474437372964,8.70323283377958
LT00002,LT,,54.68611,25.210835000000003,fold5_north,pm25,6.178846165835086,10.455857151872907
LT00003,LT,,54.71528,25.28944,fold5_north,pm25,10.847088534717091,10.856682172763922
LT00012,LT,,55.725,24.36557,fold5_north,pm25,10.487151659152543,11.714352234005863
LT00021,LT,,56.31944,22.87084,fold5_north,pm25,8.38150353984848,9.529028858401098
LT00022,LT,,55.93784,23.30803,fold5_north,pm25,10.588092241287729,10.827627610312259
LT00023,LT,,56.30972,22.33139,fold5_north,pm25,8.792462775373677,10.541370434214773
LT00041,LT,,54.89513,23.98622,fold5_north,pm25,13.315769738769074,10.636001838834607
LT00042,LT,,55.07222,24.28389,fold5_north,pm25,12.456960320549419,10.324467851618216
LT00043,LT,,55.28,23.95778,fold5_north,pm25,10.463832266306827,10.400441759550606
LT00044,LT,,54.88361,23.835835000000003,fold5_north,pm25,8.427517355279681,10.464808171216008
LT00053,LT,,56.00834,21.88695,fold5_north,pm25,7.248700718625442,9.18989687561033
LV0010R,LV,,56.16235,21.17333,fold5_north,pm25,7.578958743760406,10.463327526360906
LV0022A,LV,,57.404,21.59032,fold5_north,pm25,7.87187581080994,10.760010706867568
LV0026A,LV,,56.95485,24.10476,fold5_north,pm25,8.956401187678395,11.460789671799523
LV0029A,LV,,56.49628,21.01441,fold5_north,pm25,11.55262117444602,12.043802439573298
LV0031A,LV,,56.51101,27.33775,fold5_north,pm25,10.6777256105512,11.163556638489004
NO0011A,NO,,59.9331,10.725335,fold5_north,pm25,6.969200120977507,10.503555887292917
NO0057A,NO,,59.92815,10.847725,fold5_north,pm25,7.098080437479221,9.79901354361151
NO0059A,NO,,60.37579,5.341324999999999,fold5_north,pm25,5.9728620667452095,10.066028612657544
NO0060A,NO,,63.41845,10.39714,fold5_north,pm25,5.049377612650575,10.521052161117563
NO0061A,NO,,59.1593,9.63573,fold5_north,pm25,7.858726147555201,9.750590297153588
NO0063A,NO,,58.14888,7.99183,fold5_north,pm25,7.15199948163803,10.759188851318287
NO0065A,NO,,58.96152,5.7314,fold5_north,pm25,7.84325001045393,10.05444595119048
NO0071A,NO,,59.898625,10.814955,fold5_north,pm25,7.4495218075892815,9.939533369505865
NO0073A,NO,,59.63944,10.765935,fold5_north,pm25,7.062909279106641,9.345638912794453
NO0074A,NO,,61.11314,10.465635,fold5_north,pm25,6.6903555401797625,9.842651005938123
NO0075A,NO,,61.12113,10.46629,fold5_north,pm25,6.314441575188234,10.381315147119146
NO0076A,NO,,58.964195,5.727824999999999,fold5_north,pm25,7.37518425522656,10.29180157425297
NO0083A,NO,,59.919375,10.69645,fold5_north,pm25,8.55702547633439,10.541373592752242
NO0084A,NO,,59.245975,10.9474,fold5_north,pm25,9.943350984721572,8.995742315406494
NO0093A,NO,,59.911325,10.703935,fold5_north,pm25,7.912287006167302,10.297820575233986
NO0095A,NO,,59.9325,10.66987,fold5_north,pm25,7.1939889163553055,10.26681500669657
NO0103A,NO,,60.79089,10.6967,fold5_north,pm25,6.217575650541405,10.496328474773733
NO0108A,NO,,60.46267,5.33245,fold5_north,pm25,4.082618404914416,9.706131403440379
NO0109A,NO,,60.36114,5.23686,fold5_north,pm25,5.1414373962098345,10.518698889142904
NO0110A,NO,,59.27378,11.08919,fold5_north,pm25,9.101663785607977,9.966820414002525
NO0112A,NO,,59.43347,10.66176,fold5_north,pm25,8.662558729285697,10.427014366672077
NO0114A,NO,,59.91822,10.58393,fold5_north,pm25,8.42711457016766,9.289182506180468
NO0115A,NO,,59.0573,9.69557,fold5_north,pm25,7.299158482403761,9.742149034999137
NO0118A,NO,,59.13354,9.6219,fold5_north,pm25,10.500150179586365,9.918070127899165
NO0119A,NO,,60.88364,11.5593,fold5_north,pm25,7.522017626023471,9.648181099784574
NO0120A,NO,,60.39593,5.31267,fold5_north,pm25,5.453511811122855,10.896771191110679
NO0121A,NO,,60.29427,5.32462,fold5_north,pm25,5.1704660808981195,10.060448184112786
NO0122A,NO,,59.92556,10.85037,fold5_north,pm25,9.811242688504269,9.697984221917652
NO0123A,NO,,66.31219,14.14992,fold5_north,pm25,6.745874980400815,9.99472171301434
NO0125A,NO,,58.95188,5.72188,fold5_north,pm25,7.463683212382993,9.287566783147668
NO0126A,NO,,67.2755,14.41906,fold5_north,pm25,3.4492085077841814,9.280531675012849
NO0127A,NO,,68.79223,16.53742,fold5_north,pm25,4.678777152637412,9.167335435816083
NO0128A,NO,,59.26373,10.41117,fold5_north,pm25,6.017466389057627,10.75930837814064
NO0129A,NO,,59.92861,10.9532,fold5_north,pm25,9.371610373400019,9.953937940496841
NO0130A,NO,,60.88593,10.93785,fold5_north,pm25,10.311906877067624,9.468691936407582
NO0135A,NO,,59.74953,10.1653,fold5_north,pm25,9.406258471277836,10.311215353660259
NO0136A,NO,,59.75362,10.1444,fold5_north,pm25,8.526736052095162,10.500345276875876
NO0140A,NO,,59.91405,10.73598,fold5_north,pm25,8.308072854539992,9.693851919215222
NO0141A,NO,,58.97265,5.7265,fold5_north,pm25,6.416202131707681,10.85038943036667
NO0143A,NO,,59.91694,10.766,fold5_north,pm25,8.641520823704882,10.59102769719569
NO0148A,NO,,68.43541,17.42491,fold5_north,pm25,3.9079192826519162,9.812838470073745
NO0150A,NO,,59.92845,10.80186,fold5_north,pm25,12.185637539071625,9.894553681286185
NO0151A,NO,,60.79646,11.09676,fold5_north,pm25,10.455725649809155,10.164240904563783
NO0152A,NO,,59.90826,10.74947,fold5_north,pm25,11.270699895323258,9.742695759966155
SE0001A,SE,,55.60639,13.00196,fold5_north,pm25,7.042559655230562,10.540564184348966
SE0003A,SE,,59.31722,18.048920000000003,fold5_north,pm25,5.623008231828935,11.02541542966409
SE0004A,SE,,57.70902,11.97024,fold5_north,pm25,7.448901644318939,10.091191917761817
SE0005R,SE,,63.8455,15.31973,fold5_north,pm25,2.549657183180323,8.790388365563878
SE0022A,SE,,59.31601,18.05781,fold5_north,pm25,4.501581978414549,11.230345826661138
SE0058A,SE,,55.58475,13.00623,fold5_north,pm25,7.567034209006533,11.603662594370602
SE0059A,SE,,63.82886,20.25849,fold5_north,pm25,5.0737825760537625,11.2602469437661
SE0066A,SE,,59.83238,18.63131,fold5_north,pm25,3.36897134769342,9.942888394535299
SE0071A,SE,,59.4422,17.92332,fold5_north,pm25,4.522210259627198,9.896346587150658
SE0085A,SE,,56.04718,12.69163,fold5_north,pm25,7.4246644387858325,11.551691902394731
SE0095A,SE,,62.38856,17.30889,fold5_north,pm25,5.485787063003851,10.071946028335175
SE0117A,SE,,57.63693,18.30357,fold5_north,pm25,7.394794395621023,11.517388031254606
SE09569,SE,,62.38646,17.30323,fold5_north,pm25,4.962508204834731,10.984560082239224
SE156417,SE,,59.85709,17.64631,fold5_north,pm25,4.999725059370921,11.268326049550515
SE157992,SE,,59.3405,18.03702,fold5_north,pm25,5.404799044904284,10.948914786713285
SE159388,SE,,60.08583,17.50528,fold5_north,pm25,3.7811288653245008,10.001827647310776
SE159402,SE,,59.44592,17.95499,fold5_north,pm25,4.797464239855008,9.754983168239763
SE159404,SE,,59.86052,17.6376,fold5_north,pm25,3.884501513042696,11.710537823210359
SE165095,SE,,60.2814,15.9891,fold5_north,pm25,5.458501775087933,10.700774325586774
SE181002,SE,,56.87988,14.79927,fold5_north,pm25,6.882045494426324,11.256316258393472
SE181259,SE,,63.17391,14.64109,fold5_north,pm25,5.437972137366293,10.753479032663918
SE181993,SE,,56.66419,16.33362,fold5_north,pm25,6.812982384276474,11.204925511453718
SE274590,SE,,57.69371,11.95677,fold5_north,pm25,7.10065709393743,11.110197571769774
SE274652,SE,,59.43364,17.94974,fold5_north,pm25,4.788383442627049,10.89748706756429
SE301111,SE,,58.59152,16.17788,fold5_north,pm25,5.004811565911375,10.923802023884694
SE301113,SE,,58.59204,16.18933,fold5_north,pm25,4.458747957332821,11.586376027106281
SE301757,SE,,59.36426,17.97628,fold5_north,pm25,4.856340148333705,11.167548216811202
SE313381,SE,,57.63993,18.30972,fold5_north,pm25,5.912927452557222,11.914644872343551
SE338683,SE,,60.67617,17.13764,fold5_north,pm25,5.6617925037279555,11.738637069191276
SE338685,SE,,58.41239,15.63008,fold5_north,pm25,5.077570434100569,10.717212176044033
SE343956,SE,,59.37667,13.49034,fold5_north,pm25,5.666642347515626,10.939863701309683
SE344172,SE,,59.6077,16.53592,fold5_north,pm25,6.193639122736489,11.504255509942203
SE363072,SE,,59.23663,17.83619,fold5_north,pm25,4.90755067414831,10.047673313668417
SE363816,SE,,56.10229,13.42008,fold5_north,pm25,5.899247391791588,9.97557687735243
SE37479,SE,,59.489,17.91992,fold5_north,pm25,4.629284886353567,10.832847297798887
SE37658,SE,,63.8208,20.2893,fold5_north,pm25,3.9439917247674052,11.395586306696336
SE38350,SE,,55.70334,13.18028,fold5_north,pm25,6.281235318898432,10.703239781944456
SE429526,SE,,57.6281,18.32356,fold5_north,pm25,8.39069861602185,10.595753294905363
BA0029A,BA,,43.8675,18.42306,fold6_balkan_e,pm25,25.40410892360851,10.619698308394609
BA0032A,BA,,44.53472,18.66168,fold6_balkan_e,pm25,25.12989409745457,10.94261565597296
BA0043A,BA,,43.8301,18.3111,fold6_balkan_e,pm25,25.838499036326077,10.554946863345256
BA0045A,BA,,44.5332,18.5347,fold6_balkan_e,pm25,24.750340495106688,11.891759292460748
BA0047A,BA,,45.07,17.59,fold6_balkan_e,pm25,33.3939183402549,8.161617058847547
BA0058A,BA,,44.8077,15.8664,fold6_balkan_e,pm25,21.935364758187152,9.295700940890743
BA0061A,BA,,43.9,18.342,fold6_balkan_e,pm25,28.66676673426863,9.640772776641077
BA0062A,BA,,44.225,17.667,fold6_balkan_e,pm25,23.45514954361054,9.677676408259417
BA0065A,BA,,44.798,17.204,fold6_balkan_e,pm25,32.34282050422839,9.862183137987179
BG0020A,BG,,43.0742,25.60488,fold6_balkan_e,pm25,14.27585150767539,10.679366394501054
BG0039A,BG,,42.4342,25.63152,fold6_balkan_e,pm25,17.023224435753086,11.464176692534718
BG0045A,BG,,43.85137,25.96409,fold6_balkan_e,pm25,14.649522596931329,12.334170335099815
BG0046A,BG,,42.57828,23.11398,fold6_balkan_e,pm25,16.81369009942619,11.158635671121893
BG0050A,BG,,42.68056,23.29679,fold6_balkan_e,pm25,12.652182467952064,13.247564436575137
BG0051A,BG,,42.14289,24.76524,fold6_balkan_e,pm25,16.667213509475275,13.304330060638264
BG0053R,BG,,41.69434,24.73808,fold6_balkan_e,pm25,6.927214554495106,6.190041960531594
BG0070A,BG,,42.63719,23.24386,fold6_balkan_e,pm25,8.301227540396328,6.812899705303169
BG0075A,BG,,43.22439,27.91573,fold6_balkan_e,pm25,10.989943373096933,11.971150784970533
HR0005A,HR,,45.32079,14.48351,fold6_balkan_e,pm25,8.04281840690966,8.978103152227716
HR0010A,HR,,45.15947,17.9951,fold6_balkan_e,pm25,25.16595091010249,12.009096004892912
HR0011A,HR,,45.69803,18.83464,fold6_balkan_e,pm25,11.00764837083937,8.062217234786939
HR0012A,HR,,46.16906,15.66064,fold6_balkan_e,pm25,13.32741962408466,7.64423344693561
HR0013A,HR,,44.89933,15.60978,fold6_balkan_e,pm25,7.05675371820729,7.927878891209963
HR0015A,HR,,45.2912,13.74978,fold6_balkan_e,pm25,6.363283602802879,8.328470124306143
HR0017A,HR,,44.02109,15.51611,fold6_balkan_e,pm25,7.275879505462179,8.752566103511795
HR0021A,HR,,45.83437,15.97839,fold6_balkan_e,pm25,13.892975559435088,12.157086119310257
HR0022A,HR,,43.51065,16.44934,fold6_balkan_e,pm25,9.66675414397964,11.409568701295786
HR0023A,HR,,43.54812,16.43496,fold6_balkan_e,pm25,9.867615390995624,10.351502880765675
HR0031A,HR,,45.32079,14.48351,fold6_balkan_e,pm25,7.7128880711310455,8.978103152227716
HR0035A,HR,,45.48563,16.76852,fold6_balkan_e,pm25,22.805120358964277,10.63624122999515
HR0037A,HR,,46.16129,16.84325,fold6_balkan_e,pm25,18.574731729351953,11.775849637982704
HR0039A,HR,,45.55772,18.73086,fold6_balkan_e,pm25,15.6067631089297,12.092358693661001
HR0043A,HR,,43.50417,16.45333,fold6_balkan_e,pm25,8.39453595115751,10.244175202471995
HR0044A,HR,,43.50417,16.45333,fold6_balkan_e,pm25,8.436622929163603,10.244175202471995
HR0045A,HR,,42.64483,18.08517,fold6_balkan_e,pm25,7.234223011530504,8.586558533004771
HR0046A,HR,,45.71485,16.06829,fold6_balkan_e,pm25,20.775336171926128,12.128114153946749
HU0017A,HU,,47.86667,19.93333,fold6_balkan_e,pm25,9.408630948107982,6.898323865622277
HU0022A,HU,,47.43084,19.18417,fold6_balkan_e,pm25,7.407407457294433,12.877264632853608
HU0023A,HU,,47.51333,21.62445,fold6_balkan_e,pm25,19.983119314510006,11.684787957473949
HU0026A,HU,,48.24722,20.6164,fold6_balkan_e,pm25,18.286207052714666,10.958401727525864
HU0029A,HU,,46.08028,18.21112,fold6_balkan_e,pm25,11.609539539345384,11.070006915470984
HU0030A,HU,,46.07111,18.22529,fold6_balkan_e,pm25,14.346874874354443,12.738972680875374
HU0033A,HU,,46.97611,18.93611,fold6_balkan_e,pm25,13.174041416940561,12.104643942716653
HU0034A,HU,,47.09111,17.90112,fold6_balkan_e,pm25,12.377744757637993,11.9173489580036
HU0037A,HU,,47.10528,17.55667,fold6_balkan_e,pm25,13.456546104568448,10.990575786573498
HU0039A,HU,,47.79,18.74612,fold6_balkan_e,pm25,13.339080428635596,11.928344782584063
HU0044A,HU,,48.47389,21.21168,fold6_balkan_e,pm25,13.303921520298168,12.667360774269032
HU0056A,HU,,47.52278,19.06972,fold6_balkan_e,pm25,12.840700432665116,12.705191490021011
HU0057A,HU,,46.26661,20.15305,fold6_balkan_e,pm25,11.96590915503446,10.739620062356256
ME0008A,ME,,42.10383,19.09431,fold6_balkan_e,pm25,7.212567424053834,8.980076129550103
RO0065A,RO,,44.44727,26.03669,fold6_balkan_e,pm25,12.920710412339792,11.092206168088824
RO0069A,RO,,44.41949,26.03364,fold6_balkan_e,pm25,12.091497275469782,13.241376962232154
RO0070A,RO,,44.43504,26.0983,fold6_balkan_e,pm25,14.126876142174767,13.666041832843547
RO0071A,RO,,44.34922,26.03083,fold6_balkan_e,pm25,12.027076801883922,12.446556084868671
RO0072A,RO,,44.64903,26.14448,fold6_balkan_e,pm25,19.54626772659279,10.265557857676146
RO0074A,RO,,46.77503,23.59662,fold6_balkan_e,pm25,16.310990540801882,11.60135950748951
RO0077A,RO,,47.14501,23.87739,fold6_balkan_e,pm25,22.07308101758866,10.938333344290394
RO0079A,RO,,44.31914,23.79671,fold6_balkan_e,pm25,11.999939311128156,12.07038555378584
RO0084A,RO,,47.15095,27.58192,fold6_balkan_e,pm25,15.496289122909698,11.781462783395613
RO0087A,RO,,47.13574,27.69309,fold6_balkan_e,pm25,14.033911416753956,13.949465817486795
RO0092A,RO,,46.06428,23.56352,fold6_balkan_e,pm25,15.470745834473503,10.522629319477954
RO0111A,RO,,47.12737,24.49549,fold6_balkan_e,pm25,19.37979663532375,10.042215407354284
RO0112A,RO,,47.73992,26.65852,fold6_balkan_e,pm25,10.311338585439737,11.62196534145352
RO0119A,RO,,45.65222,25.58306,fold6_balkan_e,pm25,13.99091051405522,10.559466301941734
RO0126A,RO,,44.20176,27.32796,fold6_balkan_e,pm25,12.312348217008338,11.852321770556374
RO0142A,RO,,45.43154,28.05474,fold6_balkan_e,pm25,14.463021132395514,10.689881760274469
RO0154A,RO,,45.87141,22.90859,fold6_balkan_e,pm25,14.80392565898314,10.896226309958962
RO0159A,RO,,44.56497,27.36608,fold6_balkan_e,pm25,11.93189667236558,11.716630112265262
RO0176A,RO,,44.93924,26.02583,fold6_balkan_e,pm25,15.602637708265958,12.198641525010178
RO0205A,RO,,46.63214,27.73089,fold6_balkan_e,pm25,12.11239056381576,10.068136525792896
RO0211A,RO,,47.21564,27.76873,fold6_balkan_e,pm25,17.129916117701494,13.551976296966364
RO0219A,RO,,45.13399,24.67663,fold6_balkan_e,pm25,13.651892181624945,8.718022206559684
RO0220A,RO,,44.42884,24.36884,fold6_balkan_e,pm25,12.855100959729787,11.778417030793596
RO0222A,RO,,45.13581,25.74695,fold6_balkan_e,pm25,15.062404014637785,10.887393079866316
RO0223A,RO,,45.70226,25.44714,fold6_balkan_e,pm25,19.93567592901845,10.916811574617554
RO0226A,RO,,43.81685,28.56623,fold6_balkan_e,pm25,11.670426879935027,10.845811830980756
RO0227A,RO,,45.86476,25.78332,fold6_balkan_e,pm25,16.71161182376192,10.921995787313843
RO0229A,RO,,44.49181,26.03093,fold6_balkan_e,pm25,12.2365444803278,14.524572667815493
RO0230A,RO,,44.46039,25.98738,fold6_balkan_e,pm25,17.26365851322415,13.022471215211146
RO0231A,RO,,44.36974,25.9748,fold6_balkan_e,pm25,16.590664849386645,13.492635193147441
RO0233A,RO,,44.42548,26.091,fold6_balkan_e,pm25,15.217364983060149,14.317699051954683
RO0234A,RO,,44.45076,26.1303,fold6_balkan_e,pm25,15.895925407434435,11.803335788349598
RO0235A,RO,,44.44618,26.06627,fold6_balkan_e,pm25,15.142875360304101,12.27145513481523
RO0236A,RO,,44.46806,26.14091,fold6_balkan_e,pm25,18.036801013035838,12.715445115922149
RO0237A,RO,,44.43214,26.14021,fold6_balkan_e,pm25,24.046795240169363,13.396952891231383
RO0238A,RO,,44.41974,26.13615,fold6_balkan_e,pm25,25.182126800956453,12.27481790884317
RO0239A,RO,,44.43411,26.04233,fold6_balkan_e,pm25,10.494382840345404,12.188245784610272
RO0241A,RO,,44.39268,26.12042,fold6_balkan_e,pm25,17.147881487152862,11.57066575587368
RO0242A,RO,,44.38614,26.13041,fold6_balkan_e,pm25,16.652696873595644,12.414148390136
RO0243A,RO,,44.41851,26.1492,fold6_balkan_e,pm25,13.985898831284848,12.925630805980438
RO0244A,RO,,44.47031,26.00246,fold6_balkan_e,pm25,20.45772807251426,13.508848163423325
RO0245A,RO,,44.4071,26.11314,fold6_balkan_e,pm25,15.121494276953214,13.110533959128032
RO0246A,RO,,44.30011,26.12012,fold6_balkan_e,pm25,17.591911265507793,11.639269298665244
RO0247A,RO,,44.49926,26.13543,fold6_balkan_e,pm25,15.653024832833221,14.734549843011225
RO0248A,RO,,44.48824,26.18419,fold6_balkan_e,pm25,19.520945167498088,14.512585818049201
RO0249A,RO,,44.38578,26.24713,fold6_balkan_e,pm25,17.192146091847718,13.66903925518893
RO0250A,RO,,44.55027,26.07054,fold6_balkan_e,pm25,16.459820164195456,13.975296765087805
RO0251A,RO,,44.56106,25.9471,fold6_balkan_e,pm25,14.743030633146441,12.544380473751083
RO0252A,RO,,45.29934,21.87213,fold6_balkan_e,pm25,10.685718449397022,9.590618932550806
RO0253A,RO,,44.91519,25.46655,fold6_balkan_e,pm25,12.824636575428364,11.378128019602219
RO0255A,RO,,45.05019,23.27398,fold6_balkan_e,pm25,24.74435653137269,13.023657087226145
RO0257A,RO,,47.19514,23.04705,fold6_balkan_e,pm25,14.814444075874814,11.046780386529298
RO0258A,RO,,45.69455,21.89308,fold6_balkan_e,pm25,13.282813680730063,12.274859824059153
RO0262A,RO,,44.55968,23.52724,fold6_balkan_e,pm25,18.547665114769455,12.418646328468556
RO0263A,RO,,47.93056,23.8889,fold6_balkan_e,pm25,30.5981176335788,9.49981996486515
RS0028A,RS,,44.79875,20.45018,fold6_balkan_e,pm25,21.317670374827475,12.78286470743519
RS0029A,RS,,45.26263,19.81902,fold6_balkan_e,pm25,17.35928234144612,12.771167438338901
RS0030A,RS,,43.31655,21.91355,fold6_balkan_e,pm25,36.00295118963324,12.047902301170094
RS0032A,RS,,44.82112,20.45911,fold6_balkan_e,pm25,21.611368136245915,13.21050285285004
RS0033A,RS,,43.32255,21.91903,fold6_balkan_e,pm25,25.38032092056719,11.040436757242214
RS0049A,RS,,45.20839,19.72171,fold6_balkan_e,pm25,17.98135121173732,11.672929839725997
RS0050A,RS,,44.66408,20.92673,fold6_balkan_e,pm25,22.32123192579292,14.950092705947576
RS0051A,RS,,44.65948,20.2045,fold6_balkan_e,pm25,26.657795800951455,12.945923418567888
RS0052A,RS,,44.00294,19.90517,fold6_balkan_e,pm25,30.482628212817936,9.118881293899282
RS0053A,RS,,43.91059,21.50839,fold6_balkan_e,pm25,21.599368241373757,12.014026270299455
RS0054A,RS,,43.85426,19.84318,fold6_balkan_e,pm25,30.516178674974487,10.021533445731908
RS0055A,RS,,43.1397,20.51635,fold6_balkan_e,pm25,41.31696448730704,10.936744535895038
SI0001A,SI,,46.23451,15.26248,fold6_balkan_e,pm25,14.892537458406577,10.844551624398756
SI0002A,SI,,46.55887,15.6513,fold6_balkan_e,pm25,11.700872209844595,9.696524350353172
SI0003A,SI,,46.06554,14.51272,fold6_balkan_e,pm25,14.033057876074249,10.374995854089903
SI0008R,SI,,45.561245,14.86043,fold6_balkan_e,pm25,6.753541106323683,6.317331894045299
SI0033A,SI,,46.65209,16.19132,fold6_balkan_e,pm25,15.149390568432962,12.062201664794523
SI0034A,SI,,45.95557,13.65239,fold6_balkan_e,pm25,11.598885813967389,10.884562976239035
SI0036A,SI,,46.13139,15.00084,fold6_balkan_e,pm25,15.314793902572822,9.529370248802982
SI0037A,SI,,46.14391,15.08329,fold6_balkan_e,pm25,11.933321622132855,9.29595005208352
SI0038A,SI,,45.54301,13.71352,fold6_balkan_e,pm25,10.29778843069891,9.631561327672221
SI0059A,SI,,46.56835,15.62612,fold6_balkan_e,pm25,11.103746353727693,8.652120163421326
SI0061A,SI,,45.80182,15.17726,fold6_balkan_e,pm25,13.658896733640036,9.374882650664789
SI0071A,SI,,46.65776,16.15923,fold6_balkan_e,pm25,17.821560410404192,11.608545911408934
SI0072A,SI,,46.07209,14.48712,fold6_balkan_e,pm25,14.674025881592028,10.909650889898087
SI0073A,SI,,46.24179,14.36224,fold6_balkan_e,pm25,13.687732584227648,10.569007084159226
SI0074A,SI,,46.15751,15.05395,fold6_balkan_e,pm25,13.30492659815537,10.537561732585422
SI0075A,SI,,46.03749,14.48927,fold6_balkan_e,pm25,14.811303598981986,9.51188849342791
SI0076A,SI,,46.23566,15.24624,fold6_balkan_e,pm25,15.600837145239188,9.831867819260154
SI0077A,SI,,46.4255,15.87651,fold6_balkan_e,pm25,14.214894612329262,12.029012863435309
XK0001A,XK,,42.51721,21.10923,fold6_balkan_e,pm25,12.796724126942399,8.551114159777125
XK0002A,XK,,42.39347,21.09264,fold6_balkan_e,pm25,17.80559249225216,9.87771880573658
XK0003A,XK,,42.62557,20.89621,fold6_balkan_e,pm25,10.351997886369817,10.979994757534351
XK0004A,XK,,42.8918,20.8689,fold6_balkan_e,pm25,13.891689219446684,11.454769665724424
XK0005A,XK,,42.6657,20.3051,fold6_balkan_e,pm25,13.063595606865528,11.467422809293288
XK0006A,XK,,42.2199,20.7279,fold6_balkan_e,pm25,10.07811270394093,12.188920763411064
XK0008A,XK,,42.154,21.296,fold6_balkan_e,pm25,10.689903185982265,12.077974865188281
XK0009A,XK,,42.4678,21.4604,fold6_balkan_e,pm25,16.43960095520802,12.565732940724883
XK0010A,XK,,42.6779,21.0528,fold6_balkan_e,pm25,9.81646417153904,12.940091999274813
XK0011A,XK,,42.6839,21.0733,fold6_balkan_e,pm25,15.10603913956908,12.932760976886337
XK0012A,XK,,42.6597,21.0833,fold6_balkan_e,pm25,11.39627706627303,12.281635872332494
GR0001A,GR,,39.36671,22.94292,fold7_balkan_s,pm25,14.525333881130782,9.218911503206407
GR0003A,GR,,37.98807,23.72762,fold7_balkan_s,pm25,17.41952134837502,9.365143711586136
GR0018A,GR,,40.63372,22.9451,fold7_balkan_s,pm25,16.205669159474454,10.075347299067749
GR0030A,GR,,37.943975,23.64637,fold7_balkan_s,pm25,10.998204230750543,8.741401812569567
GR0035A,GR,,38.06871,23.78294,fold7_balkan_s,pm25,13.971074182906104,8.759935813983326
GR0037A,GR,,38.14352,23.7582,fold7_balkan_s,pm25,11.739888413287956,8.303904439541999
GR0038A,GR,,38.05132,23.53843,fold7_balkan_s,pm25,14.871596933796647,8.891280914760761
GR0039A,GR,,37.99511,23.81942,fold7_balkan_s,pm25,9.97283664382494,9.365290110963935
GR0047A,GR,,40.58892,23.03169,fold7_balkan_s,pm25,8.603632375277545,9.444722434011426
GR0048A,GR,,38.24647,21.73451,fold7_balkan_s,pm25,14.591687419102541,8.391328278000168
GR0110R,GR,,38.3753,23.1103,fold7_balkan_s,pm25,15.43967087155218,9.096966466940712
GR0410A,GR,,39.67117,20.8466,fold7_balkan_s,pm25,24.392256803657084,9.368077372334179
GR0422A,GR,,39.56082,21.77015,fold7_balkan_s,pm25,18.636386881816776,10.01466426837805
GR0423A,GR,,39.36581,21.91922,fold7_balkan_s,pm25,17.32769194847354,10.174111253687148
GR0451A,GR,,40.29408,21.7909,fold7_balkan_s,pm25,10.378029369790525,10.53046469995749
GR0455A,GR,,40.0847,21.43868,fold7_balkan_s,pm25,12.315964913636925,9.643867592755008
GR0456A,GR,,40.5133,21.25326,fold7_balkan_s,pm25,12.860205107352956,9.978177300066596
MK0030A,MK,,42.00361,21.46362,fold7_balkan_s,pm25,22.218021831697325,11.610370352367436
MK0031A,MK,,41.97833,21.47,fold7_balkan_s,pm25,28.813795909392894,12.011416887798894
MK0034A,MK,,41.91389,22.41585,fold7_balkan_s,pm25,14.792895516441584,10.847972515687475
MK0037A,MK,,41.04,21.3564,fold7_balkan_s,pm25,20.384778759817905,11.026248643206298
MK0038A,MK,,41.03028,21.33667,fold7_balkan_s,pm25,27.331611123355966,11.968965780739119
MK0040A,MK,,41.70583,21.76529,fold7_balkan_s,pm25,19.908865599011936,10.096309073199354
MK0041A,MK,,41.99759,20.96518,fold7_balkan_s,pm25,30.066554615377285,10.938934752970747
MK0042A,MK,,41.53583,20.6989,fold7_balkan_s,pm25,8.492181517608252,8.663266188712237
MK0044A,MK,,41.44056,22.00723,fold7_balkan_s,pm25,25.83215469320587,11.070050638509542
MK0045A,MK,,41.98744,21.6525,fold7_balkan_s,pm25,17.413740643570478,11.943008611891397
MK0047A,MK,,41.992,21.423,fold7_balkan_s,pm25,20.279018803849684,12.330939572501393
MK0048A,MK,,42.006,21.387,fold7_balkan_s,pm25,21.24905393896285,11.563063993225098
MK0049A,MK,,41.43913,22.64316,fold7_balkan_s,pm25,29.06426474072095,11.12277643786143
MK0050A,MK,,41.79974,20.90973,fold7_balkan_s,pm25,26.9080418629124,10.806327806536753
MK0054A,MK,,41.11422,20.80664,fold7_balkan_s,pm25,20.881436907263428,11.251612938066225
TR0002A,TR,,39.97203,32.58516,fold7_balkan_s,pm25,14.357953093772995,10.01748207509683
TR0010A,TR,,39.91832,32.8229,fold7_balkan_s,pm25,9.753939379567825,10.387418457799859
TR0011A,TR,,39.96773,32.79566,fold7_balkan_s,pm25,15.380139308395076,10.991564141383416
TR0015A,TR,,39.92727,32.85941,fold7_balkan_s,pm25,14.026154201903829,10.446215577868703
TR0022A,TR,,39.63388,27.89585,fold7_balkan_s,pm25,17.48124361476886,11.274231403439263
TR0023A,TR,,41.63053,32.33509,fold7_balkan_s,pm25,16.45612492718803,12.313255093218464
TR0026A,TR,,40.1411,29.97776,fold7_balkan_s,pm25,14.631985016722787,10.65129594721312
TR0030A,TR,,37.72302,30.29445,fold7_balkan_s,pm25,16.72025044406334,9.64328814258429
TR0031A,TR,,40.23443,29.03806,fold7_balkan_s,pm25,23.140364928085166,12.364813560747441
TR0032A,TR,,40.13694,26.40583,fold7_balkan_s,pm25,14.990787347281541,10.499212599823931
TR0033A,TR,,40.59972,33.61694,fold7_balkan_s,pm25,8.380197252538448,10.255418890851756
TR0038A,TR,,40.84555,31.14805,fold7_balkan_s,pm25,22.741875249696186,12.723486749625396
TR0039A,TR,,41.65921,26.58503,fold7_balkan_s,pm25,13.784042365503991,10.802414265274338
TR0049A,TR,,39.92611,44.05361,fold7_balkan_s,pm25,49.00577017408457,11.807002061699562
TR0052A,TR,,41.01472,28.95472,fold7_balkan_s,pm25,24.45384659217688,12.84604685454644
TR0053A,TR,,41.05767,28.94568,fold7_balkan_s,pm25,17.68060815716267,12.76218305961845
TR0054A,TR,,41.05388,29.01,fold7_balkan_s,pm25,16.192654877321385,11.743771546790159
TR0055A,TR,,41.03833,28.88805,fold7_balkan_s,pm25,19.37907130549448,13.023507677894619
TR0056A,TR,,40.99194,29.03361,fold7_balkan_s,pm25,18.69594385409245,13.65025195799323
TR0057A,TR,,40.89,29.2075,fold7_balkan_s,pm25,22.815242709467444,12.969953343299007
TR0059A,TR,,41.01361,29.16222,fold7_balkan_s,pm25,19.92299451209206,12.85610680672926
TR0060A,TR,,41.01527,29.025,fold7_balkan_s,pm25,11.7996941126079,12.047452210390462
TR0070A,TR,,38.20384,37.19834,fold7_balkan_s,pm25,21.929337871342472,9.004116826793172
TR0072A,TR,,37.11638,33.1325,fold7_balkan_s,pm25,13.291247302386186,6.331107555197682
TR0074A,TR,,41.3674,33.76499,fold7_balkan_s,pm25,22.96964752967815,9.582334577646987
TR0075A,TR,,38.74027,35.37527,fold7_balkan_s,pm25,12.696824624679753,9.234942397043595
TR0079A,TR,,39.84313,33.51817,fold7_balkan_s,pm25,11.19140623667932,9.185563293091574
TR0080A,TR,,41.72446,27.2145,fold7_balkan_s,pm25,7.384228622504429,10.65535939894115
TR0081A,TR,,39.14841,34.15925,fold7_balkan_s,pm25,7.524105257335837,8.646816675422322
TR0083A,TR,,40.76582,29.95125,fold7_balkan_s,pm25,22.89935007755479,11.964153301793578
TR0099A,TR,,40.76684,30.39385,fold7_balkan_s,pm25,21.627418325521308,13.293632590100316
TR010641,TR,,37.03993,35.26991,fold7_balkan_s,pm25,12.045434508328947,9.685358468747934
TR0106A,TR,,40.97645,27.51273,fold7_balkan_s,pm25,25.78852277485278,10.800260283281785
TR0114A,TR,,40.65333,29.26,fold7_balkan_s,pm25,20.773847675008632,13.407484750068734
TR0115A,TR,,39.81886,34.80572,fold7_balkan_s,pm25,11.230407021089864,8.786648915998246
TR050431,TR,,40.65722,35.83796,fold7_balkan_s,pm25,24.937864466271044,11.453276075036673
TR061141,TR,,39.93981,32.64003,fold7_balkan_s,pm25,8.12930511363827,9.753152212344283
TR061421,TR,,39.98161,32.74425,fold7_balkan_s,pm25,8.59645492108079,8.227860585480885
TR061622,TR,,39.98379,32.57651,fold7_balkan_s,pm25,7.378403000530183,9.71514882845578
TR061721,TR,,39.96458,32.90718,fold7_balkan_s,pm25,32.5628682355785,10.095005842399598
TR061842,TR,,39.86104,32.64059,fold7_balkan_s,pm25,7.516264851414897,9.661589974222464
TR061941,TR,,39.87109,32.85775,fold7_balkan_s,pm25,8.541923832288795,9.88468639521332
TR062041,TR,,39.99886,32.85617,fold7_balkan_s,pm25,9.296661526425023,10.209965197810664
TR062131,TR,,39.94008,32.84985,fold7_balkan_s,pm25,19.025229518834244,9.425335659186256
TR110241,TR,,39.90395,30.05295,fold7_balkan_s,pm25,25.598418842794445,10.2315673463667
TR140213,TR,,40.6039,31.25997,fold7_balkan_s,pm25,14.715317042042377,8.018771301145435
TR140331,TR,,40.73239,31.59952,fold7_balkan_s,pm25,22.390650055642297,11.493267408722724
TR140441,TR,,40.72622,31.60489,fold7_balkan_s,pm25,12.427931277247506,11.120208456590149
TR160512,TR,,40.19572,29.04588,fold7_balkan_s,pm25,23.353627157091783,12.620351985030991
TR160613,TR,,40.22337,28.87154,fold7_balkan_s,pm25,20.14324037711663,10.447157998152148
TR170313,TR,,40.40307,26.77063,fold7_balkan_s,pm25,14.597596766290271,9.190920607766497
TR190231,TR,,40.54655,34.96729,fold7_balkan_s,pm25,23.315239371085873,9.267800890200363
TR190321,TR,,40.53143,34.9443,fold7_balkan_s,pm25,19.157125987168936,10.276060072728962
TR220213,TR,,41.65914,26.53732,fold7_balkan_s,pm25,15.727980560395565,9.132038262574145
TR220341,TR,,40.85121,26.63529,fold7_balkan_s,pm25,24.310107338621187,9.824870014046867
TR240231,TR,,39.74644,39.49707,fold7_balkan_s,pm25,20.917655124231526,9.69288524283397
TR250531,TR,,39.90833,41.27323,fold7_balkan_s,pm25,18.853686328857847,9.453668705344878
TR260231,TR,,39.76635,30.52981,fold7_balkan_s,pm25,22.487468712041306,10.159415106791533
TR260322,TR,,39.71473,30.61751,fold7_balkan_s,pm25,7.499197257168015,9.539833562839613
TR260441,TR,,39.75777,30.56396,fold7_balkan_s,pm25,11.873491038781905,10.421880227225994
TR260541,TR,,39.76482,30.49723,fold7_balkan_s,pm25,6.492990346756496,11.229520626200348
TR280241,TR,,40.91444,38.39856,fold7_balkan_s,pm25,11.190424717272103,9.642964013011168
TR340341,TR,,41.09233,28.97478,fold7_balkan_s,pm25,17.760574794760068,12.656770788972729
TR340611,TR,,41.07318,28.25554,fold7_balkan_s,pm25,13.075636960542784,11.820521789610861
TR340841,TR,,41.10197,28.87202,fold7_balkan_s,pm25,20.422120293513853,11.983486895958801
TR341131,TR,,41.02442,29.09973,fold7_balkan_s,pm25,13.616425095676352,12.312424385682641
TR342141,TR,,41.08773,28.98277,fold7_balkan_s,pm25,21.17323339700086,11.90509182800173
TR342841,TR,,40.98729,28.72956,fold7_balkan_s,pm25,19.294763123388318,11.248005818652121
TR342931,TR,,41.0025,28.97528,fold7_balkan_s,pm25,16.796323520100547,11.585031151294872
TR343041,TR,,41.25112,29.03828,fold7_balkan_s,pm25,5.641350502550918,10.385421671237948
TR343131,TR,,41.10132,29.02449,fold7_balkan_s,pm25,13.741858340092723,11.651786147937518
TR343241,TR,,41.00382,29.02691,fold7_balkan_s,pm25,20.66514269493097,12.625921602001574
TR343611,TR,,41.2209,28.7075,fold7_balkan_s,pm25,18.623206818953175,9.85971401708025
TR343741,TR,,41.0327,28.8429,fold7_balkan_s,pm25,22.313415494666398,13.285057169638833
TR343941,TR,,40.8431,29.3026,fold7_balkan_s,pm25,17.870255736303765,12.757101850317742
TR360231,TR,,40.60096,43.09682,fold7_balkan_s,pm25,20.02907142310561,10.201891383632915
TR370213,TR,,41.68208,33.49359,fold7_balkan_s,pm25,6.368428704953418,5.9648099602097036
TR410741,TR,,40.72597,29.79463,fold7_balkan_s,pm25,15.356423286328807,10.869402801347077
TR411021,TR,,40.74604,29.7888,fold7_balkan_s,pm25,19.773979071227664,11.729398408901295
TR411322,TR,,40.84579,29.42514,fold7_balkan_s,pm25,21.879588788266474,11.365659972233928
TR420831,TR,,37.88828,32.49365,fold7_balkan_s,pm25,21.56097044397736,9.632272715498322
TR421113,TR,,38.49413,32.45754,fold7_balkan_s,pm25,3.6682547239589924,8.026880410943543
TR421341,TR,,37.89979,32.52887,fold7_balkan_s,pm25,23.387735102792604,9.184470820375743
TR430131,TR,,39.42355,29.98881,fold7_balkan_s,pm25,20.925729422041975,10.849488350856547
TR430241,TR,,39.41196,30.00848,fold7_balkan_s,pm25,10.20657724887577,11.820501274424746
TR430341,TR,,39.42804,29.96971,fold7_balkan_s,pm25,14.795704004880546,10.536969186366095
TR430441,TR,,39.54215,29.49241,fold7_balkan_s,pm25,11.814256489238531,10.242864084693707
TR520341,TR,,40.97375,37.90752,fold7_balkan_s,pm25,14.871424622292574,11.52646193780402
TR540331,TR,,40.79072,30.39692,fold7_balkan_s,pm25,20.973193785595047,13.215223125458094
TR550241,TR,,41.32538,36.29659,fold7_balkan_s,pm25,8.659065391799082,11.784537239550342
TR550631,TR,,41.28746,36.32924,fold7_balkan_s,pm25,16.693801998215754,11.219112850720467
TR580141,TR,,39.74872,37.02565,fold7_balkan_s,pm25,13.83250879342365,9.702960180868768
TR580231,TR,,39.74729,37.01315,fold7_balkan_s,pm25,17.711965624459545,9.614501703565356
TR590341,TR,,41.31835,27.98018,fold7_balkan_s,pm25,27.171400099468016,11.637453050014152
TR590522,TR,,41.1807,27.81541,fold7_balkan_s,pm25,19.729384902768427,9.444444974013834
TR600331,TR,,40.31866,36.5521,fold7_balkan_s,pm25,20.329112595423243,10.787468552266196
TR610431,TR,,40.9945,39.66789,fold7_balkan_s,pm25,20.76957238890915,10.553615081113048
TR660241,TR,,39.80696,35.18138,fold7_balkan_s,pm25,14.159301824326649,10.145435989904579
TR670241,TR,,41.4212,32.08301,fold7_balkan_s,pm25,7.191308950126719,10.509600486829374
TR670322,TR,,41.48523,31.83805,fold7_balkan_s,pm25,13.212766317047064,11.518476854511688
TR670441,TR,,41.43507,31.74583,fold7_balkan_s,pm25,15.9391007112078,11.158773866308984
TR670831,TR,,41.45222,31.78719,fold7_balkan_s,pm25,14.411896902195323,11.193093048094015
TR680241,TR,,38.36448,34.02854,fold7_balkan_s,pm25,19.894203011088624,8.120019820794358
TR710231,TR,,39.84427,33.49998,fold7_balkan_s,pm25,10.11624439368054,8.631215504428614
TR760213,TR,,39.78684,44.62098,fold7_balkan_s,pm25,26.92462234854764,7.917037499534297
TR770212,TR,,40.70058,29.50785,fold7_balkan_s,pm25,14.612702082902812,12.941665884087525
TR770313,TR,,40.52935,28.78459,fold7_balkan_s,pm25,12.771232002017427,8.206247083552169
TR780121,TR,,41.22984,32.66219,fold7_balkan_s,pm25,15.61379576377587,13.693282083040728
TR780341,TR,,41.25291,32.67364,fold7_balkan_s,pm25,12.807148542118568,12.163218189826303
TR780521,TR,,41.19728,32.62352,fold7_balkan_s,pm25,9.449132586643557,12.322155004305696
TR800341,TR,,37.08572,36.25437,fold7_balkan_s,pm25,31.06982134747327,10.862171343551571
TR810231,TR,,40.83862,31.16274,fold7_balkan_s,pm25,31.81968761916665,12.289032607956882
CZ0AHOL,CZ,,50.10884,14.44365,fold8_poland,pm25,15.004410314562998,9.5917271875386
CZ0ALEG,CZ,,50.07239,14.43067,fold8_poland,pm25,15.343113274928479,9.547922022709443
CZ0ALIB,CZ,,50.0073,14.44593,fold8_poland,pm25,11.73638622208959,9.45622209280012
CZ0ARIE,CZ,,50.08148,14.44269,fold8_poland,pm25,12.78713494435812,9.549342281626815
CZ0ASTO,CZ,,50.04613,14.33141,fold8_poland,pm25,11.957103392888653,9.477125986889128
CZ0BBDN,CZ,,49.20272,16.61629,fold8_poland,pm25,12.297893420415761,9.526101957320348
CZ0BBMA,CZ,,49.21609,16.61384,fold8_poland,pm25,11.935304491605285,9.48923641099916
CZ0BBML,CZ,,49.16526,16.58081,fold8_poland,pm25,15.310325190523836,9.477980486271875
CZ0BBMS,CZ,,49.20816,16.64252,fold8_poland,pm25,15.283545674666234,9.550185073502274
CZ0BBNI,CZ,,49.21322,16.67796,fold8_poland,pm25,10.542855059089216,9.448123976622183
CZ0BBNY,CZ,,49.14897,16.69622,fold8_poland,pm25,11.955739169269462,9.553443487444303
CZ0BBOM,CZ,,49.17743,16.62227,fold8_poland,pm25,14.450723581668909,9.55919053657349
CZ0BHOD,CZ,,48.85728,17.13139,fold8_poland,pm25,13.339119498240295,9.483495905321632
CZ0BKUC,CZ,,48.88136,16.08582,fold8_poland,pm25,10.896719509771874,9.595819438335914
CZ0BMIS,CZ,,48.79177,16.7245,fold8_poland,pm25,11.129374162967592,9.520570148617708
CZ0BZNO,CZ,,48.84296,16.06013,fold8_poland,pm25,12.951606306162079,9.532955470662264
CZ0CCBD,CZ,,48.98439,14.46568,fold8_poland,pm25,11.445093551963195,9.526826228367337
CZ0CCBT,CZ,,48.9659,14.50879,fold8_poland,pm25,11.98539200656249,9.588900124991339
CZ0CCHU,CZ,,49.06844,13.6148,fold8_poland,pm25,4.0118457003397054,9.158111280198668
CZ0EMTP,CZ,,49.759,16.66672,fold8_poland,pm25,14.488601006005318,9.423984561962412
CZ0EPAU,CZ,,50.02404,15.76355,fold8_poland,pm25,12.103331974643075,9.476519147446197
CZ0ESVR,CZ,,49.73509,16.0342,fold8_poland,pm25,6.720639562524883,9.204236934405543
CZ0HHKB,CZ,,50.19537,15.84638,fold8_poland,pm25,12.97142851712132,9.439334057832724
CZ0HJIC,CZ,,50.4395,15.35264,fold8_poland,pm25,11.183076935849106,9.467265644028714
CZ0JJIZ,CZ,,49.39244,15.59128,fold8_poland,pm25,13.266300218609985,9.478156418526511
CZ0JKOS,CZ,,49.5734,15.08028,fold8_poland,pm25,9.014365487198406,9.44536068897571
CZ0JKRI,CZ,,49.3836,16.09862,fold8_poland,pm25,8.35300857328888,9.301871766948063
CZ0JPEM,CZ,,49.435,15.20833,fold8_poland,pm25,9.034166827112175,9.231985581068912
CZ0JZNZ,CZ,,49.56456,15.941,fold8_poland,pm25,9.256411365240108,9.348476144986302
CZ0KSOM,CZ,,50.17283,12.67282,fold8_poland,pm25,8.209089675283119,9.38180651682493
CZ0LFRT,CZ,,50.94065,15.06982,fold8_poland,pm25,8.36859506734618,9.360344316423001
CZ0LHVI,CZ,,50.85605,14.96416,fold8_poland,pm25,9.299677937778487,9.498210233668495
CZ0LLIL,CZ,,50.7551,15.06997,fold8_poland,pm25,10.795973419938331,9.461085382396323
CZ0LUHL,CZ,,50.86623,14.90245,fold8_poland,pm25,10.118938717793759,9.473638085798697
CZ0MBEL,CZ,,49.58708,17.80422,fold8_poland,pm25,14.584964935244539,9.51991202753001
CZ0MLOS,CZ,,49.74792,16.92578,fold8_poland,pm25,12.10221461373686,9.50667985586121
CZ0MNMA,CZ,,49.95573,17.00969,fold8_poland,pm25,11.786813115403357,9.696611958437941
CZ0MOLJ,CZ,,49.60164,17.23784,fold8_poland,pm25,15.656519622237683,9.517262003767945
CZ0MOLS,CZ,,49.59292,17.26617,fold8_poland,pm25,13.808618660039938,9.494712277152486
CZ0MPHR,CZ,,49.55189,17.73122,fold8_poland,pm25,14.55416581779781,9.5136907874753
CZ0MPRR,CZ,,49.45166,17.45416,fold8_poland,pm25,15.19223510091924,9.518294377090514
CZ0MSMS,CZ,,49.97158,16.97847,fold8_poland,pm25,12.316371068868255,9.455393648291496
CZ0MVBY,CZ,,49.59292,17.35736,fold8_poland,pm25,14.569099269491431,9.484382216046995
CZ0PKUJ,CZ,,49.722,13.61854,fold8_poland,pm25,10.494410792713277,9.503878274581323
CZ0PPLA,CZ,,49.73245,13.40228,fold8_poland,pm25,12.588752247130301,9.475195537220868
CZ0PPLE,CZ,,49.74733,13.38104,fold8_poland,pm25,11.625121425546048,9.553567382564394
CZ0PPLL,CZ,,49.77013,13.36822,fold8_poland,pm25,10.907096851234051,9.450254491483864
CZ0PPLV,CZ,,49.76862,13.42338,fold8_poland,pm25,8.140079925865141,9.697167848443392
CZ0SBER,CZ,,49.95793,14.0583,fold8_poland,pm25,13.38024886480407,9.595698649329337
CZ0SKHO,CZ,,49.95047,15.26036,fold8_poland,pm25,11.987552796900665,9.428432443641407
CZ0SKLM,CZ,,50.14386,14.10178,fold8_poland,pm25,12.018561928304166,9.453174069995857
CZ0SMBO,CZ,,50.42865,14.91386,fold8_poland,pm25,12.328464012881248,9.433273090236025
CZ0SROR,CZ,,50.30198,15.1783,fold8_poland,pm25,12.12828232993117,9.536412858519299
CZ0STCS,CZ,,49.9185,14.09449,fold8_poland,pm25,12.651457396189876,9.592448510067065
CZ0TBRS,CZ,,49.98748,17.46948,fold8_poland,pm25,10.81263729723953,9.380293535586386
CZ0TCTN,CZ,,49.74896,18.60973,fold8_poland,pm25,15.514699137584682,9.498921616103585
CZ0TFMI,CZ,,49.67179,18.35107,fold8_poland,pm25,14.946876815578497,9.435149814751696
CZ0THAR,CZ,,49.79098,18.40684,fold8_poland,pm25,16.9037830196438,9.47167309268617
CZ0TKAO,CZ,,49.85889,18.55778,fold8_poland,pm25,16.553023733722426,9.43670214239514
CZ0TKAR,CZ,,49.8638,18.55145,fold8_poland,pm25,16.60515188249849,9.438382378814453
CZ0TMMO,CZ,,50.01606,17.31472,fold8_poland,pm25,9.515519417106654,9.381941470185197
CZ0TNSV,CZ,,49.65307,18.43183,fold8_poland,pm25,13.936170529646937,9.486978897449717
CZ0TOCB,CZ,,49.83985,18.28998,fold8_poland,pm25,14.51018426064707,9.491487701306633
CZ0TOHU,CZ,,49.86772,18.28375,fold8_poland,pm25,18.51387345467674,9.517145693317152
CZ0TOMH,CZ,,49.82486,18.26365,fold8_poland,pm25,14.706457294579387,9.501130931644601
CZ0TOPD,CZ,,49.83547,18.16522,fold8_poland,pm25,14.775525344898405,9.419441120755849
CZ0TOPO,CZ,,49.8253,18.15928,fold8_poland,pm25,15.2974202413688,9.451024263552789
CZ0TOPR,CZ,,49.85626,18.26974,fold8_poland,pm25,18.38594077472633,9.550160590149389
CZ0TORE,CZ,,49.80706,18.33914,fold8_poland,pm25,15.110992301373798,9.400156705385227
CZ0TORO,CZ,,49.81856,18.34039,fold8_poland,pm25,16.35407422180003,9.496134719070325
CZ0TOSG,CZ,,49.5523,18.36111,fold8_poland,pm25,9.483195591935925,9.455566758884277
CZ0TOZR,CZ,,49.79604,18.24718,fold8_poland,pm25,16.148442850426278,9.453097987104599
CZ0TRYC,CZ,,49.87167,18.37725,fold8_poland,pm25,17.495282716955334,9.39747170688514
CZ0TSTD,CZ,,49.72094,18.08931,fold8_poland,pm25,15.360149890763823,9.569678871574073
CZ0TTRK,CZ,,49.67238,18.64304,fold8_poland,pm25,13.608130600983998,9.62637367832666
CZ0TTRO,CZ,,49.66811,18.6778,fold8_poland,pm25,14.267756447496405,9.490788705001714
CZ0TVER,CZ,,49.92468,18.42287,fold8_poland,pm25,15.535532939714685,9.723322647178417
CZ0TVPP,CZ,,50.12158,17.37542,fold8_poland,pm25,11.302584512490695,9.404779007368257
CZ0UDCM,CZ,,50.77415,14.21879,fold8_poland,pm25,15.360099172869662,9.542836856721232
CZ0UDOK,CZ,,50.45885,14.17016,fold8_poland,pm25,11.405479402092762,9.643268690110265
CZ0ULOM,CZ,,50.58577,13.67342,fold8_poland,pm25,12.565908154761807,9.70677735443064
CZ0UMOM,CZ,,50.51037,13.64527,fold8_poland,pm25,12.603928410831207,9.526524222004072
CZ0USTE,CZ,,50.45415,14.37416,fold8_poland,pm25,13.269111984870905,9.54810779767906
CZ0UTPM,CZ,,50.64528,13.85125,fold8_poland,pm25,13.278972302071647,9.42391972688859
CZ0UTUS,CZ,,50.37659,13.32762,fold8_poland,pm25,10.916686599616437,9.532266037315383
CZ0UULD,CZ,,50.68312,13.99787,fold8_poland,pm25,15.472863914847123,9.411988196809574
CZ0UULK,CZ,,50.68353,14.0412,fold8_poland,pm25,10.29395573480594,9.428923981053991
CZ0UVSL,CZ,,50.46484,13.24072,fold8_poland,pm25,8.454662707959915,9.37069275893525
CZ0ZROZ,CZ,,49.46011,18.13822,fold8_poland,pm25,15.115497011655512,9.418828406579827
CZ0ZTNV,CZ,,49.25939,17.41056,fold8_poland,pm25,11.06226159697568,9.715008520947345
CZ0ZVMZ,CZ,,49.47206,17.96698,fold8_poland,pm25,14.685231682875726,9.50824475796777
CZ0ZZLN,CZ,,49.2329,17.66718,fold8_poland,pm25,12.933951586786435,9.459915779330581
CZ0ZZZS,CZ,,49.22847,17.67508,fold8_poland,pm25,14.397020647587638,9.483321353409824
PL0005R,PL,,54.12528,22.03806,fold8_poland,pm25,9.726553669406929,9.688816022459022
PL0008A,PL,,50.26445,18.97445,fold8_poland,pm25,17.47620492373102,9.507188972994246
PL0012A,PL,,50.05472,19.92222,fold8_poland,pm25,18.570611484502013,9.682994316579904
PL0039A,PL,,50.06916,20.05361,fold8_poland,pm25,17.438298173000785,9.672866881743385
PL0047A,PL,,54.40081,18.657275,fold8_poland,pm25,12.08928319319326,9.518191987071502
PL0048A,PL,,54.560835,18.49333,fold8_poland,pm25,14.733484670947918,9.40521828442563
PL0052A,PL,,54.38028,18.62,fold8_poland,pm25,14.647049014130248,9.507746132596065
PL0064A,PL,,53.13417,18.0,fold8_poland,pm25,14.760357096350678,9.520469716398928
PL0071A,PL,,53.02861,18.66611,fold8_poland,pm25,12.8191666073979,9.397589246441575
PL0072A,PL,,53.017565,18.612795,fold8_poland,pm25,15.126127649769822,9.46443111913048
PL0077A,PL,,53.65,17.93333,fold8_poland,pm25,8.085875714816956,9.701381361964355
PL0079A,PL,,52.02917,23.14945,fold8_poland,pm25,16.285792515753194,9.464105074457118
PL0085A,PL,,51.27306,22.55167,fold8_poland,pm25,13.106590140175621,9.26096158084186
PL0091A,PL,,50.71665,23.290265,fold8_poland,pm25,16.42780656876108,9.41401014771603
PL0096A,PL,,51.75806,19.52972,fold8_poland,pm25,14.316109755370073,9.450318083735885
PL0100A,PL,,51.77639,19.45306,fold8_poland,pm25,14.480600993857031,9.536058752601274
PL0115A,PL,,51.85667,19.42111,fold8_poland,pm25,20.57468966585269,9.423637547863155
PL0126A,PL,,49.28944,19.95611,fold8_poland,pm25,14.288797653763444,9.351996638115882
PL0129A,PL,,52.40758,20.955925,fold8_poland,pm25,14.22131868735169,9.586551818687317
PL0134A,PL,,52.19173,20.83749,fold8_poland,pm25,14.07425424401754,9.53159037232008
PL0136A,PL,,52.55094,19.70977,fold8_poland,pm25,14.297265684368853,9.394556876110032
PL0138A,PL,,51.3991,21.14745,fold8_poland,pm25,16.94926682454477,9.519135921621885
PL0140A,PL,,52.21929,21.00472,fold8_poland,pm25,15.701932271717165,9.508799873051911
PL0141A,PL,,52.16077,21.03382,fold8_poland,pm25,12.551667153202635,9.513707277208693
PL0143A,PL,,52.29086,21.04246,fold8_poland,pm25,13.721497463615094,9.42194988251641
PL0144A,PL,,52.05381,20.42989,fold8_poland,pm25,15.27124596886859,9.37705120574676
PL0150A,PL,,53.21549,23.64215,fold8_poland,pm25,6.754494511590279,9.615509988197994
PL0175A,PL,,53.78778,20.48194,fold8_poland,pm25,14.781107545067327,9.476939316128933
PL0192A,PL,,50.768745,16.26968,fold8_poland,pm25,13.750872156734573,9.532948405503339
PL0194A,PL,,51.12939,17.02927,fold8_poland,pm25,15.633688044448052,9.574836600316566
PL0197A,PL,,51.08623,17.01269,fold8_poland,pm25,16.098735603306135,9.530607479726577
PL0198A,PL,,51.15068,15.00822,fold8_poland,pm25,14.58941185454125,9.498845209746477
PL0205A,PL,,52.65834,19.05944,fold8_poland,pm25,19.326327330394836,9.44823238507864
PL0209A,PL,,52.73821,15.22867,fold8_poland,pm25,14.106621570900963,9.46996167294956
PL0212A,PL,,51.79972,16.3175,fold8_poland,pm25,12.796076418472296,9.416550360118245
PL0213A,PL,,51.9398,15.5189,fold8_poland,pm25,15.830073750523333,9.406221842290606
PL0218A,PL,,50.34961,18.23658,fold8_poland,pm25,14.576718807004825,9.560680079292869
PL0238A,PL,,50.27945,18.65583,fold8_poland,pm25,21.242207536589007,9.450125574732667
PL0243A,PL,,50.71111,19.45833,fold8_poland,pm25,13.992634624098157,9.685192340103477
PL0245A,PL,,52.42032,16.87729,fold8_poland,pm25,16.67246900259321,9.413826365108356
PL0248A,PL,,53.38098,14.66335,fold8_poland,pm25,11.090931120608053,9.441091513939519
PL0249A,PL,,53.43217,14.5539,fold8_poland,pm25,14.89361700674392,9.43517333103051
PL0252A,PL,,53.12116,17.987985000000002,fold8_poland,pm25,12.951365669515711,9.42377230805356
PL0276A,PL,,50.529905,22.112555,fold8_poland,pm25,16.593511355999897,9.37593833491352
PL0294A,PL,,49.6716,19.23445,fold8_poland,pm25,18.934439026220144,9.549037074737218
PL0295A,PL,,54.16806,19.41083,fold8_poland,pm25,12.826825533226577,9.550037001206867
PL0308A,PL,,52.28507,20.93302,fold8_poland,pm25,18.137861672579298,9.42645497854454
PL0398A,PL,,52.556250000000006,19.68769,fold8_poland,pm25,15.402209907564751,9.363493959601465
PL0413A,PL,,49.69017,21.7497,fold8_poland,pm25,10.441714686929725,9.50534205853281
PL0490A,PL,,51.1038,17.05704,fold8_poland,pm25,14.652311971544213,9.48966294971001
PL0491A,PL,,53.15139,18.13194,fold8_poland,pm25,12.679281645051837,9.44924908341664
PL0492A,PL,,52.74705,15.2463,fold8_poland,pm25,14.150819764961485,9.2965074846467
PL0493A,PL,,51.41532,21.1713,fold8_poland,pm25,17.2525864224497,9.412228088007996
PL0494A,PL,,50.67686,17.95028,fold8_poland,pm25,15.379768530156728,9.384489591039943
PL0495A,PL,,50.024375,22.01058,fold8_poland,pm25,14.625936741870769,9.455725082431066
PL0496A,PL,,53.12917,23.18139,fold8_poland,pm25,11.079378596941073,9.47801778464612
PL0497A,PL,,54.39847,18.61394,fold8_poland,pm25,11.377285316914772,9.422460812582681
PL0499A,PL,,49.80861,19.02695,fold8_poland,pm25,15.665745663517077,9.526405307748329
PL0500A,PL,,54.20705,16.1931,fold8_poland,pm25,9.722404367650615,9.46200249573502
PL0501A,PL,,50.01043,19.94904,fold8_poland,pm25,16.600824446615004,9.602533794922985
PL0502A,PL,,50.020225,21.004445,fold8_poland,pm25,15.997214672825896,9.455474953193992
PL0503A,PL,,51.74905,18.04839,fold8_poland,pm25,18.17833615424474,9.43425841445081
PL0504A,PL,,50.433505,16.653635,fold8_poland,pm25,16.96883925649477,9.529207901164856
PL0505A,PL,,51.3177,15.43174,fold8_poland,pm25,9.706798864870672,9.608006552921378
PL0507A,PL,,51.25943,22.56913,fold8_poland,pm25,17.83928168191105,9.434144607551863
PL0509A,PL,,51.40441,19.69696,fold8_poland,pm25,21.400824585812337,9.371120774302671
PL0517A,PL,,50.97218,18.20758,fold8_poland,pm25,14.465882215133453,9.389026015312004
PL0518A,PL,,49.744915,21.454975,fold8_poland,pm25,12.311460297887987,9.481218048056581
PL0523A,PL,,50.45366,20.71544,fold8_poland,pm25,15.864436374575865,9.347104843502146
PL0527A,PL,,49.92516,18.47611,fold8_poland,pm25,18.801644034786133,9.43197255001803
PL0534A,PL,,52.92619,14.86256,fold8_poland,pm25,15.524316772380919,9.45835436404377
PL0535A,PL,,53.7121,16.69226,fold8_poland,pm25,12.968681190330615,9.410394755472096
PL0539A,PL,,52.115750000000006,21.237255,fold8_poland,pm25,15.760662962395942,9.656628157174666
PL0542A,PL,,53.49194,18.7525,fold8_poland,pm25,15.182513652687842,9.444373149499956
PL0544A,PL,,51.06742,19.44871,fold8_poland,pm25,17.84470353180289,9.464152877260345
PL0549A,PL,,49.96901,20.43953,fold8_poland,pm25,17.493277456521202,9.478262251117464
PL0550A,PL,,49.619225,20.714285,fold8_poland,pm25,18.77091418982358,9.53826293464201
PL0552A,PL,,50.17583,19.47805,fold8_poland,pm25,15.62301348079582,9.467669551675225
PL0554A,PL,,50.01208,22.67477,fold8_poland,pm25,15.399013522574062,9.435001911180196
PL0558A,PL,,54.11979,17.972235,fold8_poland,pm25,13.297535295759433,9.46582081942845
PL0565A,PL,,50.42903,21.27661,fold8_poland,pm25,18.11729408103003,9.380148542937011
PL0566A,PL,,51.05061,21.08418,fold8_poland,pm25,16.616727418662865,9.369314093611223
PL0567A,PL,,50.24675,19.019865,fold8_poland,pm25,23.27731030658146,9.49662789232716
PL0585A,PL,,50.913415,15.765605,fold8_poland,pm25,14.342329174677287,9.405923308685571
PL0591A,PL,,51.64266,15.12781,fold8_poland,pm25,12.514452885914285,9.412713616041955
PL0594A,PL,,49.78434,22.75624,fold8_poland,pm25,16.913038427637954,9.4791466036156
PL0621A,PL,,50.05479,21.41626,fold8_poland,pm25,19.529979944635738,9.533114079003301
PL0624A,PL,,51.88492,17.79111,fold8_poland,pm25,18.19506846602393,9.366405449955503
PL0647A,PL,,50.01825,20.99258,fold8_poland,pm25,13.025482929575299,9.548753112097573
PL0653A,PL,,50.894385,20.657995,fold8_poland,pm25,15.399999811009236,9.44242547552732
PL0674A,PL,,50.66674,17.89914,fold8_poland,pm25,16.21689237781757,9.489106125157162
PL0677A,PL,,50.29913,21.44094,fold8_poland,pm25,17.69080052835732,9.576461509433104
PL0678A,PL,,49.54654,21.85101,fold8_poland,pm25,9.527782728892527,9.549302199132514
PL0681A,PL,,53.82839,22.34834,fold8_poland,pm25,11.95232240032307,9.462548525778532
PL0682A,PL,,53.69459,19.96904,fold8_poland,pm25,13.50501380188474,9.416142169436636
PL0683A,PL,,53.13668,17.59154,fold8_poland,pm25,15.776205931841016,9.52578637297293
PL0684A,PL,,50.02942,18.68953,fold8_poland,pm25,20.06340007513821,9.39256104817814
PL0690A,PL,,52.65156,19.05189,fold8_poland,pm25,14.692286668117655,9.438129493010257
PL0702A,PL,,54.17938,15.59635,fold8_poland,pm25,10.096203354298206,9.580708008657908
PL0705A,PL,,49.80208,19.04861,fold8_poland,pm25,19.60206824912601,9.495651600849591
PL0706A,PL,,54.1159,22.93846,fold8_poland,pm25,10.764132140369997,9.50010852851053
PL0709A,PL,,53.14412,23.21632,fold8_poland,pm25,12.722121268012032,9.526038323178739
PL0712A,PL,,52.60253,19.6451,fold8_poland,pm25,14.34319290609738,9.52526019867877
PL0717A,PL,,52.18847,21.17623,fold8_poland,pm25,15.204288683860119,9.60741145476507
PL0721A,PL,,53.63979,22.47027,fold8_poland,pm25,12.346623915950971,9.424898829527569
PL0736A,PL,,50.04068,22.00466,fold8_poland,pm25,19.607889176931756,9.515421436293842
PL0738A,PL,,51.2081,16.18378,fold8_poland,pm25,15.10169009208199,9.513131154633955
PL0739A,PL,,52.20774,20.90607,fold8_poland,pm25,12.802720700158154,9.592110374786238
PL0742A,PL,,49.93785,18.97559,fold8_poland,pm25,17.72107537608504,9.551144889164371
PL0744A,PL,,51.12215,23.47308,fold8_poland,pm25,14.58524586183103,9.399939422577646
PL0759A,PL,,50.09114,18.21626,fold8_poland,pm25,19.00778767217872,9.558200496663105
PL0763A,PL,,52.23191,19.35369,fold8_poland,pm25,18.61487588423705,9.394278538189715
PL0764A,PL,,51.58921,19.13143,fold8_poland,pm25,18.235657223556263,9.327626028974917
PL0767A,PL,,50.50933,18.28821,fold8_poland,pm25,13.553690471661314,9.454094552732764
PL0768A,PL,,53.85255,22.98469,fold8_poland,pm25,16.61278529361517,9.58495302352264
PL0769A,PL,,53.13529,23.16133,fold8_poland,pm25,15.211734147037923,9.480289012441247
PL0773A,PL,,49.95254,18.60795,fold8_poland,pm25,20.208371875014453,9.45093820995066
PL0783A,PL,,51.8091,15.70804,fold8_poland,pm25,17.446221315475825,9.414699647791517
PL0790A,PL,,54.43451,18.57884,fold8_poland,pm25,13.191765725685274,9.611235501552102
PL0800A,PL,,52.39088,16.99805,fold8_poland,pm25,15.793631560750546,9.383706214915868
PL0816A,PL,,53.40758,18.42875,fold8_poland,pm25,12.617063150858467,9.418310994086223
PL0817A,PL,,51.93103,22.37316,fold8_poland,pm25,15.533807662353508,9.463526794179284
PL0821A,PL,,52.08228,21.1246,fold8_poland,pm25,12.574297529368183,9.522616162822162
PL0822A,PL,,52.70359,21.0726,fold8_poland,pm25,14.789366591808083,9.453470453068102
PL0824A,PL,,50.02486,22.04794,fold8_poland,pm25,14.092531832073549,9.436726802423504
PL0825A,PL,,50.06038,21.98051,fold8_poland,pm25,12.549062334755325,9.38753567095313
PL0828A,PL,,50.77848,21.08122,fold8_poland,pm25,15.090654270086649,9.410248334253454
PL0836A,PL,,51.27428,15.9298,fold8_poland,pm25,19.49619375204612,9.524692155434957
PL0837A,PL,,50.43836,16.24376,fold8_poland,pm25,13.251986041143775,9.487487381024428
PL0839A,PL,,51.78425,14.9581,fold8_poland,pm25,11.894398032198737,9.360076826626695
PL0841A,PL,,53.1296,23.10805,fold8_poland,pm25,12.122634530487977,9.371416706782293
PL0842A,PL,,49.98179,21.93409,fold8_poland,pm25,14.268594374579047,9.43959224027935
PL0843A,PL,,54.1727,17.49299,fold8_poland,pm25,11.366245417669958,9.40872000999021
PL0844A,PL,,51.11584,20.89159,fold8_poland,pm25,20.033971932832564,9.506285819334682
PL0846A,PL,,53.23004,20.16867,fold8_poland,pm25,18.666426359177148,9.460723755590697
PL0848A,PL,,52.09044,16.63638,fold8_poland,pm25,17.005886839192545,9.432707218783337
PL0849A,PL,,54.37749,16.31073,fold8_poland,pm25,12.088531747379761,9.69414880312969
SK0001A,SK,,48.12471,17.1255,fold8_poland,pm25,12.357953432489662,9.443776400142307
SK0002A,SK,,48.15837,17.12892,fold8_poland,pm25,12.67410295247111,9.480777461315357
SK0004A,SK,,48.14467,17.11358,fold8_poland,pm25,11.896199489525948,9.4942280844725
SK0004R,SK,,49.15141,20.28949,fold8_poland,pm25,7.8694571058915175,9.381399302121087
SK0007R,SK,,47.95945,17.86014,fold8_poland,pm25,12.165418097870457,9.624840890514959
SK0008A,SK,,49.07901,19.30252,fold8_poland,pm25,15.091281484758436,9.459096672820746
SK0013A,SK,,48.66697,18.51408,fold8_poland,pm25,12.450982877208999,9.596886834142746
SK0018A,SK,,48.5921,21.17519,fold8_poland,pm25,20.537135979072108,9.71870540650267
SK0020A,SK,,49.21145,18.77122,fold8_poland,pm25,15.441944759862762,9.470592476484656
SK0021A,SK,,48.68061,17.36317,fold8_poland,pm25,11.751156559271106,9.378731466297738
SK0022A,SK,,48.58388,19.95164,fold8_poland,pm25,14.186938119824207,9.57630528936885
SK0025A,SK,,48.6312,20.24037,fold8_poland,pm25,19.496755762906634,9.557475581889397
SK0027A,SK,,48.73312,18.75638,fold8_poland,pm25,11.796917106518794,9.415213076088909
SK0030A,SK,,48.87403,21.83758,fold8_poland,pm25,15.260809279826052,9.515052422276023
SK0031A,SK,,48.88638,21.68762,fold8_poland,pm25,14.925310859126595,9.46518222197085
SK0037A,SK,,48.93093,21.91371,fold8_poland,pm25,16.600542545426684,9.48714653791202
SK0039A,SK,,49.05972,18.92136,fold8_poland,pm25,14.95046907675857,9.503200444538008
SK0045A,SK,,48.37123,17.58495,fold8_poland,pm25,12.885337015250942,9.415993098730508
SK0047A,SK,,48.89647,18.04125,fold8_poland,pm25,13.32458987025647,9.584133338862411
SK0048A,SK,,48.16796,17.10624,fold8_poland,pm25,11.481205504002133,9.370237805882212
SK0050A,SK,,48.7827,18.62813,fold8_poland,pm25,13.471800408351509,9.479553630421366
SK0061A,SK,,48.21127,17.15796,fold8_poland,pm25,11.027654326788637,9.50300576390397
SK0063A,SK,,48.28365,17.73516,fold8_poland,pm25,12.71772725074202,9.422846991502997
SK0064A,SK,,47.76412,18.13855,fold8_poland,pm25,13.92869893219817,9.561252230231089
SK0066A,SK,,49.11897,18.32527,fold8_poland,pm25,16.858429223899904,9.535789115186855
SK0067A,SK,,49.08389,19.61935,fold8_poland,pm25,13.166250493240408,9.38335382956969
SK0068A,SK,,48.22304,17.4044,fold8_poland,pm25,11.672879221957901,9.396209194036153
SK0069A,SK,,49.06147,20.28578,fold8_poland,pm25,11.39547983437106,9.346426042029446
SK0070A,SK,,48.15962,18.97844,fold8_poland,pm25,21.924930027882898,9.57672832853048
SK0071A,SK,,49.43538,18.88362,fold8_poland,pm25,15.533351745649798,9.452261734972543
SK0072A,SK,,48.33663,19.67589,fold8_poland,pm25,17.3721531794334,9.539205580604039
SK0073A,SK,,48.62834,21.7133,fold8_poland,pm25,15.439407705415485,9.551782222883357
SK0074A,SK,,49.30052,21.27787,fold8_poland,pm25,12.982375675508752,9.531270738559673
SK0075A,SK,,48.2833,17.2597,fold8_poland,pm25,13.84811321397092,9.45522269346365
SK0077A,SK,,48.45705,17.17158,fold8_poland,pm25,10.626856306555954,9.425254681563667
SK0078A,SK,,48.48312,18.71765,fold8_poland,pm25,19.69555739012005,9.449933572674222
SK0134A,SK,,48.28305,18.14064,fold8_poland,pm25,14.613970559871115,9.454056817194214
SK0214A,SK,,48.73516,19.15491,fold8_poland,pm25,15.009035073570168,9.47136332345989
SK0262A,SK,,48.5582,19.15686,fold8_poland,pm25,13.755942514352059,9.469724862484325
SK0263A,SK,,48.73326,19.11527,fold8_poland,pm25,10.66730803709529,9.491644086491261
SK0264A,SK,,48.69022,21.28544,fold8_poland,pm25,16.211809621417437,9.588342275175263
SK0265A,SK,,48.9156,20.87406,fold8_poland,pm25,18.31662848494767,9.587114306434417
SK0266A,SK,,48.99249,21.26679,fold8_poland,pm25,17.222645262301317,9.550631165629001
SK0267A,SK,,48.72627,21.25884,fold8_poland,pm25,15.701740523075609,9.608735772496829
SK0268A,SK,,48.59956,18.84246,fold8_poland,pm25,10.316752901747792,9.340923448468484
SK0269A,SK,,48.30946,18.07683,fold8_poland,pm25,12.896978020548701,9.513190444979415
SK0406A,SK,,48.9349,22.27367,fold8_poland,pm25,10.691129273203492,9.442187501717475
