experiment,fold,epoch,train_loss,best_so_far,epochs_since_improvement,lr_group_0,lr_group_1,lr_head,lr_layer4,train_seconds,train_batch_avg_seconds,train_eval_seconds,val_seconds,total_seconds,data_wait_seconds,to_device_seconds,forward_seconds,backward_seconds,optimizer_seconds,train_pm25_rmse,train_pm25_mae,train_pm25_r2,train_pm25_n,val_pm25_rmse,val_pm25_mae,val_pm25_r2,val_pm25_n
resnet_layer4,fold1_iberia,1,0.7799003921834714,True,0,1e-05,1e-06,1e-05,1e-06,1.8325591776520014,0.14096609058861548,0.6745886988937855,0.3394991382956505,2.847473142668605,1.3959423284977674,0.03802885673940182,0.23295322433114052,0.13860471732914448,0.02553463540971279,5.256916326432069,3.908203854848209,-0.055773939421583485,1000,3.3704553257847274,2.805090766121185,-0.714834661019484,204
resnet_layer4,fold1_iberia,2,0.771419566604348,True,0,1e-05,1e-06,1e-05,1e-06,1.873032232746482,0.14407940251896015,0.6787997223436832,0.33967308700084686,2.892455294728279,1.4529538471251726,0.03757588937878609,0.2330028936266899,0.1221082266420126,0.025843804702162743,5.3015686770515575,3.9408728991632014,-0.07378564098298779,1000,3.3345617989812633,2.784878330422315,-0.678505018258238,204
resnet_layer4,fold1_iberia,3,0.779702672243979,True,0,1e-05,1e-06,1e-05,1e-06,1.8061317317187786,0.13893321013221374,0.6808632053434849,0.3405198287218809,2.828467907384038,1.388565868139267,0.03770168870687485,0.23371178843080997,0.11980575323104858,0.0248851515352726,5.3249054679587715,3.960365939922453,-0.08325976649077793,1000,3.285660969714078,2.7465678748295637,-0.6296359644389342,204
resnet_layer4,fold1_iberia,4,0.7742247438746382,True,0,1e-05,1e-06,1e-05,1e-06,1.7655408643186092,0.1358108357168161,0.6732014864683151,0.32583036087453365,2.7655115704983473,1.3487217985093594,0.03819967806339264,0.23291847482323647,0.11930936761200428,0.02493555098772049,5.31813842738811,3.947410554541596,-0.08050824162232639,1000,3.214063423412055,2.686405069914969,-0.5593872819305765,204
resnet_layer4,fold1_iberia,5,0.7740286056458878,True,0,1e-05,1e-06,1e-05,1e-06,1.7927831150591373,0.1379063934660875,0.6768592614680529,0.32681966200470924,2.797413047403097,1.376386994495988,0.03772218897938728,0.23294180072844028,0.11942815035581589,0.024840092286467552,5.298148792615294,3.920190576526654,-0.07240075337549112,1000,3.1629886683296076,2.643440459745617,-0.5102205479435447,204
resnet_layer4,fold1_iberia,6,0.7627874307970995,True,0,1e-05,1e-06,1e-05,1e-06,1.795505579560995,0.13811581381238425,0.6788937728852034,0.32613796927034855,2.801458900794387,1.3796072602272034,0.03764506243169308,0.23268403112888336,0.11931755207479,0.024806981906294823,5.265936691604033,3.88099578217828,-0.059400261987568426,1000,3.120958449871653,2.6120793348036915,-0.4703511872444668,204
resnet_layer4,fold1_iberia,7,0.7521651504128705,True,0,1e-05,1e-06,1e-05,1e-06,1.7778539378196,0.1367579952168923,0.682550985366106,0.3402008879929781,2.801554810255766,1.3616421334445477,0.03767573833465576,0.23287878185510635,0.11936944350600243,0.024838097393512726,5.23029509031985,3.8487433340694777,-0.045108050674341094,1000,3.0949193696972994,2.595744490374778,-0.4459183888752851,204
resnet_layer4,fold1_iberia,8,0.7710993609130024,True,0,1e-05,1e-06,1e-05,1e-06,1.7797623183578253,0.13690479371983272,0.6768860891461372,0.32565115951001644,2.783238848671317,1.3633511178195477,0.03770461119711399,0.23309967294335365,0.1194305531680584,0.024740301072597504,5.189910362325634,3.8153100546744527,-0.02903115280672619,1000,3.0893452393941736,2.59760826678329,-0.4407147124516324,204
resnet_layer4,fold1_iberia,9,0.784653951329875,True,0,1e-05,1e-06,1e-05,1e-06,1.791456451639533,0.13780434243381023,0.6792668122798204,0.3269431609660387,2.7986050955951214,1.3749190792441368,0.03777569532394409,0.2330233994871378,0.11943185143172741,0.0248608086258173,5.160275231422404,3.7845060362249403,-0.01731287482629429,1000,3.060282792726162,2.5793557000305194,-0.41373569532043897,204
resnet_layer4,fold1_iberia,10,0.7534953688599716,True,0,1e-05,1e-06,1e-05,1e-06,1.789028137922287,0.13761754907094514,0.6605498492717743,0.3269975110888481,2.777510918676853,1.3727646004408598,0.03767445124685764,0.23280800320208073,0.11935407668352127,0.02497224323451519,5.135630786439919,3.7612538680188545,-0.007619111319725036,1000,3.0538087821636,2.578897485017124,-0.4077605228472583,204
resnet_layer4,fold1_iberia,11,0.7183616341379718,False,1,1e-05,1e-06,1e-05,1e-06,1.8024699445813894,0.1386515341985684,0.6823109239339828,0.3404186051338911,2.826196577399969,1.3855021353811026,0.037948956713080406,0.23304450698196888,0.11947222240269184,0.024984151124954224,5.102885060269933,3.73402855874984,0.005189452643484027,1000,3.0699597084848076,2.599238745926773,-0.4226905742393263,204
resnet_layer4,fold1_iberia,12,0.7333881748855903,False,2,1e-05,1e-06,1e-05,1e-06,1.7951161656528711,0.1380858588963747,0.67405641451478,0.33951209485530853,2.809672364965081,1.3785413317382336,0.03777776286005974,0.23303815349936485,0.11934797279536724,0.024932602420449257,5.072241814717352,3.7075874276051146,0.017101417495901328,1000,3.0734988598035664,2.6086115556863034,-0.42597271473980447,204
resnet_layer4,fold1_iberia,13,0.7045479986354906,False,3,1e-05,1e-06,1e-05,1e-06,1.788284245878458,0.13756032660603523,0.6801469307392836,0.34649812430143356,2.815949272364378,1.371012233197689,0.03773609362542629,0.23354139178991318,0.11957276985049248,0.0249464251101017,5.0386136527126055,3.6811559664306226,0.030091139060617444,1000,3.0768331903082644,2.616349838947336,-0.4290683680147407,204
resnet_layer4,fold1_iberia,14,0.722749232958944,False,4,1e-05,1e-06,1e-05,1e-06,1.8422275893390179,0.14170981456453985,0.6760187968611717,0.3399999160319567,2.859300261363387,1.422452688217163,0.03795260936021805,0.23356175795197487,0.12166505493223667,0.025091566145420074,5.010995741520264,3.6574007596138167,0.0406946287786506,1000,3.0716842580311883,2.6163666385838757,-0.4242894157514505,204
resnet_layer4,fold1_iberia,15,0.7243674780487583,True,0,1e-05,1e-06,1e-05,1e-06,1.7900076061487198,0.13769289278067076,0.6754445657134056,0.33966705575585365,2.8061272893100977,1.3737384919077158,0.03769955597817898,0.23295395635068417,0.11925452202558517,0.024897463619709015,4.994901341947224,3.6354055471298223,0.04684695874279965,1000,3.0472163837377804,2.5985143327857325,-0.4016890876174899,204
resnet_layer4,fold1_iberia,16,0.7149186763378974,True,0,1e-05,1e-06,1e-05,1e-06,1.8002338074147701,0.13847952364729002,0.6749448757618666,0.3396948855370283,2.815832208842039,1.3838666286319494,0.037697985768318176,0.23302478343248367,0.11931026913225651,0.024875624105334282,4.977962785915259,3.6190054034167005,0.053300604097336834,1000,3.0329785522230184,2.588737597413672,-0.3886211679646523,204
resnet_layer4,fold1_iberia,17,0.6913073150402946,False,1,1e-05,1e-06,1e-05,1e-06,1.7947119120508432,0.13805476246544948,0.6775519587099552,0.3403830546885729,2.813588574528694,1.3782149497419596,0.03773230127990246,0.23292780853807926,0.11946147494018078,0.02492736093699932,4.960217594548921,3.603328431513536,0.06003806675329537,1000,3.036596454786322,2.592585708999971,-0.39193599026581816,204
resnet_layer4,fold1_iberia,18,0.7247156467822198,False,2,1e-05,1e-06,1e-05,1e-06,1.7950778305530548,0.13808291004254267,0.6744698639959097,0.3396602235734463,2.8102147597819567,1.379031339660287,0.0377529039978981,0.23285555839538574,0.1190515011548996,0.024895276874303818,4.938973322436783,3.583823714141615,0.06807240967830863,1000,3.053756045560486,2.6086848504666467,-0.40771190168448435,204
resnet_layer4,fold1_iberia,19,0.7002699538688797,False,3,1e-05,1e-06,1e-05,1e-06,1.7914461754262447,0.13780355195586497,0.674469992518425,0.3389683235436678,2.805913083255291,1.374847387894988,0.03801064006984234,0.23293454386293888,0.1192754115909338,0.024910805746912956,4.914509174862269,3.5665140361042242,0.07728175262873838,1000,3.07185115420042,2.6256804037606334,-0.4244441939676964,204
resnet_layer4,fold1_iberia,20,0.751788586987772,False,4,1e-05,1e-06,1e-05,1e-06,1.7799367811530828,0.13691821393485254,0.6724910121411085,0.33828302286565304,2.7917100973427296,1.3636185117065907,0.03779121860861778,0.23283320106565952,0.11951045505702496,0.02472084015607834,4.904991009281881,3.5520101969053353,0.08085243687146504,1000,3.0629174369831547,2.6171669767720775,-0.4161709565067586,204
resnet_layer4,fold1_iberia,21,0.745866145754836,False,5,1e-05,1e-06,1e-05,1e-06,1.7877536099404097,0.1375195084569546,0.6775215677917004,0.3398865759372711,2.8061840925365686,1.3714470118284225,0.03788369335234165,0.23285017348825932,0.11937261931598186,0.024761393666267395,4.885496500185081,3.5337990932168366,0.08814408041753985,1000,3.0688925006871144,2.6235024017596413,-0.42170160844510773,204
resnet_layer4,fold1_iberia,22,0.7223846440424271,False,6,1e-05,1e-06,1e-05,1e-06,1.788203639909625,0.13755412614689425,0.6735824719071388,0.3391204345971346,2.801918115466833,1.372467054054141,0.037384141236543655,0.23278708942234516,0.11937264166772366,0.024773746728897095,4.860670728821763,3.51409309133266,0.09738777141158428,1000,3.1004565543410854,2.6567743522757263,-0.4510968625452412,204
resnet_layer4,fold1_iberia,23,0.6816597249533726,False,7,1e-05,1e-06,1e-05,1e-06,1.7881386689841747,0.13754912838339806,0.6759496461600065,0.33941030502319336,2.804490938782692,1.371888156980276,0.03779468312859535,0.23291712999343872,0.11940211057662964,0.024709481745958328,4.836025533990616,3.4962673008105742,0.10651764694026378,1000,3.1246686693728214,2.682758498208845,-0.47384919492562005,204
resnet_layer4,fold1_iberia,24,0.6995452649613436,False,8,1e-05,1e-06,1e-05,1e-06,1.792905643582344,0.1379158187371034,0.6775019858032465,0.3399706333875656,2.8113950360566378,1.3763055428862572,0.03791762702167034,0.23296625539660454,0.11948221921920776,0.024788564071059227,4.821829507648183,3.478375586577659,0.11175553590704779,1000,3.1206644621310766,2.679086634599551,-0.4700741922949372,204
resnet_layer4,fold1_iberia,25,0.7156036171959052,False,9,1e-05,1e-06,1e-05,1e-06,1.7913359012454748,0.13779506932657498,0.7210043277591467,0.3480099830776453,2.861369665712118,1.3748506736010313,0.03795471228659153,0.232942596077919,0.11940103024244308,0.02473355457186699,4.798389315510781,3.4605117317055054,0.12037052886361366,1000,3.1319322822248834,2.690368156978073,-0.48070938656184525,204
resnet_layer4,fold1_iberia,26,0.680873326589628,False,10,1e-05,1e-06,1e-05,1e-06,1.7975497376173735,0.13827305673979795,0.678428627550602,0.33989226445555687,2.8168743327260017,1.3801289442926645,0.03796174377202988,0.233447827398777,0.11986645311117172,0.024696631357073784,4.78317066768104,3.444253385999118,0.125941374168143,1000,3.131870331456193,2.692256138445354,-0.48065080919222103,204
resnet_layer4,fold1_iberia,27,0.6855523642219792,False,11,1e-05,1e-06,1e-05,1e-06,1.7917231917381287,0.13782486090293297,0.6752514056861401,0.3384666331112385,2.8064445685595274,1.375439628958702,0.03773670829832554,0.23290863074362278,0.11939842253923416,0.02480427548289299,4.766518660961612,3.430376218066759,0.13201663081915238,1000,3.1449688585886113,2.7060906931943673,-0.4930618604509467,204
resnet_layer4,fold1_iberia,28,0.7194922038507519,False,12,1e-05,1e-06,1e-05,1e-06,1.7882027253508568,0.13755405579621977,0.6752445437014103,0.3397252429276705,2.804183194413781,1.3718902245163918,0.03762514516711235,0.23300439678132534,0.11940431781113148,0.02482682839035988,4.753082784485594,3.418712459083093,0.1369030821497792,1000,3.144604624189056,2.7068287595585696,-0.4927160427190773,204
resnet_layer4,fold1_iberia,29,0.6800284780893658,False,13,1e-05,1e-06,1e-05,1e-06,1.7880700547248125,0.13754385036344713,0.6767588537186384,0.3394808042794466,2.8053220734000206,1.3715404514223337,0.037753671407699585,0.23307929001748562,0.1194521114230156,0.0247980784624815,4.7352162680976955,3.4042354764608835,0.14337953271925163,1000,3.155407346217854,2.7183170145251196,-0.5029895723696969,204
resnet_layer4,fold1_iberia,30,0.7039745894723564,False,14,1e-05,1e-06,1e-05,1e-06,1.7885831650346518,0.1375833203872809,0.6788803171366453,0.3416247460991144,2.8100972399115562,1.3721969332545996,0.037859829142689705,0.23291262239217758,0.1193996537476778,0.02475816011428833,4.7278212283435535,3.3945857505903314,0.14605303083745402,1000,3.1574420647231847,2.720772584669994,-0.5049285592362236,204
resnet_layer4,fold1_iberia,31,0.6840514443124388,False,15,1e-05,1e-06,1e-05,1e-06,1.7911111675202847,0.13777778211694497,0.6771375760436058,0.33980757370591164,2.809100927785039,1.3745662961155176,0.037933314219117165,0.23295491002500057,0.11942304484546185,0.02477923408150673,4.7244757495186,3.3822950256548765,0.14726113519907125,1000,3.130253491104589,2.6947666890261397,-0.4791224202285074,204
resnet_layer4,fold1_iberia,32,0.711092817797701,False,16,1e-05,1e-06,1e-05,1e-06,1.7963243629783392,0.13817879715217993,0.6766049638390541,0.34021036326885223,2.8141543716192245,1.3801787979900837,0.03765513002872467,0.23286966048181057,0.11941138096153736,0.024767255410552025,4.707451405270499,3.3727709665952217,0.15339564181624887,1000,3.149463116263,2.713393704245971,-0.49733217254085793,204
resnet_layer4,fold1_iberia,33,0.6726380958884202,False,17,1e-05,1e-06,1e-05,1e-06,1.7913069482892752,0.13779284217609808,0.6750330906361341,0.33972055464982986,2.807073313742876,1.374821551144123,0.037854790687561035,0.23295229859650135,0.11943674832582474,0.02479175664484501,4.6890350625341926,3.355629007940148,0.16000680215646879,1000,3.1616827630813535,2.7275356584979544,-0.5089737538424233,204
resnet_layer4,fold1_iberia,34,0.7170891413906708,False,18,1e-05,1e-06,1e-05,1e-06,1.7870664205402136,0.13746664773386258,0.6749017406255007,0.34152660705149174,2.804503981024027,1.371016876772046,0.03774983435869217,0.2327719870954752,0.11931228637695312,0.02477046474814415,4.676421380186653,3.3428416712410067,0.16451995089881155,1000,3.1719536499992325,2.7369891927460936,-0.5187936338120256,204
resnet_layer4,fold1_iberia,35,0.6707820859339837,False,19,1e-05,1e-06,1e-05,1e-06,1.7882651127874851,0.13755885482980654,0.6761083211749792,0.34061921387910843,2.8060101605951786,1.3720003589987755,0.03790258802473545,0.23278015479445457,0.11932894960045815,0.024783840402960777,4.669147014256551,3.3378019973447013,0.1671171764873185,1000,3.1917382496259705,2.756956804206934,-0.5377992307151376,204
resnet_layer4,fold1_iberia,36,0.6925829078746617,False,20,1e-05,1e-06,1e-05,1e-06,1.7873735409229994,0.13749027237869227,0.674601711332798,0.33914466202259064,2.802117234095931,1.370479291304946,0.037401145324110985,0.23358533717691898,0.11967921629548073,0.024779751896858215,4.655984032425167,3.329828295993418,0.17180658464210985,1000,3.2214667769548524,2.786847762435551,-0.5665794184908826,204
resnet_layer4,fold1_iberia,37,0.6727136304662547,False,21,1e-05,1e-06,1e-05,1e-06,1.8138406705111265,0.13952620542393282,0.7219210155308247,0.34080467373132706,2.8775712829083204,1.3945408295840025,0.03764440305531025,0.23360179737210274,0.1212479192763567,0.025277329608798027,4.6332895519483275,3.3131411594457956,0.1798605694829164,1000,3.2357713131743346,2.801232626751479,-0.5805227221162574,204
resnet_layer4,fold1_iberia,38,0.6878395310808175,False,22,1e-05,1e-06,1e-05,1e-06,1.7895602528005838,0.1376584809846603,0.6760214418172836,0.33948847092688084,2.806075258180499,1.3722926788032055,0.03793785721063614,0.23281529173254967,0.12007833085954189,0.0249443631619215,4.626451564826156,3.3020732250306084,0.18227956983864968,1000,3.2236127639476555,2.789276464757533,-0.5686672741435537,204
resnet_layer4,fold1_iberia,39,0.6675796097079483,False,23,1e-05,1e-06,1e-05,1e-06,1.6584726963192225,0.12757482279378635,0.6316546387970448,0.33060345239937305,2.6217558588832617,1.2420988995581865,0.03801031596958637,0.23286109417676926,0.11931983567774296,0.024729421362280846,4.623269866449349,3.297402295113235,0.18340390675043738,1000,3.2252315994973775,2.7908474348411385,-0.5702431780484469,204
resnet_layer4,fold1_iberia,40,0.6601434136986302,False,24,1e-05,1e-06,1e-05,1e-06,1.6086348667740822,0.12374114359800632,0.7343748211860657,0.3303588926792145,2.674388801679015,1.1924330703914165,0.037933992221951485,0.23279252275824547,0.11933725327253342,0.02472296729683876,4.597499040767968,3.28551387727087,0.19248220151629014,1000,3.2678914668430745,2.833960141022775,-0.6120568432757496,204
resnet_layer4,fold1_iberia,41,0.6590736245850793,False,25,1e-05,1e-06,1e-05,1e-06,1.6101973298937082,0.12386133306874679,0.6298009157180786,0.32981918193399906,2.5708266254514456,1.1938842870295048,0.03796282596886158,0.2329387590289116,0.11936451122164726,0.024600114673376083,4.6006093550508345,3.280474328695594,0.1913892230472286,1000,3.2518276656882787,2.817079879870956,-0.5962471913134759,204
resnet_layer4,fold2_france,1,0.7920409297120983,True,0,1e-05,1e-06,1e-05,1e-06,1.3754847701638937,0.12504407001489942,0.6233657579869032,0.5535530857741833,2.553235674276948,1.0133016500622034,0.03218099661171436,0.1960964221507311,0.1110299788415432,0.02157529629766941,5.52232525534869,4.153911525601916,-0.04899455919961415,1000,3.1315326179994716,2.7861596996823015,-2.582170402584961,362
resnet_layer4,fold2_france,2,0.8168210161143336,True,0,1e-05,1e-06,1e-05,1e-06,1.3669138681143522,0.12426489710130474,0.6288868840783834,0.5657107792794704,2.5624770056456327,1.0162233877927065,0.031867049634456635,0.19582599587738514,0.10083535686135292,0.020968273282051086,5.540717412027036,4.167269879191768,-0.05599356762710639,1000,3.1249742699307412,2.783778977856987,-2.5671818826101607,362
resnet_layer4,fold2_france,3,0.7832983602052448,False,1,1e-05,1e-06,1e-05,1e-06,1.3424440696835518,0.12204036997123198,0.6316934581845999,0.5669301319867373,2.542010271921754,0.9920387901365757,0.03217451646924019,0.19564665481448174,0.10041501931846142,0.020945701748132706,5.541448964516837,4.1626967904499725,-0.05627243610731458,1000,3.1824641818780286,2.8525921231261995,-2.6996395268138853,362
resnet_layer4,fold2_france,4,0.8089025815327963,False,2,1e-05,1e-06,1e-05,1e-06,1.3491101171821356,0.12264637428928506,0.6254301220178604,0.5664764009416103,2.5420758109539747,0.9982072040438652,0.03220488876104355,0.19542563520371914,0.1010229866951704,0.021013719961047173,5.530813648905129,4.145384177419825,-0.05222186713620314,1000,3.2191884911935102,2.8978297037579193,-2.785516772300909,362
resnet_layer4,fold2_france,5,0.7618960964268652,False,3,1e-05,1e-06,1e-05,1e-06,1.3441704120486975,0.12219731018624523,0.6308810655027628,0.5670808721333742,2.5432054419070482,0.9944199528545141,0.03193995915353298,0.195446215569973,0.10028793476521969,0.020879343152046204,5.513222771494983,4.119169207490258,-0.04553928041534405,1000,3.204360441167724,2.8900161032932954,-2.7507238072177334,362
resnet_layer4,fold2_france,6,0.7698495490797634,False,4,1e-05,1e-06,1e-05,1e-06,1.3456191830337048,0.1223290166394277,0.6323191095143557,0.5673180613666773,2.5463144443929195,0.9955147877335548,0.03186759911477566,0.19569011218845844,0.10041201114654541,0.02092212252318859,5.489729171174649,4.093609354797594,-0.036647513630517325,1000,3.1771257184824884,2.8684952722224413,-2.6872379261697144,362
resnet_layer4,fold2_france,7,0.7688839634259542,False,5,1e-05,1e-06,1e-05,1e-06,1.346796503290534,0.12243604575368491,0.6282245237380266,0.5674301702529192,2.543525569140911,0.9969436787068844,0.031782958656549454,0.19554651156067848,0.10028790682554245,0.021023306995630264,5.467784653581813,4.069204136113501,-0.028376336212718956,1000,3.1441057216056114,2.843594988695879,-2.6109929766433666,362
resnet_layer4,fold2_france,8,0.745153214739657,True,0,1e-05,1e-06,1e-05,1e-06,1.3433694578707218,0.12212449617006561,0.6295031439512968,0.5657456684857607,2.5396715831011534,0.9934523571282625,0.03184901177883148,0.19568394124507904,0.1003990899771452,0.020792782306671143,5.447572661139992,4.048677664862818,-0.020787479458390212,1000,3.1165961013029193,2.821540388781283,-2.54808003700503,362
resnet_layer4,fold2_france,9,0.7444543585009958,False,1,1e-05,1e-06,1e-05,1e-06,1.428866559639573,0.1298969599672339,0.6307390164583921,0.5658136904239655,2.6264052875339985,1.072257524356246,0.032014816999435425,0.1957799419760704,0.10574873723089695,0.021782392635941505,5.411151790967139,4.019394875970558,-0.0071837369909333315,1000,3.1206656367689503,2.832865803604024,-2.55735198887612,362
resnet_layer4,fold2_france,10,0.8039613496298077,True,0,1e-05,1e-06,1e-05,1e-06,1.359106058254838,0.12355509620498527,0.6278383731842041,0.5660749673843384,2.554084589704871,1.0069632809609175,0.03205476142466068,0.19599608331918716,0.10097324848175049,0.021828437224030495,5.383073818748212,3.9941767421879875,0.0032415135827822406,1000,3.104423844658081,2.820782697183258,-2.520419216637124,362
resnet_layer4,fold2_france,11,0.7661400889528209,True,0,1e-05,1e-06,1e-05,1e-06,1.3533474002033472,0.12303158183666793,0.6274282522499561,0.566713459789753,2.548448782414198,1.0033699944615364,0.031793320551514626,0.19561782106757164,0.10030695796012878,0.021019797772169113,5.36030040232839,3.9744750234443624,0.011657366994054397,1000,3.0874549388426042,2.8074293627026483,-2.4820388917426306,362
resnet_layer4,fold2_france,12,0.7611275164560339,False,1,1e-05,1e-06,1e-05,1e-06,1.3557480815798044,0.12324982559816404,0.6320241577923298,0.5674640610814095,2.5562248695641756,1.0054834559559822,0.03200387582182884,0.1957501620054245,0.1004093699157238,0.02088087983429432,5.3301750120451805,3.9513672984659354,0.022735306067191985,1000,3.091665945837073,2.8159430291607292,-2.4915437362448554,362
resnet_layer4,fold2_france,13,0.7557453485741012,False,2,1e-05,1e-06,1e-05,1e-06,1.3589504063129425,0.12354094602844932,0.6312411967664957,0.5751158092170954,2.566372651606798,1.0082907602190971,0.031776634976267815,0.19610596261918545,0.10051628574728966,0.021037595346570015,5.305461368783724,3.9300779952720086,0.03177657787175814,1000,3.0903219242753797,2.8191904811376256,-2.4885086799804816,362
resnet_layer4,fold2_france,14,0.7117062944105301,True,0,1e-05,1e-06,1e-05,1e-06,1.4361142572015524,0.1305558415637775,0.6587204989045858,0.5759221613407135,2.6718230471014977,1.0861021224409342,0.031757259741425514,0.19558494351804256,0.10044779814779758,0.0209798626601696,5.274868965967931,3.903928798334805,0.04291034382226888,1000,3.084111145915556,2.81780060087825,-2.4745007010340916,362
resnet_layer4,fold2_france,15,0.7465425284429529,False,1,1e-05,1e-06,1e-05,1e-06,1.433625204488635,0.13032956404442136,0.6573276966810226,0.5751550793647766,2.6670903116464615,1.083689410239458,0.03181162662804127,0.19551095366477966,0.10049919970333576,0.020908676087856293,5.246278132038945,3.882112438021841,0.05325745669501647,1000,3.109826591216336,2.8473129938818196,-2.532683317361819,362
resnet_layer4,fold2_france,16,0.7234402586673868,False,2,1e-05,1e-06,1e-05,1e-06,1.4354295060038567,0.13049359145489606,0.6585525367408991,0.5753387492150068,2.6703737936913967,1.0853810645639896,0.03188842535018921,0.19556723348796368,0.10046874172985554,0.02089921571314335,5.22222523996182,3.859040855024362,0.06191871859595777,1000,3.098326536449542,2.8377225441389466,-2.50660409177609,362
resnet_layer4,fold2_france,17,0.7139391529149023,False,3,1e-05,1e-06,1e-05,1e-06,1.4441672042012215,0.1312879276546565,0.680712103843689,0.5831261482089758,2.7090753596276045,1.094423433765769,0.03163245879113674,0.19564889185130596,0.10035933554172516,0.0208748746663332,5.19784242292342,3.838979403590644,0.07065816030625438,1000,3.1134846943236143,2.8558865969220397,-2.5409992282884017,362
resnet_layer4,fold2_france,18,0.7378599362811823,False,4,1e-05,1e-06,1e-05,1e-06,1.541925871744752,0.1401750792495229,0.6794216427952051,0.5856452714651823,2.808051174506545,1.191748484969139,0.031921498477458954,0.19574851542711258,0.1004333458840847,0.020836444571614265,5.189622844099501,3.826556611793516,0.07359505530968202,1000,3.1005453916889376,2.843690646965432,-2.511628373633333,362
resnet_layer4,fold2_france,19,0.7597699542155211,False,5,1e-05,1e-06,1e-05,1e-06,1.5515386015176773,0.1410489637743343,0.6883819717913866,0.5852460898458958,2.826229264959693,1.20125050842762,0.03176087699830532,0.19580594636499882,0.10051665268838406,0.020970385521650314,5.169590454660485,3.807972446956953,0.08073325677388421,1000,3.0946395374095546,2.839015835015344,-2.498263361304615,362
resnet_layer4,fold2_france,20,0.7301675793768345,False,6,1e-05,1e-06,1e-05,1e-06,1.541129358112812,0.14010266891934656,0.6798944417387247,0.5829930491745472,2.805071270093322,1.1908329594880342,0.03189246915280819,0.19565138965845108,0.10049460828304291,0.021002452820539474,5.140306017198049,3.781860541740976,0.09111859060667249,1000,3.088829294512306,2.8352696357415446,-2.4851395847823703,362
resnet_layer4,fold2_france,21,0.7243559860635078,False,7,1e-05,1e-06,1e-05,1e-06,1.5730505250394344,0.14300459318540312,0.7318210136145353,0.5835928674787283,2.8895511589944363,1.2191555760800838,0.031875817105174065,0.1960841529071331,0.1033704224973917,0.021290885284543037,5.123105809037769,3.7672751589089524,0.0971909117199542,1000,3.0932602547448633,2.8409101825330105,-2.4951457001496826,362
resnet_layer4,fold2_france,22,0.7255109466355423,False,8,1e-05,1e-06,1e-05,1e-06,1.5476191956549883,0.14069265415045348,0.680304791778326,0.5825239475816488,2.811556177213788,1.1972736977040768,0.03191925585269928,0.19569632969796658,0.10044022649526596,0.02102641947567463,5.105682863510885,3.7537072855766045,0.10332111754027462,1000,3.088605282976638,2.8373421497535736,-2.484634096724499,362
resnet_layer4,fold2_france,23,0.697014829208111,False,9,1e-05,1e-06,1e-05,1e-06,1.5452316105365753,0.14047560095787048,0.6838075965642929,0.583593437448144,2.8136931378394365,1.194883618503809,0.03201646916568279,0.19575737603008747,0.1003758180886507,0.020962322130799294,5.074036177927656,3.729173368682723,0.1144024834370938,1000,3.1308391594403653,2.8828760772123485,-2.5805840792180956,362
resnet_layer4,fold2_france,24,0.7213085115641013,False,10,1e-05,1e-06,1e-05,1e-06,1.5542779434472322,0.1412979948588393,0.6770511064678431,0.5814860258251429,2.8138890378177166,1.2029159553349018,0.03183573856949806,0.1957372184842825,0.10061602666974068,0.021915510296821594,5.073315440865903,3.725379414013242,0.11465405342888313,1000,3.1220229684330234,2.8732244388688155,-2.5604471981262655,362
resnet_layer4,fold2_france,25,0.7149061834675142,False,11,1e-05,1e-06,1e-05,1e-06,1.540751624852419,0.14006832953203807,0.6832042057067156,0.5814137142151594,2.8064337372779846,1.1897997539490461,0.03199615702033043,0.19607909955084324,0.10072687268257141,0.02091597393155098,5.060214997998084,3.71286827141464,0.11922047523138968,1000,3.113442013002205,2.864786215039843,-2.5409021451130567,362
resnet_layer4,fold2_france,26,0.7259978610893776,False,12,1e-05,1e-06,1e-05,1e-06,1.530945423990488,0.139176856726408,0.6789774093776941,0.5809734351933002,2.791960811242461,1.1807725261896849,0.03186636231839657,0.19569449126720428,0.1004485972225666,0.020921537652611732,5.040236608727218,3.6968572621290194,0.12616161092000344,1000,3.126502043672113,2.878484960756454,-2.5706706658975156,362
resnet_layer4,fold2_france,27,0.7249535472913721,False,13,1e-05,1e-06,1e-05,1e-06,1.5254210084676743,0.13867463713342493,0.6759354658424854,0.5813204161822796,2.783747460693121,1.1754831466823816,0.03170659951865673,0.1957964412868023,0.10037657432258129,0.020824724808335304,5.0180646073983395,3.6770834776164407,0.1338327314129727,1000,3.1265724336276555,2.8802053677271884,-2.570831447611547,362
resnet_layer4,fold2_france,28,0.6923280810487682,False,14,1e-05,1e-06,1e-05,1e-06,1.5356009993702173,0.13960009085183794,0.6821031346917152,0.5820445958524942,2.8008030597120523,1.1856732964515686,0.03198343329131603,0.1955285742878914,0.10032176785171032,0.02085736207664013,5.0074233071106224,3.664125001744649,0.1375024223363812,1000,3.1186022637898234,2.871028357468996,-2.5526493272092368,362
resnet_layer4,fold2_france,29,0.6905430877345732,False,15,1e-05,1e-06,1e-05,1e-06,1.5376538801938295,0.13978671638125723,0.6783469989895821,0.5812675543129444,2.798317216336727,1.1877861488610506,0.03187530115246773,0.1955418474972248,0.10035363957285881,0.020870886743068695,4.989208247425719,3.6482455058212993,0.14376587147876463,1000,3.1348957559545734,2.887335257380887,-2.5898687432280587,362
resnet_layer4,fold2_france,30,0.7118833715888275,False,16,1e-05,1e-06,1e-05,1e-06,1.533942425623536,0.13944931142032146,0.6756859850138426,0.580152964219451,2.7908289562910795,1.1839452553540468,0.031921086832880974,0.19559893757104874,0.10039330460131168,0.02085656300187111,4.974697077188758,3.637988897472977,0.1487393620677243,1000,3.1546434157578163,2.9073891727690335,-2.635238539083316,362
resnet_layer4,fold2_france,31,0.7344519509666267,False,17,1e-05,1e-06,1e-05,1e-06,1.533552186563611,0.13941383514214645,0.7164896819740534,0.5820122566074133,2.8331354837864637,1.1835684832185507,0.031796831637620926,0.19570288807153702,0.10040105879306793,0.020855333656072617,4.962226407000688,3.6262287687827897,0.1530019270267533,1000,3.150352010884028,2.9023952911663238,-2.6253549056933916,362
resnet_layer4,fold2_france,32,0.6996796912160413,False,18,1e-05,1e-06,1e-05,1e-06,1.550025574862957,0.14091141589663245,0.6813621912151575,0.5864247102290392,2.8189009074121714,1.198438948020339,0.03193644620478153,0.19553989171981812,0.10153054632246494,0.02131461538374424,4.9467742152176575,3.6131388618154623,0.15826875600672985,1000,3.155432360527392,2.908583103326871,-2.6370570400565834,362
resnet_layer4,fold2_france,33,0.7425837585295754,False,19,1e-05,1e-06,1e-05,1e-06,1.6058450806885958,0.14598591642623598,0.6900162622332573,0.5837394278496504,2.880662439391017,1.2485647574067116,0.03190352953970432,0.19591725803911686,0.10548673383891582,0.02262553945183754,4.944082900934953,3.6060992100325664,0.15918440203389173,1000,3.1259092051338646,2.8780649364143707,-2.5693166731895123,362
resnet_layer4,fold2_france,34,0.661567021375415,False,20,1e-05,1e-06,1e-05,1e-06,1.5401020031422377,0.1400092730129307,0.6814668998122215,0.5846336781978607,2.8072692938148975,1.1900056339800358,0.0318440031260252,0.1956548374146223,0.10036961920559406,0.02100170962512493,4.930719105621113,3.593919205390295,0.1637236873690604,1000,3.1393446120253916,2.892968228338239,-2.6000650259777216,362
resnet_layer4,fold2_france,35,0.7177089918618915,False,21,1e-05,1e-06,1e-05,1e-06,1.550537534058094,0.1409579576416449,0.68233947083354,0.5841588377952576,2.8181005138903856,1.199310977011919,0.031977277249097824,0.19581200368702412,0.10035721771419048,0.021778317168354988,4.9192957536713235,3.583585694204422,0.16759412179840338,1000,3.1452517356018994,2.898027659131018,-2.613625841467742,362
resnet_layer4,fold2_france,36,0.714422379416981,False,22,1e-05,1e-06,1e-05,1e-06,1.5426599439233541,0.1402418130839413,0.683624904602766,0.5840202365070581,2.811372324824333,1.1924201939255,0.031571364030241966,0.1957116313278675,0.10052945837378502,0.021192757412791252,4.907530735313162,3.5727799003820206,0.17157093478343288,1000,3.1404926623973166,2.8925757276945383,-2.6026985767515027,362
resnet_layer4,fold2_france,37,0.6744987622074697,False,23,1e-05,1e-06,1e-05,1e-06,1.5445294752717018,0.1404117704792456,0.680216221138835,0.5822224728763103,2.808036031201482,1.1932406108826399,0.03184359520673752,0.19628029875457287,0.1007544994354248,0.021167395636439323,4.900048467572261,3.5637348462371046,0.17409513813978872,1000,3.133892960856887,2.8848606394457295,-2.5875724454968854,362
resnet_layer4,fold2_france,38,0.6813344078502436,False,24,1e-05,1e-06,1e-05,1e-06,1.5468583889305592,0.1406234899027781,0.6783567368984222,0.5808592922985554,2.8071413300931454,1.1969117894768715,0.031477879732847214,0.19574749283492565,0.10039437003433704,0.021099494770169258,4.885522474882424,3.554147717556654,0.1789846022451108,1000,3.1404290747856405,2.8913085657213973,-2.602552685833437,362
resnet_layer4,fold2_france,39,0.6935390124375793,False,25,1e-05,1e-06,1e-05,1e-06,1.5320007521659136,0.13927279565144668,0.6928851548582315,0.5855122581124306,2.8114568945020437,1.182065585628152,0.03181855566799641,0.19559870660305023,0.10027852281928062,0.021005695685744286,4.8778582613997035,3.549498126410594,0.18155853436826164,1000,3.136591713709359,2.885972128436959,-2.5937539841186417,362
resnet_layer4,fold3_italy,1,0.7999187583182681,True,0,1e-05,1e-06,1e-05,1e-06,1.9401712995022535,0.14924394611555797,0.6818118710070848,0.46333945356309414,3.0861637573689222,1.523692760616541,0.03550865687429905,0.22244222462177277,0.13147419318556786,0.025506431236863136,4.970230908342301,3.4852779554654627,-0.04062895283452472,1000,5.66559471910225,4.39881643309754,-0.7509890965495138,286
resnet_layer4,fold3_italy,2,0.7931698309747797,False,1,1e-05,1e-06,1e-05,1e-06,1.7140134125947952,0.13184718558421502,0.6633860804140568,0.4626781530678272,2.8410259261727333,1.3156839702278376,0.03556003235280514,0.22061438858509064,0.11636855266988277,0.024426031857728958,5.011001402964858,3.5078311503116293,-0.05777140386137991,1000,5.747000622395616,4.501510256595674,-0.8016686466509215,286
resnet_layer4,fold3_italy,3,0.778367225793268,False,2,1e-05,1e-06,1e-05,1e-06,1.717030756175518,0.1320792889365783,0.653341718018055,0.4597792010754347,2.8310862947255373,1.3177349604666233,0.03567109256982803,0.2207342777401209,0.1163070909678936,0.025166956707835197,5.040518815152963,3.5276302233192744,-0.07026975735614416,1000,5.792499680266938,4.580503472966894,-0.8303092286813545,286
resnet_layer4,fold3_italy,4,0.792136383454515,False,3,1e-05,1e-06,1e-05,1e-06,1.7403260543942451,0.13387123495340347,0.6563464216887951,0.4631987437605858,2.860814370214939,1.337622882798314,0.03617001883685589,0.22097798995673656,0.11726508475840092,0.026750920340418816,5.0455206966121935,3.516803605926281,-0.07239494280456049,1000,5.801918641210286,4.620291730073606,-0.836266459039877,286
resnet_layer4,fold3_italy,5,0.7865531296111806,False,4,1e-05,1e-06,1e-05,1e-06,1.7289857305586338,0.13299890235066414,0.7109324261546135,0.46962279081344604,2.9104938376694918,1.3304078709334135,0.0355040617287159,0.22051152028143406,0.11660618148744106,0.02458856999874115,5.034897624077268,3.488643411531609,-0.06788395684692494,1000,5.81301470593209,4.642192028553953,-0.8432968282898132,286
resnet_layer4,fold3_italy,6,0.7466342411696222,False,5,1e-05,1e-06,1e-05,1e-06,1.7226750515401363,0.1325134655030874,0.6623389963060617,0.464152455329895,2.8501024655997753,1.3244325015693903,0.03547520004212856,0.22046886943280697,0.11640925891697407,0.024554386734962463,5.027361648630796,3.4707588123059296,-0.06468964176775382,1000,5.825349422380621,4.6577524972387625,-0.8511277619283499,286
resnet_layer4,fold3_italy,7,0.7538195539347168,False,6,1e-05,1e-06,1e-05,1e-06,1.717550003901124,0.13211923106931722,0.6638966482132673,0.46294501423835754,2.8453220389783382,1.318938547745347,0.0355182159692049,0.2207157500088215,0.11663885600864887,0.024384159594774246,4.993561553476307,3.4463379479848593,-0.05042146667920466,1000,5.7771436841289505,4.6142960705470895,-0.8206177421014911,286
resnet_layer4,fold3_italy,8,0.7989316741064363,False,7,1e-05,1e-06,1e-05,1e-06,1.7217391319572926,0.1324414716890225,0.6622946076095104,0.4623405020684004,2.8473101910203695,1.3225905764847994,0.03559833951294422,0.2209862507879734,0.11671191453933716,0.024463705718517303,4.959730690497344,3.422836861954462,-0.03623668665140056,1000,5.73250767514706,4.569713322905727,-0.7925931075908821,286
resnet_layer4,fold3_italy,9,0.7704069358087473,False,8,1e-05,1e-06,1e-05,1e-06,1.8172013517469168,0.13978471936514744,0.7012077420949936,0.4776271693408489,2.996980804949999,1.4112850595265627,0.035904500633478165,0.22193643637001514,0.11781098321080208,0.028535645455121994,4.932966758995742,3.4000758728209686,-0.025083283252057997,1000,5.700801779383901,4.5335745267568335,-0.7728186573504097,286
resnet_layer4,fold3_italy,10,0.7927999148319866,False,9,1e-05,1e-06,1e-05,1e-06,1.8503355998545885,0.14233350768112218,0.6962445769459009,0.47670880891382694,3.024312697350979,1.442516852170229,0.035510893911123276,0.22221343033015728,0.11821246892213821,0.02992781065404415,4.918476726965694,3.3834756586366637,-0.019069995464255918,1000,5.6972416663214425,4.527081255421309,-0.770605121648283,286
resnet_layer4,fold3_italy,11,0.7241909116009233,False,10,1e-05,1e-06,1e-05,1e-06,1.8361775875091553,0.14124442980839655,0.6955358870327473,0.4769230615347624,3.0096676759421825,1.4283961467444897,0.03602137230336666,0.22306698560714722,0.11773612350225449,0.029113223776221275,4.893267456596287,3.369126821028499,-0.008650438196616594,1000,5.669617855470331,4.497835343719415,-0.7534767326762197,286
resnet_layer4,fold3_italy,12,0.7599290587935735,True,0,1e-05,1e-06,1e-05,1e-06,1.8424265086650848,0.14172511605116037,0.6956914458423853,0.47777989506721497,3.0169360786676407,1.4346084911376238,0.03584919311106205,0.22210639528930187,0.11831456236541271,0.029762711375951767,4.8835170067793845,3.3541800769661103,-0.004634717807267652,1000,5.651520614705942,4.48368282586986,-0.742300513783456,286
resnet_layer4,fold3_italy,13,0.7863277438669364,True,0,1e-05,1e-06,1e-05,1e-06,1.84285381808877,0.14175798600682846,0.7238664980977774,0.4774400219321251,3.045241640880704,1.4344323128461838,0.036039071157574654,0.22223205491900444,0.11830490082502365,0.029995489865541458,4.85936772514596,3.338331546629742,0.005276671935551258,1000,5.626902535890098,4.458094612767564,-0.727154617624445,286
resnet_layer4,fold3_italy,14,0.6959177598414586,True,0,1e-05,1e-06,1e-05,1e-06,1.8638285603374243,0.14337142771826342,0.7172834910452366,0.4761671517044306,3.0583281330764294,1.4558596797287464,0.03587663173675537,0.22229855507612228,0.11830508336424828,0.02963697537779808,4.850006430774795,3.3322115347519485,0.009105535688349375,1000,5.60184848239218,4.4355919170437,-0.7118083811873883,286
resnet_layer4,fold3_italy,15,0.7339382879388194,True,0,1e-05,1e-06,1e-05,1e-06,1.8458866495639086,0.1419912807356853,0.7016846425831318,0.46828995272517204,3.0169519688934088,1.4373840522021055,0.03589649870991707,0.22268014028668404,0.11813705414533615,0.029932141304016113,4.822381636586747,3.3112655106021505,0.020361314159398125,1000,5.571472339530122,4.405081293977098,-0.6932940798449345,286
resnet_layer4,fold3_italy,16,0.7393941818061016,False,1,1e-05,1e-06,1e-05,1e-06,1.7998566087335348,0.13845050836411807,0.9416588712483644,0.6651619020849466,3.407631954178214,1.3953809924423695,0.03599323518574238,0.22211019322276115,0.11794521473348141,0.02683900110423565,4.809124973999916,3.2973330214233783,0.025739938377038585,1000,5.573040854520148,4.404325347172908,-0.6942476270746556,286
resnet_layer4,fold3_italy,17,0.7224305564387007,True,0,1e-05,1e-06,1e-05,1e-06,2.696684282273054,0.20743725248254263,0.6955441255122423,0.4989970475435257,3.8922637067735195,2.2861339636147022,0.03704502619802952,0.22317209467291832,0.1186454351991415,0.029860328882932663,4.784209978009337,3.2764522771007525,0.035808633786085564,1000,5.5321249035420115,4.367958786844795,-0.6694614169316591,286
resnet_layer4,fold3_italy,18,0.7403977376352685,True,0,1e-05,1e-06,1e-05,1e-06,1.7836675103753805,0.1372051931057985,0.6932294238358736,0.46868337132036686,2.94665733166039,1.3757763374596834,0.036460522562265396,0.22204609960317612,0.11818499863147736,0.029378116130828857,4.770356539241016,3.2653175359812625,0.04138448724074295,1000,5.5103005479273195,4.349523346618682,-0.656315274355876,286
resnet_layer4,fold3_italy,19,0.7432901924320607,True,0,1e-05,1e-06,1e-05,1e-06,1.7889801673591137,0.13761385902762413,0.6964401081204414,0.46844421327114105,2.954893860965967,1.387632928788662,0.036771805956959724,0.2224194649606943,0.11112801730632782,0.029205244034528732,4.766169249544463,3.25756684682348,0.04306664208008837,1000,5.5088147902754425,4.346395577336285,-0.6554222009911761,286
resnet_layer4,fold3_italy,20,0.7479186859149223,True,0,1e-05,1e-06,1e-05,1e-06,1.7798432186245918,0.1369110168172763,0.6929076053202152,0.4680252932012081,2.9417808763682842,1.3815250899642706,0.03605420142412186,0.22182806581258774,0.10983020067214966,0.028818320482969284,4.7438909525016415,3.243847877246334,0.05199163807131857,1000,5.478435226523869,4.318304401309548,-0.6372141704691605,286
resnet_layer4,fold3_italy,21,0.7159552099769014,True,0,1e-05,1e-06,1e-05,1e-06,1.775041863322258,0.13654168179401985,0.6915866546332836,0.467852583155036,2.935508619993925,1.3756873197853565,0.03602721728384495,0.2224761564284563,0.11027917079627514,0.028809206560254097,4.724781775430268,3.2373041330432706,0.05961372441275037,1000,5.42992511183383,4.273991881818866,-0.608348329835934,286
resnet_layer4,fold3_italy,22,0.6970052892038544,False,1,1e-05,1e-06,1e-05,1e-06,1.7724403999745846,0.13634156922881419,0.6947605162858963,0.46896237321197987,2.937181942164898,1.3740945551544428,0.036179110407829285,0.22184406593441963,0.10984053462743759,0.02869480289518833,4.715287466935393,3.2243231560179484,0.06338928368068286,1000,5.435874767283922,4.277566354984773,-0.6118748465840678,286
resnet_layer4,fold3_italy,23,0.7521589634813302,True,0,1e-05,1e-06,1e-05,1e-06,1.7710680980235338,0.13623600754027182,0.6940403468906879,0.4688299931585789,2.9349213503301144,1.3721486013382673,0.036365754902362823,0.22187266685068607,0.11003576219081879,0.02884424477815628,4.706529217863376,3.214183030884632,0.06686540331876678,1000,5.429788485262211,4.269794136143597,-0.6082673930461311,286
resnet_layer4,fold3_italy,24,0.6758798009623918,True,0,1e-05,1e-06,1e-05,1e-06,1.7596762347966433,0.13535971036897257,0.6959266774356365,0.46962830424308777,2.926251348108053,1.3614840619266033,0.035918429493904114,0.22180148772895336,0.10996718518435955,0.0287250354886055,4.688860843219987,3.2040018002992805,0.07385825292293269,1000,5.410923303549655,4.251738228163731,-0.5971113232245258,286
resnet_layer4,fold3_italy,25,0.7437969550241708,True,0,1e-05,1e-06,1e-05,1e-06,1.772005120292306,0.13630808617633122,0.6973915304988623,0.47137799486517906,2.9418064262717962,1.3739859126508236,0.035858917981386185,0.22195891104638577,0.10969880223274231,0.028718534857034683,4.679102590162938,3.188276840571818,0.07770913337522112,1000,5.397600952438141,4.242373702974855,-0.5892564404263738,286
resnet_layer4,fold3_italy,26,0.7231911231831807,True,0,1e-05,1e-06,1e-05,1e-06,1.80418879725039,0.1387837536346454,0.7449279520660639,0.4816072378307581,3.0317473467439413,1.4028270319104195,0.036336129531264305,0.22301330976188183,0.11071979440748692,0.029421331360936165,4.664027198167368,3.186533096079102,0.08364253530816856,1000,5.345988867095897,4.192703781473462,-0.5590086776562024,286
resnet_layer4,fold3_italy,27,0.7212770634805437,False,1,1e-05,1e-06,1e-05,1e-06,2.009719466790557,0.15459380513773516,0.8231668993830681,0.5218012034893036,3.355746230110526,1.604135900735855,0.03596126846969128,0.22468717023730278,0.11194190569221973,0.031111782416701317,4.651028947682969,3.174813525591278,0.08874304000788269,1000,5.353680122378803,4.19891598315025,-0.5634977851121068,286
resnet_layer4,fold3_italy,28,0.7291037763190361,True,0,1e-05,1e-06,1e-05,1e-06,1.8368301820009947,0.1412946293846919,0.7207285948097706,0.4770374819636345,3.0355791430920362,1.4372073095291853,0.03612826392054558,0.22213714569807053,0.11021241545677185,0.029369644820690155,4.625683863471807,3.1694011535839444,0.09864749593376554,1000,5.3014836577671804,4.146865851626892,-0.5331593168396829,286
resnet_layer4,fold3_italy,29,0.6879242331899024,False,1,1e-05,1e-06,1e-05,1e-06,1.8381765354424715,0.14139819503403628,0.7083234619349241,0.47285154834389687,3.0204000771045685,1.4388164673000574,0.035846516489982605,0.22238015942275524,0.10991212166845798,0.029436660930514336,4.626736516876582,3.1607319670550114,0.09823721292719523,1000,5.3182882872194,4.163993311250124,-0.5428943304636282,286
resnet_layer4,fold3_italy,30,0.7102811740512872,False,2,1e-05,1e-06,1e-05,1e-06,1.7843740340322256,0.13725954107940197,0.7095808032900095,0.472333699464798,2.967283697798848,1.385852288454771,0.035886310040950775,0.22172508016228676,0.11011305451393127,0.029044410213828087,4.623413027984813,3.149934328083518,0.09953226060893372,1000,5.329855070370549,4.173957837536012,-0.5496129324760151,286
resnet_layer4,fold3_italy,31,0.7075247990304606,True,0,1e-05,1e-06,1e-05,1e-06,1.7862539980560541,0.13740415369661954,0.713609017431736,0.47192138619720936,2.9727665837854147,1.3878133688122034,0.035917507484555244,0.22182862646877766,0.109837481752038,0.029103200882673264,4.599941770057569,3.1407297796514966,0.10865169817495546,1000,5.281809504073506,4.130235685462143,-0.5218011218858587,286
resnet_layer4,fold3_italy,32,0.7047207624829627,False,1,1e-05,1e-06,1e-05,1e-06,1.7917591724544764,0.13782762865034434,0.685748877003789,0.4736834801733494,2.952212020754814,1.3934468626976013,0.035684313625097275,0.22178206779062748,0.1100950539112091,0.028927724808454514,4.58756452449106,3.1193401119162063,0.1134420171225895,1000,5.290456838394807,4.136207291305925,-0.5267881610404697,286
resnet_layer4,fold3_italy,33,0.6955365794920034,True,0,1e-05,1e-06,1e-05,1e-06,1.795291107147932,0.13809931593445632,0.7067111097276211,0.4749623518437147,2.977948861196637,1.3964392021298409,0.03556586429476738,0.22202013991773129,0.11007842049002647,0.029420264065265656,4.576661207977121,3.116781887815233,0.11765119395099377,1000,5.250400951538682,4.094369329182698,-0.5037559973546013,286
resnet_layer4,fold3_italy,34,0.7184315059090151,True,0,1e-05,1e-06,1e-05,1e-06,1.8239209987223148,0.14030161528633192,0.7100417539477348,0.47334985062479973,3.0083336029201746,1.4248219802975655,0.03591220639646053,0.22196659073233604,0.11019529588520527,0.029197150841355324,4.566063059575718,3.104401223360003,0.121732962659589,1000,5.247150884676832,4.0927815448001805,-0.5018948842979942,286
resnet_layer4,fold3_italy,35,0.6600606593761272,True,0,1e-05,1e-06,1e-05,1e-06,1.803119046613574,0.13870146512412107,0.7072905022650957,0.47156238555908203,2.9830078054219484,1.404018022119999,0.03568568639457226,0.22257194109261036,0.11015243269503117,0.02889733947813511,4.56364492324854,3.0988809719925112,0.12266295729080334,1000,5.240574318363667,4.085308823981345,-0.49813241525220064,286
resnet_layer4,fold3_italy,36,0.7125065957933703,True,0,1e-05,1e-06,1e-05,1e-06,1.7998320832848549,0.13844862179114267,0.7065849900245667,0.4716579169034958,2.979063032194972,1.4017142038792372,0.035536233335733414,0.2219036091119051,0.11004372127354145,0.02881489135324955,4.545112809529187,3.0966208498198577,0.12977389511058468,1000,5.189620033263343,4.040030234344522,-0.46914125836232623,286
resnet_layer4,fold3_italy,37,0.7105131195200576,True,0,1e-05,1e-06,1e-05,1e-06,1.7902012914419174,0.13770779164937827,0.714430658146739,0.4728055391460657,2.978447211906314,1.3905345369130373,0.035805974155664444,0.22287430241703987,0.11026929877698421,0.028941955417394638,4.536729755813081,3.0881848508289176,0.13298104303421032,1000,5.186935800100382,4.033763204216708,-0.46762188013949024,286
resnet_layer4,fold3_italy,38,0.6850196827819932,False,1,1e-05,1e-06,1e-05,1e-06,1.8680128287523985,0.14369329451941526,0.7550124954432249,0.48371120169758797,3.107769176363945,1.4558559451252222,0.03604220785200596,0.22452302649617195,0.1185784712433815,0.030429629608988762,4.5355363000192215,3.079863655140918,0.13343714809228358,1000,5.198201267061809,4.050206248860826,-0.4740038369918296,286
resnet_layer4,fold3_italy,39,0.7269840079033328,True,0,1e-05,1e-06,1e-05,1e-06,1.793730827048421,0.13797929438834006,0.6744089033454657,0.46983071602880955,2.9389306865632534,1.3852886240929365,0.03628740645945072,0.22190201468765736,0.11986623890697956,0.028675969690084457,4.524633711886869,3.0785986318174228,0.1375982535880883,1000,5.179198892371816,4.034714220183423,-0.46324689383847595,286
resnet_layer4,fold3_italy,40,0.6528192466658101,True,0,1e-05,1e-06,1e-05,1e-06,2.173983670771122,0.16722951313624015,0.7807789426296949,0.5229353252798319,3.4787064623087645,1.7659722659736872,0.036164168268442154,0.22206207923591137,0.11914020031690598,0.02897891402244568,4.508091519831797,3.069539672331982,0.14389265783898852,1000,5.147940413952468,4.004151506658129,-0.4456376664397539,286
resnet_layer4,fold3_italy,41,0.6700174325696923,True,0,1e-05,1e-06,1e-05,1e-06,1.8677770290523767,0.14367515608095205,0.6892524603754282,0.470730347558856,3.0287549290806055,1.4567636661231518,0.03647306375205517,0.221965990960598,0.12128248997032642,0.029474234208464622,4.5002243104242465,3.0654535080034155,0.14687808917957834,1000,5.1284479800461495,3.9839755850135825,-0.4347107150059264,286
resnet_layer4,fold3_italy,42,0.693002083717782,False,1,1e-05,1e-06,1e-05,1e-06,1.7650448735803366,0.13577268258310282,0.6924353558570147,0.4675907529890537,2.9260617438703775,1.3550530709326267,0.036350423470139503,0.2221024576574564,0.12089834362268448,0.028969231992959976,4.497558473695206,3.0564164340223368,0.14788853219256537,1000,5.14334871311347,3.9961130240003193,-0.44305994610814237,286
resnet_layer4,fold3_italy,43,0.6456665483151535,False,2,1e-05,1e-06,1e-05,1e-06,1.7700638622045517,0.13615875863111937,0.6987193413078785,0.47047371603548527,2.9402342196553946,1.3601041715592146,0.03644651174545288,0.2218779120594263,0.12062053754925728,0.029339490458369255,4.490960657868916,3.0504329162908737,0.15038675465405849,1000,5.149081880585437,4.002153995668778,-0.44627882774803496,286
resnet_layer4,fold3_italy,44,0.6670701962839501,True,0,1e-05,1e-06,1e-05,1e-06,1.7678949777036905,0.13599192136182234,0.7319822702556849,0.5143744964152575,3.01520137488842,1.3590010795742273,0.03626835159957409,0.22171611711382866,0.12022818997502327,0.029032669961452484,4.471127880214182,3.037936014006991,0.1578742324312813,1000,5.120227171692233,3.976253703243714,-0.4301147714737492,286
resnet_layer4,fold3_italy,45,0.657236569041006,True,0,1e-05,1e-06,1e-05,1e-06,2.1081031002104282,0.1621617769392637,0.6749069765210152,0.481131698936224,3.265166101977229,1.6974395588040352,0.03627679497003555,0.22214138321578503,0.12100037559866905,0.029527775943279266,4.471243633189571,3.0458158538216256,0.15783062829931693,1000,5.106954065447868,3.9642377162497873,-0.4227098415077535,286
resnet_layer4,fold3_italy,46,0.6687758249710093,True,0,1e-05,1e-06,1e-05,1e-06,1.751146899536252,0.13470360765663478,0.6864121183753014,0.46725351363420486,2.905815452337265,1.3420449811965227,0.03644636459648609,0.22190325520932674,0.12028195708990097,0.028833014890551567,4.458422798522538,3.0405922886146644,0.16265337340672492,1000,5.079411610618795,3.938163239105968,-0.40740551082327836,286
resnet_layer4,fold3_italy,47,0.6861924522954478,True,0,1e-05,1e-06,1e-05,1e-06,1.754206232726574,0.13493894097896722,0.7613543421030045,0.5119175426661968,3.0284581687301397,1.3450600113719702,0.036294592544436455,0.22174928337335587,0.1206157673150301,0.028835097327828407,4.446233743922628,3.0325727008974317,0.16722562340997216,1000,5.061022001616416,3.919848937286796,-0.397233157086361,286
resnet_layer4,fold3_italy,48,0.6748498298696437,True,0,1e-05,1e-06,1e-05,1e-06,2.0510201547294855,0.15777078113303736,0.691252114251256,0.4751019421964884,3.2184793408960104,1.6403179727494717,0.036382045596838,0.22204698622226715,0.1217432226985693,0.02893400937318802,4.441152251977996,3.0246019773521815,0.16912805065779712,1000,5.05969618583767,3.923312110292543,-0.39650119776151627,286
resnet_layer4,fold3_italy,49,0.6618079866004082,False,1,1e-05,1e-06,1e-05,1e-06,1.8577145282179117,0.14290111755522397,0.6741422340273857,0.46780430525541306,3.0006482303142548,1.4379634521901608,0.03615996800363064,0.22254162654280663,0.12893042527139187,0.030414173379540443,4.445418808264812,3.0202945447189267,0.16753086842362697,1000,5.0805147067157135,3.939139336021725,-0.40801686986382646,286
resnet_layer4,fold3_italy,50,0.6972233864248029,True,0,1e-05,1e-06,1e-05,1e-06,1.7597761787474155,0.1353673983651858,0.6823935639113188,0.46938267536461353,2.9125267192721367,1.352227322757244,0.03578989952802658,0.22155622765421867,0.12010256759822369,0.028532328084111214,4.4259468124405235,3.0119968254993186,0.17480772339574213,1000,5.047794512183527,3.9124553919410174,-0.38993908301167957,286
resnet_layer4,fold3_italy,51,0.6955586837865269,False,1,1e-05,1e-06,1e-05,1e-06,1.7611654810607433,0.13547426777390334,0.6926351543515921,0.46762840263545513,2.922410350292921,1.3538893181830645,0.03580230660736561,0.2218105886131525,0.11968951299786568,0.028412936255335808,4.418499084742889,3.00256251092776,0.17758255858003058,1000,5.048151117076006,3.9095121147193748,-0.39013547634113865,286
resnet_layer4,fold3_italy,52,0.6963227044633172,True,0,1e-05,1e-06,1e-05,1e-06,1.7633640337735415,0.13564338721334934,0.6936620268970728,0.467889042571187,2.92586113512516,1.3569365218281746,0.03573526628315449,0.22160725109279156,0.11923390068113804,0.028287185356020927,4.415529492290107,2.9990749103402323,0.17868765055188418,1000,5.04551598460991,3.910532669688399,-0.38868455502399213,286
resnet_layer4,fold3_italy,53,0.6562031561817223,False,1,1e-05,1e-06,1e-05,1e-06,1.7711908034980297,0.13624544642292535,0.6947100069373846,0.4674732834100723,2.934356514364481,1.3630243930965662,0.03586358018219471,0.22187672555446625,0.12026949413120747,0.028584757819771767,4.415715794792339,2.994352390870153,0.1786183425451865,1000,5.0680650495656705,3.9254069204409596,-0.4011247139535068,286
resnet_layer4,fold3_italy,54,0.673253879161487,True,0,1e-05,1e-06,1e-05,1e-06,1.7675466891378164,0.13596512993367818,0.6781334783881903,0.4695583451539278,2.9162054136395454,1.3597310557961464,0.035916196182370186,0.2215785514563322,0.12016340903937817,0.028578046709299088,4.4010161790253655,2.9857570211420583,0.18407788685082216,1000,5.034104822732529,3.8971250941709963,-0.3824102375011884,286
resnet_layer4,fold3_italy,55,0.6861773225095061,True,0,1e-05,1e-06,1e-05,1e-06,1.7847442775964737,0.1372880213535749,0.6788542903959751,0.47373812086880207,2.9383070785552263,1.3752682842314243,0.036055345088243484,0.22227075323462486,0.1207362599670887,0.028762375935912132,4.397552018688903,2.985431284060085,0.1853618506015594,1000,5.027487767758543,3.8912492237945804,-0.3787784209513039,286
resnet_layer4,fold3_italy,56,0.6872390719066076,True,0,1e-05,1e-06,1e-05,1e-06,1.7684203088283539,0.1360323314483349,0.6971838586032391,0.4677158538252115,2.934322254732251,1.360559806227684,0.035966068506240845,0.2216116338968277,0.12014662846922874,0.028547042980790138,4.382389586486604,2.9905812840535204,0.19096978949506938,1000,4.986945533548804,3.8505812434319058,-0.3566308302412815,286
resnet_layer4,fold3_italy,57,0.6819189050843382,False,1,1e-05,1e-06,1e-05,1e-06,1.751688839867711,0.1347452953744393,0.7048408705741167,0.4912429694086313,2.948784401640296,1.3431945908814669,0.03599315322935581,0.22186697088181973,0.12047391198575497,0.028566142544150352,4.383169066747307,2.9781632285961637,0.19068196516986446,1000,5.014943347087706,3.8793725592057515,-0.37190644069043155,286
resnet_layer4,fold3_italy,58,0.6492252556059571,False,2,1e-05,1e-06,1e-05,1e-06,2.06118293851614,0.15855253373201078,0.6930594556033611,0.5026669930666685,3.2579033579677343,1.6525210831314325,0.03572620637714863,0.22212103568017483,0.1205276157706976,0.02869117446243763,4.396433438244653,2.975700411070347,0.18577622769404967,1000,5.042735993371023,3.9072605573991863,-0.3871546947021749,286
resnet_layer4,fold3_italy,59,0.6742171952752002,False,3,1e-05,1e-06,1e-05,1e-06,1.7707123532891273,0.13620864256070211,0.681023932993412,0.47093362733721733,2.9236564952880144,1.3618265725672245,0.03591395542025566,0.22236520051956177,0.12039837427437305,0.028646208345890045,4.378719054278636,2.9669928793893177,0.19232445127630726,1000,5.007919409476698,3.875678003972066,-0.3680661432621606,286
resnet_layer4,fold3_italy,60,0.6394694847304646,True,0,1e-05,1e-06,1e-05,1e-06,1.8013663161545992,0.13856663970419994,0.7150503322482109,0.470794677734375,2.9881599359214306,1.3820785768330097,0.035936785861849785,0.22339951060712337,0.1282783579081297,0.029600264504551888,4.365764532387545,2.9677743665414487,0.19709642814091577,1000,4.978205617811749,3.851139720248187,-0.351879846233748,286
resnet_layer4,fold3_italy,61,0.6594103163870981,False,1,1e-05,1e-06,1e-05,1e-06,1.7770772594958544,0.13669825073045033,0.693341476842761,0.46793031319975853,2.9394004121422768,1.3692188449203968,0.03586066514253616,0.2217139545828104,0.11982955038547516,0.028870413079857826,4.37503479297664,2.9690116443548784,0.193683038505863,1000,4.998037284226788,3.865914332679056,-0.36267226170799294,286
resnet_layer4,fold3_italy,62,0.6362895364173723,False,2,1e-05,1e-06,1e-05,1e-06,1.7727452050894499,0.13636501577611154,0.6912767849862576,0.4694039560854435,2.9344056379050016,1.3646931108087301,0.03595061041414738,0.22161463648080826,0.12012350559234619,0.028757575899362564,4.387285907779068,2.9620115650250427,0.1891609659403246,1000,5.0359866950142855,3.900557662000644,-0.38344398862700113,286
resnet_layer4,fold3_italy,63,0.6241747004688933,False,3,1e-05,1e-06,1e-05,1e-06,1.7786691635847092,0.13682070489113146,0.7051530200988054,0.4704076573252678,2.9552355501800776,1.3708318620920181,0.03566708043217659,0.22187353484332561,0.12004252709448338,0.028671320527791977,4.375095804305842,2.959031165257514,0.19366054962752333,1000,5.008056717524298,3.876592184377105,-0.3681411640645986,286
resnet_layer4,fold3_italy,64,0.6587466493497611,False,4,1e-05,1e-06,1e-05,1e-06,1.7783772014081478,0.13679824626216522,0.6971121411770582,0.4693359173834324,2.9457915108650923,1.36863337084651,0.03591061010956764,0.2216484174132347,0.12169442139565945,0.028900403529405594,4.374685486328607,2.9574696819193234,0.19381178748489103,1000,4.9974818635808695,3.8708748393175494,-0.36236941712686455,286
resnet_layer4,fold3_italy,65,0.646994236727581,False,5,1e-05,1e-06,1e-05,1e-06,1.769079903140664,0.13608306947235876,0.6988538932055235,0.4692206662148237,2.9381341822445393,1.3607140332460403,0.035812247544527054,0.22217246145009995,0.12011727318167686,0.028703361749649048,4.385157368997791,2.955497283009394,0.18994754958024807,1000,5.027983814938955,3.90028624930286,-0.37905051425946756,286
resnet_layer4,fold3_italy,66,0.6389743889250407,True,0,1e-05,1e-06,1e-05,1e-06,1.76600749976933,0.13584673075148693,0.6578683760017157,0.4590277746319771,2.8838983215391636,1.3580508809536695,0.03591406159102917,0.22182097844779491,0.11983157694339752,0.02880832925438881,4.352971674313225,2.9477449671414373,0.20179497857579343,1000,4.976693667863541,3.847627615359414,-0.3510588016933269,286
resnet_layer4,fold3_italy,67,0.6324565752632964,True,0,1e-05,1e-06,1e-05,1e-06,1.7194222155958414,0.13226324735352626,0.6729040630161762,0.46174686774611473,2.8551146388053894,1.3119888417422771,0.03613422252237797,0.22180936485528946,0.11944862082600594,0.028467576950788498,4.35257052006516,2.9509137147653144,0.20194209121733242,1000,4.964628021821751,3.838717251679957,-0.34451564771593657,286
resnet_layer4,fold3_italy,68,0.6522717590662573,True,0,1e-05,1e-06,1e-05,1e-06,1.7351138535887003,0.13347029642990002,0.6675672382116318,0.472531670704484,2.876271791756153,1.3238594979047775,0.036330441012978554,0.22179810516536236,0.12205575592815876,0.029352081939578056,4.337132283303476,2.9460008148685666,0.207593352585988,1000,4.939047932775065,3.810161571211115,-0.3306961930226828,286
resnet_layer4,fold3_italy,69,0.6254721293859519,True,0,1e-05,1e-06,1e-05,1e-06,1.7129253298044205,0.13176348690803236,0.6745168063789606,0.462931739166379,2.851405084133148,1.3041885923594236,0.03651591017842293,0.22183928824961185,0.11998757719993591,0.028790254145860672,4.327604742858077,2.947078629157463,0.21107094725031106,1000,4.926124414747757,3.7963387978366785,-0.3237415016458851,286
resnet_layer4,fold3_italy,70,0.6742143226985907,False,1,1e-05,1e-06,1e-05,1e-06,1.7411134000867605,0.13393180000667387,0.6682873293757439,0.46577313356101513,2.8761874828487635,1.3303588833659887,0.03609061986207962,0.2215769924223423,0.12239540740847588,0.029120370745658875,4.347906336825475,2.935224202579877,0.2036515610198799,1000,4.969635935217446,3.837983127772794,-0.347229492078458,286
resnet_layer4,fold3_italy,71,0.6492264074905846,False,2,1e-05,1e-06,1e-05,1e-06,1.758544098585844,0.13527262296814185,0.670072490349412,0.48633805476129055,2.9159105475991964,1.3488888908177614,0.03580360300838947,0.22244476713240147,0.12109438143670559,0.028755424544215202,4.3245752056319295,2.928246161782995,0.21217513928517384,1000,4.932110758659503,3.80489644139876,-0.3269607410131432,286
resnet_layer4,fold3_italy,72,0.6391690822559695,False,3,1e-05,1e-06,1e-05,1e-06,1.7989378664642572,0.13837983588186595,0.6679101791232824,0.46755436435341835,2.935468729585409,1.3882125671952963,0.03571699932217598,0.221737215295434,0.12252592667937279,0.02916554920375347,4.32974962493193,2.92447124183045,0.21028872279857014,1000,4.94855898064798,3.82373888834393,-0.33582612956241653,286
resnet_layer4,fold3_italy,73,0.6435009208968118,False,4,1e-05,1e-06,1e-05,1e-06,1.76370950601995,0.1356699620015346,0.6682686880230904,0.46615683287382126,2.899109760299325,1.3555817287415266,0.035780081525444984,0.22179962508380413,0.12023011595010757,0.028739245608448982,4.32353953114551,2.9162869257839827,0.21255243988343675,1000,4.948870365679217,3.821311211332907,-0.33599424692733204,286
resnet_layer4,fold3_italy,74,0.625280889375219,False,5,1e-05,1e-06,1e-05,1e-06,1.7659422177821398,0.1358417090601646,0.6790546718984842,0.46445905044674873,2.9104171209037304,1.3582215048372746,0.035855548456311226,0.22171198017895222,0.11993196234107018,0.02865348570048809,4.320732516222985,2.921242942978156,0.21357459291495529,1000,4.940728559669281,3.811363032345268,-0.33160194827547373,286
resnet_layer4,fold3_italy,75,0.641207191466673,True,0,1e-05,1e-06,1e-05,1e-06,1.7663064692169428,0.1358697284013033,0.6671503875404596,0.4664939232170582,2.9009077306836843,1.358460070565343,0.0359381977468729,0.22175437025725842,0.11988652497529984,0.0287048127502203,4.300472021689098,2.9143296523763085,0.2209326095255194,1000,4.909270881539685,3.7803681959466036,-0.3146992786540892,286
resnet_layer4,fold3_italy,76,0.6687927262161755,False,1,1e-05,1e-06,1e-05,1e-06,1.7706625238060951,0.13620480952354577,0.6898594740778208,0.46597728319466114,2.9275140315294266,1.362501734867692,0.03591461107134819,0.221790948882699,0.12014763243496418,0.028739215806126595,4.300613681464723,2.909449566062811,0.22088128291352216,1000,4.911436095782494,3.7840253634529337,-0.315859220084844,286
resnet_layer4,fold3_italy,77,0.6478656210167876,False,2,1e-05,1e-06,1e-05,1e-06,1.7709199246019125,0.1362246095847625,0.686246071010828,0.46604700200259686,2.924174837768078,1.3628711123019457,0.036037592217326164,0.22176586091518402,0.12003474310040474,0.028650987893342972,4.317842232083012,2.9125559430519896,0.21462637412655483,1000,4.929474549398833,3.804604460719601,-0.32554260119959966,286
resnet_layer4,fold3_italy,78,0.6306661829562793,True,0,1e-05,1e-06,1e-05,1e-06,1.7742296680808067,0.13647920523698515,0.687422800809145,0.46631577238440514,2.928941374644637,1.3661714792251587,0.035997580736875534,0.2216864377260208,0.12006205134093761,0.0287536159157753,4.310442140563344,2.9164539074865408,0.21731607704613176,1000,4.905506736581863,3.786208648561565,-0.3126839808289956,286
resnet_layer4,fold3_italy,79,0.6232786818248469,True,0,1e-05,1e-06,1e-05,1e-06,1.7557283770292997,0.13505602900225383,0.6823870241641998,0.46520230174064636,2.904314475134015,1.3482022546231747,0.036032503470778465,0.2218660656362772,0.11961370334029198,0.028442392125725746,4.300505983930103,2.9092490044919743,0.22092030437444832,1000,4.898652157746678,3.7763410255335588,-0.309018056050828,286
resnet_layer4,fold3_italy,80,0.6362888192487773,True,0,1e-05,1e-06,1e-05,1e-06,1.7614534739404917,0.13549642107234552,0.6898023132234812,0.4671630319207907,2.9193916711956263,1.3529960829764605,0.0357599463313818,0.222275011241436,0.12040508352220058,0.028456278145313263,4.2961643225412045,2.9018820778449825,0.22249258113015902,1000,4.887802234847536,3.771371148416044,-0.3032258438902251,286
resnet_layer4,fold3_italy,81,0.6434212596333838,False,1,1e-05,1e-06,1e-05,1e-06,2.0307098664343357,0.15620845126417968,0.6551994942128658,0.46217310801148415,3.1490846388041973,1.61899071931839,0.03596010059118271,0.2224988378584385,0.12267353385686874,0.028970392420887947,4.291505493984136,2.8938928579503864,0.22417794950486458,1000,4.901384426386888,3.7786842319799736,-0.3104786971850162,286
resnet_layer4,fold3_italy,82,0.6241248719040329,True,0,1e-05,1e-06,1e-05,1e-06,1.7441562060266733,0.1341658620020518,0.6793782506138086,0.4652651008218527,2.889765100553632,1.3364741746336222,0.036601874977350235,0.22162956185638905,0.11975171603262424,0.028100701048970222,4.274783096575459,2.891355633039264,0.23021234839542137,1000,4.857422095425724,3.7384199649758663,-0.2870757877651493,286
resnet_layer4,fold3_italy,83,0.6161238277983757,False,1,1e-05,1e-06,1e-05,1e-06,1.8653379008173943,0.14348753083210725,0.6760013494640589,0.46324319019913673,3.005583070218563,1.4517640080302954,0.03603835590183735,0.22244819067418575,0.1240575946867466,0.02937215007841587,4.274429742650595,2.8854506685723074,0.23033960455779512,1000,4.859969800043123,3.740579276542078,-0.28842627730449233,286
resnet_layer4,fold3_italy,84,0.6410852492391221,True,0,1e-05,1e-06,1e-05,1e-06,1.7357870377600193,0.1335220798276938,0.6882470808923244,0.4655770529061556,2.890582300722599,1.3269843086600304,0.03620545193552971,0.22171303071081638,0.12055651284754276,0.028464676812291145,4.268658035920836,2.8878827485148393,0.23241672604178287,1000,4.853886540572148,3.735968156846211,-0.28520283092883747,286
resnet_layer4,fold3_italy,85,0.608533020579616,True,0,1e-05,1e-06,1e-05,1e-06,1.7743039708584547,0.13648492083526576,0.6938074789941311,0.4688924364745617,2.9380426853895187,1.364742150530219,0.03613893687725067,0.22175604104995728,0.12157068215310574,0.028586706146597862,4.250943570455771,2.8788471757425325,0.23877428083805574,1000,4.817611620473815,3.7051819851875005,-0.2660650027737017,286
resnet_layer4,fold3_italy,86,0.6341618006434458,False,1,1e-05,1e-06,1e-05,1e-06,1.7740352805703878,0.13646425235156828,0.6832609362900257,0.46604911237955093,2.9244278892874718,1.3659628126770258,0.03611057437956333,0.2217200193554163,0.12031680531799793,0.028389401733875275,4.2574114930203,2.8782069139381683,0.23645606862059199,1000,4.825321356258207,3.7098243892989045,-0.2701204716764183,286
resnet_layer4,fold3_italy,87,0.6315894253140696,False,2,1e-05,1e-06,1e-05,1e-06,1.771092265844345,0.13623786660341117,0.7398064006119967,0.4916563220322132,3.003522178158164,1.363028446212411,0.03573974780738354,0.2217488083988428,0.12065870501101017,0.02842314913868904,4.248046359423085,2.8715321673799763,0.23981154701885332,1000,4.818677641147825,3.702945589302212,-0.26662536375607604,286
resnet_layer4,fold3_italy,88,0.6065077992856732,True,0,1e-05,1e-06,1e-05,1e-06,2.087659912183881,0.1605892240141447,0.6901421248912811,0.49018602073192596,3.2689471058547497,1.6757089644670486,0.03614603355526924,0.22219132632017136,0.1228545792400837,0.02919689379632473,4.251367805297648,2.8769554011653935,0.23862233594322235,1000,4.815901586738884,3.699192806423821,-0.2651663709224874,286
resnet_layer4,fold3_italy,89,0.6111580673629115,False,1,1e-05,1e-06,1e-05,1e-06,1.776917902752757,0.13668599251944286,0.6784497406333685,0.4697935786098242,2.926205052062869,1.3681257031857967,0.03584774024784565,0.22183525934815407,0.12133397534489632,0.028248613700270653,4.245789707032589,2.868881890077284,0.24061898897901923,1000,4.8220540616581795,3.705608379006623,-0.2684010202708127,286
resnet_layer4,fold3_italy,90,0.6257258440930975,True,0,1e-05,1e-06,1e-05,1e-06,1.774427318945527,0.13649440914965594,0.6804252043366432,0.46917868591845036,2.924998391419649,1.3670482244342566,0.035835256800055504,0.2217661365866661,0.11997485719621181,0.0282755084335804,4.237176922549837,2.8645139635649164,0.24369674444949374,1000,4.799979698198699,3.6874592798844503,-0.25681464747749105,286
resnet_layer4,fold3_italy,91,0.632982003061395,True,0,1e-05,1e-06,1e-05,1e-06,1.773943230509758,0.1364571715776737,0.6765595991164446,0.4692112859338522,2.920767055824399,1.3655534964054823,0.035493889823555946,0.2224026471376419,0.12049286812543869,0.0284753255546093,4.215444051336193,2.8569721305711724,0.25143514623284013,1000,4.760473426811738,3.6538888719802896,-0.23621133962445207,286
resnet_layer4,fold3_italy,92,0.6220659275416079,False,1,1e-05,1e-06,1e-05,1e-06,1.7704345546662807,0.13618727343586776,0.6830024756491184,0.464486351236701,2.9189365934580564,1.360016468912363,0.035767050459980965,0.2222690973430872,0.12217691913247108,0.028631843626499176,4.230813832376816,2.855678614322128,0.24596656344555967,1000,4.791151172911973,3.679174508305652,-0.25219562139335827,286
resnet_layer4,fold3_italy,93,0.6232161954982596,False,2,1e-05,1e-06,1e-05,1e-06,1.7531146463006735,0.1348549727923595,0.6803129035979509,0.4646435026079416,2.8990326020866632,1.345171945169568,0.035902878269553185,0.221755838021636,0.12056314758956432,0.028212105855345726,4.22949286751569,2.858591520395459,0.24643734576653076,1000,4.770872501363033,3.6625047796254555,-0.24161815271004183,286
resnet_layer4,fold3_italy,94,0.6413068584667396,False,3,1e-05,1e-06,1e-05,1e-06,1.8575374223291874,0.1428874940253221,0.6904924735426903,0.46422921121120453,3.01323070935905,1.4410504661500454,0.03592114709317684,0.22264191508293152,0.1268156860023737,0.029414039105176926,4.223984785823758,2.8534816462667725,0.24839880169738537,1000,4.772915836780515,3.6629547577243553,-0.24268193533912363,286
resnet_layer4,fold3_italy,95,0.6180638204184056,False,4,1e-05,1e-06,1e-05,1e-06,1.7541956584900618,0.13493812757615858,0.6908552460372448,0.4658548813313246,2.911901855841279,1.3468370009213686,0.035743121057748795,0.22161205485463142,0.12040062621235847,0.028117578476667404,4.215921632260943,2.8515817500433323,0.2512655220879527,1000,4.764523814251233,3.6551191025247043,-0.238315863507494,286
resnet_layer4,fold3_italy,96,0.6246500978573908,False,5,1e-05,1e-06,1e-05,1e-06,1.7589542735368013,0.13530417488744625,0.6916004158556461,0.46816557459533215,2.91970450617373,1.351597161963582,0.035695457831025124,0.2214928511530161,0.12048346176743507,0.028168173506855965,4.229355143724256,2.859583752656362,0.2464864210667329,1000,4.778962247487445,3.666197171179522,-0.24583243071718197,286
resnet_layer4,fold3_italy,97,0.625267485445975,False,6,1e-05,1e-06,1e-05,1e-06,1.7628925181925297,0.13560711678404075,0.6953886598348618,0.46800272539258003,2.927233714610338,1.357570005580783,0.035732701420784,0.22178567945957184,0.11833484843373299,0.027958326041698456,4.221710202523599,2.860650011438476,0.2492080466748121,1000,4.7648808705004475,3.6550262213755635,-0.23850147071704408,286
resnet_layer4,fold3_italy,98,0.6173241019095934,False,7,1e-05,1e-06,1e-05,1e-06,1.7704682759940624,0.13618986738415864,0.6908917352557182,0.46855452470481396,2.930882979184389,1.3656266797333956,0.03557350113987923,0.22150416299700737,0.11843385174870491,0.0278396625071764,4.220564981125488,2.851634232319178,0.2496153254065765,1000,4.778922352111286,3.6697120192837334,-0.2458116300732689,286
resnet_layer4,fold3_italy,99,0.6047769935660552,True,0,1e-05,1e-06,1e-05,1e-06,1.7673292234539986,0.13594840180415374,0.6930617578327656,0.46757456474006176,2.9289313964545727,1.362370217218995,0.035621149465441704,0.22173866629600525,0.11822942085564137,0.02785794995725155,4.210123021428866,2.8465017820289242,0.2533237359182131,1000,4.758082312773688,3.6516826967968266,-0.23496979086842806,286
resnet_layer4,fold3_italy,100,0.6124592023269203,True,0,1e-05,1e-06,1e-05,1e-06,1.7572488710284233,0.1351729900791095,0.6707256138324738,0.4676994141191244,2.8966766614466906,1.3516530562192202,0.035779619589447975,0.22186731919646263,0.11852149479091167,0.02787446603178978,4.20918975479645,2.841533345431272,0.25365473375512615,1000,4.75356615338191,3.6493214116273944,-0.23262654702298047,286
resnet_layer4,fold3_italy,101,0.6298083343922097,True,0,1e-05,1e-06,1e-05,1e-06,1.7737233117222786,0.13644025474786758,0.6708287913352251,0.46764956414699554,2.9131498988717794,1.3685089461505413,0.03590303286910057,0.2214964870363474,0.11840544268488884,0.027905084192752838,4.205883150732161,2.842123649477472,0.25482688283628707,1000,4.726871419893805,3.6256325837094683,-0.21882122934697001,286
resnet_layer4,fold3_italy,102,0.6135862388567992,False,1,1e-05,1e-06,1e-05,1e-06,1.7683013547211885,0.1360231811323991,0.671029832214117,0.46779919415712357,2.9081110823899508,1.3632231168448925,0.03577204793691635,0.22158223949372768,0.11835309118032455,0.027869796380400658,4.199145762025216,2.8332899150041384,0.25721235080461735,1000,4.738805483631558,3.638433842007868,-0.22498338213011015,286
resnet_layer4,fold3_italy,103,0.5977699617366277,False,2,1e-05,1e-06,1e-05,1e-06,1.7655479703098536,0.1358113823315272,0.6791717316955328,0.4699368588626385,2.915597641840577,1.3602992333471775,0.03574155457317829,0.22174748592078686,0.11834985390305519,0.02791992388665676,4.20882945940489,2.8318220264815634,0.25378249860624513,1000,4.750046601634864,3.6464027509091146,-0.23080194345762584,286
resnet_layer4,fold3_italy,104,0.6034421314400488,False,3,1e-05,1e-06,1e-05,1e-06,1.766105592250824,0.13585427632698646,0.677693571895361,0.46809836477041245,2.9128589276224375,1.3611636348068714,0.03578088991343975,0.22161411680281162,0.11820374429225922,0.027853339910507202,4.211801255831552,2.8387575246975025,0.2527283388042222,1000,4.748639933722328,3.6442237366313033,-0.23007307766335572,286
resnet_layer4,fold3_italy,105,0.6028742052624253,False,4,1e-05,1e-06,1e-05,1e-06,1.7672351244837046,0.13594116342182344,0.7238732744008303,0.48127068020403385,2.9733430668711662,1.361119069159031,0.03561524860560894,0.22227810323238373,0.11878641322255135,0.027916673570871353,4.196726087138861,2.8256493021598916,0.2580681376202313,1000,4.735435293099525,3.6350482731568405,-0.22324161013178556,286
resnet_layer4,fold3_italy,106,0.6004926852298487,True,0,1e-05,1e-06,1e-05,1e-06,1.7743646204471588,0.13648958618824297,0.6859309505671263,0.46618188358843327,2.9274093843996525,1.3694393262267113,0.03571661375463009,0.22165623493492603,0.11822216399013996,0.02780078910291195,4.194035423338686,2.8303406511618934,0.25901918813838265,1000,4.724758425378032,3.6239012646936435,-0.21773180392010572,286
resnet_layer4,fold3_italy,107,0.6430074333073392,False,1,1e-05,1e-06,1e-05,1e-06,1.7356800679117441,0.13351385137782648,0.6827491857111454,0.4647335819900036,2.884160168468952,1.3298363294452429,0.03587091155350208,0.22205927781760693,0.11851188912987709,0.027908755466341972,4.202773648305978,2.834939169900159,0.25592832145670863,1000,4.738643904931886,3.637261571010421,-0.22489984721893252,286
resnet_layer4,fold3_italy,108,0.6031380706635305,False,2,1e-05,1e-06,1e-05,1e-06,1.745108999311924,0.13423915379322493,0.6774550322443247,0.4653785824775696,2.88888843357563,1.339895287528634,0.035914864391088486,0.22160324826836586,0.11833511479198933,0.027863716706633568,4.2020244047847815,2.826405452105306,0.25619359445885115,1000,4.746652971477896,3.643554900721265,-0.2290438998541422,286
resnet_layer4,fold3_italy,109,0.5795511040210112,False,3,1e-05,1e-06,1e-05,1e-06,1.7501412238925695,0.13462624799173611,0.6861717198044062,0.4655163213610649,2.9027799870818853,1.3424813635647297,0.0359010323882103,0.2216831762343645,0.12039277330040932,0.028196243569254875,4.1888715491359,2.819615834233823,0.2608427188157618,1000,4.731672485825648,3.629447383724609,-0.22129839121845918,286
resnet_layer4,fold3_italy,110,0.5871352039956618,True,0,1e-05,1e-06,1e-05,1e-06,1.755145950242877,0.13501122694175977,0.682625425979495,0.4641077406704426,2.9028407279402018,1.3475735858082771,0.035908276215195656,0.22150168009102345,0.12041940353810787,0.028228597715497017,4.178442163154478,2.816292509203222,0.2645188209244952,1000,4.720037894908036,3.619835920572418,-0.21529973524301127,286
resnet_layer4,fold3_italy,111,0.6043053393339468,False,1,1e-05,1e-06,1e-05,1e-06,1.750302905216813,0.13463868501667792,0.6678249388933182,0.46763100661337376,2.886739771813154,1.3426434863358736,0.03565878979861736,0.221720140427351,0.12057144567370415,0.02822430059313774,4.176338966140709,2.8103638078063526,0.2652590357972756,1000,4.723002911905459,3.6242441077141994,-0.21682706033359267,286
resnet_layer4,fold3_italy,112,0.6031849385838147,False,2,1e-05,1e-06,1e-05,1e-06,1.759293906390667,0.13533030049158976,0.6873480826616287,0.4637558199465275,2.911353198811412,1.3507568128407001,0.03591128811240196,0.22222385369241238,0.12069731950759888,0.028197357431054115,4.175807363291857,2.8050183617294566,0.26544607307271517,1000,4.724984415278831,3.623821902154876,-0.2178482973558411,286
resnet_layer4,fold3_italy,113,0.6081475467828792,True,0,1e-05,1e-06,1e-05,1e-06,1.731156973168254,0.1331659210129426,0.6666240282356739,0.4675820656120777,2.866304097697139,1.330007454380393,0.03603014536201954,0.22176655381917953,0.11397778801620007,0.027892841026186943,4.162856908069598,2.8058799714990474,0.26999516063840034,1000,4.6980379220621895,3.5996996950598352,-0.20399717684683827,286
resnet_layer4,fold3_italy,114,0.6016660762690151,True,0,1e-05,1e-06,1e-05,1e-06,1.7372579611837864,0.13363522778336817,0.6822449769824743,0.46496246196329594,2.885477541014552,1.339810373261571,0.03566620126366615,0.22216643020510674,0.11032876372337341,0.02776813879609108,4.163175515791172,2.8085616226256636,0.26988341330511767,1000,4.679384109508762,3.582596676535635,-0.19445508697192504,286
resnet_layer4,fold3_italy,115,0.5892510958140255,False,1,1e-05,1e-06,1e-05,1e-06,1.7545625697821379,0.13496635152170292,0.6705784630030394,0.46673769503831863,2.8928280286490917,1.3575223553925753,0.03621144965291023,0.22164625488221645,0.10987436771392822,0.027806837111711502,4.179883807184094,2.799335832047619,0.2640112226753186,1000,4.721083033563489,3.627928741343123,-0.21583799251227442,286
resnet_layer4,fold3_italy,116,0.608744000592801,True,0,1e-05,1e-06,1e-05,1e-06,1.7453817296773195,0.1342601330521015,0.6778556108474731,0.4666197542101145,2.8908102363348007,1.348781742155552,0.03587744198739529,0.2214808389544487,0.10989074409008026,0.027819646522402763,4.163454668786907,2.8094691275867367,0.26978549715202416,1000,4.675226453257334,3.582652860231257,-0.19233347125246314,286
resnet_layer4,fold3_italy,117,0.6038159007285464,False,1,1e-05,1e-06,1e-05,1e-06,1.8137377854436636,0.13951829118797412,0.6658949572592974,0.4660556633025408,2.9466830901801586,1.414057221263647,0.03634455427527428,0.22201293893158436,0.1111506000161171,0.02853148989379406,4.1622876446782255,2.8009385413852574,0.270194800753761,1000,4.691284754856454,3.5977105768868216,-0.2005383071638409,286
resnet_layer4,fold3_italy,118,0.5827508813226943,False,2,1e-05,1e-06,1e-05,1e-06,1.720103221014142,0.13231563238570324,0.664784075692296,0.46561832167208195,2.8514774926006794,1.3232775256037712,0.03623606264591217,0.22135797142982483,0.10998446866869926,0.02772403694689274,4.170035424062595,2.800278846385981,0.26747531918577416,1000,4.701787085035995,3.610322642942456,-0.20591958907569707,286
resnet_layer4,fold3_italy,119,0.5952490556683865,False,3,1e-05,1e-06,1e-05,1e-06,1.7157000377774239,0.13197692598287875,0.6624749451875687,0.46508394181728363,2.8442141842097044,1.318783337250352,0.036119986325502396,0.22155763022601604,0.11002617329359055,0.02770579792559147,4.163711560395638,2.8003246705754106,0.2696953836379111,1000,4.684370206986463,3.5956180535370064,-0.19700193603404514,286
resnet_layer4,fold3_italy,120,0.5911331421603593,True,0,1e-05,1e-06,1e-05,1e-06,1.7241193260997534,0.1326245635461349,0.6812966242432594,0.4617036487907171,2.868081482127309,1.3272430393844843,0.03599276579916477,0.22156939655542374,0.11013095453381538,0.027711423113942146,4.156027734606447,2.7959418351409395,0.2723883442458417,1000,4.668492935301439,3.5807883203053703,-0.1889014162263507,286
resnet_layer4,fold3_italy,121,0.5977024120375495,True,0,1e-05,1e-06,1e-05,1e-06,1.7122166138142347,0.13170897029340267,0.6514424905180931,0.4616824593394995,2.826309323310852,1.3144506383687258,0.03674961254000664,0.22186557948589325,0.10982119105756283,0.027794329449534416,4.146414211119216,2.796220022850116,0.27575060361541825,1000,4.647346973518672,3.5595951316050134,-0.1781555385604905,286
resnet_layer4,fold3_italy,122,0.5848160506212972,False,1,1e-05,1e-06,1e-05,1e-06,1.8716368433088064,0.14397206486990818,0.6562648061662912,0.46257251873612404,2.9914466496556997,1.4747702740132809,0.036353738978505135,0.22152630053460598,0.10985289514064789,0.02762879803776741,4.152376176462235,2.7932259158118593,0.27366636702653235,1000,4.6643254035437405,3.5753136923890545,-0.18677971531497284,286
resnet_layer4,fold3_italy,123,0.6071823099305296,False,2,1e-05,1e-06,1e-05,1e-06,1.7168300673365593,0.13206385133358148,0.6583181191235781,0.46265695057809353,2.8387551587074995,1.3194024842232466,0.03644595481455326,0.22165478952229023,0.11004558950662613,0.02775757387280464,4.1470555622569005,2.7964239959623454,0.27552653815834327,1000,4.65636133366952,3.566914806164542,-0.18273045771404406,286
resnet_layer4,fold3_italy,124,0.5972045074684476,False,3,1e-05,1e-06,1e-05,1e-06,1.7253509387373924,0.13271930297979942,0.6633675340563059,0.46317530050873756,2.8528387751430273,1.3270747940987349,0.03651470132172108,0.22220908664166927,0.11036070995032787,0.027680668979883194,4.166886929965919,2.7845811904634337,0.2685810550941413,1000,4.709144376703665,3.614668318660002,-0.2096965545622631,286
resnet_layer4,fold3_italy,125,0.6021419386349532,False,4,1e-05,1e-06,1e-05,1e-06,1.7346459776163101,0.1334343059704854,0.6570115070790052,0.4632649999111891,2.8558588959276676,1.3367354404181242,0.03638782352209091,0.2222052551805973,0.1100474800914526,0.02777169458568096,4.161064319332786,2.782998945880627,0.2706237273802663,1000,4.674669922758891,3.5862912532764715,-0.19204962170950846,286
resnet_layer4,fold3_italy,126,0.5894940740336808,False,5,1e-05,1e-06,1e-05,1e-06,1.7343932893127203,0.13341486840867078,0.6686334796249866,0.46536071226000786,2.8693383634090424,1.3362096436321735,0.03636276535689831,0.22217314690351486,0.11030278541147709,0.02781161293387413,4.160637581617815,2.7884449778896983,0.2707733219934769,1000,4.682577546685304,3.5904370702518547,-0.19608595067630064,286
resnet_layer4,fold3_italy,127,0.6065461114527172,False,6,1e-05,1e-06,1e-05,1e-06,1.7455172315239906,0.1342705562710762,0.6687564514577389,0.4666136633604765,2.8818421456962824,1.3492292165756226,0.03592250123620033,0.22155507653951645,0.10968763194978237,0.02764631062746048,4.14633225508002,2.7831133329669617,0.2757792336664884,1000,4.649507572479556,3.564525057207377,-0.1792512662375303,286
resnet_layer4,fold3_italy,128,0.5937974843577947,True,0,1e-05,1e-06,1e-05,1e-06,1.7559013720601797,0.13506933631232151,0.7306127902120352,0.4815007019788027,2.968968017026782,1.359170787036419,0.035919664427638054,0.22153031639754772,0.10999834351241589,0.027800308540463448,4.139242768701591,2.784135073296743,0.2782536923106763,1000,4.645826721228628,3.558320118326298,-0.1773848619950824,286
resnet_layer4,fold3_italy,129,0.5765459578058686,False,1,1e-05,1e-06,1e-05,1e-06,1.733075987547636,0.13331353750366431,0.6856755707412958,0.4657834731042385,2.885549832135439,1.3363206889480352,0.03589438088238239,0.22177663445472717,0.10979579947888851,0.02777242660522461,4.160318098654131,2.7865034850930526,0.270885307981667,1000,4.676935530887841,3.5886239433444125,-0.19320537037946517,286
resnet_layer4,fold3_italy,130,0.577055322611286,True,0,1e-05,1e-06,1e-05,1e-06,1.7451920919120312,0.1342455455316947,0.6935220193117857,0.46791442669928074,2.907574897632003,1.3485805876553059,0.035806650295853615,0.22159602865576744,0.1099470965564251,0.02775673009455204,4.13679857902211,2.781031697270497,0.2791058114716024,1000,4.6292112676617085,3.5480288545813385,-0.1689782630163108,286
resnet_layer4,fold3_italy,131,0.6189562071578647,False,1,1e-05,1e-06,1e-05,1e-06,1.7395305447280407,0.13381004190215698,0.6780893206596375,0.4682210460305214,2.886837562546134,1.3428074065595865,0.03600270859897137,0.22166317328810692,0.10984289459884167,0.027685174718499184,4.147142505459636,2.7804030618408078,0.27549616060376414,1000,4.662017009451323,3.5771064814881877,-0.18560532153314702,286
resnet_layer4,fold3_italy,132,0.5774474251867106,False,2,1e-05,1e-06,1e-05,1e-06,1.75021037645638,0.13463156741972154,0.6700243335217237,0.4669704046100378,2.8881543446332216,1.353300079703331,0.036096494644880295,0.22147455625236034,0.11007802374660969,0.027773382142186165,4.158187685081779,2.7725946487208932,0.271631846149308,1000,4.689398356319289,3.602694486786137,-0.19957301151450668,286
resnet_layer4,fold3_italy,133,0.5648407463237777,True,0,1e-05,1e-06,1e-05,1e-06,1.7546218615025282,0.1349709124232714,0.6763465702533722,0.46881297789514065,2.900753378868103,1.3576696924865246,0.03585880063474178,0.2216903455555439,0.11009818129241467,0.027781711891293526,4.130284140383431,2.778298202425776,0.2813744852641392,1000,4.611205777413089,3.529896294396779,-0.15990237861283396,286
resnet_layer4,fold3_italy,134,0.5883898683781801,True,0,1e-05,1e-06,1e-05,1e-06,1.7623366303741932,0.13556435618263024,0.6886026244610548,0.46695198491215706,2.9189073406159878,1.356989422813058,0.035981278866529465,0.22164956480264664,0.11837591230869293,0.027829810976982117,4.120355914179653,2.7840773408564536,0.2848251445341887,1000,4.58399234122488,3.5048810124143794,-0.14625224488139343,286
resnet_layer4,fold3_italy,135,0.5820512721872146,False,1,1e-05,1e-06,1e-05,1e-06,1.7538600508123636,0.13491231160095105,0.688865415751934,0.4668872747570276,2.910623911768198,1.3486217726022005,0.03570405766367912,0.2217511497437954,0.1184463482350111,0.02783605083823204,4.132373664988111,2.7701181568316007,0.28064719122229487,1000,4.651856660363037,3.5664573367612564,-0.18044316219993717,286
resnet_layer4,fold3_italy,136,0.594652862313164,False,2,1e-05,1e-06,1e-05,1e-06,1.7534271888434887,0.1348790145264222,0.6896214354783297,0.4667230546474457,2.9107190798968077,1.3473497424274683,0.03591238707304001,0.22215487994253635,0.11870503425598145,0.027816610410809517,4.129777546143128,2.772473321714399,0.2815507584735406,1000,4.643565574483985,3.5542649699319004,-0.176239062874731,286
resnet_layer4,fold3_italy,137,0.5668594081992515,False,3,1e-05,1e-06,1e-05,1e-06,1.7516455091536045,0.13474196224258497,0.6929531786590815,0.4680269155651331,2.913575164973736,1.3464173655956984,0.035838840529322624,0.22161444835364819,0.11842123977839947,0.027871035039424896,4.119910532269431,2.7699314528084407,0.284979747065951,1000,4.614546397886399,3.529539977706442,-0.16158358625391522,286
resnet_layer4,fold3_italy,138,0.582186231793733,True,0,1e-05,1e-06,1e-05,1e-06,1.7559470739215612,0.1350728518401201,0.6956185419112444,0.4672168157994747,2.9197379034012556,1.3507385104894638,0.035909609869122505,0.22154885157942772,0.11846606619656086,0.027798688039183617,4.104226322908516,2.7671730168017237,0.29041344801580593,1000,4.583261383279241,3.504054038565165,-0.14588671399849207,286
resnet_layer4,fold3_italy,139,0.5910212672261739,True,0,1e-05,1e-06,1e-05,1e-06,1.7492355555295944,0.1345565811945842,0.6887158639729023,0.46550637297332287,2.904460094869137,1.3436875902116299,0.03614775650203228,0.2215721681714058,0.11843628250062466,0.02784470096230507,4.105061483707936,2.7628741242610615,0.2901246339393896,1000,4.57987510604691,3.5020838788595317,-0.1441940954382115,286
resnet_layer4,fold3_italy,140,0.5448152927134248,False,1,1e-05,1e-06,1e-05,1e-06,1.8437711112201214,0.14182854701693243,0.6887501236051321,0.4663623534142971,2.999867672100663,1.4325575977563858,0.03610625118017197,0.22172659449279308,0.12278631888329983,0.028955405578017235,4.095242290860758,2.76493961856819,0.29351657661273933,1000,4.580795950993129,3.499290012537812,-0.1446542526471266,286
resnet_layer4,fold3_italy,141,0.6097612290311992,False,2,1e-05,1e-06,1e-05,1e-06,1.74668313190341,0.1343602409156469,0.6886301748454571,0.4655119329690933,2.901756590232253,1.341590380296111,0.03578767739236355,0.2216996792703867,0.11826064065098763,0.02784903533756733,4.0987962140980585,2.7558184457081647,0.29228984709118544,1000,4.594641137779931,3.5122021799541177,-0.15158400977060005,286
resnet_layer4,fold3_italy,142,0.5828149668365449,True,0,1e-05,1e-06,1e-05,1e-06,1.748343724757433,0.13448797882749483,0.6922601275146008,0.46722972579300404,2.9087756499648094,1.3431483339518309,0.0357513502240181,0.22174705006182194,0.11835470236837864,0.027841532602906227,4.094682813279844,2.7615224750202376,0.2937095979819162,1000,4.569977680073088,3.490792684429821,-0.13925407436686443,286
resnet_layer4,fold3_italy,143,0.5463613037196907,False,1,1e-05,1e-06,1e-05,1e-06,1.751143367961049,0.13470333599700376,0.6895479653030634,0.46654871478676796,2.9082234986126423,1.345240332186222,0.03593209572136402,0.22210092656314373,0.11860983073711395,0.027751313522458076,4.1067982508103515,2.753384449550337,0.2895238395336044,1000,4.615581919409481,3.5322994424111442,-0.16210497217666542,286
resnet_layer4,fold3_italy,144,0.5469731485736539,False,2,1e-05,1e-06,1e-05,1e-06,1.7440560106188059,0.13415815466298506,0.6855540107935667,0.4644304923713207,2.895005974918604,1.3377788942307234,0.03599747456610203,0.22214304469525814,0.11872502230107784,0.02790234610438347,4.103530128590914,2.763774330123614,0.29065415999772026,1000,4.5913777369395525,3.5080477050072187,-0.14994873706874667,286
resnet_layer4,fold3_italy,145,0.5782058982702214,False,3,1e-05,1e-06,1e-05,1e-06,1.7557103633880615,0.1350546433375432,0.6899062562733889,0.4659989643841982,2.912554293870926,1.3504328336566687,0.036162037402391434,0.22144024446606636,0.11829562112689018,0.02784205973148346,4.106598516469294,2.7651791680486895,0.2895929459412079,1000,4.592569556539734,3.5124442297395246,-0.1505458168135756,286
resnet_layer4,fold3_italy,146,0.5717917383482276,False,4,1e-05,1e-06,1e-05,1e-06,1.7472837753593922,0.13440644425841478,0.689101804047823,0.4654360730201006,2.9027812238782644,1.3420803286135197,0.03600258380174637,0.22165081463754177,0.11836790293455124,0.027687855064868927,4.096680979025393,2.7558756608544273,0.2930201039727818,1000,4.59791194406264,3.514493087967322,-0.15322415914320997,286
resnet_layer4,fold3_italy,147,0.6069354894684582,False,5,1e-05,1e-06,1e-05,1e-06,1.7528440486639738,0.13483415758953646,0.6860833521932364,0.4664310049265623,2.906290566548705,1.34750297665596,0.03619781509041786,0.22143309004604816,0.118425277993083,0.027766142040491104,4.10191381240223,2.749987045654262,0.29121285035900046,1000,4.622888156343304,3.5355924694889658,-0.1657869930041167,286
resnet_layer4,fold3_italy,148,0.5690699174560233,False,6,1e-05,1e-06,1e-05,1e-06,1.7568352855741978,0.13514117581339982,0.6890638843178749,0.4665152747184038,2.913357624784112,1.3518244046717882,0.03607059083878994,0.2214851826429367,0.11827785335481167,0.027680689468979836,4.0998963504564445,2.761606961934438,0.29190989057873074,1000,4.598049775933059,3.5134663705813263,-0.15329330071322778,286
resnet_layer4,fold3_italy,149,0.5710643232251316,True,0,1e-05,1e-06,1e-05,1e-06,1.7530932612717152,0.13485332779013193,0.6853261198848486,0.4657411240041256,2.9051139056682587,1.3477869257330894,0.03588714078068733,0.22175375185906887,0.1184262316673994,0.02774418704211712,4.081076575266251,2.7592545341366748,0.298395669785009,1000,4.552623797163177,3.4772644012728877,-0.13061817051612468,286
resnet_layer4,fold3_italy,150,0.5522793366912088,False,1,1e-05,1e-06,1e-05,1e-06,1.742752330377698,0.13405787156751522,0.6654530484229326,0.466114804148674,2.875321213155985,1.3374824356287718,0.03584129177033901,0.22162468545138836,0.11847999319434166,0.027817534282803535,4.104680222956136,2.75300616268927,0.29025648826046113,1000,4.624803782790379,3.5417067322931928,-0.16675334780992346,286
resnet_layer4,fold3_italy,151,0.5744065622463153,False,2,1e-05,1e-06,1e-05,1e-06,1.810763105750084,0.13928946967308337,0.7201538197696209,0.4687960986047983,3.000663274899125,1.4012934006750584,0.03592093847692013,0.22240997105836868,0.12100829370319843,0.028593210503458977,4.09687314482197,2.7549398715746194,0.2929537768450624,1000,4.598304553543351,3.5152345913020544,-0.15342111205328846,286
resnet_layer4,fold3_italy,152,0.5379504777959743,False,3,1e-05,1e-06,1e-05,1e-06,1.7662450652569532,0.13586500501976564,0.6727685574442148,0.4686445761471987,2.9086178820580244,1.3601812701672316,0.035611435770988464,0.22232352942228317,0.11863036826252937,0.02795529179275036,4.083612371068279,2.7481090107488804,0.29752350871853905,1000,4.572978239277349,3.490746356580979,-0.14075059000249568,286
resnet_layer4,fold3_italy,153,0.5881275224364308,False,4,1e-05,1e-06,1e-05,1e-06,1.708391610532999,0.13141473927176917,0.6560668591409922,0.4613895174115896,2.826808759942651,1.3024669252336025,0.03631096892058849,0.22181755304336548,0.11833475157618523,0.02798210270702839,4.073647760623081,2.7422350749628475,0.30094761637255285,1000,4.558641401955821,3.4816826299543564,-0.13360902154755716,286
resnet_layer4,fold3_italy,154,0.5689015839158035,False,5,1e-05,1e-06,1e-05,1e-06,1.7056691590696573,0.13120531992843518,0.6544080954045057,0.4611804876476526,2.822228893637657,1.299893008545041,0.036346642300486565,0.2216090802103281,0.11832830682396889,0.0279969684779644,4.082051233463336,2.7425777582801225,0.29806051014969626,1000,4.5873506473277255,3.505242559241628,-0.14793238555916033,286
resnet_layer4,fold3_italy,155,0.5661463062249038,True,0,1e-05,1e-06,1e-05,1e-06,1.7088003512471914,0.13144618086516857,0.6598563622683287,0.46330823190510273,2.83291095495224,1.3028828538954258,0.03628278337419033,0.22173690237104893,0.11831670254468918,0.028106214478611946,4.056558839087706,2.739614031909253,0.30680035339644496,1000,4.537418034799478,3.458581891616239,-0.12307825441499176,286
resnet_layer4,fold3_italy,156,0.5862270447500864,False,1,1e-05,1e-06,1e-05,1e-06,1.7257387302815914,0.13274913309858397,0.6581471711397171,0.4620059486478567,2.8469405006617308,1.3200436793267727,0.03646800480782986,0.22163255512714386,0.11827641539275646,0.027813412249088287,4.067543406731794,2.7452848492965147,0.30304110414846375,1000,4.560972840952154,3.4826078095250934,-0.13476884785964427,286
resnet_layer4,fold3_italy,157,0.552279825005513,False,2,1e-05,1e-06,1e-05,1e-06,1.7311453856527805,0.1331650296655985,0.6743336673825979,0.4628523588180542,2.8692889269441366,1.3251621816307306,0.03633688576519489,0.22176432609558105,0.11844051443040371,0.02796326018869877,4.060779197113459,2.7309624413809606,0.3053572225810737,1000,4.566626861433903,3.484877055227019,-0.13758402933088654,286
resnet_layer4,fold3_italy,158,0.5536923937987301,False,3,1e-05,1e-06,1e-05,1e-06,1.7189281731843948,0.1322252440911073,0.6566019896417856,0.4627203792333603,2.839231353253126,1.3129521254450083,0.03627658449113369,0.22156970761716366,0.11846102960407734,0.028146907687187195,4.067425527578521,2.7369685914539,0.30308149989883326,1000,4.565805857592484,3.483676394175371,-0.13717502858218933,286
resnet_layer4,fold3_italy,159,0.5765211923437645,False,4,1e-05,1e-06,1e-05,1e-06,1.7161800302565098,0.13201384848126999,0.6565170679241419,0.4609518591314554,2.8346205074340105,1.3107831217348576,0.036251747980713844,0.22177008911967278,0.11804319731891155,0.027877047657966614,4.058293956899293,2.73504672795405,0.3062072199867737,1000,4.566322985896539,3.4814717374008124,-0.13743263861413557,286
resnet_layer4,fold3_italy,160,0.5736762680046366,False,5,1e-05,1e-06,1e-05,1e-06,1.7337668593972921,0.1333666814920994,0.6628804355859756,0.46183327957987785,2.8594534564763308,1.3274197783321142,0.03622616082429886,0.22202271036803722,0.11883226037025452,0.02783804200589657,4.053206294127892,2.7227347762524396,0.3079456702746657,1000,4.570217296558637,3.487496313438163,-0.13937354594121754,286
resnet_layer4,fold3_italy,161,0.5330423777002425,False,6,1e-05,1e-06,1e-05,1e-06,1.745308082550764,0.1342544678885203,0.6539216358214617,0.46131977811455727,2.861514449119568,1.3389687854796648,0.03660965710878372,0.22174307890236378,0.11850570514798164,0.027962876483798027,4.06413739252325,2.726315654813141,0.3042078319621674,1000,4.579011973364968,3.495224898299343,-0.14376286173264186,286
resnet_layer4,fold3_italy,162,0.5503274317883404,False,7,1e-05,1e-06,1e-05,1e-06,1.72194504737854,0.13245731133681077,0.6570555400103331,0.46187332831323147,2.8418474551290274,1.3162138294428587,0.03639921359717846,0.22150003723800182,0.11866459622979164,0.02771858125925064,4.053186913946715,2.734043375346563,0.3079522882976611,1000,4.545225045988569,3.4605941789213257,-0.12694628128589924,286
resnet_layer4,fold3_italy,163,0.5527288536893847,False,8,1e-05,1e-06,1e-05,1e-06,1.8275170139968395,0.14057823184591073,0.6586774308234453,0.46235935017466545,2.9495191164314747,1.4130563400685787,0.03633635304868221,0.2218026388436556,0.12521252408623695,0.029500547796487808,4.07100252819899,2.730457559129426,0.30185518411679624,1000,4.594273523759007,3.507892772533422,-0.15139974228155673,286
resnet_layer4,fold3_italy,164,0.543406866328248,False,9,1e-05,1e-06,1e-05,1e-06,1.7459592632949352,0.13430455871499503,0.8243956975638866,0.46044914796948433,3.031781379133463,1.3447525314986706,0.03612394258379936,0.2213226780295372,0.11555136926472187,0.026664871722459793,4.078721559784394,2.7317465975436246,0.29920516811051545,1000,4.604727813557847,3.513637822463274,-0.15664573458785802,286
resnet_layer4,fold3_italy,165,0.5519171210247378,True,0,1e-05,1e-06,1e-05,1e-06,1.7204447351396084,0.1323419027030468,0.6537390649318695,0.46120116859674454,2.83633279055357,1.3121944274753332,0.0362944882363081,0.22169481217861176,0.12080701254308224,0.028018442913889885,4.039298778311025,2.734513877220369,0.31268672879670345,1000,4.515427933935834,3.434049983376667,-0.11221888055682316,286
resnet_layer4,fold3_italy,166,0.5464900790956422,False,1,1e-05,1e-06,1e-05,1e-06,1.717038281261921,0.13207986778937852,0.6725323367863894,0.46278566122055054,2.8533791303634644,1.307812761515379,0.0361842792481184,0.22151881642639637,0.1215799655765295,0.028370894491672516,4.06250637141463,2.7156851323386606,0.304766191035272,1000,4.598233342680286,3.5100311585221156,-0.15338538780931255,286
resnet_layer4,fold3_italy,167,0.5635623052735383,False,2,1e-05,1e-06,1e-05,1e-06,1.7067442405968904,0.1312880185074531,0.6734000165015459,0.46630764566361904,2.8474313728511333,1.2982885986566544,0.0361776202917099,0.22162961959838867,0.12102090008556843,0.028210099786520004,4.044462817470597,2.7235774233760557,0.3109282149304866,1000,4.546170347950085,3.4580747616239105,-0.12741508769210697,286
resnet_layer4,fold3_italy,168,0.563865543865576,False,3,1e-05,1e-06,1e-05,1e-06,1.7236152980476618,0.13258579215751246,0.6635875161737204,0.46456281282007694,2.8527459483593702,1.313439218327403,0.03622083738446236,0.22161485627293587,0.1222189199179411,0.028626741841435432,4.046209094075375,2.727208487382296,0.3103330457977742,1000,4.5534738225731575,3.4646326919287427,-0.13104040786165982,286
resnet_layer4,fold3_italy,169,0.5461898576539962,False,4,1e-05,1e-06,1e-05,1e-06,1.7287724744528532,0.13298249803483486,0.6773388125002384,0.46276361122727394,2.869849318638444,1.3164024986326694,0.036324517801404,0.22209087014198303,0.12301403842866421,0.029422910884022713,4.047907582439047,2.725466064740534,0.3097539174688323,1000,4.567645843380787,3.4762465446751083,-0.13809175941335106,286
resnet_layer4,fold3_italy,170,0.5446054243765991,False,5,1e-05,1e-06,1e-05,1e-06,1.772752083837986,0.1363655449106143,0.6984314359724522,0.48113211058080196,2.953258091583848,1.364203905686736,0.03592989034950733,0.22206845879554749,0.12109305709600449,0.02791639231145382,4.05492926097793,2.7243596719794096,0.3073571780952603,1000,4.561907433410973,3.475917780488345,-0.1352339482245839,286
resnet_layer4,fold3_italy,171,0.5494062675591151,False,6,1e-05,1e-06,1e-05,1e-06,1.737978795543313,0.13369067658025485,0.6754284501075745,0.46539793349802494,2.8797710482031107,1.3262116014957428,0.03630608320236206,0.22200201265513897,0.12264288403093815,0.029025521129369736,4.052222698880036,2.7151167113709533,0.3082815124240057,1000,4.5629471193417865,3.4765392817782788,-0.1357514603743064,286
resnet_layer4,fold3_italy,172,0.5564554466056579,False,7,1e-05,1e-06,1e-05,1e-06,1.7102820537984371,0.13156015798449516,0.6758118215948343,0.4644863326102495,2.851527288556099,1.3016014639288187,0.03632589429616928,0.22178267128765583,0.12092561461031437,0.02822357602417469,4.043516343798729,2.71499957511386,0.3112506864281369,1000,4.536371036325968,3.4547926828574815,-0.12256001891392465,286
resnet_layer4,fold3_italy,173,0.5362586522132962,False,8,1e-05,1e-06,1e-05,1e-06,1.7326068580150604,0.1332774506165431,0.671230984851718,0.46304058097302914,2.867856055498123,1.3211916256695986,0.03626677021384239,0.2217282596975565,0.12317145802080631,0.028786392882466316,4.04972520216578,2.715537346480997,0.3091339000667168,1000,4.554053412531521,3.4699341709879485,-0.13132835566094525,286
resnet_layer4,fold3_italy,174,0.5703775833751791,False,9,1e-05,1e-06,1e-05,1e-06,1.7382482942193747,0.13371140724764422,0.7328083850443363,0.4747785944491625,2.9467806052416563,1.3274582009762526,0.03622276149690151,0.22166667878627777,0.12275559455156326,0.028725530952215195,4.056563704215976,2.7182378687561215,0.30679869065353715,1000,4.566969161854524,3.4767475482942136,-0.1377545753805185,286
resnet_layer4,fold3_italy,175,0.5623712498355126,True,0,1e-05,1e-06,1e-05,1e-06,1.7202863544225693,0.13232971957096687,0.6667191106826067,0.4606505073606968,2.848632724955678,1.310636656358838,0.03628665581345558,0.22188095934689045,0.1217051986604929,0.028339138254523277,4.024443708163904,2.7198641312880207,0.3177328087849306,1000,4.475691243710906,3.3948657141176244,-0.09272950710583538,286
resnet_layer4,fold3_italy,176,0.5548530579837511,False,1,1e-05,1e-06,1e-05,1e-06,1.7067149206995964,0.1312857631307382,0.6648256685584784,0.4620334282517433,2.8346406798809767,1.2952027507126331,0.036432527005672455,0.22173692286014557,0.12317884527146816,0.028700893744826317,4.045543232483004,2.725141274106749,0.310560016248297,1000,4.532042939999553,3.443448178745151,-0.12041899909236098,286
resnet_layer4,fold3_italy,177,0.5567301191169582,False,2,1e-05,1e-06,1e-05,1e-06,1.7220888286828995,0.13246837143714613,0.6639027576893568,0.46116763912141323,2.8481203634291887,1.312900623306632,0.036116618663072586,0.22214423678815365,0.121158791705966,0.028308942914009094,4.048346471499355,2.720029684044435,0.30960423130560466,1000,4.560808953697771,3.472975474947779,-0.13468729911289223,286
resnet_layer4,fold3_italy,178,0.5541104720247878,False,3,1e-05,1e-06,1e-05,1e-06,1.7022460158914328,0.1309420012224179,0.6784666236490011,0.49087692238390446,2.8725555017590523,1.2933534663170576,0.036231886595487595,0.22167442366480827,0.12116159498691559,0.028332378715276718,4.04025487478987,2.7253641546596628,0.3123613180725464,1000,4.528591629026317,3.4425543260808986,-0.11871317148157434,286
resnet_layer4,fold3_italy,179,0.5468252328378704,False,4,1e-05,1e-06,1e-05,1e-06,2.061076309531927,0.15854433150245592,0.6547046471387148,0.4947961363941431,3.2115449234843254,1.6503059696406126,0.03587867133319378,0.2225728165358305,0.121737876906991,0.02914005145430565,4.044214515326912,2.714538262229459,0.3110128208507229,1000,4.54701919404395,3.4573142085779223,-0.12783614153049583,286
resnet_layer4,fold3_italy,180,0.5523949818678477,False,5,1e-05,1e-06,1e-05,1e-06,1.6419383585453033,0.12630295065733102,0.6914577465504408,0.47473923303186893,2.809115620329976,1.2332806400954723,0.03617691248655319,0.2219043504446745,0.12087615579366684,0.028209585696458817,4.0537951557353615,2.7204870536376573,0.30774456833282715,1000,4.57027568245353,3.473468069514984,-0.13940265780383054,286
resnet_layer4,fold3_italy,181,0.5700905579351492,False,6,1e-05,1e-06,1e-05,1e-06,1.8363104946911335,0.1412546534377795,0.6989537347108126,0.47537041641771793,3.0116089284420013,1.42962109670043,0.03537224605679512,0.22187995165586472,0.11969165317714214,0.028021054342389107,4.038519820596381,2.711947822591034,0.31295179279962637,1000,4.547982842402373,3.4567762772926263,-0.12831423610917714,286
resnet_layer4,fold3_italy,182,0.5563572577854788,False,7,1e-05,1e-06,1e-05,1e-06,1.845480665564537,0.1419600511972721,0.697455395013094,0.4755856543779373,3.0195192489773035,1.4492511004209518,0.035158202052116394,0.22138281725347042,0.11281669698655605,0.025193490087985992,4.037090770277065,2.7092045112792422,0.3134379376207025,1000,4.545120260223531,3.455836469142248,-0.12689432057291183,286
resnet_layer4,fold3_italy,183,0.5690979597198182,False,8,1e-05,1e-06,1e-05,1e-06,1.8547942768782377,0.14267648283678752,0.6970840338617563,0.47519612684845924,3.0280609782785177,1.458266731351614,0.034892717376351357,0.22178268991410732,0.11297345720231533,0.025187870487570763,4.020717294151603,2.701416862659675,0.3189957077790181,1000,4.503535547802083,3.419044354846261,-0.10636804269906386,286
resnet_layer4,fold3_italy,184,0.5401546631453126,False,9,1e-05,1e-06,1e-05,1e-06,1.8478115797042847,0.14213935228494498,0.6945141013711691,0.47481020353734493,3.0181226171553135,1.451518913730979,0.03531571105122566,0.22134794481098652,0.11279703862965107,0.025092236697673798,4.016013003692875,2.6941090958407714,0.3205883429279407,1000,4.503849265867551,3.418982351997103,-0.10652218813768544,286
resnet_layer4,fold3_italy,185,0.5492628128752016,False,10,1e-05,1e-06,1e-05,1e-06,1.8423445038497448,0.1417188079884419,0.695298733189702,0.48834821954369545,3.0269822273403406,1.4460962489247322,0.03527107462286949,0.2214923743158579,0.11260772496461868,0.02519858628511429,4.032257120993832,2.6937895597595296,0.31508100868983147,1000,4.5467610028346055,3.457350624723474,-0.12770806240989563,286
resnet_layer4,fold3_italy,186,0.5388300702721837,False,11,1e-05,1e-06,1e-05,1e-06,1.8805367462337017,0.1446566727872078,0.7045003827661276,0.47826671972870827,3.0643128491938114,1.4813739284873009,0.03535391949117184,0.22152053751051426,0.11457802355289459,0.02583310753107071,4.033356435015483,2.705301257276342,0.31470749893319494,1000,4.529341272405777,3.4423464094383034,-0.1190835759707809,286
resnet_layer4,fold3_italy,187,0.5380447592218054,False,12,1e-05,1e-06,1e-05,1e-06,1.8486128505319357,0.1422009885024566,0.6959616132080555,0.47761246748268604,3.0231450833380222,1.4528715200722218,0.03506745025515556,0.22141962125897408,0.1125501748174429,0.025064682587981224,4.02773233323703,2.7018542810251946,0.3166173066699226,1000,4.51384025888068,3.4297990552652693,-0.11143688082017955,286
resnet_layer4,fold3_italy,188,0.5366104419638471,False,13,1e-05,1e-06,1e-05,1e-06,1.6288318932056427,0.12529476101581866,0.6415395122021437,0.45905718579888344,2.7303944416344166,1.2200438510626554,0.0363947544246912,0.22147640027105808,0.12093567661941051,0.028383152559399605,4.022136932654513,2.692790839802704,0.31851472365658084,1000,4.520831994915476,3.435815637528296,-0.11488267916971728,286
resnet_layer4,fold3_italy,189,0.5234035739390627,False,14,1e-05,1e-06,1e-05,1e-06,1.652224050834775,0.12709415775652116,0.6470383889973164,0.4584422465413809,2.758668225258589,1.2427136544138193,0.036273518577218056,0.2218279466032982,0.12077046558260918,0.029045315459370613,4.025407974383693,2.6960802535660684,0.31740582395485906,1000,4.518826638213818,3.432581734530031,-0.11389381623959949,286
resnet_layer4,fold3_italy,190,0.5741527753861786,False,15,1e-05,1e-06,1e-05,1e-06,1.6325603667646646,0.12558156667420498,0.6528386753052473,0.45557171292603016,2.7419126350432634,1.2225274965167046,0.03637412749230862,0.22161846607923508,0.12152231484651566,0.028959881514310837,4.022778222391293,2.7021649314522738,0.31829739423154724,1000,4.501000294951183,3.4150275290799605,-0.1051227396730765,286
resnet_layer4,fold3_italy,191,0.5332544044291407,False,16,1e-05,1e-06,1e-05,1e-06,1.630933715030551,0.1254564396177347,0.653789795935154,0.45919614657759666,2.7449039295315742,1.222364455461502,0.03610516898334026,0.22144349291920662,0.12053920328617096,0.028956979513168335,4.016890004421643,2.6961043053942975,0.320291576171011,1000,4.493348468720878,3.408270112322565,-0.10136845452787657,286
resnet_layer4,fold3_italy,192,0.5274687910569648,False,17,1e-05,1e-06,1e-05,1e-06,1.6172251589596272,0.12440193530458671,0.6371960174292326,0.456230403855443,2.7116235215216875,1.2082519475370646,0.036434587091207504,0.22152105160057545,0.12116855382919312,0.028320038691163063,4.018225259184448,2.7004919808626315,0.31983961719067455,1000,4.498414188456199,3.411093939395038,-0.10385318007847721,286
resnet_layer4,fold3_italy,193,0.5375383917495742,False,18,1e-05,1e-06,1e-05,1e-06,1.6062672678381205,0.12355902060293235,0.6344017535448074,0.4561580028384924,2.6978129874914885,1.198463063687086,0.03636995702981949,0.2215393427759409,0.12035017274320126,0.028061393648386,4.002651667616095,2.688821428243773,0.32510164824257304,1000,4.4885884550533115,3.4019999273709587,-0.09903622852522798,286
resnet_layer4,fold3_italy,194,0.5100519569143557,False,19,1e-05,1e-06,1e-05,1e-06,1.610089611262083,0.12385304702016023,0.6325014624744654,0.4568022135645151,2.7003493178635836,1.2009294629096985,0.03631361946463585,0.22157910279929638,0.12126647494733334,0.02836928889155388,4.013972848910318,2.688085626224141,0.3212784566631751,1000,4.513743583803034,3.4270273829807,-0.11138927297853951,286
resnet_layer4,fold3_italy,195,0.5514239790503878,False,20,1e-05,1e-06,1e-05,1e-06,1.599956450983882,0.12307357315260631,0.6488545313477516,0.4556914120912552,2.7054770961403847,1.191934496164322,0.036417458206415176,0.22128688544034958,0.12074501067399979,0.028031283989548683,4.002162128865204,2.6895189248417917,0.32526672315773153,1000,4.478289165916868,3.3957118158167128,-0.09399842848473972,286
resnet_layer4,fold3_italy,196,0.5426022872539172,False,21,1e-05,1e-06,1e-05,1e-06,1.7281222455203533,0.13293248042464256,0.7719303481280804,0.5142185166478157,3.015242474153638,1.318322442471981,0.03638254664838314,0.22188309021294117,0.12158692814409733,0.028338490054011345,4.008064618039254,2.68683062393874,0.3232750283901771,1000,4.498472810825041,3.4119051205231568,-0.10388195062169814,286
resnet_layer4,fold3_italy,197,0.5755768112254847,False,22,1e-05,1e-06,1e-05,1e-06,1.681430272758007,0.1293407902121544,0.680740486830473,0.4842481445521116,2.8473913948982954,1.2726061809808016,0.03638644888997078,0.22192302159965038,0.1208675317466259,0.028120538219809532,3.9980753799137783,2.6840094315809258,0.32664400751065104,1000,4.488699351925254,3.3998451116511794,-0.09909053565840331,286
resnet_layer4,fold3_italy,198,0.5603739070647488,True,0,1e-05,1e-06,1e-05,1e-06,1.598971500992775,0.122997807768675,0.6303899101912975,0.45543302223086357,2.685790304094553,1.1895431466400623,0.036532068625092506,0.22223516181111336,0.12110701389610767,0.028028568252921104,3.981635631248783,2.686817236761542,0.33217018857542246,1000,4.4463790487226,3.3643431660345784,-0.07846336932766551,286
resnet_layer4,fold3_italy,199,0.5118492938893751,False,1,1e-05,1e-06,1e-05,1e-06,1.6055536568164825,0.12350412744742173,0.649971142411232,0.45720386505126953,2.713791524991393,1.19390825368464,0.03644971922039986,0.22169267758727074,0.12304719723761082,0.028884556144475937,3.986945158982885,2.682985264775739,0.3303878933358828,1000,4.461568732255515,3.3786544651849817,-0.08584443077313053,286
resnet_layer4,fold3_italy,200,0.5468008772629064,False,2,1e-05,1e-06,1e-05,1e-06,1.5768071059137583,0.12129285430105832,0.6441231556236744,0.455026151612401,2.6769271455705166,1.1693613696843386,0.035976067185401917,0.2214718982577324,0.12062219716608524,0.027966324239969254,3.9920077822679088,2.684879814570749,0.3286862666442205,1000,4.489127707576508,3.3997562434318893,-0.09930031763288061,286
resnet_layer4,fold3_italy,201,0.5205936321704164,False,3,1e-05,1e-06,1e-05,1e-06,1.5778656471520662,0.12137428055015895,0.6442749537527561,0.4551669117063284,2.678268864750862,1.1693976316601038,0.03620552457869053,0.22192761301994324,0.12091575935482979,0.02796739898622036,3.9981185203234877,2.6780896650527,0.32662947601368875,1000,4.491583227920763,3.4036603072215663,-0.10050326516919594,286
resnet_layer4,fold3_italy,202,0.5282371111491525,False,4,1e-05,1e-06,1e-05,1e-06,1.572544300928712,0.12096494622528553,0.6442112140357494,0.45485187135636806,2.672569379210472,1.164745120331645,0.036235734820365906,0.22144976630806923,0.12068038061261177,0.02801724337041378,4.005349393718406,2.686337530728622,0.3241915992999631,1000,4.488914158601846,3.4051010979662464,-0.09919573211546906,286
resnet_layer4,fold3_italy,203,0.5064578710150198,False,5,1e-05,1e-06,1e-05,1e-06,1.6180334109812975,0.12446410853702289,0.6453488655388355,0.4533687811344862,2.717727290466428,1.209119588136673,0.03612086921930313,0.22161612659692764,0.12086554989218712,0.028774701058864594,4.007342395538488,2.681962533054352,0.32351888771569126,1000,4.502029922445605,3.4152182529618336,-0.10562840278313179,286
resnet_layer4,fold3_italy,204,0.5202581040054292,False,6,1e-05,1e-06,1e-05,1e-06,1.5647905226796865,0.12036850174459127,0.646137798205018,0.45382474176585674,2.665732940658927,1.1564507205039263,0.036338383331894875,0.22162827849388123,0.12096817791461945,0.02796054072678089,4.011003160266288,2.6795433084728604,0.3222823727982095,1000,4.519509598753238,3.4297198909657256,-0.11423054215134232,286
resnet_layer4,fold3_italy,205,0.5389557860323033,False,7,1e-05,1e-06,1e-05,1e-06,1.5740108639001846,0.12107775876155266,0.6568763684481382,0.45880523696541786,2.6906520798802376,1.164889082312584,0.03610076196491718,0.22169486433267593,0.1214454434812069,0.028290998190641403,3.9910268162427793,2.6697626647533625,0.329016153302111,1000,4.485636013420985,3.400187578028928,-0.0975908863309396,286
resnet_layer4,fold3_italy,206,0.5323127649714919,False,8,1e-05,1e-06,1e-05,1e-06,1.5829339735209942,0.12176415180930725,0.643409013748169,0.4551965929567814,2.6825047209858894,1.1740746162831783,0.036277757957577705,0.22193319909274578,0.12105043418705463,0.028118206188082695,4.007948564196831,2.671527572462984,0.3233142170778289,1000,4.504955197955619,3.4186901438286483,-0.10706567375093345,286
resnet_layer4,fold3_italy,207,0.5538268562152848,False,9,1e-05,1e-06,1e-05,1e-06,1.8432254157960415,0.14178657044584936,0.9236538093537092,0.5194664858281612,3.2872861716896296,1.4323486499488354,0.03579084575176239,0.22273694165050983,0.12173137068748474,0.028969798237085342,4.00326289546951,2.6716100636482314,0.324895510810737,1000,4.505785432718338,3.416890621995369,-0.10747376176112589,286
resnet_layer4,fold3_italy,208,0.5308484295060301,False,10,1e-05,1e-06,1e-05,1e-06,1.7988470159471035,0.13837284738054642,0.6683603245764971,0.4605686776340008,2.92877009883523,1.387190468609333,0.03642749972641468,0.22195556573569775,0.12285981327295303,0.02894015423953533,3.989104831895819,2.6738203111933436,0.32966225766792434,1000,4.466378872693192,3.3813769735256787,-0.08818705063801069,286
resnet_layer4,fold3_italy,209,0.5211431410101474,False,11,1e-05,1e-06,1e-05,1e-06,1.8375808987766504,0.14135237682897311,0.8408149760216475,0.5348957516252995,3.2142436783760786,1.4281008765101433,0.03642895631492138,0.22210085950791836,0.12096995860338211,0.028518466278910637,3.9861865574612785,2.6759482378794144,0.33064268512096695,1000,4.462158448209908,3.3759197502433698,-0.0861314966650999,286
resnet_layer4,fold3_italy,210,0.5253660645962374,False,12,1e-05,1e-06,1e-05,1e-06,1.8890406861901283,0.14531082201462525,0.662574976682663,0.4602650683373213,3.012866111472249,1.478449372574687,0.03614773415029049,0.22198717668652534,0.12212976813316345,0.028857175260782242,4.001056072419518,2.663753470698208,0.32563961657953755,1000,4.510766005419773,3.418305869281307,-0.10992345769320266,286
resnet_layer4,fold3_italy,211,0.5141252247145608,False,13,1e-05,1e-06,1e-05,1e-06,1.6689869593828917,0.12838361226022243,0.6656281799077988,0.45973424799740314,2.7953259889036417,1.2605501376092434,0.036231981590390205,0.22179288044571877,0.12069306336343288,0.028260407969355583,3.9796092429282366,2.6653413947931877,0.3328497777140479,1000,4.461532888820957,3.3758067767828814,-0.08582698388850796,286
resnet_layer4,fold3_italy,212,0.5504298082365151,True,0,1e-05,1e-06,1e-05,1e-06,1.7368485759943724,0.13360373661495173,0.7058904953300953,0.47060965932905674,2.914311122149229,1.332770962268114,0.03598649054765701,0.22128293849527836,0.11840730346739292,0.02688981406390667,3.968816520284033,2.67133091986927,0.3364635011496394,1000,4.428003074300909,3.343475572756526,-0.06956765279703636,286
resnet_layer4,fold3_italy,213,0.5387360311671613,False,1,1e-05,1e-06,1e-05,1e-06,1.8443261981010437,0.1418712460077726,0.7050243839621544,0.4719809219241142,3.0224491730332375,1.448647839948535,0.03554152883589268,0.22146602906286716,0.11269909515976906,0.024294616654515266,3.9727916343920553,2.6650100842740536,0.3351336567521551,1000,4.458299119773602,3.368544387527736,-0.08425351519109414,286
resnet_layer4,fold3_italy,214,0.5382022468973339,False,2,1e-05,1e-06,1e-05,1e-06,1.8352059070020914,0.14116968515400702,0.696689922362566,0.47300224378705025,3.005870735272765,1.4400784894824028,0.035416049882769585,0.22097048722207546,0.11256620101630688,0.024496275931596756,3.9720555468936127,2.6598607081480714,0.3353800096998567,1000,4.463847250282091,3.3751207311082063,-0.08695379298279948,286
resnet_layer4,fold3_italy,215,0.5328860448168852,False,3,1e-05,1e-06,1e-05,1e-06,1.8273870181292295,0.1405682321637869,0.7026366703212261,0.47064909897744656,3.001644179224968,1.4323144033551216,0.035159360617399216,0.22099329717457294,0.11267082765698433,0.02456318400800228,3.994526792060864,2.6591849387763014,0.327838783624696,1000,4.504469434899145,3.4126423184237633,-0.10682693991754921,286
resnet_layer4,fold3_italy,216,0.520609738202395,False,4,1e-05,1e-06,1e-05,1e-06,1.8251307252794504,0.14039467117534235,0.705442875623703,0.47071561962366104,3.002226362004876,1.4302797000855207,0.035450685769319534,0.2209637500345707,0.11255720630288124,0.024103699252009392,4.000833282758112,2.655347140590978,0.3257147149215093,1000,4.526986715639179,3.43323271113392,-0.1179203777193516,286
resnet_layer4,fold3_italy,217,0.5243268810279562,False,5,1e-05,1e-06,1e-05,1e-06,1.834942715242505,0.14114943963403886,0.705579973757267,0.4706958197057247,3.0121520031243563,1.4402390867471695,0.03517756052315235,0.22108840011060238,0.11256697028875351,0.02423989586532116,3.9677850200677107,2.6613983312613883,0.3368083642066574,1000,4.458433116269498,3.368204280844801,-0.08431869177576079,286
resnet_layer4,fold3_italy,218,0.5206012067041899,False,6,1e-05,1e-06,1e-05,1e-06,1.8251265659928322,0.14039435123021787,0.7042145635932684,0.4702439494431019,3.0005210395902395,1.4302036762237549,0.035393502563238144,0.22111015394330025,0.11272548325359821,0.02404784969985485,3.970203354212828,2.6512843746166714,0.3359996975439805,1000,4.469964816989216,3.3796240786639187,-0.08993510862382381,286
resnet_layer4,fold3_italy,219,0.497236252902255,False,7,1e-05,1e-06,1e-05,1e-06,1.8276792876422405,0.1405907144340185,0.6886719055473804,0.4714819099754095,2.988784296438098,1.4322689808905125,0.03545457124710083,0.2217420246452093,0.11268956027925014,0.02390434592962265,3.9809978053538786,2.651789195830832,0.3323841333302684,1000,4.465865652162356,3.3755659352143774,-0.08793698325012378,286
resnet_layer4,fold3_italy,220,0.5037349946844716,False,8,1e-05,1e-06,1e-05,1e-06,1.8304396215826273,0.14080304781404826,0.7292716912925243,0.4900190494954586,3.0506803169846535,1.4360017236322165,0.03525990806519985,0.2209734432399273,0.11253415420651436,0.02405659668147564,3.9804724927284654,2.6541812387097683,0.3325603122291564,1000,4.475399826726099,3.380832365418818,-0.09258721419336613,286
resnet_layer4,fold3_italy,221,0.5188788988929964,False,9,1e-05,1e-06,1e-05,1e-06,1.8402929436415434,0.1415609956647341,0.6872117128223181,0.47278437204658985,3.001248301938176,1.44588871486485,0.035227468237280846,0.2211415432393551,0.11245944164693356,0.023970110341906548,3.973766385214161,2.644598381602199,0.334807357978111,1000,4.481107733967801,3.3844402059726075,-0.09537595425906575,286
resnet_layer4,fold3_italy,222,0.5241981842704547,False,10,1e-05,1e-06,1e-05,1e-06,1.8333533853292465,0.1410271834868651,0.7057036645710468,0.4702959395945072,3.01031625084579,1.439064221456647,0.03527773916721344,0.22097790986299515,0.11249755695462227,0.02395053021609783,3.9803427022293993,2.653778407995868,0.3326038376739422,1000,4.480125538467052,3.383356025427886,-0.09489582501886473,286
resnet_layer4,fold3_italy,223,0.5077356869433749,False,11,1e-05,1e-06,1e-05,1e-06,1.822605911642313,0.14020045474171638,0.6884152851998806,0.4733915142714977,2.985358713194728,1.4284513462334871,0.03507548198103905,0.22111708857119083,0.11233629286289215,0.023983709514141083,3.990201508005224,2.649557970338379,0.32929363138696643,1000,4.509182455195331,3.4085029713707478,-0.10914429467595199,286
resnet_layer4,fold3_italy,224,0.5095810801441158,False,12,1e-05,1e-06,1e-05,1e-06,1.827106537297368,0.14054665671518216,0.6774652134627104,0.4603750482201576,2.965901020914316,1.4327801205217838,0.035362210124731064,0.22084761410951614,0.11256927438080311,0.023947682231664658,3.976587566804251,2.644497262767726,0.33386251361059394,1000,4.474921424201532,3.382305742896795,-0.09235364018222825,286
resnet_layer4,fold3_italy,225,0.49484356721344286,True,0,1e-05,1e-06,1e-05,1e-06,1.8097290992736816,0.13920993071336013,0.6846932601183653,0.47112226113677025,2.9665510822087526,1.4058572016656399,0.03526213578879833,0.22096516005694866,0.11970477551221848,0.026318933814764023,3.9650373960339222,2.6584446285510914,0.3377265441718089,1000,4.421486692653241,3.3340871133050234,-0.0664219537136117,286
resnet_layer4,fold3_italy,226,0.5315265565995839,False,1,1e-05,1e-06,1e-05,1e-06,1.8238105345517397,0.14029311804244152,0.7052968237549067,0.4715383592993021,3.001680901274085,1.4203831553459167,0.03538389503955841,0.221229687333107,0.11915448680520058,0.02604065090417862,3.9824081575582118,2.650201169377542,0.3319110156138765,1000,4.4862085270294,3.387823300823957,-0.09787108107624864,286
resnet_layer4,fold3_italy,227,0.4905380931071966,False,2,1e-05,1e-06,1e-05,1e-06,1.6800375618040562,0.12923365860031202,0.7042295634746552,0.47245151177048683,2.857852129265666,1.2728720121085644,0.035909829661250114,0.22144555486738682,0.11984515003859997,0.028410714119672775,3.9748175527281866,2.649639192660661,0.33445538893391236,1000,4.4641182665057055,3.3700736118912076,-0.08708578273884138,286
resnet_layer4,fold3_italy,228,0.5220428823047486,False,3,1e-05,1e-06,1e-05,1e-06,1.7536965049803257,0.13489973115233275,0.6830062791705132,0.46534021385014057,2.90353518165648,1.3478369042277336,0.03567381575703621,0.22134987637400627,0.11978102661669254,0.027420399710536003,3.96820490810575,2.645378711394969,0.336667993209925,1000,4.459416466981626,3.3682489092351386,-0.08479705855508946,286
resnet_layer4,fold3_italy,229,0.49771403723105845,False,4,1e-05,1e-06,1e-05,1e-06,1.6653776969760656,0.12810597669046658,0.6668948102742434,0.4615123402327299,2.7947879787534475,1.2553443312644958,0.03605739213526249,0.22196273691952229,0.1213715486228466,0.029104357585310936,3.984207367094462,2.6463863570571338,0.33130720829085003,1000,4.507689419936667,3.4072487036765255,-0.10840991881172535,286
resnet_layer4,fold3_italy,230,0.5286664261132364,False,5,1e-05,1e-06,1e-05,1e-06,1.8269919976592064,0.1405378459737851,0.7844276148825884,0.514964809641242,3.1273975241929293,1.4141222313046455,0.0365478191524744,0.22279147244989872,0.12207678891718388,0.029855189844965935,3.9568285227902322,2.64635707219868,0.3404659338208875,1000,4.457353147392994,3.3624313691747596,-0.08379344508971709,286
resnet_layer4,fold3_italy,231,0.5073847959681255,False,6,1e-05,1e-06,1e-05,1e-06,1.7187275551259518,0.13220981193276551,0.6539594866335392,0.4601276982575655,2.8338102716952562,1.3094149231910706,0.036188604310154915,0.2216711826622486,0.12136365287005901,0.02853219024837017,3.95965889287825,2.640981385017534,0.33952205003694,1000,4.470041952564653,3.371835386931121,-0.08997272569717096,286
resnet_layer4,fold3_italy,232,0.49818431650107875,False,7,1e-05,1e-06,1e-05,1e-06,1.7080703843384981,0.13139002956449986,0.6976010352373123,0.4873487688601017,2.894009390845895,1.2875980213284492,0.03672241047024727,0.22214899212121964,0.1299610771238804,0.029925916343927383,3.960064712630993,2.6380580299826533,0.33938666022642405,1000,4.458245970914936,3.364339427994337,-0.08422766385550862,286
resnet_layer4,fold3_italy,233,0.5022504258523092,False,8,1e-05,1e-06,1e-05,1e-06,1.9045191872864962,0.1465014759451151,0.6711274366825819,0.4843230750411749,3.060974046587944,1.4950491543859243,0.03602489084005356,0.2221518512815237,0.12121975235641003,0.02853429690003395,3.962769330822854,2.6428207861797417,0.3384839896274745,1000,4.471952959183904,3.37585859851975,-0.09090488264785335,286
resnet_layer4,fold3_italy,234,0.5103731756032814,False,9,1e-05,1e-06,1e-05,1e-06,1.6339446511119604,0.1256880500855354,0.6596382632851601,0.45928096771240234,2.7538713440299034,1.2250532004982233,0.03624382242560387,0.22173018008470535,0.12079251557588577,0.02855290286242962,3.9487375939851126,2.639656935589501,0.3431604086328953,1000,4.448258073905529,3.355508557545964,-0.07937507208411398,286
resnet_layer4,fold3_italy,235,0.5092198795164351,False,10,1e-05,1e-06,1e-05,1e-06,1.6331303995102644,0.1256254153469434,0.6605182066559792,0.45971972681581974,2.7543789129704237,1.2246534898877144,0.035959552973508835,0.22152460739016533,0.12077785842120647,0.028670061379671097,3.9582266707447484,2.643144912341919,0.3399997578836692,1000,4.469817282634107,3.373259995135278,-0.08986316165053099,286
resnet_layer4,fold3_italy,236,0.5223773972672889,False,11,1e-05,1e-06,1e-05,1e-06,1.6232311502099037,0.12486393463153106,0.6596279740333557,0.4592031594365835,2.7430509608238935,1.214362045750022,0.03612927719950676,0.22182380594313145,0.12088781408965588,0.02848495915532112,3.9623615462355803,2.6425907455283912,0.3386201278334947,1000,4.475785888342206,3.376975387777104,-0.09277572212343554,286
resnet_layer4,fold3_italy,237,0.5205054247945509,False,12,1e-05,1e-06,1e-05,1e-06,1.6308644469827414,0.12545111130636472,0.6645121090114117,0.4609883688390255,2.757365707308054,1.22097909450531,0.03643864020705223,0.22167226299643517,0.12135511636734009,0.0288239698857069,3.9642499671032994,2.642297351601318,0.3379895638836279,1000,4.476324496044876,3.3761805391822395,-0.0930387431213402,286
resnet_layer4,fold3_italy,238,0.48264289170082786,False,13,1e-05,1e-06,1e-05,1e-06,1.630281437188387,0.12540626439910668,0.695594685152173,0.46450686268508434,2.791364325210452,1.2220903355628252,0.03597934730350971,0.22147997841238976,0.12079143337905407,0.02834727242588997,3.9545820706650385,2.6446619626952415,0.34121460974178186,1000,4.458626515854991,3.360333292044664,-0.08441276578267431,286
resnet_layer4,fold3_italy,239,0.5051056823773317,False,14,1e-05,1e-06,1e-05,1e-06,1.708193264901638,0.13139948191551062,0.6851810123771429,0.46938421949744225,2.8637504149228334,1.2979093696922064,0.03621506318449974,0.22218894958496094,0.12130352295935154,0.02885662391781807,3.9446833787484588,2.63096118382714,0.34450848607040685,1000,4.454004136947655,3.3579274626550832,-0.08216545112389562,286
resnet_layer4,fold3_italy,240,0.48959360027802923,True,0,1e-05,1e-06,1e-05,1e-06,1.6775394510477781,0.12904149623444447,0.679398825392127,0.4646074138581753,2.8225347008556128,1.2717140056192875,0.035906270146369934,0.2214676309376955,0.11882951855659485,0.028059085831046104,3.9344566026193677,2.6385151971511758,0.34790286512283597,1000,4.415776879419765,3.326572335315381,-0.06366942319193303,286
resnet_layer4,fold3_italy,241,0.4877192182550075,False,1,1e-05,1e-06,1e-05,1e-06,1.7128310594707727,0.1317562353439056,0.6849234718829393,0.46623143553733826,2.8650186583399773,1.3066308852285147,0.0359705425798893,0.22174469754099846,0.11873506009578705,0.028166430070996284,3.934499141994163,2.627629597449763,0.34788876408821456,1000,4.430136583861579,3.339134647360877,-0.07059858367829808,286
resnet_layer4,fold3_italy,242,0.4939537732377744,False,2,1e-05,1e-06,1e-05,1e-06,1.7163009531795979,0.13202315024458444,0.6963959038257599,0.47183153219521046,2.8855191115289927,1.3096350859850645,0.035795699805021286,0.2215341031551361,0.11937906965613365,0.028249554336071014,3.942239187843751,2.6377557053702585,0.3453205411250244,1000,4.458911718303288,3.359125237416665,-0.0845515022596337,286
resnet_layer4,fold3_italy,243,0.4916892415139733,False,3,1e-05,1e-06,1e-05,1e-06,2.00703146122396,0.15438703547876614,0.8171630706638098,0.5227603483945131,3.347933432087302,1.599098190665245,0.03587851859629154,0.2225330751389265,0.11944075301289558,0.028506387025117874,3.939181375542876,2.6262570413499806,0.34633575629673974,1000,4.4708102292878635,3.3707961428066175,-0.09034743029547054,286
resnet_layer4,fold3_italy,244,0.5073458544709104,False,4,1e-05,1e-06,1e-05,1e-06,1.7403378300368786,0.13387214077206758,0.6795389857143164,0.46395340375602245,2.8848743811249733,1.334683645516634,0.03591110184788704,0.22147386707365513,0.11876169219613075,0.02791302092373371,3.9602954353687787,2.630160882389262,0.3393096801922263,1000,4.510410560697716,3.404015036807347,-0.10974854243904741,286
resnet_layer4,fold3_italy,245,0.4988650048345289,False,5,1e-05,1e-06,1e-05,1e-06,1.6998417172580957,0.13075705517369968,0.6827566586434841,0.4633437432348728,2.8468930702656507,1.294417317956686,0.03570880368351936,0.22141373343765736,0.1187746450304985,0.027966642752289772,3.946802020427423,2.6273171655477716,0.34380418387472356,1000,4.480966471503746,3.379029141164497,-0.09530689407278614,286
resnet_layer4,fold3_italy,246,0.5003764161861601,False,6,1e-05,1e-06,1e-05,1e-06,1.7043263111263514,0.13110202393279627,0.680671326816082,0.4646893832832575,2.850639123469591,1.2988895811140537,0.03585273027420044,0.22139348834753036,0.11877758428454399,0.027880124747753143,3.9622344911001712,2.6283202099731104,0.3386625421164796,1000,4.519817336664949,3.4145014133665503,-0.11438228545295792,286
resnet_layer4,fold3_italy,247,0.5117289569511034,False,7,1e-05,1e-06,1e-05,1e-06,1.7006358057260513,0.13081813890200394,0.6778355129063129,0.46417456306517124,2.8436065558344126,1.295521354302764,0.0358623880892992,0.22143771313130856,0.11861684173345566,0.02765088900923729,3.93828197748258,2.628800840629857,0.34663421284461515,1000,4.4761357138791915,3.379924635022778,-0.09294655057805246,286
resnet_layer4,fold3_italy,248,0.4827845820796046,False,8,1e-05,1e-06,1e-05,1e-06,1.6995935775339603,0.13073796750261232,0.6785479038953781,0.4638828933238983,2.8429764229804277,1.2931381668895483,0.035822317004203796,0.22201970033347607,0.11914885975420475,0.027889607474207878,3.935944282925536,2.6224261084850924,0.34740963539856784,1000,4.477785012490558,3.382154857159935,-0.09375212370625463,286
resnet_layer4,fold3_italy,249,0.48359467481311996,False,9,1e-05,1e-06,1e-05,1e-06,1.7019645981490612,0.13092035370377395,0.6783097442239523,0.46378731168806553,2.8450042363256216,1.2966684959828854,0.03561755642294884,0.22162183560431004,0.11879395507276058,0.02770492434501648,3.9401413164320016,2.6265461683664753,0.3460171340091187,1000,4.4879423550364805,3.3914731481606335,-0.09871985457966459,286
resnet_layer4,fold3_italy,250,0.527952899369716,False,10,1e-05,1e-06,1e-05,1e-06,1.7025073487311602,0.13096210374855077,0.6821410097181797,0.4643536638468504,2.8499292321503162,1.2971228156238794,0.035957060754299164,0.22142772935330868,0.11872883513569832,0.027668604627251625,3.934970166421253,2.636050068382194,0.3477326178056581,1000,4.467020105736702,3.3685339223417983,-0.08849953267508592,286
resnet_layer4,fold3_italy,251,0.48233472107310654,False,11,1e-05,1e-06,1e-05,1e-06,1.7130333315581083,0.1317717947352391,0.6769757531583309,0.4634707123041153,2.85439813695848,1.3063948899507523,0.03571506217122078,0.22212200798094273,0.11938763596117496,0.027855578809976578,3.922018389840669,2.6251179056993923,0.3520193686107873,1000,4.444319576270462,3.353585973727573,-0.07746455604647484,286
resnet_layer4,fold3_italy,252,0.5025957235169809,False,12,1e-05,1e-06,1e-05,1e-06,1.7038194499909878,0.13106303461469138,0.6788504850119352,0.4634370729327202,2.8470412082970142,1.297880420461297,0.03578866086900234,0.22183747217059135,0.11896832473576069,0.027744317427277565,3.9233192114568944,2.625400224035313,0.35158946394816337,1000,4.450574514962307,3.3607581946098155,-0.0804995391055725,286
resnet_layer4,fold3_italy,253,0.49114177216308263,False,13,1e-05,1e-06,1e-05,1e-06,1.8665743842720985,0.14358264494400758,0.6802696753293276,0.46373487263917923,3.0114996042102575,1.4610010255128145,0.03596973046660423,0.22163456492125988,0.11887350492179394,0.027549955993890762,3.944479086855277,2.614636975952017,0.34457637904021077,1000,4.50756168483725,3.407155242378843,-0.10834710133165637,286
resnet_layer4,fold3_italy,254,0.5062537367750959,False,14,1e-05,1e-06,1e-05,1e-06,1.699999986216426,0.13076922970895583,0.6802483163774014,0.464242622256279,2.8454434275627136,1.29510379396379,0.035617878660559654,0.22134388983249664,0.11873437277972698,0.027641689404845238,3.940761601355244,2.6340964155574973,0.3458112085816538,1000,4.4762111444706365,3.377721587211475,-0.09298338694970831,286
resnet_layer4,fold3_italy,255,0.5056042114944604,False,15,1e-05,1e-06,1e-05,1e-06,1.7913936488330364,0.13779951144869512,0.67951431684196,0.4633957613259554,2.935254156589508,1.3788465727120638,0.03597549721598625,0.22152945026755333,0.12497762963175774,0.028403250500559807,3.9322694482340252,2.622829550606105,0.3486276618769708,1000,4.481606999819648,3.382376997258414,-0.09562005206125757,286
resnet_layer4,fold3_italy,256,0.4933193677197066,False,16,1e-05,1e-06,1e-05,1e-06,1.7009407561272383,0.13084159662517217,0.6804156359285116,0.4638497233390808,2.846143366768956,1.2962228655815125,0.035663019865751266,0.2212008610367775,0.11873129568994045,0.027578579261898994,3.9147830121391434,2.625009476768929,0.35440796527556784,1000,4.435490414496094,3.3457567485998845,-0.07318778915090607,286
resnet_layer4,fold3_italy,257,0.5245555523730365,False,17,1e-05,1e-06,1e-05,1e-06,1.6912254355847836,0.13009426427575257,0.6788546647876501,0.4638970233500004,2.8349258359521627,1.2861619126051664,0.035650718957185745,0.22149642184376717,0.11874238774180412,0.02758060395717621,3.920786113274523,2.6342064176810576,0.3524264885308034,1000,4.436232892120759,3.341910523744449,-0.07354711113679291,286
resnet_layer4,fold3_italy,258,0.48467133998564793,False,18,1e-05,1e-06,1e-05,1e-06,1.703119721263647,0.13100920932797286,0.6817160584032536,0.4635150320827961,2.849303310737014,1.2978136632591486,0.035805635154247284,0.22119530104100704,0.11907459795475006,0.027690032497048378,3.934860195281816,2.6190472833425575,0.3477690753043794,1000,4.486844570869368,3.3871193718738315,-0.09818241017975371,286
resnet_layer4,fold3_italy,259,0.5228664338665229,False,19,1e-05,1e-06,1e-05,1e-06,1.7088344059884548,0.13144880046065038,0.6814164686948061,0.4632956814020872,2.8544822558760643,1.3036570493131876,0.035934677347540855,0.22145857848227024,0.11865674331784248,0.027537930756807327,3.922924827880202,2.6193614039774107,0.3517198176612335,1000,4.459184591322147,3.3654042492238596,-0.0846842494036586,286
resnet_layer4,fold3_italy,260,0.4682590369618138,False,20,1e-05,1e-06,1e-05,1e-06,1.697528762742877,0.1305791355956059,0.6802911683917046,0.46397317200899124,2.8427438139915466,1.2925225775688887,0.03590448200702667,0.2213106583803892,0.11870857886970043,0.027526715770363808,3.9128196318874484,2.619098320687863,0.35505537014705535,1000,4.4403485863180014,3.3493133963633714,-0.07553999171555725,286
resnet_layer4,fold3_italy,261,0.5222007222138871,False,21,1e-05,1e-06,1e-05,1e-06,1.6995745040476322,0.13073650031135634,0.6815615482628345,0.46358270198106766,2.845651775598526,1.2944980785250664,0.035561488941311836,0.22152981907129288,0.11877493374049664,0.027664942666888237,3.9267796719587387,2.6232195786112404,0.35044513259506105,1000,4.470557607126,3.3732212195555236,-0.09022421408682302,286
resnet_layer4,fold3_italy,262,0.5120363957003543,False,22,1e-05,1e-06,1e-05,1e-06,1.7075454648584127,0.13134965114295483,0.685843562707305,0.4630209133028984,2.8573636300861835,1.3013746701180935,0.03594162315130234,0.22152825631201267,0.11949659325182438,0.02764979936182499,3.9306216032889436,2.619174782465761,0.3491734717352434,1000,4.484370875543243,3.3872509855222157,-0.09697184012295956,286
resnet_layer4,fold3_italy,263,0.4841705779515121,False,23,1e-05,1e-06,1e-05,1e-06,1.6926638670265675,0.1302049128481975,0.67833043448627,0.46389274299144745,2.8358218669891357,1.2874802704900503,0.03597036376595497,0.22136671654880047,0.11868903413414955,0.02759821154177189,3.9269126472256213,2.614914195921314,0.35040113919510096,1000,4.483014776516083,3.3829642337833654,-0.0963084795059137,286
resnet_layer4,fold3_italy,264,0.4863677850430676,False,24,1e-05,1e-06,1e-05,1e-06,1.7001517862081528,0.13078090663139635,0.6809204779565334,0.46327631175518036,2.845298318192363,1.2942419797182083,0.03586870618164539,0.2218425814062357,0.1190126147121191,0.027625512331724167,3.940191818901861,2.608813847101482,0.34600036914766263,1000,4.524916522498576,3.4202655758224845,-0.11689816048070667,286
resnet_layer4,fold3_italy,265,0.47827276285254755,False,25,1e-05,1e-06,1e-05,1e-06,1.698064185678959,0.13062032197530454,0.6790301762521267,0.46358656138181686,2.8416303116828203,1.2931982707232237,0.03558006323873997,0.22133856266736984,0.1187409833073616,0.027643395587801933,3.941433164518103,2.6058498734822817,0.34558822299036185,1000,4.5289834548339485,3.4225980479530707,-0.11890676794203459,286
resnet_layer4,fold4_alpine,1,0.7864031716876271,True,0,1e-05,1e-06,1e-05,1e-06,1.658809170126915,0.13823409751057625,0.7305807545781136,0.4127954263240099,2.803021911531687,1.259864578023553,0.03418098948895931,0.20676219277083874,0.12932690232992172,0.027086513116955757,5.71723510611504,4.19382432940635,-0.04485942553103772,1000,2.4647043581223587,2.009054454086695,-0.9043149806791528,253
resnet_layer4,fold4_alpine,2,0.7864733137505442,False,1,1e-05,1e-06,1e-05,1e-06,1.6078600324690342,0.1339883360390862,0.684457790106535,0.40915821120142937,2.7024574875831604,1.2308411188423634,0.0339911300688982,0.20618512108922005,0.1097689550369978,0.025563083589076996,5.733444276901937,4.210563609253992,-0.050792472877438044,1000,2.476002922069546,2.038235714696751,-0.9218143134569636,253
resnet_layer4,fold4_alpine,3,0.7933133534812667,False,2,1e-05,1e-06,1e-05,1e-06,1.612150376662612,0.13434586472188434,0.6874095238745213,0.4108412340283394,2.7115056980401278,1.2347435262054205,0.034200526773929596,0.20625524781644344,0.10973133519291878,0.02566373348236084,5.7305232793043075,4.216294313073132,-0.04972205856028333,1000,2.465716005314136,2.0601853860814403,-0.905878568023541,253
resnet_layer4,fold4_alpine,4,0.8018603788391467,True,0,1e-05,1e-06,1e-05,1e-06,1.6058422904461622,0.13382019087051353,0.6849583443254232,0.4093745220452547,2.701294854283333,1.2285309303551912,0.03415427543222904,0.20641930401325226,0.10969564877450466,0.025508884340524673,5.723189209562997,4.201844650808778,-0.04703685586831852,1000,2.4033985639203967,2.0145760542029456,-0.8107592505565702,253
resnet_layer4,fold4_alpine,5,0.7940389212286977,True,0,1e-05,1e-06,1e-05,1e-06,1.5993112232536077,0.133275935271134,0.6825709007680416,0.40986342169344425,2.692737204954028,1.2219627797603607,0.033991215750575066,0.20638004876673222,0.10976323112845421,0.025694726034998894,5.702476683864921,4.174104455113766,-0.03947200550567076,1000,2.342805773093631,1.9703481544488761,-0.720607013945646,253
resnet_layer4,fold4_alpine,6,0.7980123372878092,True,0,1e-05,1e-06,1e-05,1e-06,1.6111276783049107,0.13426063985874256,0.6857582330703735,0.41047806292772293,2.7083610147237778,1.2344592418521643,0.033501364290714264,0.2062545046210289,0.10978296399116516,0.02563304826617241,5.679686172079718,4.14522268777252,-0.03117990353267741,1000,2.2938319244778302,1.9296871952443688,-0.6494239767669865,253
resnet_layer4,fold4_alpine,7,0.7471246576244152,True,0,1e-05,1e-06,1e-05,1e-06,1.5931414887309074,0.13276179072757563,0.6855725739151239,0.41065116226673126,2.6903312541544437,1.216228948906064,0.03366309590637684,0.20632928423583508,0.10984470881521702,0.025581009685993195,5.65825364588782,4.121744754757934,-0.023412188730027816,1000,2.2560557218492714,1.9048372081865828,-0.5955439144225312,253
resnet_layer4,fold4_alpine,8,0.8220915228413039,False,1,1e-05,1e-06,1e-05,1e-06,1.6120889279991388,0.13434074399992824,0.6847619116306305,0.4097523223608732,2.7075814437121153,1.235089359804988,0.03382124938070774,0.20632530190050602,0.10976013354957104,0.02563292719423771,5.632090451914972,4.0974486099163805,-0.013969760327541048,1000,2.2596576503138412,1.910779565531167,-0.6006427448542797,253
resnet_layer4,fold4_alpine,9,0.7450035516106578,True,0,1e-05,1e-06,1e-05,1e-06,1.6158641204237938,0.13465534336864948,0.686652535572648,0.41074466332793236,2.714375151321292,1.2375240288674831,0.03429999575018883,0.20655911229550838,0.11027873493731022,0.02566523663699627,5.610413003006407,4.0773970662205,-0.006179410464024926,1000,2.2386548064478653,1.8984382278018874,-0.5710260329788057,253
resnet_layer4,fold4_alpine,10,0.7571168032056801,False,1,1e-05,1e-06,1e-05,1e-06,1.604069959372282,0.13367249661435684,0.6837962307035923,0.41230609454214573,2.701224286109209,1.2268234267830849,0.03380458243191242,0.2065511755645275,0.10982736013829708,0.025560112670063972,5.57949275181464,4.051793242725566,0.004880591481846386,1000,2.2405155161245904,1.9059498866678228,-0.5736387075062452,253
resnet_layer4,fold4_alpine,11,0.7919491006602695,True,0,1e-05,1e-06,1e-05,1e-06,1.602292375639081,0.1335243646365901,0.6862238645553589,0.41094009205698967,2.70055016502738,1.2273197676986456,0.03385787829756737,0.2062989603728056,0.10767493955790997,0.02563329041004181,5.543579465872101,4.0217396491734005,0.017649849471712886,1000,2.2262968604474045,1.8988223808905638,-0.5537289777118546,253
resnet_layer4,fold4_alpine,12,0.7826687424439851,False,1,1e-05,1e-06,1e-05,1e-06,1.60568692907691,0.1338072440897425,0.6898675989359617,0.410903112962842,2.7074233926832676,1.235480958595872,0.03390435129404068,0.20642858929932117,0.10288026928901672,0.02550620026886463,5.517523357935329,3.9982159766429306,0.026862693853254904,1000,2.2317998087557642,1.9055901088729752,-0.5614194680814129,253
resnet_layer4,fold4_alpine,13,0.7308202844524774,True,0,1e-05,1e-06,1e-05,1e-06,1.6012076660990715,0.13343397217492262,0.7183862999081612,0.42348987609148026,2.7441937047988176,1.2314817365258932,0.03380575031042099,0.20614307932555676,0.10288844257593155,0.025418611243367195,5.505134357683775,3.981162797615603,0.031227936048552785,1000,2.1980854514516217,1.87676193468237,-0.5146010774798813,253
resnet_layer4,fold4_alpine,14,0.7390079412909192,False,1,1e-05,1e-06,1e-05,1e-06,1.61811619438231,0.13484301619852582,0.6859409715980291,0.41037045419216156,2.7155044432729483,1.247867874801159,0.03398444689810276,0.20628980174660683,0.10294840671122074,0.025524890050292015,5.473247985213091,3.9602064384216433,0.042417913925266726,1000,2.225199577671465,1.906676589661337,-0.5521977714016031,253
resnet_layer4,fold4_alpine,15,0.7399464624477766,False,2,1e-05,1e-06,1e-05,1e-06,1.6065248027443886,0.13387706689536572,0.687936095520854,0.4107007123529911,2.7062845211476088,1.2362100630998611,0.03407793678343296,0.2064086366444826,0.10289114154875278,0.025451011955738068,5.453725977878401,3.9414984138513334,0.049236748287694754,1000,2.2130478343834405,1.892237522239895,-0.5352910571451079,253
resnet_layer4,fold4_alpine,16,0.7850305560828882,False,3,1e-05,1e-06,1e-05,1e-06,1.6085602845996618,0.13404669038330516,0.6900042276829481,0.4106093533337116,2.710296895354986,1.2381813414394855,0.03402274660766125,0.2063319068402052,0.10304532386362553,0.02547036111354828,5.429724966946716,3.92475673258641,0.05758666070263785,1000,2.212557918442073,1.89343674189672,-0.5346113788333029,253
resnet_layer4,fold4_alpine,17,0.7383532371234763,False,4,1e-05,1e-06,1e-05,1e-06,1.6091611739248037,0.13409676449373364,0.6861745938658714,0.4117397740483284,2.7081786431372166,1.238787217065692,0.03391614928841591,0.20633403211832047,0.10306242480874062,0.025508349761366844,5.404724122954664,3.9069795884648966,0.06624525247671842,1000,2.2051026874527446,1.889152672585602,-0.5242870323904665,253
resnet_layer4,fold4_alpine,18,0.7313713645219477,True,0,1e-05,1e-06,1e-05,1e-06,1.611025607213378,0.13425213393444815,0.6870277151465416,0.4105054419487715,2.7096772734075785,1.2409494668245316,0.034153660759329796,0.20612486079335213,0.10281161405146122,0.025477921590209007,5.3840744255148625,3.8882631903835208,0.0733667698456465,1000,2.195055943431973,1.877507756183419,-0.510428961183147,253
resnet_layer4,fold4_alpine,19,0.7240082745174756,True,0,1e-05,1e-06,1e-05,1e-06,1.6185873951762915,0.13488228293135762,0.6967776846140623,0.4103055540472269,2.7266601137816906,1.248794598504901,0.03343152813613415,0.2062586173415184,0.1030671875923872,0.025554636493325233,5.3556188114584,3.86544904154047,0.08313566839973174,1000,2.1753203688244933,1.8574777784871772,-0.4833907642437272,253
resnet_layer4,fold4_alpine,20,0.6977449607556383,True,0,1e-05,1e-06,1e-05,1e-06,1.6013517137616873,0.13344597614680728,0.698882607743144,0.4108160734176636,2.7120546400547028,1.2303475849330425,0.03381358087062836,0.2064538113772869,0.10343778692185879,0.02582905814051628,5.337782912857251,3.848185947382412,0.08923239385271065,1000,2.1732424240734307,1.8558641151433861,-0.48055814070511627,253
resnet_layer4,fold4_alpine,21,0.739440079763186,False,1,1e-05,1e-06,1e-05,1e-06,1.5586733482778072,0.12988944568981728,0.664219269528985,0.404164245352149,2.628045393154025,1.1770120523869991,0.03390601649880409,0.2063470371067524,0.11372296139597893,0.026211250573396683,5.328380815427512,3.839908427803186,0.09243806342080751,1000,2.1821846515657057,1.8664026056151035,-0.4927672949005917,253
resnet_layer4,fold4_alpine,22,0.7347809648774005,True,0,1e-05,1e-06,1e-05,1e-06,1.5589725971221924,0.12991438309351602,0.6674083638936281,0.4050290659070015,2.632514838129282,1.178786588832736,0.034148477017879486,0.20674619264900684,0.11181332357227802,0.02597077377140522,5.3092620218116116,3.8205453114993553,0.09893923534153604,1000,2.1697721477276253,1.8532985740534045,-0.4758335470281625,253
resnet_layer4,fold4_alpine,23,0.6997451307340988,True,0,1e-05,1e-06,1e-05,1e-06,1.5349237713962793,0.12791031428302327,0.6598601434379816,0.40432372502982616,2.6000869516283274,1.1553757432848215,0.034174203872680664,0.20627432130277157,0.11178802140057087,0.025846729055047035,5.300309346629939,3.812904052254708,0.10197547764966997,1000,2.1676420577400255,1.8513538351141112,-0.47293728422688197,253
resnet_layer4,fold4_alpine,24,0.733861019308863,False,1,1e-05,1e-06,1e-05,1e-06,1.5347526110708714,0.1278960509225726,0.6626781057566404,0.4042801056057215,2.602697903290391,1.1530673000961542,0.03441738896071911,0.20630517788231373,0.11319858767092228,0.02621401846408844,5.276769416001474,3.795900111834633,0.10993444417699516,1000,2.182913808039548,1.8668531705638025,-0.49376504986667746,253
resnet_layer4,fold4_alpine,25,0.7181379087625064,False,2,1e-05,1e-06,1e-05,1e-06,1.534212188795209,0.1278510157329341,0.6689875237643719,0.405217207968235,2.609523141756654,1.1547161769121885,0.034358397126197815,0.20622459426522255,0.11150691471993923,0.025866873562335968,5.254925458374464,3.778556180533463,0.11728830412826541,1000,2.188268635265135,1.8719564149246064,-0.5011026410974109,253
resnet_layer4,fold4_alpine,26,0.7238291945171226,False,3,1e-05,1e-06,1e-05,1e-06,1.6292260587215424,0.1357688382267952,0.6690647341310978,0.4047054275870323,2.704099690541625,1.2404352389276028,0.03453942574560642,0.2065533995628357,0.11880297400057316,0.027254095301032066,5.2387465899546015,3.7619838973814264,0.12271532374669736,1000,2.177603056409234,1.862507852877302,-0.4865056105463703,253
resnet_layer4,fold4_alpine,27,0.7258776846719146,False,4,1e-05,1e-06,1e-05,1e-06,1.538534076884389,0.1282111730736991,0.6710641458630562,0.4058603495359421,2.6166041903197765,1.1592424288392067,0.033963289111852646,0.20642437227070332,0.11163023859262466,0.025794578716158867,5.217919332483288,3.7456493326921,0.12967695603425067,1000,2.1818781172102772,1.8654397117966641,-0.4923479423756143,253
resnet_layer4,fold4_alpine,28,0.7190594386111178,False,5,1e-05,1e-06,1e-05,1e-06,1.6525479443371296,0.1377123286947608,0.666930491104722,0.405085826292634,2.7256665527820587,1.2731677182018757,0.03412392921745777,0.20620866864919662,0.11158834956586361,0.025933267548680305,5.196054050539272,3.7264397757326257,0.1369557144676341,1000,2.186178840785758,1.8691832708798746,-0.49823690692958555,253
resnet_layer4,fold4_alpine,29,0.6997244906945899,False,6,1e-05,1e-06,1e-05,1e-06,1.552233850583434,0.12935282088195285,0.6732525583356619,0.40593824721872807,2.6325213592499495,1.1730956807732582,0.03414436802268028,0.20619798637926579,0.11155455186963081,0.025774581357836723,5.1903012425137245,3.7235264109012114,0.1388656944583797,1000,2.1901046252940817,1.8725978195405715,-0.503622592810451,253
resnet_layer4,fold4_alpine,30,0.7052410730398369,False,7,1e-05,1e-06,1e-05,1e-06,1.548674276098609,0.12905618967488408,0.6691541653126478,0.4051123168319464,2.6240570582449436,1.168723214417696,0.03411406837403774,0.20670384354889393,0.11175833456218243,0.025877133011817932,5.184318920037944,3.7149422235764495,0.1408496310439814,1000,2.1710025557014414,1.852521056985682,-0.4775078170467961,253
resnet_layer4,fold4_alpine,31,0.6878111924350994,False,8,1e-05,1e-06,1e-05,1e-06,1.5459350943565369,0.1288279245297114,0.665517108514905,0.40446799620985985,2.617016302421689,1.1666214000433683,0.03431178256869316,0.20624694973230362,0.11152251996099949,0.025743592530488968,5.170518575133706,3.703041328366463,0.14541755630441167,1000,2.1696335154314306,1.8505142249091973,-0.4756449634872699,253
resnet_layer4,fold4_alpine,32,0.7060377730353955,False,9,1e-05,1e-06,1e-05,1e-06,1.5366765316575766,0.12805637763813138,0.6678046435117722,0.4050448648631573,2.610616233199835,1.15772320702672,0.03415307588875294,0.20621526800096035,0.11138278432190418,0.025725938379764557,5.163113875220157,3.6996573259924843,0.1478634987541304,1000,2.182599402813679,1.8638640152885064,-0.4933347866886397,253
resnet_layer4,fold4_alpine,33,0.7052971336070707,False,10,1e-05,1e-06,1e-05,1e-06,1.555626394227147,0.12963553285226226,0.6753358822315931,0.40587256848812103,2.6379297338426113,1.1758260112255812,0.03429102525115013,0.20622707530856133,0.11195762827992439,0.02581465058028698,5.153458224700258,3.6884888044174593,0.15104771619857882,1000,2.181393875601034,1.859679965184187,-0.49168559852518934,253
resnet_layer4,fold4_alpine,34,0.6797567636059219,False,11,1e-05,1e-06,1e-05,1e-06,1.553721072152257,0.12947675601268807,0.6655194312334061,0.4054303076118231,2.625773072242737,1.1738561242818832,0.03415626101195812,0.20630645006895065,0.1121563445776701,0.02575932815670967,5.143400976505897,3.676193598242759,0.1543580341054126,1000,2.1844074213808025,1.8632687272275172,-0.4958099044948041,253
resnet_layer4,fold4_alpine,35,0.6764719465907566,False,12,1e-05,1e-06,1e-05,1e-06,1.552989911288023,0.12941582594066858,0.6672047320753336,0.40579984709620476,2.62709922157228,1.1727230958640575,0.034226277843117714,0.20670761354267597,0.1120732482522726,0.025772597640752792,5.135353894046306,3.669982041695932,0.1570020540198791,1000,2.1856175850427824,1.863826807059167,-0.49746772362978,253
resnet_layer4,fold4_alpine,36,0.6944981420674395,False,13,1e-05,1e-06,1e-05,1e-06,1.5514942705631256,0.1292911892135938,0.6727223694324493,0.40541758574545383,2.6307571064680815,1.1718040518462658,0.034227434545755386,0.20616083592176437,0.11203717440366745,0.02578326314687729,5.111053838643775,3.65290887896952,0.16496116679902062,1000,2.1920696415331857,1.869147515844191,-0.5063219782805852,253
resnet_layer4,fold4_alpine,37,0.6741847129993517,False,14,1e-05,1e-06,1e-05,1e-06,1.5425742994993925,0.12854785829161605,0.6682031732052565,0.4055915270000696,2.6174854319542646,1.1626313123852015,0.03427712805569172,0.2062463015317917,0.1121398601680994,0.025770407170057297,5.1018363507038575,3.6447339098910474,0.1679703387260939,1000,2.1987874703936607,1.8754141530976516,-0.5155686908535433,253
resnet_layer4,fold4_alpine,38,0.6862278542447058,False,15,1e-05,1e-06,1e-05,1e-06,1.5458499435335398,0.12882082862779498,0.6890082564204931,0.4182045925408602,2.6541636753827333,1.1660150866955519,0.03418860770761967,0.20636958628892899,0.11202745698392391,0.02572818659245968,5.093279563036842,3.6359955094830045,0.1707589545303202,1000,2.19938015523039,1.8760515635711137,-0.5163858463601949,253
resnet_layer4,fold4_alpine,39,0.7153404580294517,False,16,1e-05,1e-06,1e-05,1e-06,1.5590346287935972,0.12991955239946643,0.6690533440560102,0.40574705973267555,2.635067243129015,1.1787792686372995,0.03423517569899559,0.20642819441854954,0.11206985451281071,0.026032794266939163,5.091413475231673,3.6275068159678914,0.17136648180488223,1000,2.1822894765998195,1.8573954080506665,-0.492910713690454,253
resnet_layer4,fold4_alpine,40,0.7006681001202634,False,17,1e-05,1e-06,1e-05,1e-06,1.5532605834305286,0.12943838195254406,0.6671433914452791,0.40485784597694874,2.6263851039111614,1.17349361628294,0.03424247168004513,0.20637341402471066,0.1119309514760971,0.025707488879561424,5.076458576674714,3.6147783387931502,0.1762271872643133,1000,2.1963014448602887,1.8716628690348442,-0.512143518986361,253
resnet_layer4,fold4_alpine,41,0.6587902043233301,False,18,1e-05,1e-06,1e-05,1e-06,1.5609596408903599,0.13007997007419667,0.6725458186119795,0.4054798074066639,2.6400908678770065,1.1815243680030107,0.03426134213805199,0.20624730177223682,0.11171572282910347,0.02570655755698681,5.059598068541687,3.607425808115038,0.1816901149183029,1000,2.239978853426785,1.9195757900558137,-0.5728849416461599,253
resnet_layer4,fold4_alpine,42,0.6747173491311431,False,19,1e-05,1e-06,1e-05,1e-06,1.558773897588253,0.1298978247990211,0.6669940035790205,0.4054156467318535,2.6322926189750433,1.17905212379992,0.03433256410062313,0.20631363429129124,0.11185578629374504,0.025724008679389954,5.062541036701199,3.6021898757503914,0.18073788104574184,1000,2.2228664381897874,1.8987192920194378,-0.5489444943854229,253
resnet_layer4,fold4_alpine,43,0.6910522737086714,False,20,1e-05,1e-06,1e-05,1e-06,1.55971534922719,0.12997627910226583,0.6704795267432928,0.40553219616413116,2.6368390135467052,1.17933863773942,0.034508345648646355,0.2062565553933382,0.1122399028390646,0.025829948484897614,5.045909986449386,3.5933868211409745,0.1861117868318043,1000,2.249053890956385,1.9248524945502563,-0.5856555127913439,253
resnet_layer4,fold4_alpine,44,0.6712864850422858,False,21,1e-05,1e-06,1e-05,1e-06,1.554051373153925,0.1295042810961604,0.6664623618125916,0.40571317821741104,2.627345083281398,1.1744577065110207,0.03432724438607693,0.2061236184090376,0.11184412986040115,0.02578667551279068,5.044529025999472,3.5918085427652735,0.18655721437036743,1000,2.2724918467002957,1.947830642907664,-0.6188767479999897,253
resnet_layer4,fold4_alpine,45,0.6907897235426701,False,22,1e-05,1e-06,1e-05,1e-06,1.5538398325443268,0.12948665271202722,0.6671004015952349,0.40472240559756756,2.626776684075594,1.1740296985954046,0.03434266895055771,0.2061538565903902,0.1120484359562397,0.025722751393914223,5.032838317717236,3.583691677292408,0.19032315678435308,1000,2.2741334370346147,1.9499666821741806,-0.6212164635793951,253
resnet_layer4,fold4_alpine,46,0.7026035204265485,False,23,1e-05,1e-06,1e-05,1e-06,1.5531256813555956,0.1294271401129663,0.6726314574480057,0.40619654953479767,2.633056629449129,1.1729753352701664,0.03428690694272518,0.20630255341529846,0.11216342635452747,0.025897663086652756,5.029755246164399,3.5732576423262237,0.191314854463416,1000,2.252599723452163,1.9268612009847292,-0.5906593066326975,253
resnet_layer4,fold4_alpine,47,0.6517469817912269,False,24,1e-05,1e-06,1e-05,1e-06,1.5446691941469908,0.12872243284558257,0.6708929780870676,0.40477336570620537,2.6214728485792875,1.164985055103898,0.034293703734874725,0.20608517341315746,0.11204788275063038,0.025771325454115868,5.028188731571942,3.5650888058590042,0.19181850513604037,1000,2.2315256871780593,1.9046671097348358,-0.5610359278726591,253
resnet_layer4,fold4_alpine,48,0.6768076614175617,False,25,1e-05,1e-06,1e-05,1e-06,1.56084736995399,0.1300706141628325,0.6655118707567453,0.405874527990818,2.6333652399480343,1.1825160067528486,0.0341948289424181,0.20629687421023846,0.11068088188767433,0.025675475597381592,5.01931587129302,3.5597649450644497,0.1946682607491348,1000,2.2467487852904755,1.9222854607756625,-0.5824068308253725,253
resnet_layer4,fold5_north,1,0.7694637324821436,True,0,1e-05,1e-06,1e-05,1e-06,1.836249390617013,0.13116067075835808,0.6565158925950527,0.323085805401206,2.816690107807517,1.379860706627369,0.03930904529988766,0.2399542573839426,0.14464634656906128,0.030719149857759476,5.073711748191143,3.731669007409003,-0.04769441733350921,1000,4.478868485888898,4.040289290277516,-3.4273252114267763,197
resnet_layer4,fold5_north,2,0.7999061260497171,True,0,1e-05,1e-06,1e-05,1e-06,1.8086423091590405,0.1291887363685029,0.6511419154703617,0.333695774897933,2.7944394815713167,1.3665132597088814,0.0392168965190649,0.23989341594278812,0.1309150569140911,0.030396563932299614,5.1199752654705275,3.776120241310013,-0.0668878649748248,1000,4.456427690446499,4.005781596682558,-3.3830712652494057,197
resnet_layer4,fold5_north,3,0.747821932204032,True,0,1e-05,1e-06,1e-05,1e-06,1.8674928359687328,0.13339234542633807,0.6550258900970221,0.3237594738602638,2.8474828209728003,1.4219867922365665,0.038842491805553436,0.239260820671916,0.13470341265201569,0.030944809317588806,5.166233358793307,3.813201140394669,-0.08625324865431572,1000,4.446781255390205,3.9856698120457614,-3.364116508544563,197
resnet_layer4,fold5_north,4,0.7759057973560534,False,1,1e-05,1e-06,1e-05,1e-06,1.8033469952642918,0.12881049966173513,0.6544418577104807,0.3240084555000067,2.782774878665805,1.3631720710545778,0.03920424357056618,0.2390734702348709,0.13020401075482368,0.02997291460633278,5.1654488421003855,3.804987524929583,-0.08592336843285375,1000,4.449060720838177,3.9838081345663996,-3.368591836610462,197
resnet_layer4,fold5_north,5,0.7825844516024065,True,0,1e-05,1e-06,1e-05,1e-06,1.781865419819951,0.1272761014157108,0.6674919240176678,0.3264088686555624,2.7767771631479263,1.3450156636536121,0.03906252607703209,0.23913020454347134,0.12762058340013027,0.029336201027035713,5.1558201781715995,3.78584952334848,-0.08187870697860666,1000,4.40964938065813,3.9447391297115364,-3.2915376044947093,197
resnet_layer4,fold5_north,6,0.756815081007743,True,0,1e-05,1e-06,1e-05,1e-06,1.793074483051896,0.12807674878942116,0.6498025227338076,0.32441069558262825,2.7683206237852573,1.3570858109742403,0.03877483308315277,0.2389149870723486,0.12770255841314793,0.028943905606865883,5.137773998811066,3.7644430857982476,-0.07431847082697951,1000,4.362729763233332,3.90177122041773,-3.2006977019159075,197
resnet_layer4,fold5_north,7,0.8005081894295067,False,1,1e-05,1e-06,1e-05,1e-06,1.7742485702037811,0.1267320407288415,0.6563103515654802,0.32358890399336815,2.7551585864275694,1.3459242787212133,0.038676854223012924,0.23917256481945515,0.12256085127592087,0.026263730600476265,5.103504954265649,3.738182472408105,-0.060034819466108,1000,4.433770736659457,3.9674720694634527,-3.338616555700839,197
resnet_layer4,fold5_north,8,0.771957798152449,False,2,1e-05,1e-06,1e-05,1e-06,1.770135847851634,0.1264382748465453,0.6578122116625309,0.3240224849432707,2.7530285846441984,1.339765278622508,0.03903141804039478,0.23937060125172138,0.12388535775244236,0.026407353579998016,5.067384276510683,3.7082853165334297,-0.04508286847881848,1000,4.464287637267678,3.9991567204043483,-3.398546031304682,197
resnet_layer4,fold5_north,9,0.7542067948710975,False,3,1e-05,1e-06,1e-05,1e-06,1.7808809094130993,0.1272057792437928,0.6651096623390913,0.3256319370120764,2.772664288058877,1.3522390499711037,0.03870321437716484,0.2393789365887642,0.12281600758433342,0.026093533262610435,5.043848688675273,3.6752514304334043,-0.03539758768467416,1000,4.416724806503031,3.957589181485975,-3.3053204764813833,197
resnet_layer4,fold5_north,10,0.790073211683611,False,4,1e-05,1e-06,1e-05,1e-06,1.7738018408417702,0.12670013148869788,0.6555664911866188,0.32421192340552807,2.7546125277876854,1.345103908330202,0.03901733458042145,0.23898299783468246,0.12284070812165737,0.026201272383332253,5.028658132325259,3.6658906654367525,-0.029170366383812985,1000,4.377856911083926,3.913931483391222,-3.229878854348706,197
resnet_layer4,fold5_north,11,0.7334386732019306,False,5,1e-05,1e-06,1e-05,1e-06,1.778986157849431,0.12707043984638794,0.6577731221914291,0.3252475466579199,2.7630422357469797,1.3512684851884842,0.03867897018790245,0.23888237215578556,0.12231463566422462,0.026203161105513573,4.999521519790127,3.6386227140563308,-0.017278659006406016,1000,4.406026609183057,3.9434384175520285,-3.2844890288787667,197
resnet_layer4,fold5_north,12,0.7688603800449645,False,6,1e-05,1e-06,1e-05,1e-06,1.7774812653660774,0.1269629475261484,0.6588690839707851,0.32434054650366306,2.761718984693289,1.3490964863449335,0.03888237290084362,0.23879416845738888,0.12301595881581306,0.02604866214096546,4.978641317382406,3.604623441276006,-0.008799196173268298,1000,4.373570342846694,3.9103902982022705,-3.221599557914698,197
resnet_layer4,fold5_north,13,0.7523826269441815,True,0,1e-05,1e-06,1e-05,1e-06,1.7773001547902822,0.12695001105644874,0.6646214593201876,0.3243727833032608,2.767318330705166,1.3492172826081514,0.038775768131017685,0.23897615261375904,0.12249846011400223,0.0261676162481308,4.960250911752578,3.5851618998872206,-0.0013602341876053359,1000,4.361012883756269,3.903340607913571,-3.1973921235436755,197
resnet_layer4,fold5_north,14,0.7601759000258013,True,0,1e-05,1e-06,1e-05,1e-06,1.7794787473976612,0.12710562481411866,0.6568737905472517,0.32385875657200813,2.7611814346164465,1.3513779528439045,0.038816651329398155,0.2388695888221264,0.12250757776200771,0.02627803198993206,4.954583348628653,3.579947284982332,0.0009267590174021345,1000,4.342650752271209,3.88789900375809,-3.1621201308767732,197
resnet_layer4,fold5_north,15,0.7787684550125633,False,1,1e-05,1e-06,1e-05,1e-06,1.8118491545319557,0.12941779675228254,0.6605531554669142,0.32631050795316696,2.799841048195958,1.3800008576363325,0.03909602016210556,0.23906475119292736,0.1251354031264782,0.02683218941092491,4.926930429558922,3.5636954708969464,0.012047853046290635,1000,4.347037828817343,3.8861319713260754,-3.170533776743718,197
resnet_layer4,fold5_north,16,0.7235304232704582,True,0,1e-05,1e-06,1e-05,1e-06,1.7680673338472843,0.1262905238462346,0.6558156404644251,0.32360302470624447,2.7485191002488136,1.3402447625994682,0.038651496171951294,0.23893359303474426,0.1225296575576067,0.026040589436888695,4.912549237955604,3.5523175423620716,0.017806892512296613,1000,4.326996111058661,3.865238831611128,-3.132166509889064,197
resnet_layer4,fold5_north,17,0.7237095088479621,False,1,1e-05,1e-06,1e-05,1e-06,1.7714329697191715,0.12653092640851224,0.6539324875921011,0.3230131734162569,2.749364322051406,1.3429054524749517,0.03892249055206776,0.23923643119633198,0.12255428917706013,0.026165952906012535,4.8971345291816135,3.5376132429992633,0.023961117667103404,1000,4.33956122514319,3.8777248484706672,-3.1562000559720342,197
resnet_layer4,fold5_north,18,0.7355105483360838,False,2,1e-05,1e-06,1e-05,1e-06,1.7740880325436592,0.12672057375311852,0.6562493201345205,0.32323609478771687,2.7546245474368334,1.3447861801832914,0.03891349770128727,0.23963937908411026,0.12292198836803436,0.0261729434132576,4.8888341321804445,3.5186138818742783,0.027266987390430097,1000,4.3346223426086254,3.874126713133205,-3.1467450434230377,197
resnet_layer4,fold5_north,19,0.7257166136965227,False,3,1e-05,1e-06,1e-05,1e-06,1.7707077283412218,0.1264791234529444,0.6567802615463734,0.3234248161315918,2.7519521266222,1.3417218942195177,0.0385702271014452,0.2390994429588318,0.12337396666407585,0.02631300874054432,4.860555021406947,3.5126581460076602,0.038487848960388926,1000,4.363024671220446,3.9021306763662142,-3.201265631281826,197
resnet_layer4,fold5_north,20,0.7051965032468002,True,0,1e-05,1e-06,1e-05,1e-06,1.7832517623901367,0.12737512588500977,0.6537225972861052,0.3235769048333168,2.761575745418668,1.3460079059004784,0.038869237527251244,0.23935800604522228,0.12780304811894894,0.02951846458017826,4.870783531259692,3.509851269365975,0.034436795268194986,1000,4.268770987401658,3.8009170213963306,-3.0217078262944286,197
resnet_layer4,fold5_north,21,0.7139097646092684,False,1,1e-05,1e-06,1e-05,1e-06,1.9284132774919271,0.13774380553513765,0.6592234745621681,0.32460689544677734,2.9132198374718428,1.4908731933683157,0.03866724297404289,0.23974872380495071,0.1280744317919016,0.029378749430179596,4.840049384248305,3.4862300198376515,0.046583562119938526,1000,4.320545316192945,3.856610531713445,-3.1198550179051088,197
resnet_layer4,fold5_north,22,0.7037539348077546,False,2,1e-05,1e-06,1e-05,1e-06,1.793163912370801,0.12808313659791434,0.6579966638237238,0.32375552505254745,2.7759376019239426,1.3567175194621086,0.03873440623283386,0.23929733783006668,0.12740164250135422,0.029346125200390816,4.83047526679372,3.475050562689505,0.05035174382741048,1000,4.317880532509831,3.8505150773867496,-3.1147745773530646,197
resnet_layer4,fold5_north,23,0.7375899750079835,False,3,1e-05,1e-06,1e-05,1e-06,1.7860132437199354,0.12757237455142395,0.660671865567565,0.32481679506599903,2.7725262586027384,1.3496284559369087,0.03870143182575703,0.23916969634592533,0.12743875570595264,0.029422016814351082,4.837765234790433,3.4745890636040886,0.04748323549039257,1000,4.289079953669849,3.8233325881942366,-3.060065948621692,197
resnet_layer4,fold5_north,24,0.7115059787291659,False,4,1e-05,1e-06,1e-05,1e-06,1.7950153145939112,0.1282153796138508,0.6538367979228497,0.3237694837152958,2.7736600190401077,1.3585616908967495,0.038698894903063774,0.23907305486500263,0.12763506546616554,0.029361693188548088,4.806631309040973,3.4608354736573337,0.05970382042154032,1000,4.3095234786611325,3.8413470002214876,-3.0988620874764923,197
resnet_layer4,fold5_north,25,0.7118604837707355,False,5,1e-05,1e-06,1e-05,1e-06,1.7784106377512217,0.1270293312679444,0.6567445918917656,0.3237078543752432,2.7599169444292784,1.3458477798849344,0.03843836113810539,0.23916259035468102,0.12400878593325615,0.02930491231381893,4.788213433275066,3.441610821185123,0.06689600029554499,1000,4.3340582624312765,3.865214383554395,-3.1456658516055898,197
resnet_layer4,fold5_north,26,0.7177619493463964,False,6,1e-05,1e-06,1e-05,1e-06,1.7901747394353151,0.12786962424537965,0.6566838808357716,0.34430162981152534,2.7921835593879223,1.3574075531214476,0.038686031475663185,0.23928448930382729,0.12375373020768166,0.029388820752501488,4.74744633041638,3.4157122375116264,0.0827173542099795,1000,4.381903327634386,3.9137053223104865,-3.23770175133682,197
resnet_layer4,fold5_north,27,0.7301609219546523,False,7,1e-05,1e-06,1e-05,1e-06,1.8289526235312223,0.13063947310937302,0.6645553316920996,0.3246593363583088,2.8194622322916985,1.3931960072368383,0.039048561826348305,0.23940913565456867,0.12567986361682415,0.029852498322725296,4.765387807942654,3.416142359098278,0.07577109189662168,1000,4.328149082182451,3.862049102344395,-3.1343689169565385,197
resnet_layer4,fold5_north,28,0.6847970351648103,False,8,1e-05,1e-06,1e-05,1e-06,1.7715363297611475,0.1265383092686534,0.659962173551321,0.3244737572968006,2.7569791600108147,1.3440030086785555,0.03887091018259525,0.23901117034256458,0.11873486265540123,0.029244953766465187,4.7617416901223875,3.4040485468277124,0.07718485230822048,1000,4.337317514396859,3.8757441543715374,-3.151903354308592,197
resnet_layer4,fold5_north,29,0.701220258999099,False,9,1e-05,1e-06,1e-05,1e-06,1.7831256408244371,0.1273661172017455,0.6646317411214113,0.32509649731218815,2.7738612107932568,1.3552559930831194,0.03884981386363506,0.23930960334837437,0.11872906051576138,0.029292410239577293,4.7454222649709825,3.3907077058716406,0.08349935117853102,1000,4.3224853163266905,3.8614698380275376,-3.1235556219219225,197
resnet_layer4,fold5_north,30,0.7401669207942543,False,10,1e-05,1e-06,1e-05,1e-06,1.778416046872735,0.12702971763376678,0.6636235900223255,0.32441855780780315,2.7674754224717617,1.3507359717041254,0.03877553902566433,0.23913513123989105,0.11873987689614296,0.029355958104133606,4.733284152075041,3.3913805841548865,0.0881819105671694,1000,4.3335913887506345,3.871818195635793,-3.144772740387644,197
resnet_layer4,fold5_north,31,0.710538271226381,False,11,1e-05,1e-06,1e-05,1e-06,1.7877248786389828,0.12769463418849877,0.6639012880623341,0.3249924574047327,2.7776325456798077,1.3593995962291956,0.038884492591023445,0.23931206576526165,0.11889231950044632,0.029494356364011765,4.725132881837496,3.379183792475144,0.09131972170152314,1000,4.328126408023925,3.866307160704676,-3.1343255990906806,197
resnet_layer4,fold5_north,32,0.6974203153090044,False,12,1e-05,1e-06,1e-05,1e-06,1.7688614279031754,0.1263472448502268,0.6587885729968548,0.32437716610729694,2.753062706440687,1.3416785448789597,0.038551755249500275,0.23899644054472446,0.11874859407544136,0.029199345037341118,4.7178200983541485,3.3609465338381446,0.09413015700213467,1000,4.308541330662685,3.841329257942478,-3.096994024576162,197
resnet_layer4,fold5_north,33,0.6930358889000268,False,13,1e-05,1e-06,1e-05,1e-06,1.7830855809152126,0.12736325577965804,0.6610493157058954,0.3247812669724226,2.7699348349124193,1.3557081203907728,0.03860253281891346,0.239113112911582,0.1187853142619133,0.029214845970273018,4.7211299623339285,3.35739467724061,0.09285865547960392,1000,4.275079206683436,3.8057827284020247,-3.0336028472173293,197
resnet_layer4,fold5_north,34,0.7087263356555592,False,14,1e-05,1e-06,1e-05,1e-06,1.7887228596955538,0.12776591854968242,0.6600428745150566,0.3250034265220165,2.7747881412506104,1.3604514338076115,0.03880299627780914,0.23965591005980968,0.118960190564394,0.02918125130236149,4.6852037664934505,3.341937203315899,0.10661220088804435,1000,4.360816983408695,3.8900083840167317,-3.197015031281267,197
resnet_layer4,fold5_north,35,0.6964729231510436,False,15,1e-05,1e-06,1e-05,1e-06,1.790320310741663,0.12788002219583308,0.6581449918448925,0.3249298967421055,2.774425581097603,1.3627608753740788,0.03874247521162033,0.2391876708716154,0.11875121109187603,0.029154939576983452,4.674401948673038,3.3365478909160466,0.110726894021696,1000,4.4075890500999435,3.933118178677427,-3.2875282515170134,197
resnet_layer4,fold5_north,36,0.68407120231236,False,16,1e-05,1e-06,1e-05,1e-06,1.780017388984561,0.12714409921318293,0.6583842318505049,0.324232866987586,2.7636634688824415,1.3523633014410734,0.03886904567480087,0.2391352578997612,0.11882777512073517,0.02916933223605156,4.664548875908707,3.3197081936315427,0.11447190269793817,1000,4.346528914013028,3.867075066156427,-3.1695573315296084,197
resnet_layer4,fold5_north,37,0.6919603145293642,False,17,1e-05,1e-06,1e-05,1e-06,1.7842621747404337,0.12744729819574527,0.6610677260905504,0.3247330952435732,2.771094147115946,1.3568442221730947,0.038724882528185844,0.23903391137719154,0.11874894239008427,0.02924233116209507,4.669878863197659,3.3206211885689667,0.11244703374745046,1000,4.346710856654842,3.873788056328949,-3.1699064083073116,197
resnet_layer4,fold5_north,38,0.6799424823961759,False,18,1e-05,1e-06,1e-05,1e-06,1.7837006133049726,0.1274071866646409,0.6604352034628391,0.34081356413662434,2.7859825547784567,1.3563195560127497,0.038671309128403664,0.23917380161583424,0.11869934946298599,0.029155777767300606,4.664876740326592,3.3207004746888624,0.11434741333555154,1000,4.3138502246828585,3.8400315715136317,-3.1070967046556506,197
resnet_layer4,fold5_north,39,0.7112391217473591,False,19,1e-05,1e-06,1e-05,1e-06,1.8163702990859747,0.12974073564899818,0.6626903284341097,0.3250912558287382,2.8053042255342007,1.3880614377558231,0.038977278396487236,0.23917921632528305,0.11893334984779358,0.029511280357837677,4.650210139648187,3.310267197387122,0.11990772873869948,1000,4.318703532631168,3.842023261237028,-3.116343301955478,197
resnet_layer4,fold5_north,40,0.682035497501136,False,20,1e-05,1e-06,1e-05,1e-06,1.79127206094563,0.1279480043532593,0.6598877664655447,0.3250349573791027,2.7772067859768867,1.3638994805514812,0.0387527272105217,0.23901643604040146,0.11877395026385784,0.029176514595746994,4.641665037466976,3.289848511341171,0.12313922514247,1000,4.37902905383453,3.904447656249267,-3.2321442027485467,197
resnet_layer4,fold5_north,41,0.6660936540393738,False,21,1e-05,1e-06,1e-05,1e-06,1.7879493571817875,0.12771066837012768,0.6631413996219635,0.3246925063431263,2.776795784011483,1.3602242395281792,0.03882580064237118,0.23932143114507198,0.11874432116746902,0.029181838035583496,4.646511280549668,3.2864174916821227,0.12130725371973838,1000,4.308145598910821,3.8269953718825307,-3.096241456112235,197
resnet_layer4,fold5_north,42,0.6877139692671561,False,22,1e-05,1e-06,1e-05,1e-06,1.78104137070477,0.12721724076462643,0.6593007240444422,0.3243922255933285,2.7657455503940582,1.3537083882838488,0.038807159289717674,0.23910636827349663,0.1186764594167471,0.029105300083756447,4.633650063277357,3.2898308113368313,0.12616484143481266,1000,4.320625262427034,3.8409687083323525,-3.120007484742893,197
resnet_layer4,fold5_north,43,0.6616248502685693,False,23,1e-05,1e-06,1e-05,1e-06,1.7802238278090954,0.1271588448435068,0.6646598093211651,0.32447040639817715,2.770370125770569,1.351567104458809,0.038709891960024834,0.23983017355203629,0.1190581414848566,0.029272882267832756,4.620032432537626,3.2770670713136534,0.13129344579664692,1000,4.328127763452008,3.846360950145175,-3.1343281885630603,197
resnet_layer4,fold5_north,44,0.6856538416666277,False,24,1e-05,1e-06,1e-05,1e-06,1.778959108516574,0.12706850775118386,0.6641350202262402,0.32503662817180157,2.769152095541358,1.3513055220246315,0.038862818852066994,0.23902825266122818,0.1189161017537117,0.029190415516495705,4.606219517778628,3.2727834960436653,0.13648017639940668,1000,4.346654333072683,3.866464716810057,-3.1697979600931294,197
resnet_layer4,fold5_north,45,0.6770533008153359,False,25,1e-05,1e-06,1e-05,1e-06,1.7821688707917929,0.12729777648512805,0.6623719185590744,0.3242976050823927,2.7698500268161297,1.3543498385697603,0.03884449601173401,0.23927155882120132,0.11885947361588478,0.029213840141892433,4.6115437626834925,3.264287845559309,0.13448276913777257,1000,4.34613637317226,3.865364500860293,-3.1688042489362696,197
resnet_layer4,fold6_balkan_e,1,0.7932017825912365,True,0,1e-05,1e-06,1e-05,1e-06,1.7625653203576803,0.13558194771982157,0.6580857019871473,0.2524106837809086,2.673904877156019,1.3448798302561045,0.038464130833745,0.23309463821351528,0.11636065132915974,0.028133362531661987,4.774310673228019,3.3742283347614257,-0.048724766407436615,1000,8.886750641762813,6.775790370998858,-1.0706346193345881,146
resnet_layer4,fold6_balkan_e,2,0.8035152064876764,False,1,1e-05,1e-06,1e-05,1e-06,1.7663931921124458,0.13587639939326507,0.661186596378684,0.2526965755969286,2.6812426652759314,1.3511548954993486,0.03826506435871124,0.23272809386253357,0.11522863805294037,0.02744438871741295,4.810434233126681,3.397290191400226,-0.06465460127359912,1000,8.924546224711612,6.842409158669629,-1.0882849998568833,146
resnet_layer4,fold6_balkan_e,3,0.807898257839953,False,2,1e-05,1e-06,1e-05,1e-06,1.7683793250471354,0.13602917884977964,0.6574961915612221,0.252062713727355,2.678843393921852,1.3531785439699888,0.03834053687751293,0.23259251564741135,0.11531424149870872,0.027391672134399414,4.824661829494516,3.408233350002536,-0.07096167281579446,1000,8.95285130450609,6.876434639101392,-1.1015524102542904,146
resnet_layer4,fold6_balkan_e,4,0.7857594338343428,False,3,1e-05,1e-06,1e-05,1e-06,1.7697408087551594,0.1361339083657815,0.6581920329481363,0.2521572355180979,2.681010214611888,1.3530852179974318,0.03841699846088886,0.2332220207899809,0.11589499190449715,0.027527043595910072,4.815986666226418,3.3933231350542186,-0.06711377014899989,1000,8.98134256204859,6.893904515331305,-1.11494951524675,146
resnet_layer4,fold6_balkan_e,5,0.7950161099433899,False,4,1e-05,1e-06,1e-05,1e-06,1.771379068493843,0.13625992834568024,0.7106074709445238,0.2615623064339161,2.7444858364760876,1.3560190554708242,0.038096293807029724,0.23260684125125408,0.11557059921324253,0.027512026950716972,4.79131593782778,3.368142164290873,-0.05620882175721009,1000,8.982108004793252,6.882916550455006,-1.1153100274386651,146
resnet_layer4,fold6_balkan_e,6,0.7463152107341154,False,5,1e-05,1e-06,1e-05,1e-06,1.7841716054826975,0.1372439696525152,0.6533388365060091,0.2518251948058605,2.6903158370405436,1.3688841573894024,0.03824050724506378,0.23281598091125488,0.115197679027915,0.027485568076372147,4.769568644106037,3.3459883555890038,-0.04664253339222646,1000,8.982749920103167,6.875011174347531,-1.1156123837254417,146
resnet_layer4,fold6_balkan_e,7,0.7521214284568989,False,6,1e-05,1e-06,1e-05,1e-06,1.7710104677826166,0.13623157444481665,0.6545774284750223,0.2521041929721832,2.678606702014804,1.355847978964448,0.038315581157803535,0.232608363032341,0.11521789245307446,0.02745816297829151,4.736291493530157,3.3191874271484303,-0.03208868909336249,1000,8.960703070684582,6.844189776300991,-1.1052402038579219,146
resnet_layer4,fold6_balkan_e,8,0.7718412607225205,False,7,1e-05,1e-06,1e-05,1e-06,1.7646021824330091,0.13573862941792378,0.6551362983882427,0.2520765345543623,2.6727435272186995,1.349151561036706,0.038086699321866035,0.232723543420434,0.11563325300812721,0.027469739317893982,4.710989784511141,3.2978783820187507,-0.02109111554025822,1000,8.941327032766713,6.819290847269375,-1.0961455800167181,146
resnet_layer4,fold6_balkan_e,9,0.7764934077050056,False,8,1e-05,1e-06,1e-05,1e-06,1.7579634357243776,0.1352279565941829,0.6588397528976202,0.25299650616943836,2.6707345955073833,1.3426149785518646,0.03829147480428219,0.23262098617851734,0.1153300292789936,0.027556676417589188,4.684219780933377,3.2761126471206947,-0.009519471294523019,1000,8.921644541881022,6.793726128231184,-1.0869272712973896,146
resnet_layer4,fold6_balkan_e,10,0.7365428849928917,False,9,1e-05,1e-06,1e-05,1e-06,1.7907845620065928,0.13775265861589175,0.6538637690246105,0.2522899750620127,2.697870684787631,1.3755032308399677,0.03814997896552086,0.23259657062590122,0.1155021321028471,0.027479346841573715,4.666921535153406,3.2588665394560676,-0.0020771767173310973,1000,8.912047918938896,6.781797072917508,-1.0824400531151461,146
resnet_layer4,fold6_balkan_e,11,0.704510070015064,False,10,1e-05,1e-06,1e-05,1e-06,1.7583909258246422,0.1352608404480494,0.6614282578229904,0.25634204782545567,2.677087191492319,1.343018302693963,0.03833472542464733,0.23261783458292484,0.11538857221603394,0.027481816709041595,4.642683659701491,3.2414952983584344,0.008304463775903548,1000,8.889180445379871,6.754999058040253,-1.0717670744933718,146
resnet_layer4,fold6_balkan_e,12,0.7622094633927248,True,0,1e-05,1e-06,1e-05,1e-06,1.782678373157978,0.13712910562753677,0.6570188123732805,0.25313689559698105,2.6937703918665648,1.3667769134044647,0.038308072835206985,0.23312406241893768,0.11541678942739964,0.02749556489288807,4.624059770275367,3.2262131921312003,0.01624477811887537,1000,8.873335472373284,6.7353461474758785,-1.0643878033874512,146
resnet_layer4,fold6_balkan_e,13,0.7725956426311028,True,0,1e-05,1e-06,1e-05,1e-06,1.7565915528684855,0.13512242714372966,0.6590526029467583,0.25263302586972713,2.669237222522497,1.3410382643342018,0.0384555459022522,0.23269126936793327,0.11534183658659458,0.027502648532390594,4.597024319779034,3.2063944594474614,0.02771457601960703,1000,8.850002285241262,6.70654021128761,-1.0535451129066327,146
resnet_layer4,fold6_balkan_e,14,0.7323557444015659,True,0,1e-05,1e-06,1e-05,1e-06,1.776439605280757,0.13664920040621206,0.6620897557586432,0.2526966445147991,2.692169088870287,1.3608426488935947,0.03837464563548565,0.23278902657330036,0.11527342535555363,0.027544494718313217,4.582092481081749,3.1943013504673936,0.03402058171038613,1000,8.84367092325204,6.6977263493646655,-1.0506079189310986,146
resnet_layer4,fold6_balkan_e,15,0.7389369934114243,True,0,1e-05,1e-06,1e-05,1e-06,1.8958896603435278,0.14583766618027136,0.6633328497409821,0.25220837630331516,2.8123623058199883,1.4808261431753635,0.03813845291733742,0.23268826492130756,0.11522880755364895,0.027446618303656578,4.5501539033540315,3.174843626413185,0.04743998994835108,1000,8.802629758289793,6.65247896873164,-1.0316194111363681,146
resnet_layer4,fold6_balkan_e,16,0.7306333265488628,True,0,1e-05,1e-06,1e-05,1e-06,1.7654602732509375,0.13580463640391827,0.6608127560466528,0.2526570651680231,2.6799098756164312,1.3499082680791616,0.0384668093174696,0.23278026096522808,0.11534755490720272,0.02739705517888069,4.536808082292389,3.1629424672771838,0.053019604282073085,1000,8.796934275296353,6.643997810514978,-1.0289912623290975,146
resnet_layer4,fold6_balkan_e,17,0.7397940269569149,True,0,1e-05,1e-06,1e-05,1e-06,1.753085508942604,0.1348527314571234,0.6604994852095842,0.2526514455676079,2.6671758107841015,1.337633177638054,0.03810790553689003,0.2328786551952362,0.11543124169111252,0.027463741600513458,4.516311020368078,3.1484324159673913,0.06155709057834424,1000,8.775157769388903,6.618360288000435,-1.0189583007477458,146
resnet_layer4,fold6_balkan_e,18,0.720881557292041,True,0,1e-05,1e-06,1e-05,1e-06,1.8453825525939465,0.14195250404568818,0.6612338367849588,0.25257078371942043,2.7602138370275497,1.4278505500406027,0.03842829912900925,0.23309984989464283,0.11722381971776485,0.027044938877224922,4.499532022519834,3.134542784051148,0.06851714336235848,1000,8.76364152337746,6.603501734888685,-1.0136625409996993,146
resnet_layer4,fold6_balkan_e,19,0.7075351711780515,True,0,1e-05,1e-06,1e-05,1e-06,1.772244730964303,0.13632651776648486,0.6689907759428024,0.2533090654760599,2.695474212989211,1.3553468361496925,0.03844354301691055,0.23297658562660217,0.11724947765469551,0.02664957381784916,4.484194035242635,3.1223253124796235,0.07485678991873024,1000,8.749653220576043,6.585932057936897,-1.0072393569873634,146
resnet_layer4,fold6_balkan_e,20,0.7217977078602311,True,0,1e-05,1e-06,1e-05,1e-06,1.7683522757142782,0.13602709813186756,0.6773388646543026,0.2553826067596674,2.702067641541362,1.351668894290924,0.038477299734950066,0.23285011015832424,0.11709209345281124,0.026694586500525475,4.464982319552318,3.110517357096524,0.0827670249926068,1000,8.726759367536689,6.55817956472492,-0.9967490387786127,146
resnet_layer4,fold6_balkan_e,21,0.7179657180576762,True,0,1e-05,1e-06,1e-05,1e-06,1.772949691861868,0.136380745527836,0.675039941444993,0.2549974974244833,2.7039462104439735,1.3569357432425022,0.038193484768271446,0.23276379704475403,0.1169421598315239,0.02652142383158207,4.446771789010757,3.097457427756304,0.09023367794756798,1000,8.713388196311506,6.539300980589734,-0.9906348747197411,146
resnet_layer4,fold6_balkan_e,22,0.7095711892706638,True,0,1e-05,1e-06,1e-05,1e-06,1.7998874820768833,0.13845288323668334,0.6683135759085417,0.2548932656645775,2.7240937054157257,1.3835087809711695,0.03825174272060394,0.23284269124269485,0.1170740369707346,0.026482684537768364,4.439741534482347,3.0881383546491517,0.0931080475911924,1000,8.711492517326748,6.536438036572473,-0.9897688065217338,146
resnet_layer4,fold6_balkan_e,23,0.7495689428039569,True,0,1e-05,1e-06,1e-05,1e-06,1.7833158429712057,0.13717814176701582,0.6752317622303963,0.2597087938338518,2.7192272786051035,1.3665002565830946,0.038072193041443825,0.23329619318246841,0.11727898195385933,0.026564061641693115,4.422814733044825,3.079816173869555,0.1000100336480153,1000,8.686555172420693,6.508762193610633,-0.97839336633305,146
resnet_layer4,fold6_balkan_e,24,0.6994764896871385,True,0,1e-05,1e-06,1e-05,1e-06,1.7915050722658634,0.1378080824819895,0.6777639053761959,0.25697918981313705,2.7272340673953295,1.375572482123971,0.03797533921897411,0.23273302242159843,0.11709499917924404,0.026551254093647003,4.410022268253026,3.068937891346931,0.10520873200224412,1000,8.675245894798536,6.494502737931124,-0.973245264565969,146
resnet_layer4,fold6_balkan_e,25,0.6728871629379052,True,0,1e-05,1e-06,1e-05,1e-06,1.8042310364544392,0.13878700280418763,0.6793099958449602,0.2559626791626215,2.7404418624937534,1.3880646713078022,0.038086071610450745,0.23278417065739632,0.11709165573120117,0.02660525217652321,4.396412734976737,3.061942096012136,0.11072294500937951,1000,8.65996817542564,6.47502884949099,-0.9663013363936268,146
resnet_layer4,fold6_balkan_e,26,0.6836031282048749,True,0,1e-05,1e-06,1e-05,1e-06,1.8119478859007359,0.13938060660774892,0.678237684071064,0.2564969789236784,2.747643092647195,1.3962568826973438,0.03778948076069355,0.23274016380310059,0.11698664166033268,0.02658805064857006,4.382379981867938,3.0528802008485347,0.11639078852765194,1000,8.651273202772096,6.463358623671888,-0.9623548199675955,146
resnet_layer4,fold6_balkan_e,27,0.7300638544976495,True,0,1e-05,1e-06,1e-05,1e-06,1.7870982773602009,0.137469098258477,0.6650909502059221,0.2529124263674021,2.706032454967499,1.3697106763720512,0.038274629041552544,0.23310731910169125,0.11738945171236992,0.02703220769762993,4.372869537062632,3.047223001950708,0.12022176539508123,1000,8.638524998297717,6.444897529963478,-0.9565757702939957,146
resnet_layer4,fold6_balkan_e,28,0.7107160836997453,True,0,1e-05,1e-06,1e-05,1e-06,1.7869882956147194,0.1374606381242092,0.6658973731100559,0.25377305783331394,2.7076192181557417,1.3711647484451532,0.03798806667327881,0.2327498011291027,0.11702544614672661,0.02650800347328186,4.359666885096271,3.0381479576571526,0.1255262324102564,1000,8.633505123895183,6.43695741999369,-0.9543024861630842,146
resnet_layer4,fold6_balkan_e,29,0.7219865624090731,False,1,1e-05,1e-06,1e-05,1e-06,1.7913223523646593,0.1377940271049738,0.6691737938672304,0.25405035726726055,2.7154905274510384,1.3750358615070581,0.038429366424679756,0.2327586878091097,0.11699235439300537,0.026523634791374207,4.346839688139705,3.0288072282424,0.13066448994651358,1000,8.634044156337268,6.436632309347175,-0.9545465273287685,146
resnet_layer4,fold6_balkan_e,30,0.6952303864412342,True,0,1e-05,1e-06,1e-05,1e-06,1.865636644884944,0.1435105111449957,0.6691242344677448,0.2536393664777279,2.7893366888165474,1.4472277369350195,0.03812311217188835,0.2332567386329174,0.1181055586785078,0.027248458936810493,4.322094330867706,3.014620281210389,0.1405340910074393,1000,8.601791083969804,6.397029301459589,-0.9399711130602479,146
resnet_layer4,fold6_balkan_e,31,0.7110861313357428,False,1,1e-05,1e-06,1e-05,1e-06,1.7904387917369604,0.13772606090284312,0.6777472347021103,0.25486448779702187,2.7240082267671824,1.3743373658508062,0.03813629597425461,0.23283381946384907,0.1170488428324461,0.02651652880012989,4.315799310686779,3.0064994301753933,0.14303584816766213,1000,8.60291404055622,6.394228344656922,-0.9404776693154488,146
resnet_layer4,fold6_balkan_e,32,0.6781122427078725,True,0,1e-05,1e-06,1e-05,1e-06,1.7946028169244528,0.1380463705326502,0.669590076431632,0.25451388768851757,2.7196314614266157,1.3783015981316566,0.0380833949893713,0.23290991224348545,0.1172220017760992,0.026507511734962463,4.3017426956946165,2.9992503427394173,0.148609044354013,1000,8.587154737340311,6.373905832062331,-0.9333748280645948,146
resnet_layer4,fold6_balkan_e,33,0.6845453248524407,True,0,1e-05,1e-06,1e-05,1e-06,1.78676781617105,0.13744367816700384,0.6794570572674274,0.25521968863904476,2.7224122248589993,1.3708056453615427,0.03789971023797989,0.23284524120390415,0.1171619612723589,0.026487279683351517,4.295719949375976,2.994349223090654,0.15099139147488871,1000,8.5849856285048,6.370000090732868,-0.9323982133680204,146
resnet_layer4,fold6_balkan_e,34,0.6860955154795123,True,0,1e-05,1e-06,1e-05,1e-06,1.7837327346205711,0.13721021035542855,0.6708269268274307,0.25377411767840385,2.709297388792038,1.3678136859089136,0.0379748810082674,0.23276505060493946,0.11708688735961914,0.026524599641561508,4.286351977906057,2.9841875274298513,0.15469033654432174,1000,8.583132719004334,6.364399325244414,-0.9315641589468213,146
resnet_layer4,fold6_balkan_e,35,0.6902052565995689,True,0,1e-05,1e-06,1e-05,1e-06,1.7836155835539103,0.13720119873491618,0.6708923876285553,0.25588710978627205,2.711339680477977,1.367999590933323,0.03778871148824692,0.23274453729391098,0.11708261631429195,0.026418596506118774,4.281429612374813,2.9812165050237267,0.15663069702304,1000,8.578425941717024,6.358631709246382,-0.9294462959592535,146
resnet_layer4,fold6_balkan_e,36,0.7020571635197961,True,0,1e-05,1e-06,1e-05,1e-06,1.7911394834518433,0.1377799602655264,0.673184759914875,0.2546745166182518,2.719990950077772,1.3750349469482899,0.038136282935738564,0.23284304328262806,0.11703352257609367,0.0265073049813509,4.273530333389425,2.97264961672856,0.15973987516149957,1000,8.577133569408186,6.352014847469371,-0.9288649829890465,146
resnet_layer4,fold6_balkan_e,37,0.689778941963205,True,0,1e-05,1e-06,1e-05,1e-06,1.7900402918457985,0.13769540706506142,0.6751023512333632,0.2550373990088701,2.7211460527032614,1.3743767756968737,0.03784300200641155,0.23266588896512985,0.11713260225951672,0.02643808349967003,4.254262772059148,2.9644239054448125,0.16729955804266694,1000,8.543999153294529,6.312230261613471,-0.9139909308945071,146
resnet_layer4,fold6_balkan_e,38,0.6726666149673186,True,0,1e-05,1e-06,1e-05,1e-06,1.7852155957370996,0.1373242765951615,0.6749166417866945,0.2547988295555115,2.7159091662615538,1.3685366418212652,0.03765887767076492,0.23346117325127125,0.11743918247520924,0.026546096429228783,4.248164882342773,2.9583766504343676,0.16968496610831907,1000,8.543311095654824,6.30847952877594,-0.9136826717218303,146
resnet_layer4,fold6_balkan_e,39,0.6900411384816049,True,0,1e-05,1e-06,1e-05,1e-06,1.8098815735429525,0.13922165950330403,0.6769823040813208,0.2551881968975067,2.743023917078972,1.3945684060454369,0.03764093667268753,0.23277448303997517,0.11686248891055584,0.026477068662643433,4.237643448577495,2.951247233937667,0.17379275689138873,1000,8.52683821127714,6.290982072697414,-0.9063100075467381,146
resnet_layer4,fold6_balkan_e,40,0.667976631617805,True,0,1e-05,1e-06,1e-05,1e-06,1.7908281031996012,0.13775600793843085,0.6773342657834291,0.2538122870028019,2.7229469250887632,1.3750170301645994,0.03780371695756912,0.23282642289996147,0.11710060015320778,0.02650183066725731,4.22863838929469,2.9457076963954427,0.177300432885114,1000,8.515990874094975,6.28108044512389,-0.9014629038477269,146
resnet_layer4,fold6_balkan_e,41,0.6852013357298222,True,0,1e-05,1e-06,1e-05,1e-06,1.8040579054504633,0.138773685034651,0.6841085106134415,0.2554139066487551,2.744562927633524,1.3883373122662306,0.03758934512734413,0.23285476490855217,0.11714726313948631,0.026565099135041237,4.2196034571641015,2.9360271350944007,0.18081224606828805,1000,8.514233401731866,6.275300315042591,-0.9006781628289431,146
resnet_layer4,fold6_balkan_e,42,0.6657011472991925,False,1,1e-05,1e-06,1e-05,1e-06,1.8850832395255566,0.14500640304042742,0.6673564333468676,0.25269843451678753,2.8061052784323692,1.4652431923896074,0.03789694234728813,0.23365779221057892,0.1187798622995615,0.027801036834716797,4.224213151214431,2.9358192145575903,0.1790214296534134,1000,8.51768149242259,6.2793096106542325,-0.9022179462550084,146
resnet_layer4,fold6_balkan_e,43,0.6796546185117291,False,2,1e-05,1e-06,1e-05,1e-06,1.7646631114184856,0.13574331626296043,0.6647417414933443,0.2542889155447483,2.684634480625391,1.3450577035546303,0.038253454491496086,0.2330818623304367,0.11961089447140694,0.02704080566763878,4.22017362635337,2.9310216825132,0.18059084745640697,1000,8.522711083498974,6.281616217849199,-0.9044650843121758,146
resnet_layer4,fold6_balkan_e,44,0.7028131079472448,True,0,1e-05,1e-06,1e-05,1e-06,1.7684245761483908,0.13603265970372236,0.660175696015358,0.25283272564411163,2.682397648692131,1.3447034042328596,0.03837761469185352,0.23272922821342945,0.12315922044217587,0.027882462367415428,4.2085192018797635,2.927687243102197,0.18511035620164795,1000,8.496217865020036,6.251496531954636,-0.8926432619713931,146
resnet_layer4,fold6_balkan_e,45,0.6845280886127808,False,1,1e-05,1e-06,1e-05,1e-06,1.7405132744461298,0.13388563649585614,0.6591421142220497,0.2524567451328039,2.6531169340014458,1.3154927846044302,0.03821214288473129,0.2326385322958231,0.12431425042450428,0.028249582275748253,4.212058637591108,2.9231193439191325,0.18373910792218484,1000,8.527343362190228,6.2817043179790595,-0.9065358832445205,146
resnet_layer4,fold6_balkan_e,46,0.6908630234053397,True,0,1e-05,1e-06,1e-05,1e-06,1.7412604857236147,0.1339431142864319,0.6793277580291033,0.25443219766020775,2.675964241847396,1.3194376192986965,0.038031091913580894,0.23300104774534702,0.121373375877738,0.027855159714818,4.188685653919896,2.9167034542672474,0.19277294166494474,1000,8.485708834613597,6.233020664090253,-0.8879641106217262,146
resnet_layer4,fold6_balkan_e,47,0.6783630250446472,True,0,1e-05,1e-06,1e-05,1e-06,1.8043935466557741,0.1387995035889057,0.6729472894221544,0.2561261598020792,2.7344386260956526,1.3896529953926802,0.038159821182489395,0.23282906971871853,0.11451444961130619,0.027604220435023308,4.182942851184318,2.9122698362919563,0.19498488511184087,1000,8.475517733711497,6.220413926234206,-0.883432048654323,146
resnet_layer4,fold6_balkan_e,48,0.6495600861145591,True,0,1e-05,1e-06,1e-05,1e-06,1.806185880675912,0.1389373754366086,0.6835555918514729,0.25622001849114895,2.74694980122149,1.3905157502740622,0.03808174282312393,0.2333462256938219,0.11491655185818672,0.02771410346031189,4.171446111821712,2.9017393592908864,0.1994039415628015,1000,8.466408623199305,6.207552536751896,-0.8793857657608666,146
resnet_layer4,fold6_balkan_e,49,0.6485104299138049,True,0,1e-05,1e-06,1e-05,1e-06,1.8438014220446348,0.14183087861881807,0.6950409449636936,0.25864529237151146,2.798443019390106,1.4260051995515823,0.03774619661271572,0.23269579745829105,0.11805068515241146,0.027693791314959526,4.162576961662362,2.89712470949007,0.20280470857076915,1000,8.4527647033227,6.193492127764766,-0.8733332520460133,146
resnet_layer4,fold6_balkan_e,50,0.6321749916554072,True,0,1e-05,1e-06,1e-05,1e-06,1.8836688064038754,0.1448976004926058,0.6932953409850597,0.2578160706907511,2.8357470706105232,1.4601855985820293,0.03757769241929054,0.23311243951320648,0.12298589199781418,0.028146613389253616,4.159746656805817,2.8948243948769723,0.2038884308172777,1000,8.448498117904755,6.187092987851439,-0.8714425761725051,146
resnet_layer4,fold6_balkan_e,51,0.6930864074405628,False,1,1e-05,1e-06,1e-05,1e-06,1.9383686985820532,0.14910528450631177,0.702760674059391,0.25659089908003807,2.8986839540302753,1.5144140608608723,0.03787236846983433,0.2328324094414711,0.12318080849945545,0.028294619172811508,4.157131065183504,2.8901812884090843,0.2048892841195703,1000,8.454227025672663,6.193673928542297,-0.873981478783221,146
resnet_layer4,fold6_balkan_e,52,0.6608017788002373,False,2,1e-05,1e-06,1e-05,1e-06,1.9171523936092854,0.14747326104686811,0.6938297431915998,0.2580571323633194,2.869983021169901,1.492974940687418,0.037708621472120285,0.2329031527042389,0.12360018119215965,0.0283046904951334,4.159156275067403,2.886716640000058,0.20411439476044413,1000,8.473325751281067,6.213708215208151,-0.8824579686680232,146
resnet_layer4,fold6_balkan_e,53,0.6884738034304722,True,0,1e-05,1e-06,1e-05,1e-06,2.0188516713678837,0.15529628241291413,0.6984645575284958,0.25763078033924103,2.9758821595460176,1.5937016978859901,0.03785884194076061,0.23276952281594276,0.12462050840258598,0.028309740126132965,4.14694004736461,2.885232661162795,0.2087828613457492,1000,8.441064014751511,6.176754072792635,-0.8681505410823827,146
resnet_layer4,fold6_balkan_e,54,0.6800408720682556,True,0,1e-05,1e-06,1e-05,1e-06,2.002858690917492,0.15406605314749938,0.69681216776371,0.2606460936367512,2.9612762331962585,1.5675758719444275,0.037845682352781296,0.23323231004178524,0.1324120294302702,0.03009050339460373,4.137633685057155,2.882030798869375,0.21233009908317657,1000,8.425357588486388,6.158058422261474,-0.8612048124080864,146
resnet_layer4,fold6_balkan_e,55,0.6890547832763957,False,1,1e-05,1e-06,1e-05,1e-06,1.8845440577715635,0.1449649275208895,0.693613313138485,0.2582190092653036,2.8373462930321693,1.4705149196088314,0.03752312995493412,0.23278860561549664,0.11450978182256222,0.027622343972325325,4.138977298977316,2.874502333296456,0.21181845587898496,1000,8.444132416129852,6.1753797243973265,-0.8695089664051521,146
resnet_layer4,fold6_balkan_e,56,0.6670428893390697,False,2,1e-05,1e-06,1e-05,1e-06,1.880634382367134,0.14466418325901031,0.6958980839699507,0.25809175334870815,2.8355701621621847,1.4666867516934872,0.03746870160102844,0.2327442802488804,0.11453079804778099,0.027626553550362587,4.131919182533176,2.8706521352085375,0.21450430477987048,1000,8.440528091737898,6.1712684328181515,-0.8679133309194209,146
resnet_layer4,fold6_balkan_e,57,0.6157554383013303,False,3,1e-05,1e-06,1e-05,1e-06,1.878396101295948,0.144492007791996,0.6943797450512648,0.25893902219831944,2.832670608535409,1.4638703167438507,0.037549132481217384,0.2329631894826889,0.11473404988646507,0.02767651155591011,4.1318916623560265,2.8701412931955916,0.21451476815426818,1000,8.445945723937898,6.178343263422006,-0.870311975885742,146
resnet_layer4,fold6_balkan_e,58,0.6756048351346512,False,4,1e-05,1e-06,1e-05,1e-06,1.8808700535446405,0.1446823118111262,0.6895732097327709,0.2574741803109646,2.8288580048829317,1.4600726962089539,0.03768984228372574,0.23279948346316814,0.12102865427732468,0.027690190821886063,4.130116038945108,2.86626065268353,0.2151897259694422,1000,8.448270827369852,6.177922778692704,-0.8713418824263546,146
resnet_layer4,fold6_balkan_e,59,0.6324819530595197,False,5,1e-05,1e-06,1e-05,1e-06,1.894673340022564,0.14574410307865876,0.6935257725417614,0.2580537609755993,2.8471947349607944,1.4732797518372536,0.03757998161017895,0.23268396593630314,0.12178456410765648,0.02774718776345253,4.121154421257934,2.8616362741159556,0.21859182857507953,1000,8.4363653106116,6.162190219995061,-0.8660713142057554,146
resnet_layer4,fold6_balkan_e,60,0.6526069003365152,True,0,1e-05,1e-06,1e-05,1e-06,1.891350107267499,0.14548846978980762,0.6933427527546883,0.25823361054062843,2.8438890110701323,1.4696391262114048,0.03781191445887089,0.23283554427325726,0.12168600037693977,0.027731729671359062,4.111877940240625,2.853210337567618,0.22210567887314336,1000,8.42397016797083,6.14657049785638,-0.8605918862268112,146
resnet_layer4,fold6_balkan_e,61,0.6338697141272311,True,0,1e-05,1e-06,1e-05,1e-06,1.884128537029028,0.1449329643868483,0.698579078540206,0.2582002002745867,2.8418744783848524,1.4632857609540224,0.03753330372273922,0.2326998934149742,0.12134777195751667,0.027645470574498177,4.107314619282409,2.8512600210930295,0.22383131944637058,1000,8.416405504643274,6.1375138189129315,-0.8572517908995068,146
resnet_layer4,fold6_balkan_e,62,0.6381445806765585,True,0,1e-05,1e-06,1e-05,1e-06,1.8725785240530968,0.1440445018502382,0.6923850029706955,0.2580703906714916,2.8239923790097237,1.4513604398816824,0.03765729442238808,0.23281001299619675,0.12140927836298943,0.027734776958823204,4.095331761578305,2.84693203703815,0.22835356940973717,1000,8.395615011687399,6.113291572415747,-0.8480874300675776,146
resnet_layer4,fold6_balkan_e,63,0.6318431062347495,False,1,1e-05,1e-06,1e-05,1e-06,1.906216712668538,0.14663205482065678,0.6918234322220087,0.25896162167191505,2.85795870795846,1.4852122496813536,0.03765938617289066,0.2325969822704792,0.12147219479084015,0.027650397270917892,4.092841249072568,2.8427814618799285,0.2292918136557719,1000,8.395550918286835,6.110512264891221,-0.8480592130148341,146
resnet_layer4,fold6_balkan_e,64,0.6644529581645142,True,0,1e-05,1e-06,1e-05,1e-06,1.8945356402546167,0.14573351078881666,0.6886086277663708,0.257648091763258,2.8417238388210535,1.4730494227260351,0.037836505100131035,0.23274734616279602,0.12168256752192974,0.027644062414765358,4.0920289622335675,2.8441584161178026,0.2295977009136303,1000,8.393334195495797,6.108555649692064,-0.8470834356803432,146
resnet_layer4,fold6_balkan_e,65,0.6655615066302843,True,0,1e-05,1e-06,1e-05,1e-06,1.823932908475399,0.14030253142118454,0.6947233453392982,0.2757351901382208,2.7953289970755577,1.4097669888287783,0.03779982775449753,0.2327262107282877,0.11569312773644924,0.02623843401670456,4.085246264991434,2.8385141039649504,0.2321495278635436,1000,8.384583149359763,6.09794137039279,-0.8432338365606562,146
resnet_layer4,fold6_balkan_e,66,0.6425168073508075,True,0,1e-05,1e-06,1e-05,1e-06,1.9438724145293236,0.14952864727148643,0.6882260981947184,0.2574606593698263,2.8905732724815607,1.517395731061697,0.03825817629694939,0.23298546858131886,0.12498249299824238,0.028697503730654716,4.074284036801012,2.8346131544055773,0.23626485316362644,1000,8.37033718083022,6.0755148641314705,-0.8369756020946133,146
resnet_layer4,fold6_balkan_e,67,0.6433021984140606,False,1,1e-05,1e-06,1e-05,1e-06,1.9103315472602844,0.14694858055848342,0.6972161289304495,0.25885787047445774,2.867357147857547,1.487487880513072,0.03780227340757847,0.2327539026737213,0.12281008809804916,0.027958273887634277,4.074675019940649,2.8263274444361244,0.23611826451610007,1000,8.3897716502152,6.092362775698201,-0.845515781702205,146
resnet_layer4,fold6_balkan_e,68,0.654288914436598,False,2,1e-05,1e-06,1e-05,1e-06,1.909255437552929,0.14686580288868684,0.6970230657607317,0.25826796144247055,2.8654966838657856,1.486748069524765,0.03762964904308319,0.2327581811696291,0.12283682078123093,0.02774757333099842,4.066525931248507,2.820580621628694,0.2391706381370401,1000,8.377623563556343,6.0762658251339,-0.8401751704728972,146
resnet_layer4,fold6_balkan_e,69,0.639395529887357,True,0,1e-05,1e-06,1e-05,1e-06,1.9137185420840979,0.14720911862185368,0.6942847147583961,0.25821955129504204,2.8671496883034706,1.4904070552438498,0.03786149434745312,0.23265203461050987,0.12321492470800877,0.027930745854973793,4.062242009034653,2.81950799116837,0.2407728003120737,1000,8.36969368967744,6.067745462467442,-0.8366931685236212,146
resnet_layer4,fold6_balkan_e,70,0.6446380290967851,True,0,1e-05,1e-06,1e-05,1e-06,1.8860814105719328,0.1450831854286102,0.7018291633576155,0.25835318118333817,2.8472320046275854,1.4641704130917788,0.037513114511966705,0.23279000632464886,0.12214776501059532,0.027924174442887306,4.063944780707642,2.820383349857921,0.2401361757506144,1000,8.368950302310308,6.0645851444733205,-0.8363669167123033,146
resnet_layer4,fold6_balkan_e,71,0.6183168837043431,True,0,1e-05,1e-06,1e-05,1e-06,1.8978128340095282,0.14598560261611754,0.6962328851222992,0.25923064164817333,2.8542230930179358,1.474383320659399,0.03776123374700546,0.232717115432024,0.12317032180726528,0.028069516643881798,4.053619865452966,2.8193213394319847,0.24399231247583186,1000,8.351414114557441,6.047950468104982,-0.8286791816598988,146
resnet_layer4,fold6_balkan_e,72,0.6176957278832595,False,1,1e-05,1e-06,1e-05,1e-06,1.8909008745104074,0.1454539134238775,0.6944921035319567,0.2583326119929552,2.8447018433362246,1.4677347838878632,0.03764372132718563,0.23321962915360928,0.12292720377445221,0.02780749276280403,4.053270549445423,2.813905885290516,0.24412260303943056,1000,8.356662470542014,6.054390077698384,-0.8309783312258241,146
resnet_layer4,fold6_balkan_e,73,0.6428094292003369,False,2,1e-05,1e-06,1e-05,1e-06,1.8908753469586372,0.14545194976604903,0.6929270122200251,0.2582420129328966,2.8429579697549343,1.4674542658030987,0.03766115568578243,0.23282594792544842,0.12342418916523457,0.027941010892391205,4.046608370058908,2.8102099777035074,0.24660536465102223,1000,8.35521279057806,6.0510237983318795,-0.8303431249148996,146
resnet_layer4,fold6_balkan_e,74,0.6283528842885762,True,0,1e-05,1e-06,1e-05,1e-06,1.8916100356727839,0.14550846428252184,0.6908238399773836,0.2579050213098526,2.8412730284035206,1.468224423006177,0.0377519465982914,0.23289506323635578,0.12347721308469772,0.027665840461850166,4.043101414967368,2.8065829350227105,0.24791064355430892,1000,8.346548532200675,6.038981090445755,-0.8265490041481867,146
resnet_layer4,fold6_balkan_e,75,0.649467527794464,True,0,1e-05,1e-06,1e-05,1e-06,1.8992190659046173,0.14609377430035517,0.6984553690999746,0.2591144014149904,2.8577484376728535,1.4759872984141111,0.037759795784950256,0.2326718606054783,0.12359092757105827,0.027729341760277748,4.033195571960027,2.7995733111694268,0.25159145773953095,1000,8.335571158615757,6.026642720265043,-0.821747612201938,146
resnet_layer4,fold6_balkan_e,76,0.6349048419654442,True,0,1e-05,1e-06,1e-05,1e-06,1.891925087198615,0.14553269901527807,0.6949967350810766,0.2586379311978817,2.8465424850583076,1.468602992594242,0.037463873624801636,0.2328620944172144,0.12362717278301716,0.02786252647638321,4.031903982223481,2.8013489284458326,0.2520707213888618,1000,8.321926215172898,6.011146593876185,-0.8157882610648683,146
resnet_layer4,fold6_balkan_e,77,0.6668408349138405,False,1,1e-05,1e-06,1e-05,1e-06,1.945317367091775,0.14963979746859807,0.7248425874859095,0.25815708190202713,2.9292735382914543,1.516309468075633,0.03780456632375717,0.2328768540173769,0.1282878927886486,0.028443826362490654,4.03332182486294,2.7970839222335617,0.2515446014796494,1000,8.343144138331752,6.032091658914664,-0.8250592808099364,146
resnet_layer4,fold6_balkan_e,78,0.6584669355891726,False,2,1e-05,1e-06,1e-05,1e-06,1.8981192726641893,0.14600917482032225,0.6962424162775278,0.2603379935026169,2.8556517139077187,1.476096948608756,0.037296513095498085,0.23281429894268513,0.12254127860069275,0.027846023440361023,4.0380715290128455,2.794656884326488,0.24978077749293348,1000,8.361030947504544,6.049667801370092,-0.8328931332972944,146
resnet_layer4,fold6_balkan_e,79,0.607395925733235,False,3,1e-05,1e-06,1e-05,1e-06,1.8893594946712255,0.14533534574394041,0.6973270978778601,0.25905351154506207,2.8466881457716227,1.4663953687995672,0.0374881885945797,0.23308643884956837,0.1229887306690216,0.027844751253724098,4.022974061901432,2.791115698071557,0.25538010205704387,1000,8.327682974381815,6.012348415810296,-0.8183013021602963,146
resnet_layer4,fold6_balkan_e,80,0.6490631223587708,False,4,1e-05,1e-06,1e-05,1e-06,1.896229961887002,0.14586384322207707,0.6944960150867701,0.2586296312510967,2.85031315125525,1.4732309114187956,0.03751981072127819,0.2328638881444931,0.1232094019651413,0.027850866317749023,4.019124936855924,2.785910404632181,0.25680430411034283,1000,8.323655401921698,6.007705707646193,-0.8165429332710072,146
resnet_layer4,fold6_balkan_e,81,0.6128389570767687,False,5,1e-05,1e-06,1e-05,1e-06,1.8516427502036095,0.14243405770796996,0.6802069079130888,0.2591507136821747,2.791938891634345,1.4265360906720161,0.03799880109727383,0.23336591944098473,0.12388197891414165,0.028233753517270088,4.015018056773903,2.7832848183000127,0.25832237394842295,1000,8.324107355086351,6.010769305919298,-0.8167402058818167,146
resnet_layer4,fold6_balkan_e,82,0.6121859432560974,True,0,1e-05,1e-06,1e-05,1e-06,1.8198839947581291,0.1399910765198561,0.6819997206330299,0.2558006588369608,2.7586332354694605,1.3968110755085945,0.03773876093327999,0.23282026499509811,0.12297137454152107,0.027967901900410652,4.005366815658529,2.7805224171251073,0.2618837558494409,1000,8.30571969721099,5.989979798991976,-0.8087228413666943,146
resnet_layer4,fold6_balkan_e,83,0.6411008277618123,False,1,1e-05,1e-06,1e-05,1e-06,1.816154019907117,0.13970415537747052,0.6812132988125086,0.2551696076989174,2.75354309938848,1.3945511411875486,0.038026101887226105,0.232762323692441,0.1212796252220869,0.02793758176267147,4.0061649883136266,2.7798620165146386,0.2615895491360126,1000,8.307776486823679,5.991749889672292,-0.8096187596277975,146
resnet_layer4,fold6_balkan_e,84,0.5993438908792088,True,0,1e-05,1e-06,1e-05,1e-06,1.795182567089796,0.13809096669921508,0.6775563154369593,0.254921967163682,2.728593463078141,1.38020895794034,0.038029881194233894,0.2328645307570696,0.11410438641905785,0.02842782624065876,4.001300462092787,2.77572085182131,0.26338170507018743,1000,8.304095878047333,5.98476729619334,-0.808015677673706,146
resnet_layer4,fold6_balkan_e,85,0.6159431645320897,False,1,1e-05,1e-06,1e-05,1e-06,1.8315967489033937,0.14089205760795337,0.6845657732337713,0.2562184985727072,2.773354521021247,1.417048780247569,0.03761095926165581,0.23278096690773964,0.11503463797271252,0.027640750631690025,4.002568217331188,2.7747662688934014,0.26291485702926976,1000,8.31356049735067,5.99571585076998,-0.8121394094238061,146
resnet_layer4,fold6_balkan_e,86,0.6267921705297739,True,0,1e-05,1e-06,1e-05,1e-06,1.826652953401208,0.14051176564624676,0.6801795084029436,0.25527891889214516,2.7630625907331705,1.4126681219786406,0.037874503061175346,0.23278423957526684,0.11411007307469845,0.027707286179065704,3.993550073665085,2.7693975186755204,0.26623255259532774,1000,8.29851488968785,5.976684299373346,-0.80558624434351,146
resnet_layer4,fold6_balkan_e,87,0.6176823517813183,True,0,1e-05,1e-06,1e-05,1e-06,1.804468097165227,0.13880523824347898,0.6822360195219517,0.25562917813658714,2.7433085795491934,1.3906426765024662,0.03788367845118046,0.23262428678572178,0.11414563842117786,0.027638891711831093,3.9842185064028075,2.765076754520625,0.26965767579443667,1000,8.276988775273844,5.952624489155766,-0.796231113621668,146
resnet_layer4,fold6_balkan_e,88,0.6062692202474873,False,1,1e-05,1e-06,1e-05,1e-06,1.8147183693945408,0.139593720722657,0.6775193251669407,0.2557529676705599,2.7489944249391556,1.4006351809948683,0.03787791728973389,0.2328752800822258,0.11421714723110199,0.027613040059804916,3.9836697230269076,2.7606812534236,0.2698588555854866,1000,8.284119677144654,5.956701436093399,-0.7993274728745687,146
resnet_layer4,fold6_balkan_e,89,0.6229493498658386,False,2,1e-05,1e-06,1e-05,1e-06,1.9011434968560934,0.14624180745046872,0.6888352781534195,0.2560674883425236,2.8469727151095867,1.47337750159204,0.03803962282836437,0.23283747769892216,0.12621491216123104,0.02879711613059044,3.9846001902337345,2.7591460090613347,0.2695177370796351,1000,8.289934642149673,5.957288674361371,-0.8018544036553703,146
resnet_layer4,fold6_balkan_e,90,0.6185308919884759,False,3,1e-05,1e-06,1e-05,1e-06,1.8050975073128939,0.13885365440868414,0.6839402932673693,0.2554654981940985,2.745443470776081,1.3820383436977863,0.0379518736153841,0.23295236937701702,0.12274280749261379,0.027851231396198273,3.9788755461089016,2.755548105408068,0.27161518568207565,1000,8.28027673295582,5.945025279708637,-0.7976584696535736,146
resnet_layer4,fold6_balkan_e,91,0.6108294570834272,False,4,1e-05,1e-06,1e-05,1e-06,1.814035577699542,0.13954119828458017,0.6754932627081871,0.25499188899993896,2.7454548608511686,1.3882544804364443,0.037927281111478806,0.2333808857947588,0.12455351650714874,0.028363505378365517,3.9767057276784996,2.7540204455852053,0.27240939592349356,1000,8.279688999974637,5.943506057460685,-0.7974032835749092,146
resnet_layer4,fold6_balkan_e,92,0.5838751054500354,False,5,1e-05,1e-06,1e-05,1e-06,1.8038987461477518,0.13876144201136553,0.6761625837534666,0.25536777824163437,2.7363713420927525,1.3816939145326614,0.03804612345993519,0.23282231949269772,0.12221265025436878,0.02759135514497757,3.976421491789118,2.751843921405842,0.27251340159342075,1000,8.282431973245247,5.9445610599869845,-0.7985944021856977,146
resnet_layer4,fold6_balkan_e,93,0.6093827920310891,False,6,1e-05,1e-06,1e-05,1e-06,1.825256921350956,0.14040437856545815,0.6765667945146561,0.25506801903247833,2.7578318249434233,1.4004733115434647,0.03821177780628204,0.23327790945768356,0.12361455149948597,0.028019770979881287,3.968585233845402,2.744050091318156,0.2753778642493808,1000,8.277360696246488,5.935189334145966,-0.796392542143642,146
resnet_layer4,fold6_balkan_e,94,0.6185436052493796,True,0,1e-05,1e-06,1e-05,1e-06,1.9599292539060116,0.1507637887620009,0.6791321057826281,0.25741199031472206,2.897413734346628,1.5345979612320662,0.03794371150434017,0.23292279243469238,0.12479900196194649,0.02813718095421791,3.965569842138776,2.7464203340084348,0.27647860385518275,1000,8.265901683925652,5.927299817288252,-0.7914222052506004,146
resnet_layer4,fold6_balkan_e,95,0.6230679565660916,False,1,1e-05,1e-06,1e-05,1e-06,1.8645293544977903,0.1434253349613685,0.7034790050238371,0.2608169838786125,2.8298146668821573,1.4458560757339,0.03785369731485844,0.23264779336750507,0.11986495926976204,0.026693599298596382,3.9699916911161783,2.747957685592262,0.2748641644780403,1000,8.273927313161094,5.938294299332171,-0.7949025926686617,146
resnet_layer4,fold6_balkan_e,96,0.5980068360364337,False,2,1e-05,1e-06,1e-05,1e-06,1.936832657083869,0.14898712746798992,0.7216325346380472,0.2623135168105364,2.921785119920969,1.5231365449726582,0.037696752697229385,0.23310762085020542,0.11500726081430912,0.02588946372270584,3.968202359444717,2.744913637687798,0.27551767522303783,1000,8.269104455550062,5.930331449895035,-0.7928107114239011,146
resnet_layer4,fold6_balkan_e,97,0.5866563645145431,False,3,1e-05,1e-06,1e-05,1e-06,1.923299791291356,0.14794613779164278,0.7050809357315302,0.2634863182902336,2.8928893581032753,1.511126596480608,0.03741101175546646,0.23287571221590042,0.11476023867726326,0.02550440840423107,3.9691685200533278,2.745540559107991,0.27516484468024194,1000,8.270564308116029,5.933232273874489,-0.7934437836892434,146
resnet_layer4,fold6_balkan_e,98,0.5964461205520446,True,0,1e-05,1e-06,1e-05,1e-06,1.8758708983659744,0.14429776141276726,0.6889021992683411,0.2584009524434805,2.82420426979661,1.446902396157384,0.037977559491992,0.23356390371918678,0.12518278881907463,0.030208688229322433,3.962567170189227,2.7408671198784895,0.2775738688464936,1000,8.25832714695253,5.920321777672427,-0.7881405362645808,146
resnet_layer4,fold6_balkan_e,99,0.6029415047930866,True,0,1e-05,1e-06,1e-05,1e-06,1.8246021419763565,0.14035401092125818,0.684477373957634,0.25719261914491653,2.76728586666286,1.3998308889567852,0.03801320120692253,0.23298640362918377,0.12316685542464256,0.028963204473257065,3.9516644834098584,2.7379882470558,0.281543795345359,1000,8.231557400973946,5.887880402843022,-0.776566646344441,146
resnet_layer4,fold6_balkan_e,100,0.6023207394579208,True,0,1e-05,1e-06,1e-05,1e-06,1.8439413644373417,0.14184164341825706,0.6945746149867773,0.25828408263623714,2.7978029903024435,1.4141885712742805,0.03804725408554077,0.23395258747041225,0.12469420209527016,0.031025853008031845,3.9532974139093358,2.7401145885360387,0.2809499031006334,1000,8.229181581183392,5.885076864356187,-0.7755412770537993,146
resnet_layer4,fold6_balkan_e,101,0.6080083248842467,False,1,1e-05,1e-06,1e-05,1e-06,1.9516984950751066,0.15013065346731588,0.6885729972273111,0.25450510531663895,2.8957694489508867,1.5190559066832066,0.03788270242512226,0.23325495049357414,0.12911654822528362,0.030254175886511803,3.962910384583077,2.7378208599127802,0.2774487187738678,1000,8.264139411833808,5.92090315115364,-0.7906584321142065,146
resnet_layer4,fold6_balkan_e,102,0.5937573387769508,False,2,1e-05,1e-06,1e-05,1e-06,1.8121628370136023,0.13939714130873865,0.6793921366333961,0.2557342182844877,2.74824614264071,1.3900376316159964,0.03799670934677124,0.23274978436529636,0.12203498370945454,0.02785502001643181,3.9567004711705867,2.731620384241888,0.2797114322290193,1000,8.264372867132703,5.920498106418398,-0.7907596028673332,146
resnet_layer4,fold6_balkan_e,103,0.6132162486543414,False,3,1e-05,1e-06,1e-05,1e-06,1.828990826383233,0.14069160202947947,0.6883943658322096,0.2556523196399212,2.773978363722563,1.406027689576149,0.0378826092928648,0.23269270360469818,0.12275982461869717,0.028065508231520653,3.9486520491221313,2.731703214456538,0.28263876541097854,1000,8.24092611358051,5.89667121755424,-0.7806129314531403,146
resnet_layer4,fold6_balkan_e,104,0.6363304969916441,False,4,1e-05,1e-06,1e-05,1e-06,1.8277685344219208,0.14059757957091698,0.6883025467395782,0.2555909790098667,2.772606771439314,1.4039853066205978,0.03767279349267483,0.23293937370181084,0.12315785139799118,0.02841864712536335,3.94944402601303,2.734145755639478,0.2823509758118359,1000,8.243592925640064,5.901024224900969,-0.7817655515117328,146
resnet_layer4,fold6_balkan_e,105,0.5978465636403483,False,5,1e-05,1e-06,1e-05,1e-06,1.8283107448369265,0.14063928806437895,0.683037493377924,0.25490166805684566,2.7671705558896065,1.4055390935391188,0.03842204809188843,0.2326642293483019,0.12205015867948532,0.028120554983615875,3.9481115423819673,2.729705401614778,0.2828351423213912,1000,8.25114794533671,5.9051567545350485,-0.7850329234929252,146
resnet_layer4,fold6_balkan_e,106,0.5970372963871973,False,6,1e-05,1e-06,1e-05,1e-06,1.8126552570611238,0.1394350197739326,0.682406410574913,0.25559888780117035,2.7515930272638798,1.3906976450234652,0.037931207567453384,0.2328521441668272,0.12170553579926491,0.02794324979186058,3.9386970826359278,2.728418693517726,0.28625129189728227,1000,8.233232571898736,5.88598928788622,-0.7772898036934459,146
resnet_layer4,fold6_balkan_e,107,0.6072561236860093,False,7,1e-05,1e-06,1e-05,1e-06,1.8248826414346695,0.14037558780266687,0.685932544991374,0.25649235025048256,2.7682533971965313,1.400212187319994,0.03794703260064125,0.23305932618677616,0.12128829769790173,0.03077775426208973,3.938033678452384,2.7279497627253866,0.2864917084575431,1000,8.233427063707547,5.886119086618954,-0.777373773723081,146
resnet_layer4,fold6_balkan_e,108,0.5813994266730885,False,8,1e-05,1e-06,1e-05,1e-06,1.8181320130825043,0.13985630869865417,0.6801158394664526,0.25607202015817165,2.75525882281363,1.3967883232980967,0.03813362307846546,0.23277308605611324,0.12117744237184525,0.027741046622395515,3.937036450664008,2.7229595504093793,0.28685302593895035,1000,8.23334331031487,5.884792060193817,-0.7773376137315442,146
resnet_layer4,fold6_balkan_e,109,0.5923160776154411,True,0,1e-05,1e-06,1e-05,1e-06,1.8340001609176397,0.14107693545520306,0.682518620043993,0.2557384390383959,2.7731873616576195,1.4081399254500866,0.03793131001293659,0.2331887986510992,0.1244004312902689,0.028806626796722412,3.9335840779091096,2.721461901956636,0.28810318947357727,1000,8.224813274301157,5.872307669951984,-0.7736567517188992,146
resnet_layer4,fold6_balkan_e,110,0.5900677385750093,True,0,1e-05,1e-06,1e-05,1e-06,1.8155122622847557,0.13965478940651968,0.6803091187030077,0.2558102086186409,2.7526503391563892,1.3929958529770374,0.038015032187104225,0.23324568942189217,0.1215650774538517,0.028156327083706856,3.9298863002042403,2.7221968935417125,0.28944100190478605,1000,8.212389194143586,5.861182647971528,-0.7683023662703599,146
resnet_layer4,fold6_balkan_e,111,0.5864468327621212,False,1,1e-05,1e-06,1e-05,1e-06,1.8448678143322468,0.1419129087947882,0.6816418804228306,0.25584423914551735,2.7833398040384054,1.4192112945020199,0.03887327387928963,0.23302201926708221,0.1222775336354971,0.029897566884756088,3.930130476095757,2.718733444000329,0.28935270074100317,1000,8.22586198755381,5.873385124871916,-0.7741090844013334,146
resnet_layer4,fold6_balkan_e,112,0.5834877368768248,False,2,1e-05,1e-06,1e-05,1e-06,1.817059900611639,0.13977383850858763,0.6789727583527565,0.2561116497963667,2.753084121271968,1.3960953950881958,0.03766702860593796,0.23276061564683914,0.12127110175788403,0.027784915640950203,3.9246314903960946,2.7172738565618495,0.29133996577546595,1000,8.22275931460455,5.872618828163622,-0.7727710016157385,146
resnet_layer4,fold6_balkan_e,113,0.5926991512749538,True,0,1e-05,1e-06,1e-05,1e-06,1.9205834902822971,0.1477371915601767,0.6780211944133043,0.2568030711263418,2.85635188780725,1.4879348129034042,0.0381385013461113,0.23319807834923267,0.12948385253548622,0.030053505674004555,3.9207392959099265,2.7163775288347205,0.2927448747263294,1000,8.211313706016313,5.859041270650418,-0.7678392455811072,146
resnet_layer4,fold6_balkan_e,114,0.5915289197669817,True,0,1e-05,1e-06,1e-05,1e-06,1.8089466821402311,0.1391497447800178,0.6813383903354406,0.256624560803175,2.747924044728279,1.3877758271992207,0.03774004243314266,0.23283997550606728,0.12056199461221695,0.028458496555685997,3.9185246381465286,2.712089707307554,0.2935436453457867,1000,8.208891186898294,5.854429636351949,-0.7667962961119079,146
resnet_layer4,fold6_balkan_e,115,0.5833394763984496,True,0,1e-05,1e-06,1e-05,1e-06,1.8141760993748903,0.13955200764422232,0.6740002110600471,0.2557827290147543,2.744938101619482,1.3902895264327526,0.03812732547521591,0.2328714169561863,0.12293761782348156,0.028437554836273193,3.9153325964519805,2.7135192468189873,0.29469413940528066,1000,8.196280956130323,5.845334991775365,-0.7613722757841637,146
resnet_layer4,fold6_balkan_e,116,0.6024339613206999,True,0,1e-05,1e-06,1e-05,1e-06,1.8185420241206884,0.13988784800928372,0.7308194562792778,0.26195801608264446,2.8122857566922903,1.397163575515151,0.03800479136407375,0.23283729143440723,0.12086874060332775,0.028061408549547195,3.912029279618537,2.717368997728779,0.2958837527178855,1000,8.185729948721635,5.8363351875440985,-0.7568403934949464,146
resnet_layer4,fold6_balkan_e,117,0.6006063668661727,False,1,1e-05,1e-06,1e-05,1e-06,1.9578410610556602,0.1506031585427431,0.7080349195748568,0.2637979984283447,2.9308392014354467,1.5336559675633907,0.03744463063776493,0.23280978202819824,0.1233565453439951,0.028795965015888214,3.911562107024062,2.7115380213074056,0.29605191310186574,1000,8.198141668811322,5.846582304300382,-0.7621720970114254,146
resnet_layer4,fold6_balkan_e,118,0.5566051457126696,False,2,1e-05,1e-06,1e-05,1e-06,1.8894673436880112,0.1453436418221547,0.6859987657517195,0.2602788247168064,2.8367494232952595,1.459963595494628,0.037955038249492645,0.2333653438836336,0.12586491741240025,0.03048679232597351,3.9105627774629768,2.70591713775002,0.29641155779168016,1000,8.207405160747602,5.854988870297738,-0.7661566804083322,146
resnet_layer4,fold6_balkan_e,119,0.574821998615748,False,3,1e-05,1e-06,1e-05,1e-06,1.8247491903603077,0.14036532233540827,0.6894889883697033,0.2611779849976301,2.776403035968542,1.40174544416368,0.03794781304895878,0.23286378756165504,0.1221227403730154,0.02849249355494976,3.907104775103149,2.7013653490288827,0.2976553351761634,1000,8.212441228179202,5.860810891580984,-0.7683247744143542,146
resnet_layer4,fold6_balkan_e,120,0.6176130201474317,False,4,1e-05,1e-06,1e-05,1e-06,1.8346133828163147,0.14112410637048575,0.6785472966730595,0.2557167988270521,2.769876839593053,1.4091407917439938,0.03775992430746555,0.23270421288907528,0.12417804636061192,0.02931448444724083,3.8966511398512464,2.69606013151378,0.30140861714297384,1000,8.198397523274537,5.840983640925057,-0.762282089409603,146
resnet_layer4,fold6_balkan_e,121,0.6102786950668179,False,5,1e-05,1e-06,1e-05,1e-06,1.82981095649302,0.14075468896100155,0.6832493022084236,0.25632661022245884,2.7703416515141726,1.4035558607429266,0.03788326680660248,0.23272021301090717,0.1252990923821926,0.02876421809196472,3.894287929404453,2.69157435020133,0.30225571264972095,1000,8.195004163346606,5.839672064493133,-0.760823555636801,146
resnet_layer4,fold6_balkan_e,122,0.5857772743745074,True,0,1e-05,1e-06,1e-05,1e-06,1.8266577739268541,0.14051213645591185,0.6809222176671028,0.25586588867008686,2.7643861025571823,1.400944970548153,0.037875471636652946,0.232877217233181,0.12476569414138794,0.028700079768896103,3.889190575994402,2.691544058288545,0.30408111517929615,1000,8.17956014078375,5.826258816247704,-0.754193034515436,146
resnet_layer4,fold6_balkan_e,123,0.5794033255738142,False,1,1e-05,1e-06,1e-05,1e-06,1.8278752248734236,0.14060578652872488,0.676830755546689,0.2584386710077524,2.7641347721219063,1.4039069935679436,0.038016730919480324,0.2327092308551073,0.1232578456401825,0.028466230258345604,3.891336522881638,2.69329731102942,0.30331292604324644,1000,8.18874582486459,5.834364189309088,-0.7581351806703243,146
resnet_layer4,fold6_balkan_e,124,0.5679654008085391,False,2,1e-05,1e-06,1e-05,1e-06,1.8069466520100832,0.13899589630846793,0.6805231589823961,0.2555487100034952,2.743968291208148,1.3837482538074255,0.037937115877866745,0.23271330259740353,0.12280024401843548,0.02825252152979374,3.894055126614729,2.6951070994616146,0.3023391332720633,1000,8.191710586959841,5.83746300957339,-0.7594084882674068,146
resnet_layer4,fold6_balkan_e,125,0.5682162943018647,True,0,1e-05,1e-06,1e-05,1e-06,1.9072099458426237,0.1467084573725095,0.677475955337286,0.25638104043900967,2.842012209817767,1.4742541331797838,0.03808805160224438,0.23291544057428837,0.1303783692419529,0.029940631240606308,3.87553381634304,2.689394900508986,0.3089599249374677,1000,8.146166972202462,5.786616247158646,-0.7398992363557202,146
resnet_layer4,fold6_balkan_e,126,0.5912424167045207,False,1,1e-05,1e-06,1e-05,1e-06,1.8372005745768547,0.14132312112129652,0.6789635680615902,0.2561919391155243,2.773325402289629,1.4135674331337214,0.03797125071287155,0.2328222580254078,0.12296180985867977,0.028353402391076088,3.8756518252051877,2.686056203587938,0.3089178403636309,1000,8.154207495725252,5.793740772529018,-0.743335602176042,146
resnet_layer4,fold6_balkan_e,127,0.5955732746636192,False,2,1e-05,1e-06,1e-05,1e-06,1.7072702385485172,0.13132847988834748,0.6669902633875608,0.2541633676737547,2.629368120804429,1.2837001252919436,0.037462783977389336,0.23315653949975967,0.12267536856234074,0.028636988252401352,3.8755703193228648,2.687590477708614,0.3089469073033,1000,8.150888076157923,5.791708809138117,-0.7419165349144676,146
resnet_layer4,fold6_balkan_e,128,0.5720219693367962,False,3,1e-05,1e-06,1e-05,1e-06,1.7607668582350016,0.1354436044796155,0.6798496376723051,0.256109319627285,2.697663338854909,1.3362857680767775,0.03773341700434685,0.23328540101647377,0.12349453382194042,0.02837810479104519,3.8745354874759896,2.6835850812285535,0.3093158998464536,1000,8.159470303604957,5.798852273783372,-0.745586661182384,146
resnet_layer4,fold6_balkan_e,129,0.568468261253992,False,4,1e-05,1e-06,1e-05,1e-06,1.8437643144279718,0.14182802418676707,0.6922843214124441,0.2574078105390072,2.794397946447134,1.419788034632802,0.03786623291671276,0.23269354552030563,0.12374168820679188,0.028121815994381905,3.8789956116618574,2.681518924566408,0.30772483948268314,1000,8.175210572867439,5.811049630636035,-0.7523279090199886,146
resnet_layer4,fold6_balkan_e,130,0.5815886972321532,False,5,1e-05,1e-06,1e-05,1e-06,1.883470967411995,0.14488238210861498,0.6972930766642094,0.25888776034116745,2.840592458844185,1.462123941630125,0.037636350840330124,0.2328601349145174,0.12144223414361477,0.027788063511252403,3.8802793794327495,2.679791939820965,0.30726654166989675,1000,8.187440459945563,5.824490944692159,-0.7575746979996809,146
resnet_layer4,fold6_balkan_e,131,0.6009872460106458,False,6,1e-05,1e-06,1e-05,1e-06,1.885170390829444,0.1450131069868803,0.6970737259835005,0.2586715407669544,2.8418579697608948,1.4609792698174715,0.03801758214831352,0.23273897729814053,0.12366976402699947,0.028172465041279793,3.8631482849616763,2.6774409446663587,0.3133697546876746,1000,8.14932532304603,5.779910929507387,-0.7412486507524887,146
resnet_layer4,fold6_balkan_e,132,0.5772529199126258,True,0,1e-05,1e-06,1e-05,1e-06,1.909553637728095,0.14688874136369962,0.6910565495491028,0.26160758547484875,2.8631720449775457,1.483026770874858,0.03770759887993336,0.23292247205972672,0.12569833919405937,0.0285904910415411,3.8575662975379923,2.672408055410616,0.31535258944902755,1000,8.145439953626695,5.772284962510894,-0.7395886896597619,146
resnet_layer4,fold6_balkan_e,133,0.5731028283174421,True,0,1e-05,1e-06,1e-05,1e-06,1.8897123355418444,0.14536248734937265,0.6930160839110613,0.2581483907997608,2.8418698087334633,1.4653581362217665,0.037918442860245705,0.23275685124099255,0.12385720573365688,0.028245093300938606,3.854351629569168,2.6706177436426453,0.3164932034398307,1000,8.134039781505654,5.759757758512573,-0.7347227198263997,146
resnet_layer4,fold6_balkan_e,134,0.5820619548042951,True,0,1e-05,1e-06,1e-05,1e-06,1.883571907877922,0.14489014675984016,0.692023390904069,0.25777008198201656,2.8343814723193645,1.4598056804388762,0.03788701631128788,0.23268592730164528,0.12345406785607338,0.02811913751065731,3.849556750274632,2.6698944615562636,0.31819273393025205,1000,8.12891156727911,5.749216855971847,-0.7325360510469696,146
resnet_layer4,fold6_balkan_e,135,0.595734381057385,False,1,1e-05,1e-06,1e-05,1e-06,1.896769642829895,0.14590535714076117,0.6910272911190987,0.2572322692722082,2.8459818456321955,1.4732822235673666,0.03749740496277809,0.2327529899775982,0.12357578240334988,0.02810913324356079,3.8548967393090616,2.672190239673091,0.31629985701231644,1000,8.13514973020001,5.754946362573547,-0.7351961831092675,146
resnet_layer4,fold6_balkan_e,136,0.5870818405157119,False,2,1e-05,1e-06,1e-05,1e-06,1.8876340109854937,0.14520261622965336,0.6980440802872181,0.2834590692073107,2.8700821921229362,1.464230615645647,0.03777971304953098,0.23279731161892414,0.12313908711075783,0.02810639701783657,3.853283294319876,2.6703449039444647,0.31687205481353553,1000,8.12980981403569,5.751182472276257,-0.7329189635336792,146
resnet_layer4,fold6_balkan_e,137,0.5644115772552168,True,0,1e-05,1e-06,1e-05,1e-06,2.063310820609331,0.15871621696994856,0.6978109385818243,0.26072847470641136,3.0229984652251005,1.633805165067315,0.03775654546916485,0.23275919072329998,0.1275363713502884,0.029806511476635933,3.852842719642452,2.672909202130598,0.3170282601299331,1000,8.124751452716863,5.7499886180251405,-0.7307631927496168,146
resnet_layer4,fold6_balkan_e,138,0.5812804395528409,False,1,1e-05,1e-06,1e-05,1e-06,1.9064604938030243,0.14665080721561724,0.6951350849121809,0.2599831447005272,2.8625388145446777,1.4795789774507284,0.03786823898553848,0.23286716267466545,0.125743692740798,0.02886101044714451,3.8491943036657803,2.670932461445149,0.3183211160345021,1000,8.127559332661372,5.756997639658032,-0.7319596884319408,146
resnet_layer4,fold6_balkan_e,139,0.5583784509050257,False,2,1e-05,1e-06,1e-05,1e-06,1.8977802135050297,0.14598309334654075,0.7073724288493395,0.2577776610851288,2.86387487500906,1.4727830830961466,0.03799375705420971,0.23291779309511185,0.12398374639451504,0.028417568653821945,3.8527259270185334,2.671387476991654,0.31706966584429874,1000,8.134207241791682,5.760324816740273,-0.7347941480861482,146
resnet_layer4,fold6_balkan_e,140,0.5439381083188213,False,3,1e-05,1e-06,1e-05,1e-06,1.8982440549880266,0.14601877346061742,0.6962122470140457,0.25692866928875446,2.8523537106812,1.472979949787259,0.03783007711172104,0.23358523473143578,0.1239369846880436,0.028350450098514557,3.8545570509760836,2.6741746907660153,0.3164203451835833,1000,8.136341655588128,5.763325227488779,-0.7357046865704346,146
resnet_layer4,fold6_balkan_e,141,0.5609245567758926,False,4,1e-05,1e-06,1e-05,1e-06,1.8873984012752771,0.14518449240579054,0.6963799577206373,0.2578488700091839,2.842572331428528,1.461654081940651,0.03772255592048168,0.23285074532032013,0.12492693774402142,0.028694061562418938,3.8480072675080623,2.670096442447705,0.31874149113123385,1000,8.129053769104637,5.7585100806702725,-0.7325966672665272,146
resnet_layer4,fold6_balkan_e,142,0.576190414417207,True,0,1e-05,1e-06,1e-05,1e-06,1.8857044894248247,0.14505419149421728,0.6951478850096464,0.258279612287879,2.840075409039855,1.4641958177089691,0.037719955667853355,0.2330780327320099,0.1212417483329773,0.02796086110174656,3.842401417868705,2.667717411193471,0.32072498579817765,1000,8.118948894657215,5.747210066748396,-0.7282919127960346,146
resnet_layer4,fold6_balkan_e,143,0.5479515515564434,True,0,1e-05,1e-06,1e-05,1e-06,1.9055931735783815,0.14658409027526012,0.6919683609157801,0.2574370317161083,2.855970036238432,1.4843031540513039,0.037774963304400444,0.23284213617444038,0.12130199559032917,0.027857791632413864,3.832896760713064,2.662307526387056,0.3240813716739188,1000,8.095527666612762,5.719247445522449,-0.7183348767747011,146
resnet_layer4,fold6_balkan_e,144,0.5625923450663236,False,1,1e-05,1e-06,1e-05,1e-06,1.886484170332551,0.14511416694865778,0.6982988994568586,0.258287001401186,2.8440464921295643,1.4653897676616907,0.037629807367920876,0.23292047530412674,0.12116296216845512,0.027867868542671204,3.8307015617156273,2.66114540662628,0.3248553820840401,1000,8.095460096561585,5.715408863202496,-0.7183061924206251,146
resnet_layer4,fold6_balkan_e,145,0.5664039448317055,False,2,1e-05,1e-06,1e-05,1e-06,1.9141780231148005,0.1472444633165231,0.6977822799235582,0.25839800015091896,2.871287042275071,1.492358634248376,0.037784963846206665,0.23291008174419403,0.12149637937545776,0.028083087876439095,3.8326732559428063,2.660225082290054,0.32416019802512186,1000,8.10879787831846,5.733584713767841,-0.7239728926358817,146
resnet_layer4,fold6_balkan_e,146,0.549070648318752,True,0,1e-05,1e-06,1e-05,1e-06,1.8866687417030334,0.14512836474638718,0.6919379308819771,0.2576303109526634,2.8371853549033403,1.4642892461270094,0.03764203190803528,0.2329922541975975,0.12206652760505676,0.02815963141620159,3.8185555563134885,2.659369549809976,0.32912995669280687,1000,8.056230631468221,5.678951903694519,-0.7016932003068799,146
resnet_layer4,fold6_balkan_e,147,0.5587876018482756,False,1,1e-05,1e-06,1e-05,1e-06,1.899487316608429,0.14611440896987915,0.6925123240798712,0.2578568421304226,2.850820280611515,1.477304620668292,0.03753870353102684,0.2334136925637722,0.12166896089911461,0.02803199738264084,3.8202387110664717,2.654638057129873,0.3285384099957994,1000,8.070082759041671,5.690136404899112,-0.7075501171823593,146
resnet_layer4,fold6_balkan_e,148,0.5455724260487804,False,2,1e-05,1e-06,1e-05,1e-06,1.9694104548543692,0.15149311191187456,0.7194208931177855,0.2580841723829508,2.947860861197114,1.5409064311534166,0.037798190489411354,0.23293673060834408,0.1272366251796484,0.028984488919377327,3.8283566495821244,2.6596724221547094,0.32568169038685335,1000,8.08540666537026,5.705752048469027,-0.714041049643082,146
resnet_layer4,fold6_balkan_e,149,0.5667164946925367,False,3,1e-05,1e-06,1e-05,1e-06,1.8903554137796164,0.14541195490612432,0.6923424210399389,0.2597673535346985,2.843410262838006,1.4676197990775108,0.03762855380773544,0.23339277878403664,0.12222511507570744,0.027979275211691856,3.8164553858815022,2.6541463285038915,0.3298676984673987,1000,8.063991333770254,5.681473877234378,-0.7049733187352734,146
resnet_layer4,fold6_balkan_e,150,0.5665729234244481,False,4,1e-05,1e-06,1e-05,1e-06,1.8965210020542145,0.14588623092724726,0.6928410436958075,0.25779804959893227,2.8481090385466814,1.4753434583544731,0.03771118260920048,0.23277784883975983,0.12115885876119137,0.027944769710302353,3.8262822392960856,2.655586277410096,0.32641225652233974,1000,8.081664142881628,5.699097651292118,-0.7124546476696774,146
resnet_layer4,fold6_balkan_e,151,0.5559894961672324,False,5,1e-05,1e-06,1e-05,1e-06,1.893441129475832,0.14564931765198708,0.6931400429457426,0.257762910798192,2.8452753741294146,1.4716707207262516,0.037805791944265366,0.23303553275763988,0.12133608013391495,0.02801615558564663,3.820151552268821,2.6517865664766016,0.32856904845672763,1000,8.079629862227925,5.690088961104024,-0.7115926531946128,146
resnet_layer4,fold6_balkan_e,152,0.5506783887402428,False,6,1e-05,1e-06,1e-05,1e-06,1.895399421453476,0.14579995549642122,0.6936902943998575,0.2580428309738636,2.848078867420554,1.47377965785563,0.03761447034776211,0.23294941149652004,0.12139713950455189,0.02808380126953125,3.8121729623039475,2.650473508409465,0.33137075823892825,1000,8.06698443152896,5.677857153153686,-0.7062392176361352,146
resnet_layer4,fold6_balkan_e,153,0.5472351352901021,False,7,1e-05,1e-06,1e-05,1e-06,1.8965563625097275,0.14588895096228674,0.691730622202158,0.25785457342863083,2.847074467688799,1.4752977881580591,0.03761664405465126,0.23283296078443527,0.12130235694348812,0.027951430529356003,3.8167121631498784,2.645050324788249,0.3297775202715745,1000,8.091404192749286,5.704063586624544,-0.7165848476881649,146
resnet_layer4,fold6_balkan_e,154,0.5583992798883464,False,8,1e-05,1e-06,1e-05,1e-06,1.8613653928041458,0.1431819532926266,0.675503421574831,0.25521870888769627,2.7930308170616627,1.439487136900425,0.037832219153642654,0.23300503566861153,0.12147496826946735,0.027964593842625618,3.810126445431142,2.6464390444134467,0.33208845585904223,1000,8.065346597289334,5.676922296182338,-0.7055464548450574,146
resnet_layer4,fold6_balkan_e,155,0.5791450339145914,True,0,1e-05,1e-06,1e-05,1e-06,1.8142555709928274,0.1395581208456021,0.677543144673109,0.25503562949597836,2.7477684542536736,1.3901401944458485,0.03785097971558571,0.23294553346931934,0.12361979112029076,0.028197914361953735,3.809123673818808,2.64815429060101,0.3324399794158306,1000,8.054163736319971,5.660085823837478,-0.70082014430992,146
resnet_layer4,fold6_balkan_e,156,0.5596933805252301,False,1,1e-05,1e-06,1e-05,1e-06,1.9174242056906223,0.14749416966850942,0.6967328377068043,0.25881766341626644,2.8739222064614296,1.4944156054407358,0.03793219290673733,0.23318691365420818,0.1216446552425623,0.028558693826198578,3.8136672766995496,2.6459286412261833,0.33084647031414927,1000,8.076071197209174,5.6812822659868045,-0.710085246637391,146
resnet_layer4,fold6_balkan_e,157,0.5315688735613345,False,2,1e-05,1e-06,1e-05,1e-06,1.8957112822681665,0.14582394478985897,0.693719033151865,0.25827426090836525,2.848657079041004,1.471804803237319,0.03771376423537731,0.2327862996608019,0.12357182987034321,0.02831323817372322,3.8089392183427973,2.6427319944145857,0.332504630569492,1000,8.073995764879234,5.682469822661629,-0.7092064257158728,146
resnet_layer4,fold6_balkan_e,158,0.5423785300680467,False,3,1e-05,1e-06,1e-05,1e-06,1.8916732482612133,0.1455133267893241,0.6937702726572752,0.2581214811652899,2.8445099648088217,1.4649833664298058,0.03760708309710026,0.23318658769130707,0.12565907649695873,0.02871105447411537,3.804107547921506,2.6435119129650055,0.3341970031194724,1000,8.063817110750358,5.673978623954212,-0.7048996474280274,146
resnet_layer4,fold6_balkan_e,159,0.5403044330196588,False,4,1e-05,1e-06,1e-05,1e-06,1.881765205413103,0.14475116964716178,0.691557889804244,0.2588039804250002,2.8330763801932335,1.457979066297412,0.03779456950724125,0.23272339440882206,0.1234038844704628,0.028358953073620796,3.8045973348649054,2.642545753017842,0.33402554497651604,1000,8.06120123346583,5.673024384042476,-0.7037936985145357,146
resnet_layer4,fold6_balkan_e,160,0.5592483717799905,False,5,1e-05,1e-06,1e-05,1e-06,1.9938754830509424,0.1533750371577648,0.6942571643739939,0.25813884288072586,2.94723835028708,1.5650660656392574,0.03801695629954338,0.2333800308406353,0.12636729702353477,0.02940734103322029,3.8028433390581506,2.6410092570322505,0.33463945863736533,1000,8.060132172514006,5.668050429418891,-0.7033418208151485,146
resnet_layer4,fold6_balkan_e,161,0.528472098280351,True,0,1e-05,1e-06,1e-05,1e-06,1.888471245765686,0.14526701890505278,0.6945149153470993,0.25786295160651207,2.84179151058197,1.4648424554616213,0.03749845735728741,0.2328077033162117,0.12363181076943874,0.028164885938167572,3.801563445882369,2.6430995418417407,0.33508725363382164,1000,8.046115200211865,5.654483434052982,-0.6974225792692572,146
resnet_layer4,fold6_balkan_e,162,0.5478499916407973,True,0,1e-05,1e-06,1e-05,1e-06,1.8914065156131983,0.14549280889332294,0.700815312564373,0.2570771612226963,2.850265961140394,1.4665606040507555,0.037812117487192154,0.2334556970745325,0.12368848919868469,0.02835126221179962,3.7956646405506578,2.6406052493301737,0.33714911471756737,1000,8.043681684316319,5.651099555126394,-0.6963959769729615,146
resnet_layer4,fold6_balkan_e,163,0.5482602523520714,False,1,1e-05,1e-06,1e-05,1e-06,1.9099729880690575,0.1469209990822352,0.6956188157200813,0.2585640326142311,2.8651188779622316,1.4857522882521152,0.037577059119939804,0.23274395801126957,0.12410672008991241,0.028267718851566315,3.7945330429423314,2.6347433434645917,0.3375442859126664,1000,8.054148238740563,5.657598770087756,-0.7008135989823734,146
resnet_layer4,fold6_balkan_e,164,0.5487574597031992,False,2,1e-05,1e-06,1e-05,1e-06,1.7767742089927197,0.13667493915328613,0.6555611994117498,0.2570091988891363,2.690287910401821,1.3520606849342585,0.03809630312025547,0.23289991542696953,0.1235438659787178,0.028576670214533806,3.795482130077713,2.634020165479244,0.33721285813617297,1000,8.060413945739787,5.6646302252171195,-0.7034609167551533,146
resnet_layer4,fold6_balkan_e,165,0.5531785155234205,False,3,1e-05,1e-06,1e-05,1e-06,1.7505030259490013,0.13465407891915396,0.6540558878332376,0.2531704567372799,2.6586705427616835,1.3259694892913103,0.03827355615794659,0.23301585391163826,0.12362422980368137,0.02808610163629055,3.791535060453859,2.6330210228907487,0.3385906576515789,1000,8.049976388803971,5.654098575948377,-0.6990520964031404,146
resnet_layer4,fold6_balkan_e,166,0.5435197571937368,False,4,1e-05,1e-06,1e-05,1e-06,1.7735377438366413,0.13642598029512626,0.6552226189523935,0.25470807775855064,2.684424551203847,1.3465272095054388,0.03816087171435356,0.2328305821865797,0.12564685754477978,0.0288168266415596,3.791962645429123,2.6330840971992737,0.3384414702436017,1000,8.058969334834503,5.661548441001599,-0.7028503730003706,146
resnet_layer4,fold6_balkan_e,167,0.5334393905500451,False,5,1e-05,1e-06,1e-05,1e-06,1.7872832994908094,0.13748333073006228,0.676563523709774,0.2561117187142372,2.7209017127752304,1.3629527408629656,0.03817269578576088,0.23292220011353493,0.12338615395128727,0.0283067487180233,3.7993863000235497,2.636042084205699,0.3358486232813036,1000,8.067723668817075,5.670627136232048,-0.7065519425346787,146
resnet_layer4,fold6_balkan_e,168,0.5457736972013918,False,6,1e-05,1e-06,1e-05,1e-06,1.8057389818131924,0.1389029986010148,0.6712227966636419,0.25374220684170723,2.731655428186059,1.3799826428294182,0.037925854325294495,0.23292256332933903,0.1248962003737688,0.028442515060305595,3.7900396248370005,2.630027700125046,0.3391122933561068,1000,8.050253583489285,5.647202308962679,-0.699169109496635,146
resnet_layer4,fold6_balkan_e,169,0.5811246895243665,True,0,1e-05,1e-06,1e-05,1e-06,1.7332286294549704,0.13332527918884388,0.6500058639794588,0.2510755844414234,2.635246718302369,1.3100135922431946,0.03788643144071102,0.2327503003180027,0.1228780671954155,0.028139058500528336,3.775689524715,2.629847200060226,0.34410741298045544,1000,8.020588859562505,5.618001197626908,-0.6866695002505971,146
resnet_layer4,fold6_balkan_e,170,0.5358594084389966,False,1,1e-05,1e-06,1e-05,1e-06,1.7474490441381931,0.13441915724139947,0.6579602025449276,0.2508006151765585,2.65718986466527,1.3244855385273695,0.038085874170064926,0.23280700482428074,0.12245666235685349,0.028123460710048676,3.7821350453899214,2.6272509541609934,0.3418661388146723,1000,8.037713058781655,5.637957754037123,-0.6938793692362932,146
resnet_layer4,fold6_balkan_e,171,0.4993296930312535,False,2,1e-05,1e-06,1e-05,1e-06,1.7711075395345688,0.13623904150265914,0.6519129071384668,0.25190296582877636,2.675854954868555,1.3475629519671202,0.03778999671339989,0.23262483067810535,0.12317231483757496,0.028188124299049377,3.7783831036665094,2.6264288921054697,0.34317125091675826,1000,8.03498626999915,5.634906937636482,-0.6927302692975228,146
resnet_layer4,fold6_balkan_e,172,0.5289964554393248,False,3,1e-05,1e-06,1e-05,1e-06,1.8713949751108885,0.1439534596239145,0.6700384467840195,0.2540119271725416,2.796385871246457,1.435866354033351,0.03813496232032776,0.23390678316354752,0.13165163435041904,0.030177751556038857,3.7765581696285406,2.626056295713885,0.34380558556933694,1000,8.032280027002297,5.627007898230749,-0.6915902130893994,146
resnet_layer4,fold6_balkan_e,173,0.5224723467924627,False,4,1e-05,1e-06,1e-05,1e-06,1.7345219999551773,0.13342476922732133,0.6593585051596165,0.25216492637991905,2.6469851806759834,1.3099656198173761,0.038109103217720985,0.2326513696461916,0.12394729070365429,0.028346790000796318,3.7805887685451154,2.627005801196106,0.34240416779045524,1000,8.043282795985958,5.637722965137385,-0.6962277316824959,146
resnet_layer4,fold6_balkan_e,174,0.5495578773202885,False,5,1e-05,1e-06,1e-05,1e-06,1.7336810175329447,0.13336007827176496,0.6584435142576694,0.2523309141397476,2.645415559411049,1.307437539100647,0.037934379652142525,0.2328098677098751,0.12535793147981167,0.02861221879720688,3.7767586290223187,2.625006858278867,0.34373592223055915,1000,8.043806666953271,5.639401519803643,-0.6964486945463375,146
resnet_layer4,fold6_balkan_e,175,0.5356939516251568,False,6,1e-05,1e-06,1e-05,1e-06,1.7284362744539976,0.13295663649646136,0.6634788494557142,0.25627061910927296,2.6491134334355593,1.3025900833308697,0.038234855979681015,0.23286906816065311,0.1247437596321106,0.028512531891465187,3.773943056126501,2.620725201016874,0.34471404700853003,1000,8.041940104776781,5.637464011961951,-0.6956614653890447,146
resnet_layer4,fold6_balkan_e,176,0.5419117633626315,False,7,1e-05,1e-06,1e-05,1e-06,1.7443595919758081,0.13418150707506216,0.660179266706109,0.2528820149600506,2.658357124775648,1.3199048787355423,0.038261132314801216,0.23290114477276802,0.12351234070956707,0.028249625116586685,3.7780841115253745,2.6229225044713456,0.3432751995415517,1000,8.046628821839294,5.648247364035102,-0.6976392952253472,146
resnet_layer4,fold6_balkan_e,177,0.528517006102172,False,8,1e-05,1e-06,1e-05,1e-06,1.7402905877679586,0.13386850675138143,0.6573840621858835,0.25422655791044235,2.652858179062605,1.3137775994837284,0.038389382883906364,0.23264744505286217,0.1252971515059471,0.028654566034674644,3.7776727357659827,2.6237073696764672,0.3434182063922925,1000,8.03307897657904,5.629324026178461,-0.6919267458036602,146
resnet_layer4,fold6_balkan_e,178,0.5683689469019956,False,9,1e-05,1e-06,1e-05,1e-06,1.7398658357560635,0.1338358335196972,0.6588416248559952,0.25278928503394127,2.652437748387456,1.31505130790174,0.03847038000822067,0.23290613666176796,0.12371600978076458,0.028218822553753853,3.7744207976400843,2.622483513006798,0.3445481318830299,1000,8.026951931511576,5.624471892324845,-0.6893467741528727,146
resnet_layer4,fold6_balkan_e,179,0.5440790219675071,False,10,1e-05,1e-06,1e-05,1e-06,1.7443914525210857,0.13418395788623735,0.7766321264207363,0.2525273859500885,2.7744940761476755,1.317987758666277,0.03826948069036007,0.23304442688822746,0.12510273791849613,0.028495250269770622,3.7751219891638628,2.615784589163272,0.3443045766412782,1000,8.044581728200985,5.64198419816415,-0.6967756330327044,146
resnet_layer4,fold6_balkan_e,180,0.5244727808042947,False,11,1e-05,1e-06,1e-05,1e-06,1.7334253191947937,0.13334040916883028,0.6521462965756655,0.25140961445868015,2.637918021529913,1.3094584066420794,0.03823702596127987,0.23271888867020607,0.12353234924376011,0.02796282060444355,3.780171661295626,2.622535832249494,0.3425492631048248,1000,8.048474516230367,5.643991560728831,-0.6984181761076271,146
resnet_layer4,fold6_balkan_e,181,0.5172127101691698,False,12,1e-05,1e-06,1e-05,1e-06,1.7674049977213144,0.13595423059394726,0.662553308531642,0.253022825345397,2.683919742703438,1.343988398090005,0.03811388649046421,0.23282353021204472,0.12292462028563023,0.027987584471702576,3.7738536392365214,2.618263084306874,0.34474509831850264,1000,8.040418466783043,5.634155516436813,-0.6950198443934079,146
resnet_layer4,fold6_balkan_e,182,0.5121451242410087,True,0,1e-05,1e-06,1e-05,1e-06,1.8220960590988398,0.14016123531529537,0.6830474212765694,0.256353959441185,2.7624501418322325,1.4006369188427925,0.03772985376417637,0.23273085430264473,0.12169229239225388,0.02774462290108204,3.760970067792774,2.6153925954060835,0.34921141525582733,1000,8.013608819790418,5.607151977619542,-0.6837350779594207,146
resnet_layer4,fold6_balkan_e,183,0.5231603440099516,True,0,1e-05,1e-06,1e-05,1e-06,1.8553452957421541,0.14271886890324262,0.6804592981934547,0.25555310770869255,2.792345564812422,1.4330585412681103,0.037766171619296074,0.23341553285717964,0.12189457193017006,0.0276432316750288,3.7648415161228206,2.6199007546102777,0.3478709147538992,1000,8.013196537907866,5.607631829730371,-0.6835618337628422,146
resnet_layer4,fold6_balkan_e,184,0.5272507053520193,False,1,1e-05,1e-06,1e-05,1e-06,1.836827915161848,0.14129445501244986,0.6879797577857971,0.2567163910716772,2.78249385394156,1.4147134609520435,0.03759867511689663,0.2335038185119629,0.12175014242529869,0.027672285214066505,3.77257938175039,2.616010453865949,0.3451875227361627,1000,8.043289645509628,5.638047799393358,-0.6962306206414539,146
resnet_layer4,fold6_balkan_e,185,0.5073511882340233,False,2,1e-05,1e-06,1e-05,1e-06,1.8982514347881079,0.14601934113754675,0.6681869644671679,0.25581794790923595,2.8231904916465282,1.4611509200185537,0.04326316900551319,0.23348755575716496,0.128788186237216,0.02986772730946541,3.7652210336010445,2.6150975470485194,0.3477394314713911,1000,8.01575179260509,5.606789324939291,-0.6846357161179812,146
resnet_layer4,fold6_balkan_e,186,0.5367654226945019,True,0,1e-05,1e-06,1e-05,1e-06,1.8012214843183756,0.1385554987937212,0.6847874540835619,0.2564332503825426,2.7433883510529995,1.376780116930604,0.037897584959864616,0.23311743512749672,0.12372897937893867,0.0281431432813406,3.7627003331893936,2.613446020287528,0.34861247616846003,1000,8.011522450630741,5.603514336729121,-0.6828584602651582,146
resnet_layer4,fold6_balkan_e,187,0.5142813418397569,True,0,1e-05,1e-06,1e-05,1e-06,1.7827374748885632,0.13713365191450486,0.6830738615244627,0.2572247199714184,2.7240186780691147,1.3573712687939405,0.03824015520513058,0.23277525417506695,0.1243454571813345,0.02839699387550354,3.7590281667970857,2.6136005800306275,0.3498832848626733,1000,8.00603524626691,5.598069117875472,-0.6805540228673801,146
resnet_layer4,fold6_balkan_e,188,0.52610126198848,False,1,1e-05,1e-06,1e-05,1e-06,1.7883604709059,0.13756619006968462,0.674071591347456,0.2547625992447138,2.7181752417236567,1.3635489139705896,0.03785297833383083,0.23286446370184422,0.12425890751183033,0.028275808319449425,3.763037306537783,2.613810676959404,0.34849579929048613,1000,8.017893050760058,5.611903384433997,-0.6855358741722659,146
resnet_layer4,fold6_balkan_e,189,0.5100503888147444,False,2,1e-05,1e-06,1e-05,1e-06,1.806497260928154,0.13896132776370415,0.6857954058796167,0.2586651835590601,2.751888010650873,1.3816667087376118,0.0379461944103241,0.23270504362881184,0.1239989697933197,0.028477808460593224,3.7641747607119243,2.6112784095502803,0.348101879107504,1000,8.018898954861664,5.613661689344334,-0.6859588266347723,146
resnet_layer4,fold6_balkan_e,190,0.5209178908383171,False,3,1e-05,1e-06,1e-05,1e-06,1.82659169472754,0.14050705344058,0.7140950374305248,0.26871456392109394,2.8103559259325266,1.4015050996094942,0.038033176213502884,0.23290511779487133,0.12427572719752789,0.028305446729063988,3.7670423014075967,2.6161755694993536,0.3471082714557062,1000,8.017009467465588,5.6147846755512525,-0.6851643977085367,146
resnet_layer4,fold6_balkan_e,191,0.5114230369773791,False,4,1e-05,1e-06,1e-05,1e-06,1.8787702936679125,0.14452079182060865,0.6734776012599468,0.2549813278019428,2.8081661220639944,1.454597933217883,0.03797348216176033,0.23259255103766918,0.1238347664475441,0.02822078950703144,3.760598660339519,2.6127405730483426,0.34933994368961796,1000,8.006558795518911,5.6071898187882505,-0.6807738274381185,146
resnet_layer4,fold6_balkan_e,192,0.5292591437499687,True,0,1e-05,1e-06,1e-05,1e-06,1.89109012670815,0.1454684712852423,0.7474348954856396,0.271979795768857,2.91144890896976,1.4657229371368885,0.038000449538230896,0.23354803770780563,0.12408418767154217,0.02819373831152916,3.7589471080209,2.6133737831975288,0.34991132248026435,1000,7.998983493837059,5.601877796532527,-0.6775948473434021,146
resnet_layer4,fold6_balkan_e,193,0.5033354242618754,True,0,1e-05,1e-06,1e-05,1e-06,1.8686616122722626,0.1437432009440202,0.6712158787995577,0.2548654582351446,2.795704457908869,1.4439692180603743,0.0381699800491333,0.2327428013086319,0.12384404055774212,0.02835836634039879,3.751407149457244,2.6089256933510567,0.35251669335828517,1000,7.990305109088944,5.5875972998391585,-0.6739566561012724,146
resnet_layer4,fold6_balkan_e,194,0.5183849322134393,False,1,1e-05,1e-06,1e-05,1e-06,1.7890784107148647,0.13762141620883575,0.6725390199571848,0.25407907739281654,2.716658229008317,1.363614333793521,0.03790587931871414,0.2329231109470129,0.12457587197422981,0.028493355959653854,3.7513090144870507,2.6045161872054905,0.3525505686063556,1000,8.00222342737181,5.594839266686844,-0.6789541191990096,146
resnet_layer4,fold6_balkan_e,195,0.5275962377917494,False,2,1e-05,1e-06,1e-05,1e-06,1.7768689785152674,0.13668222911655903,0.6774943545460701,0.25545698776841164,2.7107667941600084,1.352384427562356,0.0377728845924139,0.23289872333407402,0.1241042148321867,0.028178798034787178,3.7578040527456404,2.6039500677194867,0.3503066322776405,1000,8.018108678207154,5.616529640323147,-0.6856265345695511,146
resnet_layer4,fold6_balkan_e,196,0.5086633936199837,False,3,1e-05,1e-06,1e-05,1e-06,1.7874037511646748,0.13749259624343652,0.6742456313222647,0.254867997020483,2.7174532916396856,1.362714771181345,0.03796338848769665,0.23288716562092304,0.12410989962518215,0.028175126761198044,3.7537790197935745,2.600539386579903,0.35169767698188537,1000,8.017901083868075,5.616220597568482,-0.6855392516427417,146
resnet_layer4,fold6_balkan_e,197,0.5064412530138639,False,4,1e-05,1e-06,1e-05,1e-06,1.8891888037323952,0.1453222156717227,0.6743851620703936,0.2546370681375265,2.819148674607277,1.4579315707087517,0.03795803524553776,0.23295556008815765,0.12927994318306446,0.029461242258548737,3.7629278321153765,2.6070049119517567,0.34853370590835453,1000,8.028040409365374,5.6293509038367375,-0.6898049658154504,146
resnet_layer4,fold6_balkan_e,198,0.5114111567435132,False,5,1e-05,1e-06,1e-05,1e-06,1.783212374895811,0.13717018268429315,0.6796114984899759,0.25543935783207417,2.719205802306533,1.3591267243027687,0.03789534047245979,0.23309136182069778,0.12355262041091919,0.027995169162750244,3.7568331756925275,2.6020978939920503,0.350642302200471,1000,8.025963749688405,5.626511998262721,-0.6889308556242988,146
resnet_layer4,fold6_balkan_e,199,0.5211108439434566,False,6,1e-05,1e-06,1e-05,1e-06,1.7871844097971916,0.1374757238305532,0.6775033455342054,0.2539682574570179,2.719590373337269,1.363090630620718,0.03777391277253628,0.23282014206051826,0.12386545166373253,0.028079422190785408,3.7516252292428076,2.6001295970857554,0.3524414111405434,1000,8.015697160827079,5.612671292109226,-0.6846127527495487,146
resnet_layer4,fold6_balkan_e,200,0.5089425541667225,False,7,1e-05,1e-06,1e-05,1e-06,1.81212567538023,0.13939428272155616,0.6897115297615528,0.2569737806916237,2.7597652580589056,1.388032503426075,0.038002122193574905,0.23282541893422604,0.1236768588423729,0.02802266553044319,3.760149321111665,2.599968796757048,0.34949542405155143,1000,8.039962159921213,5.6414001717911635,-0.6948274595711805,146
resnet_layer4,fold6_balkan_e,201,0.521761672056771,False,8,1e-05,1e-06,1e-05,1e-06,1.8391874488443136,0.14147595760340875,0.6889159083366394,0.2578197829425335,2.786870338022709,1.415575822815299,0.037808844819664955,0.23259218037128448,0.12356892041862011,0.02810031920671463,3.7508056887165098,2.5988396642187306,0.3527242978942444,1000,8.019321811283895,5.618744550383935,-0.6861366409004093,146
resnet_layer4,fold6_balkan_e,202,0.5389164536652145,False,9,1e-05,1e-06,1e-05,1e-06,1.8298869878053665,0.14076053752348974,0.6850458942353725,0.25661554001271725,2.772499293088913,1.406260872259736,0.03771883063018322,0.23275244422256947,0.12348319590091705,0.028120914474129677,3.7470622388986246,2.595136234205971,0.354015665757085,1000,8.019777964017111,5.618943361022699,-0.6863284670249385,146
resnet_layer4,fold6_balkan_e,203,0.530677173623705,False,10,1e-05,1e-06,1e-05,1e-06,1.8094673939049244,0.13918979953114802,0.6991989705711603,0.2621246762573719,2.7717377115041018,1.384229937568307,0.03803539648652077,0.2328003440052271,0.12446936592459679,0.028337595984339714,3.7461362633123736,2.5962105668504014,0.3543348981450176,1000,8.010299990258561,5.605781846730997,-0.6823449321964459,146
resnet_layer4,fold6_balkan_e,204,0.506671306235655,False,11,1e-05,1e-06,1e-05,1e-06,1.9548703990876675,0.15037464608366674,0.7016976829618216,0.27091291546821594,2.9284291192889214,1.5296572018414736,0.03846732899546623,0.2329304702579975,0.12399217300117016,0.028267543762922287,3.7442179754843257,2.5927768044684907,0.35499598161906076,1000,8.01199901254698,5.609518852129576,-0.6830586744218121,146
resnet_layer4,fold6_balkan_e,205,0.5150144540213848,False,12,1e-05,1e-06,1e-05,1e-06,1.7987364120781422,0.1383643393906263,0.6561042424291372,0.252399455755949,2.70819897018373,1.3708143513649702,0.038482414558529854,0.23336027190089226,0.12596283480525017,0.02855706587433815,3.7431468931763496,2.595678470828828,0.3553649524340734,1000,7.999010093393221,5.598550899360182,-0.677606004599218,146
resnet_layer4,fold6_balkan_e,206,0.49853101545277495,False,13,1e-05,1e-06,1e-05,1e-06,1.7295336443930864,0.13304104956869894,0.652568057179451,0.2518138438463211,2.6348519157618284,1.305144514888525,0.0384869109839201,0.23264285549521446,0.1235403697937727,0.02818993106484413,3.7432132434305476,2.592537366665436,0.35534209889421897,1000,7.993872548788372,5.586809946469894,-0.6754517360645165,146
resnet_layer4,fold6_balkan_e,207,0.50553803140493,True,0,1e-05,1e-06,1e-05,1e-06,1.7598284799605608,0.13537142153542775,0.6764481235295534,0.2551065981388092,2.692326782271266,1.3350493125617504,0.03822520561516285,0.23301676474511623,0.12384607084095478,0.02814646065235138,3.737841395081604,2.5948140408471994,0.35719105560327113,1000,7.976401386524699,5.565596626432365,-0.6681361075308139,146
resnet_layer4,fold6_balkan_e,208,0.5023197626247912,False,1,1e-05,1e-06,1e-05,1e-06,1.8128346484154463,0.1394488191088805,0.6777683552354574,0.2596729248762131,2.7512220703065395,1.3885902650654316,0.037751512601971626,0.23279947228729725,0.12391073815524578,0.028238732367753983,3.741183285409661,2.5915838808472245,0.35604110990696636,1000,7.997799941890027,5.587202756295696,-0.6770984408292888,146
resnet_layer4,fold6_balkan_e,209,0.49463454313099886,False,2,1e-05,1e-06,1e-05,1e-06,1.912913041189313,0.14714715701456255,0.6765211746096611,0.2551528085023165,2.845535745844245,1.4805947318673134,0.03822370432317257,0.2330422941595316,0.13010197319090366,0.029281603172421455,3.734957675541793,2.591429418623899,0.3581825185715225,1000,7.979078614452228,5.568567388283248,-0.6692560938119467,146
resnet_layer4,fold6_balkan_e,210,0.497818416148532,False,3,1e-05,1e-06,1e-05,1e-06,1.8150433413684368,0.13961871856680283,0.6744257621467113,0.2561191599816084,2.746528312563896,1.3909819331020117,0.03798266500234604,0.232811089605093,0.12358887121081352,0.028094951063394547,3.7369081609458092,2.592060523659494,0.35751199825347924,1000,7.985207946438577,5.572775179474252,-0.6718216417976828,146
resnet_layer4,fold6_balkan_e,211,0.520759116035894,False,4,1e-05,1e-06,1e-05,1e-06,1.8122137282043695,0.13940105601572073,0.6759984437376261,0.25479497760534286,2.7439466509968042,1.3878946509212255,0.03822220489382744,0.2326813004910946,0.12369665130972862,0.02818635292351246,3.7396048206988777,2.590537139743658,0.35658438826251027,1000,8.000128453793515,5.59097075610123,-0.6780751374685776,146
resnet_layer4,fold6_balkan_e,212,0.5121778317326084,False,5,1e-05,1e-06,1e-05,1e-06,1.8237441908568144,0.14028801468129343,0.6860878951847553,0.2566007189452648,2.767401335760951,1.4006057940423489,0.03795715421438217,0.23281617276370525,0.1228114552795887,0.0280001237988472,3.7355736955899226,2.587753286753643,0.3579707865652989,1000,7.991197518167444,5.577012087226596,-0.6743305936463797,146
resnet_layer4,fold6_balkan_e,213,0.48880764162583573,False,6,1e-05,1e-06,1e-05,1e-06,1.8478647079318762,0.14214343907168278,0.6871406566351652,0.25726738944649696,2.79322730563581,1.4265616368502378,0.03786502592265606,0.23268680088222027,0.12152095697820187,0.0276702381670475,3.7300539389671212,2.5870052395983723,0.3598667345851637,1000,7.977621224986511,5.566277342032748,-0.6686463657490609,146
resnet_layer4,fold6_balkan_e,214,0.48459296282583036,True,0,1e-05,1e-06,1e-05,1e-06,1.8452663645148277,0.1419435665011406,0.6871178466826677,0.25712987035512924,2.7904626335948706,1.4236630778759718,0.03788323514163494,0.23279988206923008,0.12149359472095966,0.02782663330435753,3.722262509449453,2.590529409461206,0.3625381941609551,1000,7.9494608817130725,5.538017826061822,-0.6568867902211675,146
resnet_layer4,fold6_balkan_e,215,0.5176574001122441,False,1,1e-05,1e-06,1e-05,1e-06,1.8482337687164545,0.1421718283628042,0.6875408384948969,0.2571947108954191,2.7939206771552563,1.425953671336174,0.03778699226677418,0.2334288563579321,0.12174411490559578,0.027773354202508926,3.720748234280995,2.5864812454320627,0.36305674771962504,1000,7.955385703724629,5.547043676138897,-0.6593575030762122,146
resnet_layer4,fold6_balkan_e,216,0.510949692370952,False,2,1e-05,1e-06,1e-05,1e-06,1.8387967962771654,0.1414459074059358,0.6853554341942072,0.25665383972227573,2.7817392833530903,1.4167953748255968,0.037768032401800156,0.23340054415166378,0.12161297723650932,0.027655327692627907,3.7277994954055798,2.588236668447201,0.3606402934796661,1000,7.969996693739913,5.563728571782508,-0.665458305993929,146
resnet_layer4,fold6_balkan_e,217,0.5091590998543761,False,3,1e-05,1e-06,1e-05,1e-06,1.8419941123574972,0.14169185479673055,0.6844561826437712,0.2564569804817438,2.783849984407425,1.4207030851393938,0.037733305245637894,0.23283478058874607,0.12146355025470257,0.027718134224414825,3.7256495382081227,2.585387762042514,0.36137756468473037,1000,7.964773718679025,5.5534323885145085,-0.6632761728536938,146
resnet_layer4,fold6_balkan_e,218,0.4768972494633839,False,4,1e-05,1e-06,1e-05,1e-06,1.841299882158637,0.14163845247374132,0.6857005544006824,0.25632317923009396,2.784252844750881,1.4199561588466167,0.037756068632006645,0.23290692269802094,0.12148111686110497,0.027673393487930298,3.7246383724591614,2.5857012509111046,0.3617241702876821,1000,7.966177456750326,5.554110026305212,-0.6638625071090525,146
resnet_layer4,fold6_balkan_e,219,0.5107993880068867,True,0,1e-05,1e-06,1e-05,1e-06,1.8427296932786703,0.1417484379445131,0.6841488126665354,0.25698679126799107,2.7848052363842726,1.4213945474475622,0.03779945336282253,0.23283648677170277,0.12150888703763485,0.027627140283584595,3.719116413131085,2.5881079645135805,0.36361531792286617,1000,7.943572374205122,5.532743956044184,-0.6544330447694509,146
resnet_layer4,fold6_balkan_e,220,0.4901898093117161,True,0,1e-05,1e-06,1e-05,1e-06,1.847322316840291,0.1421017166800224,0.6897247396409512,0.25715664960443974,2.7951527275145054,1.4259254280477762,0.03771073557436466,0.23292245902121067,0.12151545099914074,0.027674397453665733,3.7156278259152162,2.587637049827848,0.36480863482070147,1000,7.938484141443576,5.528631317056825,-0.6523142387925531,146
resnet_layer4,fold6_balkan_e,221,0.5132769344439696,False,1,1e-05,1e-06,1e-05,1e-06,1.9530429765582085,0.1502340751198622,0.6851851250976324,0.25991005450487137,2.8991033378988504,1.5217751152813435,0.037959177047014236,0.23337201960384846,0.12936829589307308,0.028907565400004387,3.7177165685652516,2.584407361777214,0.3640942875961549,1000,7.950361639410907,5.534691920050879,-0.6572622969651591,146
resnet_layer4,fold6_balkan_e,222,0.47892548738831636,False,2,1e-05,1e-06,1e-05,1e-06,1.8791232649236917,0.1445479434556686,0.6888958774507046,0.2583967410027981,2.8273712135851383,1.4571549389511347,0.03778744488954544,0.23293552920222282,0.12171814404428005,0.027920197695493698,3.7135434238301746,2.5828766558781338,0.36552109737035543,1000,7.943184807127248,5.529392698404011,-0.6542716090555627,146
resnet_layer4,fold6_balkan_e,223,0.4872840052994083,False,3,1e-05,1e-06,1e-05,1e-06,1.848612129688263,0.1422009330529433,0.8097031749784946,0.2573307603597641,2.9165822453796864,1.4261807538568974,0.03772127814590931,0.23320862837135792,0.12208910286426544,0.02782321907579899,3.71132808873391,2.5793176483449654,0.3662778754478675,1000,7.942623391578532,5.527858705378102,-0.6540377731308715,146
resnet_layer4,fold6_balkan_e,224,0.5217020523850104,True,0,1e-05,1e-06,1e-05,1e-06,1.8466514963656664,0.14205011510505125,0.6867645755410194,0.25628251023590565,2.7906321939080954,1.4253824073821306,0.037527794018387794,0.2329415548592806,0.12156264670193195,0.027694182470440865,3.70815431675285,2.5768880768266946,0.36736127712480393,1000,7.936344222230673,5.516504780361895,-0.6514235542840505,146
resnet_layer4,fold6_balkan_e,225,0.4949210707471224,False,1,1e-05,1e-06,1e-05,1e-06,1.87918546423316,0.1445527280179354,0.6894178800284863,0.2570619098842144,2.826605213806033,1.4568379148840904,0.037671493366360664,0.23323985747992992,0.12199775502085686,0.027879469096660614,3.7134837057130055,2.578983571485437,0.3655415035304389,1000,7.950489376101372,5.532513068786499,-0.6573155511217026,146
resnet_layer4,fold6_balkan_e,226,0.5210836283835628,False,2,1e-05,1e-06,1e-05,1e-06,1.8746100086718798,0.1442007698978369,0.7337558791041374,0.2713594362139702,2.880661053583026,1.4530369993299246,0.03777112253010273,0.23290668427944183,0.12153436616063118,0.027780506759881973,3.7113153823867373,2.576595476603714,0.3662822147460104,1000,7.94420781367515,5.521611052926962,-0.654697745349053,146
resnet_layer4,fold6_balkan_e,227,0.4963562737687505,False,3,1e-05,1e-06,1e-05,1e-06,2.0325407665222883,0.15634928973248371,0.6898439899086952,0.26211426593363285,2.985426453873515,1.6112346816807985,0.03777696564793587,0.23276663199067116,0.12152443826198578,0.027693210169672966,3.7106786664207227,2.57758871119626,0.36649963826194665,1000,7.9424085488642255,5.518555287894644,-0.6539482930835057,146
resnet_layer4,fold6_balkan_e,228,0.4960697753438041,True,0,1e-05,1e-06,1e-05,1e-06,1.885817190632224,0.1450628608178634,0.7487394269555807,0.26483574882149696,2.900329576805234,1.4640046712011099,0.03769461810588837,0.23295537382364273,0.12175042368471622,0.027846897020936012,3.703126044453519,2.5738124826749753,0.36907583521254117,1000,7.929574131857078,5.505425574030361,-0.6486072656431983,146
resnet_layer4,fold6_balkan_e,229,0.5016638832874551,False,1,1e-05,1e-06,1e-05,1e-06,1.9137066639959812,0.1472082049227678,0.6914646811783314,0.2567541990429163,2.8628578446805477,1.4908206760883331,0.03773081302642822,0.2328408919274807,0.12268837541341782,0.028038283810019493,3.7135597720136673,2.5765846378003054,0.3655155110075907,1000,7.954600301908675,5.529889025184736,-0.6590298764564719,146
resnet_layer4,fold6_balkan_e,230,0.486310500683054,False,2,1e-05,1e-06,1e-05,1e-06,1.8599256332963705,0.14307120256125927,0.6909884102642536,0.2568022310733795,2.8086564540863037,1.4381762724369764,0.037720467895269394,0.2329332884401083,0.12174948677420616,0.027798576280474663,3.7076341474013623,2.5775690652737198,0.36753875420096804,1000,7.934168515297861,5.51124163279063,-0.6505182202731785,146
resnet_layer4,fold6_balkan_e,231,0.4945186380885622,True,0,1e-05,1e-06,1e-05,1e-06,1.8531458843499422,0.142549683411534,0.689456669613719,0.25749689154326916,2.80104061588645,1.4319108854979277,0.03753572329878807,0.2328665666282177,0.12159414775669575,0.027703402563929558,3.7035962807090037,2.5754059836549947,0.36891559100257043,1000,7.927586862737073,5.5047728314837725,-0.64778103822668,146
resnet_layer4,fold6_balkan_e,232,0.5017761076891523,True,0,1e-05,1e-06,1e-05,1e-06,1.8602309916168451,0.14309469166283423,0.736385652795434,0.2796300370246172,2.8772262018173933,1.4389088843017817,0.03782247193157673,0.2327954601496458,0.12145496532320976,0.0276839230209589,3.6967450334675664,2.571729614211991,0.37124830536401887,1000,7.922300902207945,5.4953246796322555,-0.645584354212968,146
resnet_layer4,fold6_balkan_e,233,0.49245853217001845,True,0,1e-05,1e-06,1e-05,1e-06,1.867189459502697,0.14362995842328438,0.688817398622632,0.2578302826732397,2.8147921208292246,1.4438794329762459,0.037607232108712196,0.23274390026926994,0.1231792252510786,0.028224576264619827,3.694709359756952,2.5691475347833026,0.37194057971644834,1000,7.921403411040207,5.495887332502355,-0.6452115297556544,146
resnet_layer4,fold6_balkan_e,234,0.4891314860635557,True,0,1e-05,1e-06,1e-05,1e-06,1.8582344390451908,0.1429411106957839,0.6961428374052048,0.2566287908703089,2.811981037259102,1.4367745481431484,0.03747118450701237,0.23288320936262608,0.12174134701490402,0.027779992669820786,3.689841682895407,2.569517385562259,0.3735943912229497,1000,7.906286348014734,5.472768015311017,-0.6389381376215011,146
resnet_layer4,fold6_balkan_e,235,0.47146320465246644,False,1,1e-05,1e-06,1e-05,1e-06,1.8509707301855087,0.14238236386042374,0.6893431805074215,0.2571657598018646,2.798426814377308,1.4268152955919504,0.0376217495650053,0.23328564316034317,0.1236122976988554,0.028064170852303505,3.6991770047108634,2.5660720375442443,0.3704207616725549,1000,7.942045502156619,5.510935915256348,-0.6537970929141443,146
resnet_layer4,fold6_balkan_e,236,0.48838810879732647,False,2,1e-05,1e-06,1e-05,1e-06,1.842392822727561,0.141722524825197,0.6871739756315947,0.25605213083326817,2.786551980301738,1.4210726134479046,0.037684040144085884,0.2328731082379818,0.12161382101476192,0.027611739933490753,3.6969976699453038,2.565351255455502,0.3711623643321972,1000,7.94348379719622,5.516007542204565,-0.6543961485452867,146
resnet_layer4,fold6_balkan_e,237,0.46400880971777425,False,3,1e-05,1e-06,1e-05,1e-06,1.8456305973231792,0.14197158440947533,0.6878616772592068,0.2567346189171076,2.791161622852087,1.424593847244978,0.03771205618977547,0.23261656612157822,0.12150761671364307,0.02768549509346485,3.6998444578008036,2.5674544333560254,0.37019354760969136,1000,7.946601121630298,5.520397944563459,-0.655694898974506,146
resnet_layer4,fold6_balkan_e,238,0.4909714389192468,False,4,1e-05,1e-06,1e-05,1e-06,1.8468911163508892,0.14206854741160685,0.6897547692060471,0.25693087093532085,2.7945192866027355,1.4258250445127487,0.0376204214990139,0.23290402069687843,0.12139111384749413,0.02760937251150608,3.693812130802867,2.5670253159569354,0.3722455805269065,1000,7.92665225875838,5.494835344260476,-0.6473925386839192,146
resnet_layer4,fold6_balkan_e,239,0.4790707988388144,False,5,1e-05,1e-06,1e-05,1e-06,1.8457437362521887,0.14198028740401453,0.690982811152935,0.25728178955614567,2.7949490286409855,1.424640566110611,0.03763776645064354,0.23277079313993454,0.1215154267847538,0.02765207178890705,3.697823697599713,2.564207706405077,0.3708813280140637,1000,7.934800411515781,5.500069309477298,-0.6507811332049509,146
resnet_layer4,fold6_balkan_e,240,0.4942742655518834,False,6,1e-05,1e-06,1e-05,1e-06,1.8539619445800781,0.14261245727539062,0.6905076503753662,0.25624220073223114,2.8016497045755386,1.432536844164133,0.03770340047776699,0.23305043578147888,0.12138232588768005,0.027769839391112328,3.692676404826323,2.5629643126155233,0.37263154893591355,1000,7.923857394910916,5.4864489220593,-0.646231032920084,146
resnet_layer4,fold6_balkan_e,241,0.49326240469952115,False,7,1e-05,1e-06,1e-05,1e-06,1.8517104722559452,0.14243926709661117,0.6955929473042488,0.2575466316193342,2.8057908415794373,1.4297149553894997,0.03776693157851696,0.23334108106791973,0.12173883244395256,0.027614958584308624,3.6929693653642546,2.5655921249989997,0.3725319997366542,1000,7.919257336492357,5.483815988588507,-0.6443202057995441,146
resnet_layer4,fold6_balkan_e,242,0.4693285192310163,True,0,1e-05,1e-06,1e-05,1e-06,1.8359149247407913,0.14122422498006088,0.6882887575775385,0.25686033070087433,2.7820044346153736,1.420836316421628,0.037546683102846146,0.23291603475809097,0.1154097244143486,0.02764756791293621,3.6876937731767168,2.5668981477398485,0.37432345832336844,1000,7.89737650809497,5.456693100556647,-0.6352462783345676,146
resnet_layer4,fold6_balkan_e,243,0.47591662956952185,False,1,1e-05,1e-06,1e-05,1e-06,1.8607261721044779,0.14313278246957523,0.6911238003522158,0.2578170709311962,2.8106539268046618,1.445410443469882,0.03781305067241192,0.23277079872787,0.1155506782233715,0.027602488175034523,3.690687880553116,2.568061994484968,0.3733070489548521,1000,7.89933875201123,5.4630749062618245,-0.6360589914409451,146
resnet_layer4,fold6_balkan_e,244,0.49796152215527395,False,2,1e-05,1e-06,1e-05,1e-06,1.8932954594492912,0.1456381122653301,0.7492415383458138,0.2583465725183487,2.9018212389200926,1.4763140883296728,0.03773934207856655,0.2328597865998745,0.11610936746001244,0.028643552213907242,3.690001789063668,2.559969659473246,0.373540029227887,1000,7.9145118563508,5.475004208427249,-0.642350134461428,146
resnet_layer4,fold6_balkan_e,245,0.48752131745381005,False,3,1e-05,1e-06,1e-05,1e-06,1.854621347039938,0.14266318054153368,0.693407041952014,0.25967222452163696,2.808636935427785,1.438345855101943,0.037722500041127205,0.2333366647362709,0.11591350845992565,0.027742570266127586,3.6847870533955467,2.5585781465399515,0.37530941308864363,1000,7.905917645872667,5.4687723264994785,-0.6387852805441208,146
resnet_layer4,fold6_balkan_e,246,0.4970207434367788,False,4,1e-05,1e-06,1e-05,1e-06,1.8578429091721773,0.14291099301324442,0.6944479737430811,0.25786038115620613,2.8110934365540743,1.442137824371457,0.037746869027614594,0.233016612008214,0.11555741913616657,0.027829546481370926,3.6919984954397735,2.5634181063155896,0.37286187506067325,1000,7.916228951695988,5.47723140648536,-0.6430628449196367,146
resnet_layer4,fold6_balkan_e,247,0.4787154006799829,False,5,1e-05,1e-06,1e-05,1e-06,1.8608336839824915,0.1431410526140378,0.6975482385605574,0.25770531222224236,2.817021083086729,1.4456300921738148,0.037639668211340904,0.23277442529797554,0.11560577526688576,0.027616340667009354,3.6972581088700505,2.5635496181527326,0.3710737629421481,1000,7.928480556315126,5.496987848827615,-0.6481525748273351,146
resnet_layer4,fold6_balkan_e,248,0.47849525739545556,False,6,1e-05,1e-06,1e-05,1e-06,1.8593600615859032,0.14302769704506949,0.6917433217167854,0.257861090824008,2.8099055755883455,1.4445392452180386,0.03773987293243408,0.2326244506984949,0.11526344157755375,0.027645109221339226,3.6970819488591866,2.5643016224720494,0.37113369330680956,1000,7.922695736918092,5.489269228524278,-0.6457483848450742,146
resnet_layer4,fold6_balkan_e,249,0.4822643818052888,False,7,1e-05,1e-06,1e-05,1e-06,1.8601081017404795,0.1430852385954215,0.6910732798278332,0.2572383712977171,2.8093621842563152,1.4449580945074558,0.03776068054139614,0.23266630619764328,0.1154109314084053,0.027751246467232704,3.6888440502810136,2.5619407119990374,0.37393307143626275,1000,7.903197299669515,5.4639934209534475,-0.6376576957328077,146
resnet_layer4,fold6_balkan_e,250,0.4834089361859173,False,8,1e-05,1e-06,1e-05,1e-06,1.860027402639389,0.14307903097226068,0.6909371912479401,0.25722919031977654,2.809125054627657,1.444878088310361,0.037603044882416725,0.2328281756490469,0.11546306125819683,0.027691759169101715,3.6905197829824763,2.563640753125441,0.37336413487864784,1000,7.903733891100645,5.47083882912006,-0.6378800824163275,146
resnet_layer4,fold6_balkan_e,251,0.4873392536643043,False,9,1e-05,1e-06,1e-05,1e-06,1.8641905169934034,0.14339927053795412,0.691069221124053,0.25734731182456017,2.8135387394577265,1.4493681155145168,0.03767392411828041,0.23266537114977837,0.11535370163619518,0.027587469667196274,3.6911227749558093,2.562759448830719,0.37315934677942864,1000,7.9015256704136965,5.469253506423934,-0.63696499709529,146
resnet_layer4,fold6_balkan_e,252,0.4714962264884654,True,0,1e-05,1e-06,1e-05,1e-06,1.858894420787692,0.14299187852213016,0.691742492839694,0.2575731500983238,2.8091578241437674,1.4437300898134708,0.037736183032393456,0.23275808058679104,0.11547513492405415,0.02765498124063015,3.685289489650874,2.561491577104488,0.3751390430817826,1000,7.893100931729756,5.456344721944015,-0.6334761391679289,146
resnet_layer4,fold6_balkan_e,253,0.4714643226170281,False,1,1e-05,1e-06,1e-05,1e-06,1.8653973080217838,0.1434921006170603,0.6916530914604664,0.2572869211435318,2.8152694031596184,1.4492884874343872,0.03777896240353584,0.23329666443169117,0.1158465314656496,0.027644136920571327,3.684463941424848,2.5565881432976623,0.3754189641449117,1000,7.898091596880385,5.4613916565636895,-0.6355424271162802,146
resnet_layer4,fold6_balkan_e,254,0.486363600548559,False,2,1e-05,1e-06,1e-05,1e-06,1.8590505216270685,0.14300388627900526,0.6950810551643372,0.25747258216142654,2.8125388883054256,1.4433371014893055,0.037726303562521935,0.23316236585378647,0.11558996513485909,0.027659472078084946,3.689421316485307,2.56164031344295,0.37373711001700927,1000,7.902343264353431,5.466129672924093,-0.6373037777206212,146
resnet_layer4,fold6_balkan_e,255,0.5004806694708342,False,3,1e-05,1e-06,1e-05,1e-06,1.85301205329597,0.1425393887150746,0.6912759002298117,0.257218761369586,2.8024345375597477,1.4377739634364843,0.037767427042126656,0.23266920261085033,0.11558961309492588,0.02764596976339817,3.6852076510023193,2.557443510994044,0.3751667951531398,1000,7.899335867530178,5.461437790959055,-0.6360577966117453,146
resnet_layer4,fold6_balkan_e,256,0.4924197998279829,False,4,1e-05,1e-06,1e-05,1e-06,1.9488589223474264,0.14991222479595587,0.7008224129676819,0.2581438906490803,2.908763037994504,1.5310932788997889,0.037744538858532906,0.23303636722266674,0.11621228791773319,0.029117055237293243,3.686873584390133,2.55655635160404,0.37460174380316624,1000,7.905564015975948,5.469490612560507,-0.6386386788377827,146
resnet_layer4,fold6_balkan_e,257,0.4878600505062697,False,5,1e-05,1e-06,1e-05,1e-06,1.8583044912666082,0.14294649932820064,0.6952240858227015,0.2587540727108717,2.8132272884249687,1.4432928245514631,0.03765737824141979,0.23270360380411148,0.1154752392321825,0.02761882171034813,3.6857692458612146,2.5520090980036896,0.3749763419216834,1000,7.913452271364742,5.474919737499328,-0.6419104123187698,146
resnet_layer4,fold6_balkan_e,258,0.4720785189307642,True,0,1e-05,1e-06,1e-05,1e-06,1.8582097310572863,0.1429392100813297,0.6962139755487442,0.25721826031804085,2.8125660493969917,1.4424440283328295,0.037656666710972786,0.23325274139642715,0.11562448740005493,0.027668476104736328,3.6788649075015045,2.5547520669850514,0.37731579003119564,1000,7.880424604023896,5.440672526541339,-0.6282336237848725,146
resnet_layer4,fold6_balkan_e,259,0.48557227134560793,False,1,1e-05,1e-06,1e-05,1e-06,1.8498166222125292,0.1422935863240407,0.6945185847580433,0.25785153172910213,2.803143536671996,1.4348409064114094,0.03744316101074219,0.2327444925904274,0.11554140783846378,0.027684926986694336,3.678214033679137,2.55734238682303,0.37753610418227745,1000,7.8804743257981835,5.443888941832474,-0.6282541706270042,146
resnet_layer4,fold6_balkan_e,260,0.47058290286288473,False,2,1e-05,1e-06,1e-05,1e-06,1.8607199527323246,0.14313230405633265,0.6941755656152964,0.25739017128944397,2.8132291194051504,1.4452219102531672,0.037756117060780525,0.23294672928750515,0.11544282175600529,0.027765819802880287,3.678223275051456,2.5535268576870416,0.3775329763448051,1000,7.8872462492328275,5.449774809519408,-0.6310537864318237,146
resnet_layer4,fold6_balkan_e,261,0.4768872041754038,False,3,1e-05,1e-06,1e-05,1e-06,1.853935545310378,0.14261042656233677,0.6901092808693647,0.2573473323136568,2.802318839356303,1.4387138113379478,0.037416452541947365,0.2329360730946064,0.11566825956106186,0.02765554189682007,3.6830013886707875,2.556149158654368,0.37591472223866307,1000,7.8914801829627335,5.450353354863573,-0.6328053805774287,146
resnet_layer4,fold6_balkan_e,262,0.4851819810303618,True,0,1e-05,1e-06,1e-05,1e-06,1.8467353265732527,0.1420565635825579,0.6908603310585022,0.25730444118380547,2.795853428542614,1.4304628316313028,0.03774937801063061,0.23335519805550575,0.11587362736463547,0.02773321233689785,3.6769609665027976,2.55214669834646,0.3779601448763017,1000,7.879529962175428,5.4397361910980635,-0.6278639474475076,146
resnet_layer4,fold6_balkan_e,263,0.4823746376359707,False,1,1e-05,1e-06,1e-05,1e-06,1.8563914988189936,0.14279934606299952,0.6937040537595749,0.2576937824487686,2.8087343350052834,1.4412932135164738,0.03756479173898697,0.2327768113464117,0.11557448469102383,0.027615658938884735,3.6771040541465503,2.5527316252791143,0.37791173100962017,1000,7.883733406969226,5.441858442723615,-0.6296012240153934,146
resnet_layer4,fold6_balkan_e,264,0.4694403809718833,True,0,1e-05,1e-06,1e-05,1e-06,1.8543889671564102,0.1426453051658777,0.6989518608897924,0.25758789107203484,2.811854837462306,1.4392800405621529,0.0377044640481472,0.2328331246972084,0.1153506338596344,0.027667587623000145,3.673765334767179,2.5531288782178403,0.3790408996197179,1000,7.872235969645824,5.430476449217854,-0.6248515515591841,146
resnet_layer4,fold6_balkan_e,265,0.48089546317502013,False,1,1e-05,1e-06,1e-05,1e-06,1.8601584732532501,0.14308911332717308,0.6927398629486561,0.25801522098481655,2.8118649888783693,1.4455074239522219,0.03738046810030937,0.232712984085083,0.11541369371116161,0.027601588517427444,3.674323635218653,2.5520024900760974,0.37885215153320184,1000,7.878269020227913,5.437367082384114,-0.6273429829467325,146
resnet_layer4,fold6_balkan_e,266,0.49024562079311135,False,2,1e-05,1e-06,1e-05,1e-06,1.993950853124261,0.15338083485571238,0.6939447540789843,0.25789797119796276,2.9467237386852503,1.5779412370175123,0.037589456886053085,0.23336623422801495,0.11579694040119648,0.02771664969623089,3.672047160708549,2.5490872773620494,0.3796215933924325,1000,7.878840820601113,5.437274088848915,-0.6275792148120638,146
resnet_layer4,fold6_balkan_e,267,0.4842878027905601,False,3,1e-05,1e-06,1e-05,1e-06,1.8617857340723276,0.1432142872363329,0.6939487848430872,0.25754259154200554,2.814195780083537,1.4470531065016985,0.037510061636567116,0.232603145763278,0.11539642326533794,0.02766573242843151,3.673451800532653,2.5475233679960496,0.3791468855009945,1000,7.884581134000004,5.446120793242515,-0.6299517004226383,146
resnet_layer4,fold6_balkan_e,268,0.49979401709662413,False,4,1e-05,1e-06,1e-05,1e-06,1.9564465302973986,0.15049588694595373,0.6882437188178301,0.2574827019125223,2.903127381578088,1.5383052080869675,0.03779085353016853,0.2330320719629526,0.11638235300779343,0.029326817020773888,3.672268258881662,2.549786832228453,0.37954688375186785,1000,7.877336488684526,5.437082748216095,-0.6269577564850974,146
resnet_layer4,fold6_balkan_e,269,0.47106337928369335,False,5,1e-05,1e-06,1e-05,1e-06,1.8666368704289198,0.14358745157145536,0.69102375023067,0.258522043004632,2.817115133628249,1.4514520764350891,0.037660473957657814,0.2326887734234333,0.11556830070912838,0.027717001736164093,3.67831463687208,2.547416998299914,0.3775020535744412,1000,7.894568913649184,5.457182825842278,-0.6340837929770782,146
resnet_layer4,fold6_balkan_e,270,0.4702062196984653,False,6,1e-05,1e-06,1e-05,1e-06,1.8642300367355347,0.14340231051811805,0.6908350512385368,0.2594508118927479,2.815455252304673,1.4491253085434437,0.03747132048010826,0.2328995317220688,0.11549324169754982,0.027683157473802567,3.6726696191591013,2.546176868634162,0.37941125158890154,1000,7.883721874454941,5.443598439898144,-0.6295964563793817,146
resnet_layer4,fold6_balkan_e,271,0.44096319159926495,True,0,1e-05,1e-06,1e-05,1e-06,1.8630617745220661,0.14331244419400507,0.6914996318519115,0.2577017117291689,2.81320146843791,1.4476761762052774,0.037750279530882835,0.2328564114868641,0.11557747051119804,0.027663281187415123,3.666408732524389,2.5472386957435664,0.3815253126976078,1000,7.871306495561534,5.430317896520399,-0.6244678821021585,146
resnet_layer4,fold6_balkan_e,272,0.474543870394135,False,1,1e-05,1e-06,1e-05,1e-06,1.8414848111569881,0.14165267778130677,0.6923019215464592,0.2573433294892311,2.792093576863408,1.4235550221055746,0.03762662224471569,0.23282499611377716,0.11820518784224987,0.027728186920285225,3.6683084254150056,2.5458581648379566,0.38088424050219893,1000,7.885644868622564,5.450918282556426,-0.6303915343177091,146
resnet_layer4,fold6_balkan_e,273,0.46623232238111506,False,2,1e-05,1e-06,1e-05,1e-06,1.8493488300591707,0.1422576023122439,0.6894468683749437,0.2573214527219534,2.7970538623631,1.428487004712224,0.037671489641070366,0.2326293345540762,0.12132959440350533,0.02773183584213257,3.672301877536499,2.54679906918679,0.3795355235280684,1000,7.892953200156004,5.460068962784403,-0.6334149936829006,146
resnet_layer4,fold6_balkan_e,274,0.4709740361632426,False,3,1e-05,1e-06,1e-05,1e-06,1.84927099943161,0.1422516153408931,0.6916587315499783,0.257135771214962,2.7990495543926954,1.4277923088520765,0.03766235336661339,0.2329773772507906,0.12166932784020901,0.027704210951924324,3.6659958272410464,2.5458775361226618,0.38166460817984116,1000,7.878070731118931,5.439254524277773,-0.6272610663916043,146
resnet_layer4,fold6_balkan_e,275,0.45900589317550705,False,4,1e-05,1e-06,1e-05,1e-06,1.8500017914921045,0.14230783011477727,0.6883373185992241,0.25706202164292336,2.7963464204221964,1.4288365300744772,0.03773602098226547,0.23265431821346283,0.12162736058235168,0.027659403160214424,3.6637378130017777,2.54253662297644,0.38242608211379026,1000,7.876774803522949,5.4382023591611635,-0.6267257477467341,146
resnet_layer4,fold6_balkan_e,276,0.465186878086143,True,0,1e-05,1e-06,1e-05,1e-06,1.850856963545084,0.14237361258039108,0.6903282906860113,0.2566223405301571,2.7987558636814356,1.4298485647886992,0.03747538477182388,0.23287509195506573,0.12146389856934547,0.02771112136542797,3.6545445751206254,2.542685838153255,0.38552148963716715,1000,7.8475671875049695,5.404164300737834,-0.6146840957051276,146
resnet_layer4,fold6_balkan_e,277,0.4767458793337584,False,1,1e-05,1e-06,1e-05,1e-06,1.8478676788508892,0.14214366760391456,0.687951946631074,0.2601331751793623,2.79693104326725,1.4266215600073338,0.037428949028253555,0.2328381072729826,0.1216376181691885,0.02784123085439205,3.656272954227171,2.5402582852909483,0.38494012966734614,1000,7.860297307816097,5.4142168887373,-0.6199269421326312,146
resnet_layer4,fold6_balkan_e,278,0.4524368561076313,False,2,1e-05,1e-06,1e-05,1e-06,1.8520238827914,0.14246337559933847,0.6907001305371523,0.260344672948122,2.8040209282189608,1.4307729192078114,0.03745243698358536,0.2329110186547041,0.12159396149218082,0.02779500000178814,3.6621427343400694,2.541969687793993,0.3829637104006296,1000,7.874948029267077,5.434162384557398,-0.6259712978102878,146
resnet_layer4,fold6_balkan_e,279,0.4667861069787397,False,3,1e-05,1e-06,1e-05,1e-06,1.8558897357434034,0.14276074890333873,0.689531359821558,0.276096872985363,2.822439609095454,1.434419760480523,0.037825655192136765,0.23281341418623924,0.12147774361073971,0.02785545401275158,3.6601494821344587,2.540931802793649,0.38363521575878123,1000,7.869602052612575,5.430255557687969,-0.6237644377498464,146
resnet_layer4,fold6_balkan_e,280,0.46235369812737614,False,4,1e-05,1e-06,1e-05,1e-06,1.9173314664512873,0.14748703588086826,0.6891047488898039,0.2575602624565363,2.8650683276355267,1.4939131457358599,0.03747554495930672,0.23297980427742004,0.12320049852132797,0.028175435960292816,3.6599592128313736,2.5427975174909117,0.3836992963381648,1000,7.864372681567014,5.429400299030772,-0.6216071633554339,146
resnet_layer4,fold6_balkan_e,281,0.4880594303438258,False,5,1e-05,1e-06,1e-05,1e-06,1.8480002488940954,0.1421538652995458,0.6890951599925756,0.2571773398667574,2.795215619727969,1.4270198550075293,0.03745131194591522,0.23280013166368008,0.12152301892638206,0.027736090123653412,3.6576446681700188,2.5396651347070116,0.3844785424324161,1000,7.860421429986352,5.418018339558696,-0.619978103158068,146
resnet_layer4,fold6_balkan_e,282,0.4674242004410637,False,6,1e-05,1e-06,1e-05,1e-06,1.850682632997632,0.14236020253827938,0.6901546400040388,0.2575166206806898,2.7992896530777216,1.4295005165040493,0.03757656179368496,0.23278704285621643,0.12161898799240589,0.027721013873815536,3.661389759080939,2.5396739685225733,0.3832174226827967,1000,7.874342090208361,5.431412672377595,-0.6257210862255687,146
resnet_layer4,fold6_balkan_e,283,0.4771935335833431,False,7,1e-05,1e-06,1e-05,1e-06,1.850019171833992,0.14230916706415322,0.6896331291645765,0.2576237302273512,2.7982091326266527,1.429186124354601,0.0375529695302248,0.23268012888729572,0.12142994813621044,0.027664178982377052,3.6587140019417457,2.53721261053693,0.3841185872396523,1000,7.876956665406148,5.430201497327424,-0.626800865502551,146
resnet_layer4,fold6_balkan_e,284,0.47201375442189675,False,8,1e-05,1e-06,1e-05,1e-06,1.854116564616561,0.14262435112435085,0.6901112888008356,0.2572507318109274,2.8024140875786543,1.43255914747715,0.0376636553555727,0.2329608704894781,0.12161006405949593,0.027786515653133392,3.6578854517288866,2.5388555669607484,0.38439749993713646,1000,7.866135497287961,5.425646921636857,-0.6223342181623528,146
resnet_layer4,fold6_balkan_e,285,0.4504108964965484,False,9,1e-05,1e-06,1e-05,1e-06,1.850299371406436,0.14233072087741816,0.6864276062697172,0.2572741210460663,2.7949329800903797,1.4290111754089594,0.037508564069867134,0.23293712548911572,0.12163248658180237,0.027732744812965393,3.6500833276704685,2.533358863542371,0.3870208104962167,1000,7.858736184415057,5.414334352111721,-0.6192835428750796,146
resnet_layer4,fold6_balkan_e,286,0.4683873888882567,False,10,1e-05,1e-06,1e-05,1e-06,1.824982263147831,0.1403832510113716,0.687005465850234,0.25746977142989635,2.7703943699598312,1.403609998524189,0.037727657705545425,0.23283114098012447,0.1214657798409462,0.02780161052942276,3.652371691354135,2.5348967484506955,0.3862519737893215,1000,7.869824221591889,5.429987452715524,-0.6238561209576092,146
resnet_layer4,fold6_balkan_e,287,0.473476534873355,True,0,1e-05,1e-06,1e-05,1e-06,1.8550609052181244,0.14269699270908648,0.6892397087067366,0.258291270583868,2.8035234566777945,1.4336834829300642,0.037751903757452965,0.2327662631869316,0.12155807018280029,0.027831392362713814,3.644544340636301,2.533596607823211,0.3888797859296218,1000,7.844621763741463,5.401633986045592,-0.6134722458994148,146
resnet_layer4,fold6_balkan_e,288,0.47013007684984887,False,1,1e-05,1e-06,1e-05,1e-06,1.8400996197015047,0.14154612459242344,0.6898707989603281,0.25736211985349655,2.7883027102798223,1.418709821999073,0.03786335699260235,0.2328359540551901,0.12143736705183983,0.02772374451160431,3.650933623508066,2.5343827246387742,0.3867351872292548,1000,7.857573754953307,5.414502685827837,-0.6188045437988814,146
resnet_layer4,fold6_balkan_e,289,0.44325266417174347,False,2,1e-05,1e-06,1e-05,1e-06,1.8456344157457352,0.14197187813428733,0.6916355211287737,0.2573150210082531,2.7955075092613697,1.4242676012217999,0.037788718938827515,0.23283403925597668,0.1215298417955637,0.02771998755633831,3.6471950150407517,2.5294991200103203,0.38799052810914103,1000,7.857791304944517,5.409532108110451,-0.6188941836293116,146
resnet_layer4,fold6_balkan_e,290,0.4623761315469431,False,3,1e-05,1e-06,1e-05,1e-06,1.8446937538683414,0.14189951952833396,0.6905327215790749,0.25722442008554935,2.7934144381433725,1.4235539436340332,0.03769752196967602,0.2328663505613804,0.12132012471556664,0.027775589376688004,3.6488575307541273,2.5324383037221168,0.3874324514175904,1000,7.858516447481544,5.412842267049407,-0.6191929910567247,146
resnet_layer4,fold6_balkan_e,291,0.4607907150781054,False,4,1e-05,1e-06,1e-05,1e-06,1.8484913986176252,0.14219164604750964,0.7342641595751047,0.2712362576276064,2.854937607422471,1.4271756708621979,0.037702906876802444,0.23284631595015526,0.12142613343894482,0.027839235961437225,3.6489253465183955,2.5311692520434184,0.38740968148362664,1000,7.862351789799023,5.420646306783977,-0.620773868280003,146
resnet_layer4,fold6_balkan_e,292,0.46135309924550166,True,0,1e-05,1e-06,1e-05,1e-06,1.8609153628349304,0.14314733560268694,0.6969288475811481,0.25869384221732616,2.817491276189685,1.4383556358516216,0.03782995045185089,0.23309420235455036,0.12220723368227482,0.027921592816710472,3.63834143225757,2.529055748587083,0.39095823332519686,1000,7.837200511195933,5.394892930025735,-0.6104209015531543,146
resnet_layer4,fold6_balkan_e,293,0.46713804494054817,False,1,1e-05,1e-06,1e-05,1e-06,1.8681444022804499,0.1437034155600346,0.6877137571573257,0.2572798412293196,2.814072171226144,1.4470011033117771,0.03763994760811329,0.23271469958126545,0.12143104337155819,0.027824480086565018,3.6447448703139953,2.5269299043383926,0.38881253411457484,1000,7.862366007292565,5.421898440802004,-0.62077972997723,146
resnet_layer4,fold6_balkan_e,294,0.4534477067008093,False,2,1e-05,1e-06,1e-05,1e-06,1.85798223875463,0.1429217106734331,0.6924760229885578,0.2573334202170372,2.80872805416584,1.4365819804370403,0.03772275894880295,0.2329237349331379,0.12148994207382202,0.027754252776503563,3.641518245349013,2.531793528716813,0.3898942009451263,1000,7.844236058342976,5.411916435607314,-0.6133135869672153,146
resnet_layer4,fold6_balkan_e,295,0.46128158661367236,False,3,1e-05,1e-06,1e-05,1e-06,1.8617295436561108,0.1432099648966239,0.6905648522078991,0.25780356116592884,2.811032557860017,1.44042725302279,0.03768853656947613,0.23275288566946983,0.12155773490667343,0.027805734425783157,3.6415598623262175,2.5307534615908684,0.38988025571541174,1000,7.839858457144748,5.399655129830575,-0.611513418592825,146
resnet_layer4,fold6_balkan_e,296,0.4736170134944134,False,4,1e-05,1e-06,1e-05,1e-06,1.8610883336514235,0.1431606410501095,0.6907154507935047,0.2585501316934824,2.811289757490158,1.4398508705198765,0.037712907418608665,0.23280341550707817,0.1215375792235136,0.02770538441836834,3.6392082197099804,2.526736438660045,0.39066800622310094,1000,7.839609208211331,5.3969821123393515,-0.6114109520450048,146
resnet_layer4,fold6_balkan_e,297,0.460458164335879,True,0,1e-05,1e-06,1e-05,1e-06,1.8602382224053144,0.14309524787733188,0.6926474533975124,0.257782781496644,2.811604516580701,1.4392555877566338,0.03759855963289738,0.23278108425438404,0.121415039524436,0.02770034410059452,3.6316930040390143,2.525708426281725,0.39318203280647024,1000,7.819423742975689,5.373739625317684,-0.6031234970339812,146
resnet_layer4,fold6_balkan_e,298,0.4639546734216849,False,1,1e-05,1e-06,1e-05,1e-06,1.8604126926511526,0.14310866866547328,0.692576602101326,0.257298581302166,2.8112409971654415,1.4395687393844128,0.03754970245063305,0.23279559426009655,0.12131119519472122,0.027696650475263596,3.640160144429813,2.529151621935088,0.39034919289114034,1000,7.837264868810099,5.3946263579383675,-0.6104473506078714,146
resnet_layer4,fold6_balkan_e,299,0.45506781256961015,False,2,1e-05,1e-06,1e-05,1e-06,1.8526427540928125,0.14251098108406252,0.6886951997876167,0.2576747816056013,2.7999563552439213,1.4311980791389942,0.03748002275824547,0.23311441950500011,0.12163295969367027,0.027712024748325348,3.6420818995777284,2.531039767646318,0.3897053152634281,1000,7.841255988567963,5.401917580514566,-0.6120880058476261,146
resnet_layer4,fold6_balkan_e,300,0.4768255266694597,False,3,1e-05,1e-06,1e-05,1e-06,1.854790236800909,0.14267617206160838,0.6944294162094593,0.2573902700096369,2.8075498435646296,1.4323864839971066,0.03774819150567055,0.23352360911667347,0.12189149484038353,0.02773834764957428,3.6385480146182356,2.525686008765103,0.3908890694711974,1000,7.837611912999586,5.3938664177269855,-0.6105899791343246,146
resnet_layer4,fold6_balkan_e,301,0.46780653206229356,False,4,1e-05,1e-06,1e-05,1e-06,1.8582265004515648,0.14294050003473574,0.6898070890456438,0.257859131321311,2.8068283330649137,1.4371109139174223,0.03766940347850323,0.2326999194920063,0.12151067703962326,0.027766138315200806,3.640006286282646,2.52705420447068,0.39040072785530033,1000,7.8394908589065935,5.393791892214988,-0.6113622996386796,146
resnet_layer4,fold6_balkan_e,302,0.4418014824318512,False,5,1e-05,1e-06,1e-05,1e-06,1.8566727470606565,0.14282098054312742,0.6915817335247993,0.2573351711034775,2.806536592543125,1.4354700520634651,0.03768892213702202,0.23278312385082245,0.12152466177940369,0.027738049626350403,3.641219414285454,2.526414808185086,0.3899943301065357,1000,7.839607597922337,5.393990982679332,-0.6114102900637801,146
resnet_layer4,fold6_balkan_e,303,0.46132691030191714,False,6,1e-05,1e-06,1e-05,1e-06,1.8815506473183632,0.14473466517833564,0.7523883190006018,0.2594554740935564,2.8943331819027662,1.456672977656126,0.03762737289071083,0.23284627497196198,0.12469819188117981,0.028151605278253555,3.6426430463102024,2.526279797664697,0.3895172408269183,1000,7.845130666946505,5.397806019649947,-0.6136815938719533,146
resnet_layer4,fold6_balkan_e,304,0.45708331580760253,False,7,1e-05,1e-06,1e-05,1e-06,1.860995763912797,0.14315352030098438,0.6905110310763121,0.25796328112483025,2.8104166369885206,1.4389976877719164,0.03749357536435127,0.23329596407711506,0.12188747711479664,0.027832940220832825,3.6399598580746315,2.523597161754178,0.39041627860938544,1000,7.841594641735662,5.391368413899458,-0.6122272566257567,146
resnet_layer4,fold6_balkan_e,305,0.45171508326030035,False,8,1e-05,1e-06,1e-05,1e-06,1.8525386024266481,0.14250296941743448,0.6911836508661509,0.2567289397120476,2.801389567553997,1.4312629792839289,0.037617435678839684,0.2328723631799221,0.121519910171628,0.027789270505309105,3.6364604197351786,2.5263908045937886,0.3915878163762363,1000,7.833923296694493,5.378850308622933,-0.6090743515292205,146
resnet_layer4,fold6_balkan_e,306,0.4630779766346203,False,9,1e-05,1e-06,1e-05,1e-06,1.853540774434805,0.14258005957190806,0.6902582906186581,0.26179543510079384,2.806540261954069,1.4320124294608831,0.03764459863305092,0.23300349712371826,0.12158314511179924,0.027786651626229286,3.638104942420117,2.522961816333768,0.3910374053930662,1000,7.847622112804281,5.394792614541058,-0.6147066982048557,146
resnet_layer4,fold6_balkan_e,307,0.43114339183696937,False,10,1e-05,1e-06,1e-05,1e-06,1.8435639534145594,0.14181261180111995,0.691471491008997,0.2580095734447241,2.793985588476062,1.4225312788039446,0.03760572336614132,0.2327758390456438,0.1215131152421236,0.027659345418214798,3.635078644621182,2.5255054333694273,0.39205009507349753,1000,7.837825721526765,5.393600053495027,-0.6106778534950759,146
resnet_layer4,fold6_balkan_e,308,0.4616529205667958,False,11,1e-05,1e-06,1e-05,1e-06,1.8500139005482197,0.14230876158063227,0.689447958022356,0.2573818415403366,2.797788191586733,1.4289734438061714,0.037669712677598,0.23286297172307968,0.12135625444352627,0.027671415358781815,3.6372364656809713,2.5281988526773875,0.39132810988440925,1000,7.833154924171861,5.392859950676963,-0.608758722223554,146
resnet_layer4,fold6_balkan_e,309,0.4608419829456021,False,12,1e-05,1e-06,1e-05,1e-06,1.8577811792492867,0.14290624455763742,0.6918719112873077,0.258263411000371,2.8088458850979805,1.4363824483007193,0.03771298564970493,0.2328333891928196,0.1215529553592205,0.027817213907837868,3.6294588187220596,2.5272308917493147,0.3939284212099414,1000,7.82428700796256,5.376471383536041,-0.6051182319674737,146
resnet_layer4,fold6_balkan_e,310,0.4451463548927169,False,13,1e-05,1e-06,1e-05,1e-06,1.97077570669353,0.1515981312841177,0.6921934429556131,0.25824270211160183,2.9221446719020605,1.5496682859957218,0.03751841187477112,0.23291556350886822,0.1214898582547903,0.02769053913652897,3.632313283152668,2.525573234738949,0.39297473078289324,1000,7.832448788129997,5.382445431910586,-0.6084686854953729,146
resnet_layer4,fold6_balkan_e,311,0.4363244494425517,False,14,1e-05,1e-06,1e-05,1e-06,1.8507666923105717,0.14236666863927475,0.6905116513371468,0.2572417315095663,2.799483645707369,1.429629884660244,0.037656281143426895,0.2326963022351265,0.12151815742254257,0.02770354598760605,3.6342699653105472,2.5238276497268486,0.39232056065183185,1000,7.8370563918046265,5.386370002658071,-0.6103616735811885,146
resnet_layer4,fold6_balkan_e,312,0.4611121129932104,False,15,1e-05,1e-06,1e-05,1e-06,1.8545446060597897,0.14265727738921458,0.6905331816524267,0.2578509319573641,2.8038679379969835,1.4332747887820005,0.037768082693219185,0.2328282706439495,0.12145760096609592,0.02773861587047577,3.634454664476548,2.51837730499822,0.39225879268260255,1000,7.85261962352652,5.40054958125037,-0.6167639031337679,146
resnet_layer4,fold6_balkan_e,313,0.4766250534569541,False,16,1e-05,1e-06,1e-05,1e-06,1.8502959609031677,0.1423304585310129,0.6917648315429688,0.25802837312221527,2.801038336008787,1.4293104615062475,0.037601858377456665,0.23274057358503342,0.12149587646126747,0.02766983024775982,3.6338639665424033,2.515567764472123,0.39245632564743294,1000,7.860970396822575,5.403328972892805,-0.6202043875415537,146
resnet_layer4,fold6_balkan_e,314,0.4456071428711941,False,17,1e-05,1e-06,1e-05,1e-06,1.8517682831734419,0.14244371409026477,0.6920717731118202,0.2572124805301428,2.8019849583506584,1.4297722317278385,0.03762601502239704,0.23333007656037807,0.12177983298897743,0.027765776962041855,3.6321582142781117,2.5188385817560794,0.3930265593057636,1000,7.848688258332756,5.392325263027746,-0.6151454627733126,146
resnet_layer4,fold6_balkan_e,315,0.44367201423184865,False,18,1e-05,1e-06,1e-05,1e-06,1.9394297134131193,0.1491869010317784,0.6983271706849337,0.25839614123106003,2.897096924483776,1.505472717806697,0.037787873297929764,0.23356598988175392,0.1314099933952093,0.029603108763694763,3.626309267918638,2.5162904779990094,0.3949798314043508,1000,7.838088225171037,5.385229190102078,-0.610785744612242,146
resnet_layer4,fold6_balkan_e,316,0.44235277549780466,False,19,1e-05,1e-06,1e-05,1e-06,1.8497753720730543,0.1422904132363888,0.6883920468389988,0.256864869967103,2.7959774117916822,1.4260780978947878,0.03754131309688091,0.23313564248383045,0.12349883466959,0.0280297864228487,3.6289043132868204,2.5186949529157854,0.39411359719850236,1000,7.827315733837949,5.3733092022546725,-0.6063611321924212,146
resnet_layer4,fold6_balkan_e,317,0.44599360277914457,False,20,1e-05,1e-06,1e-05,1e-06,1.8528803158551455,0.14252925506578043,0.6874504368752241,0.2581785712391138,2.799446364864707,1.4297429025173187,0.037500929087400436,0.232712859287858,0.12336812540888786,0.02806781604886055,3.6224247109482737,2.5150974563602384,0.3962753505318677,1000,7.827624619697882,5.368954694897586,-0.6064879169157824,146
resnet_layer4,fold6_balkan_e,318,0.42801318119029513,False,21,1e-05,1e-06,1e-05,1e-06,1.8508492726832628,0.1423730209756356,0.6933343131095171,0.25714750960469246,2.802281776443124,1.4270829148590565,0.037447210401296616,0.23311426118016243,0.12367025762796402,0.028032219037413597,3.621506486671356,2.512877888265402,0.39658138000887044,1000,7.830743135047342,5.371799397457997,-0.6077682172447685,146
resnet_layer4,fold6_balkan_e,319,0.4504319096143628,True,0,1e-05,1e-06,1e-05,1e-06,1.843349352478981,0.1417961040368447,0.6876982767134905,0.25666272081434727,2.7886389922350645,1.4197916574776173,0.03781865909695625,0.23283297754824162,0.1234050802886486,0.028010735288262367,3.6174697715272988,2.515461755933123,0.39792583240239954,1000,7.818025123993031,5.352376748987073,-0.6025500638740371,146
resnet_layer4,fold6_balkan_e,320,0.4551623733972612,False,1,1e-05,1e-06,1e-05,1e-06,1.8758186008781195,0.1442937385290861,0.6921755727380514,0.25827744230628014,2.827261844649911,1.4519110936671495,0.037675051018595695,0.23295428976416588,0.12349806912243366,0.02821677178144455,3.616588758170517,2.5113747776572164,0.39821905989273076,1000,7.818628865851,5.356925256525443,-0.6027975851843443,146
resnet_layer4,fold6_balkan_e,321,0.456261270979489,False,2,1e-05,1e-06,1e-05,1e-06,1.8622709847986698,0.1432516142152823,0.6966093275696039,0.25811850279569626,2.8179479651153088,1.4388248566538095,0.03759907931089401,0.2328050434589386,0.12328196875751019,0.02820344641804695,3.6198728728713325,2.5132848852080323,0.3971256455836263,1000,7.827969736860763,5.371879149002683,-0.6066295789911273,146
resnet_layer4,fold6_balkan_e,322,0.4699894788038026,True,0,1e-05,1e-06,1e-05,1e-06,1.872980596497655,0.1440754304998196,0.6917611621320248,0.25725502148270607,2.8229338210076094,1.4493792690336704,0.03760915994644165,0.23287777416408062,0.12338467873632908,0.028185801580548286,3.6155139680897777,2.5175300996430634,0.39857668533543245,1000,7.807199352682565,5.351265729264292,-0.5981149722513248,146
resnet_layer4,fold6_balkan_e,323,0.4227700426150001,False,1,1e-05,1e-06,1e-05,1e-06,1.8614904340356588,0.14319157184889683,0.6951716467738152,0.25748489052057266,2.815101781859994,1.4378850366920233,0.037675684317946434,0.23276067338883877,0.12352013774216175,0.028081312775611877,3.6249786570366185,2.520883160618355,0.39542375312301403,1000,7.821164321095668,5.3698681063877896,-0.6038372765494486,146
resnet_layer4,fold6_balkan_e,324,0.45211627299305324,False,2,1e-05,1e-06,1e-05,1e-06,1.8690988924354315,0.14377683787964857,0.69212238304317,0.2581882420927286,2.8203418888151646,1.4451519083231688,0.037863025441765785,0.2329475935548544,0.12337209470570087,0.028211260214447975,3.6213038059241183,2.513361839686602,0.3966489198102746,1000,7.823428933407136,5.366918941371232,-0.6047661907940449,146
resnet_layer4,fold6_balkan_e,325,0.4447067704936995,False,3,1e-05,1e-06,1e-05,1e-06,1.8716433644294739,0.1439725664945749,0.6921517811715603,0.2604467235505581,2.825186813250184,1.4479759447276592,0.03768729232251644,0.23283914104104042,0.12341752089560032,0.02817017398774624,3.62339163794406,2.5130287648388947,0.39595300535213573,1000,7.827021546988928,5.374958688039691,-0.6062403854497966,146
resnet_layer4,fold6_balkan_e,326,0.4282045551677952,False,4,1e-05,1e-06,1e-05,1e-06,1.8736700974404812,0.14412846903388316,0.6940940134227276,0.2581031806766987,2.826801534742117,1.4500328823924065,0.037668634206056595,0.2328511644154787,0.12338805198669434,0.028169482946395874,3.6247206195148736,2.512423629453152,0.3955098213837138,1000,7.83130085779732,5.376503606261931,-0.6079972429778469,146
resnet_layer4,fold6_balkan_e,327,0.45200319180154974,True,0,1e-05,1e-06,1e-05,1e-06,1.9587623253464699,0.15067402502665153,0.694711996242404,0.25808320194482803,2.9125046133995056,1.5264996904879808,0.037875138223171234,0.2329618949443102,0.129907988011837,0.02983485907316208,3.611248703887809,2.509071478272661,0.3999948605887105,1000,7.80280885313366,5.343222923975295,-0.5963180282198872,146
resnet_layer4,fold6_balkan_e,328,0.4289814638214318,True,0,1e-05,1e-06,1e-05,1e-06,1.8699820432811975,0.14384477256009212,0.6946526151150465,0.2585828509181738,2.8241787515580654,1.4463284984230995,0.03758610226213932,0.23286635242402554,0.12346239387989044,0.028177104890346527,3.6100650063496413,2.5107325545073227,0.40038813630339276,1000,7.795158819581259,5.335112439242084,-0.5931894368845958,146
resnet_layer4,fold6_balkan_e,329,0.4209596098044525,True,0,1e-05,1e-06,1e-05,1e-06,1.8604225423187017,0.14310942633220783,0.6888705678284168,0.25796415098011494,2.808204934000969,1.437431724742055,0.03769144229590893,0.2328567635267973,0.12283750623464584,0.02803102321922779,3.607471842802158,2.5071004264350405,0.40124924721076816,1000,7.79305752650947,5.329723140952622,-0.5923306200763745,146
resnet_layer4,fold6_balkan_e,330,0.4487270122917484,False,1,1e-05,1e-06,1e-05,1e-06,1.8546045869588852,0.14266189130452964,0.6913711316883564,0.25746301002800465,2.80439387075603,1.4309625513851643,0.03755667246878147,0.2328650038689375,0.12347892113029957,0.028165452182292938,3.6100181146502406,2.506488457307497,0.40040371310692036,1000,7.802311913370929,5.335688182647889,-0.5961147043511661,146
resnet_layer4,fold6_balkan_e,331,0.434972354600743,False,2,1e-05,1e-06,1e-05,1e-06,1.8653786294162273,0.14349066380124825,0.6958331353962421,0.2579676918685436,2.820133788511157,1.441640716046095,0.037749264389276505,0.23273052088916302,0.12362819351255894,0.028083225712180138,3.6137430349111104,2.508273243400854,0.39916571343242124,1000,7.815157092855558,5.354951780430162,-0.601374493224998,146
resnet_layer4,fold6_balkan_e,332,0.4272141234434701,False,3,1e-05,1e-06,1e-05,1e-06,1.8577035889029503,0.1429002760694577,0.6912503037601709,0.25806513987481594,2.807968344539404,1.4334751665592194,0.037725795060396194,0.23300178349018097,0.12381743267178535,0.028141023591160774,3.609475176915081,2.5051246035463537,0.40058405512140094,1000,7.814194623185734,5.353512887025265,-0.6009800854212346,146
resnet_layer4,fold6_balkan_e,333,0.4294661003444681,False,4,1e-05,1e-06,1e-05,1e-06,1.8607909120619297,0.14313776246630228,0.6946512274444103,0.2582524213939905,2.8146260902285576,1.4359197318553925,0.03765057772397995,0.23349550738930702,0.12391284108161926,0.02822822891175747,3.60529333992089,2.504570173904191,0.40197218363175546,1000,7.804859372560111,5.340345147939423,-0.5971571391826431,146
resnet_layer4,fold6_balkan_e,334,0.44216357478905643,False,5,1e-05,1e-06,1e-05,1e-06,1.8565435893833637,0.14281104533718184,0.6937772557139397,0.2573861610144377,2.8086570855230093,1.434466628357768,0.03774460405111313,0.2327555399388075,0.12210503406822681,0.027915121987462044,3.603586622928181,2.5033815782272915,0.40253825277119104,1000,7.807267336508319,5.344540969196938,-0.598142804624481,146
resnet_layer4,fold6_balkan_e,335,0.4360084296782716,False,6,1e-05,1e-06,1e-05,1e-06,1.8566103484481573,0.14281618064985827,0.6926994137465954,0.2582968920469284,2.808546155691147,1.4356380850076675,0.037548910826444626,0.23268375918269157,0.12149767950177193,0.02767314203083515,3.6121203489485145,2.5060046816968016,0.39970517982942844,1000,7.827485918283701,5.365669226227491,-0.6064309851688938,146
resnet_layer4,fold6_balkan_e,336,0.44282569255414717,False,7,1e-05,1e-06,1e-05,1e-06,1.8562892396003008,0.1427914799692539,0.6897162292152643,0.25751943141222,2.804475648328662,1.4348226021975279,0.037733303382992744,0.23289054073393345,0.12150288000702858,0.02776096761226654,3.6054889007712068,2.5013554989833255,0.4019073045835785,1000,7.80939191776326,5.339173032843598,-0.5990127239162768,146
resnet_layer4,fold6_balkan_e,337,0.4498599866187184,False,8,1e-05,1e-06,1e-05,1e-06,1.8597806729376316,0.1430600517644332,0.6912663727998734,0.25757751055061817,2.8095552269369364,1.4381534736603498,0.03761589527130127,0.23294610157608986,0.12173235788941383,0.02776012383401394,3.609504729095416,2.4985481365355247,0.40057423977720474,1000,7.82432774495517,5.356114673048399,-0.605134946042432,146
resnet_layer4,fold6_balkan_e,338,0.44462539811042306,False,9,1e-05,1e-06,1e-05,1e-06,1.861018754541874,0.14315528881091338,0.6895679105073214,0.2741857189685106,2.8256965540349483,1.4392898362129927,0.03765939548611641,0.23304715007543564,0.1215794887393713,0.027879884466528893,3.612363281100304,2.5039403137586933,0.39962443179105067,1000,7.822490039295407,5.356671046463215,-0.6043810361183204,146
resnet_layer4,fold6_balkan_e,339,0.4447904311848492,False,10,1e-05,1e-06,1e-05,1e-06,1.9322595354169607,0.14863534887822774,0.693837083876133,0.2588290926069021,2.88586962223053,1.5053462609648705,0.0375809408724308,0.23361413553357124,0.1256950292736292,0.028427796438336372,3.610923264241402,2.502991565338542,0.4001029986195832,1000,7.823646033489005,5.354070256866326,-0.6048552565242622,146
resnet_layer4,fold6_balkan_e,340,0.4559841772543651,False,11,1e-05,1e-06,1e-05,1e-06,1.8567563574761152,0.14282741211354733,0.6899526007473469,0.2574676014482975,2.805116629227996,1.435338705778122,0.03765132091939449,0.23278610408306122,0.12160610407590866,0.02780204266309738,3.606590941279382,2.501822800029437,0.4015416270687673,1000,7.825513469497842,5.361076947752955,-0.6056214778376512,146
resnet_layer4,fold6_balkan_e,341,0.4248117242992571,False,12,1e-05,1e-06,1e-05,1e-06,1.8515091128647327,0.14242377791267175,0.6936489436775446,0.2577505111694336,2.803833058103919,1.4301693737506866,0.03768870793282986,0.23276243917644024,0.12152280658483505,0.027807965874671936,3.6061462024267623,2.50164891671881,0.4016892131322414,1000,7.826564595812753,5.36033981773189,-0.6060528423329656,146
resnet_layer4,fold6_balkan_e,342,0.4414690089455847,False,13,1e-05,1e-06,1e-05,1e-06,1.8547738566994667,0.14267491205380514,0.6921473536640406,0.2574228011071682,2.805299362167716,1.4331765249371529,0.037641074508428574,0.23296082951128483,0.12162287719547749,0.027785765007138252,3.607527492062336,2.5020593580914547,0.40123077427743714,1000,7.832107214216929,5.367627548754177,-0.6083283975783038,146
resnet_layer4,fold6_balkan_e,343,0.4353491758121081,False,14,1e-05,1e-06,1e-05,1e-06,1.8561188876628876,0.14277837597406828,0.6940773855894804,0.25804342329502106,2.809178216382861,1.4348167404532433,0.03754223696887493,0.23275956325232983,0.12161920964717865,0.027842717245221138,3.6067872412312734,2.50343985136651,0.4014764793718072,1000,7.820803203994654,5.350632854099574,-0.6036891759155012,146
resnet_layer4,fold6_balkan_e,344,0.43033363678199393,False,15,1e-05,1e-06,1e-05,1e-06,1.8568310402333736,0.14283315694102874,0.6954773142933846,0.25835423171520233,2.811594257131219,1.435803884640336,0.03734920173883438,0.23281842283904552,0.12155947461724281,0.027728937566280365,3.5966825555005464,2.4947825103872527,0.4048253989848576,1000,7.812282736182946,5.343142119199976,-0.6001967625805267,146
resnet_layer4,fold6_balkan_e,345,0.4401311647906378,False,16,1e-05,1e-06,1e-05,1e-06,1.8626509550958872,0.14328084269968364,0.6891294494271278,0.2578709330409765,2.8105938378721476,1.4409668631851673,0.03776687942445278,0.23298291489481926,0.12163021229207516,0.027754776179790497,3.598123154177525,2.4960232086728036,0.4043485265110509,1000,7.8108414633974865,5.340082170635522,-0.5996063826931304,146
resnet_layer4,fold6_balkan_e,346,0.44816922609423554,False,17,1e-05,1e-06,1e-05,1e-06,1.8592765610665083,0.14302127392819294,0.6906016413122416,0.2577514611184597,2.8085655849426985,1.4376269914209843,0.037675315514206886,0.23325560986995697,0.12129240110516548,0.02785549871623516,3.601489822819277,2.504324280882068,0.4032333343773077,1000,7.803944547651698,5.3322022026162665,-0.5967827484516068,146
resnet_layer4,fold6_balkan_e,347,0.43119510314432935,False,18,1e-05,1e-06,1e-05,1e-06,1.8602384831756353,0.14309526793658733,0.6898666806519032,0.2572237607091665,2.8082546535879374,1.438400687649846,0.0375926923006773,0.23320449143648148,0.12173091620206833,0.02775024250149727,3.6008099511727134,2.497710801272682,0.40345862249981435,1000,7.818451621381639,5.349938945828739,-0.6027249167427806,146
resnet_layer4,fold6_balkan_e,348,0.4406431192224362,True,0,1e-05,1e-06,1e-05,1e-06,1.8637540750205517,0.14336569807850397,0.6906208992004395,0.258189482614398,2.813519788905978,1.442518262192607,0.037518471479415894,0.23288402520120144,0.12147248908877373,0.027792658656835556,3.587637378201911,2.4919119354670425,0.4078152043762975,1000,7.791015000324454,5.313772742276417,-0.5914960437220291,146
resnet_layer4,fold6_balkan_e,349,0.4568520789051516,False,1,1e-05,1e-06,1e-05,1e-06,1.8767135813832283,0.14436258318332526,0.6920280326157808,0.25818297266960144,2.8278927970677614,1.4553932342678308,0.03753086365759373,0.2328251712024212,0.12158408015966415,0.027810728177428246,3.59742807197433,2.490029242196372,0.4045786391170587,1000,7.820812162930419,5.3503040793486445,-0.603692850053865,146
resnet_layer4,fold6_balkan_e,350,0.4325610225609042,True,0,1e-05,1e-06,1e-05,1e-06,1.8810647446662188,0.1446972880512476,0.742361968383193,0.2645434681326151,2.8889065347611904,1.4567454159259796,0.03739167936146259,0.23336674459278584,0.12387945875525475,0.028127191588282585,3.5866906722759064,2.4938262301944176,0.4081276946462762,1000,7.7832786300419095,5.309366992424255,-0.5883369457934491,146
resnet_layer4,fold6_balkan_e,351,0.4335122784314311,False,1,1e-05,1e-06,1e-05,1e-06,1.8742129877209663,0.14417022982468972,0.6915871910750866,0.25720738992094994,2.823950881138444,1.450006952509284,0.0376710370182991,0.23306060209870338,0.12361724860966206,0.028285056352615356,3.59856225464977,2.4926600565680035,0.40420313582184975,1000,7.824933253547335,5.3593554368837015,-0.6053833918235019,146
resnet_layer4,fold6_balkan_e,352,0.41460701834019476,False,2,1e-05,1e-06,1e-05,1e-06,1.8702099844813347,0.1438623064985642,0.6914517227560282,0.25697757862508297,2.8195765167474747,1.4461139924824238,0.037738170474767685,0.23278255201876163,0.12389339879155159,0.028116388246417046,3.5884827128783874,2.495636557805453,0.4075361051999038,1000,7.78833216224791,5.318251850628838,-0.5904001682696218,146
resnet_layer4,fold6_balkan_e,353,0.43554820125727084,False,3,1e-05,1e-06,1e-05,1e-06,1.869734013453126,0.14382569334254816,0.6910535711795092,0.2572877015918493,2.819000316783786,1.445806134492159,0.03765592537820339,0.23273839429020882,0.12379546836018562,0.028156213462352753,3.591747570253551,2.4917448677468546,0.4064575490501289,1000,7.807472385318638,5.34515781594587,-0.5982267524566682,146
resnet_layer4,fold6_balkan_e,354,0.43044405686697135,False,4,1e-05,1e-06,1e-05,1e-06,1.9757139328867197,0.15197799483743998,0.6894900612533092,0.25800145976245403,2.9241435155272484,1.55151211284101,0.03779394179582596,0.23283884674310684,0.12383445166051388,0.02815483696758747,3.5908137162723017,2.4919352900701024,0.40676615087327606,1000,7.800073892884437,5.331331213609868,-0.5951991744083447,146
resnet_layer4,fold6_balkan_e,355,0.43930693465061443,False,5,1e-05,1e-06,1e-05,1e-06,1.8706296235322952,0.14389458642556116,0.6890681684017181,0.268486263230443,2.82912577688694,1.446744542568922,0.037750180810689926,0.23274798691272736,0.12356696091592312,0.028248485177755356,3.5881343776722967,2.4958736392200107,0.40765112095052225,1000,7.789079468171154,5.322453491715601,-0.5907053870151826,146
resnet_layer4,fold6_balkan_e,356,0.4234995363848632,True,0,1e-05,1e-06,1e-05,1e-06,1.8697580639272928,0.14382754337902254,0.6929142326116562,0.25795071199536324,2.8215672094374895,1.4462051093578339,0.03764178976416588,0.23272357694804668,0.12354329973459244,0.028091667219996452,3.5793353209775236,2.497655929251251,0.41055275176058337,1000,7.756667172095148,5.289464443678487,-0.5774942905063452,146
resnet_layer4,fold6_balkan_e,357,0.41974729083846934,False,1,1e-05,1e-06,1e-05,1e-06,1.8767886515706778,0.14436835781312907,0.6967628467828035,0.2599042933434248,2.8344091344624758,1.4506461583077908,0.0376460887491703,0.2327928300946951,0.125952223315835,0.028196191415190697,3.5828290199674453,2.4948769507111157,0.40940150097715533,1000,7.777577103837767,5.308512118257258,-0.5860107724034844,146
resnet_layer4,fold6_balkan_e,358,0.41619033538101663,False,2,1e-05,1e-06,1e-05,1e-06,1.8665834795683622,0.14358334458218172,0.6912660803645849,0.2570776604115963,2.81587191298604,1.440407682210207,0.037688933312892914,0.2327549010515213,0.12574025057256222,0.028437260538339615,3.582607929680913,2.4910405079208933,0.40947438838643324,1000,7.784224883226341,5.310955828819944,-0.5887231738410825,146
resnet_layer4,fold6_balkan_e,359,0.43337962610155023,False,3,1e-05,1e-06,1e-05,1e-06,1.8564903493970633,0.14280694995362025,0.6897590495646,0.2573106214404106,2.8044982124119997,1.4308834243565798,0.037730880081653595,0.23301089741289616,0.1251530908048153,0.02814960852265358,3.5887411993368468,2.4913748764111308,0.407450749119446,1000,7.802785548209866,5.335760144762966,-0.5963084926756634,146
resnet_layer4,fold6_balkan_e,360,0.4252525800243649,False,4,1e-05,1e-06,1e-05,1e-06,1.8620701059699059,0.14323616199768507,0.6892689689993858,0.2577571012079716,2.810024917125702,1.4359227027744055,0.037657322362065315,0.23354887403547764,0.12516102567315102,0.028210872784256935,3.5842273852149193,2.48844906764423,0.4089403940813736,1000,7.7959746781997215,5.328157689707145,-0.593522947819753,146
resnet_layer4,fold6_balkan_e,361,0.42642880783869075,False,5,1e-05,1e-06,1e-05,1e-06,1.8513450026512146,0.14241115405009344,0.6888503674417734,0.2574520315974951,2.798587003722787,1.4255838375538588,0.037648821249604225,0.23311111330986023,0.12538822181522846,0.028068285435438156,3.5802426328044565,2.491893877201282,0.4102538804923266,1000,7.78191320630948,5.315594733530001,-0.5877797094843431,146
resnet_layer4,fold6_balkan_e,362,0.4146415844685494,False,6,1e-05,1e-06,1e-05,1e-06,1.9124249517917633,0.1471096116762895,0.7202595230191946,0.25716947205364704,2.890792718157172,1.484278567135334,0.037744998931884766,0.23297617211937904,0.1262182518839836,0.02955973707139492,3.574374846135074,2.4898645183743993,0.4121854080457693,1000,7.765657866841627,5.293476482365555,-0.5811533334654821,146
resnet_layer4,fold6_balkan_e,363,0.4247320280719292,False,7,1e-05,1e-06,1e-05,1e-06,1.8596757519990206,0.1430519809230016,0.6878719478845596,0.2578326128423214,2.8063308224081993,1.4344182591885328,0.03770568408071995,0.2327517829835415,0.12512009218335152,0.028148435056209564,3.575241580319228,2.489469784193846,0.41190030041527825,1000,7.7790650119366065,5.317550178033919,-0.5866176616618912,146
resnet_layer4,fold6_balkan_e,364,0.4250262000017201,False,8,1e-05,1e-06,1e-05,1e-06,1.8486542198807001,0.14220417076005384,0.6922359019517899,0.2576347514986992,2.799469694495201,1.424695122987032,0.037631331011652946,0.23289167135953903,0.12385214120149612,0.028050294145941734,3.5792856379047,2.4884808294590863,0.4105691153279414,1000,7.792707261117166,5.330489313823897,-0.5921874860693646,146
resnet_layer4,fold6_balkan_e,365,0.4137667596555878,False,9,1e-05,1e-06,1e-05,1e-06,1.8478382881730795,0.14214140678254458,0.6886857580393553,0.25749215111136436,2.7949784696102142,1.4238311629742384,0.037712814286351204,0.2333948276937008,0.12336004711687565,0.028006870299577713,3.5838886494868887,2.489572031556491,0.4090521077220587,1000,7.797604246046681,5.337830308572539,-0.5941891955339793,146
resnet_layer4,fold6_balkan_e,366,0.4434063249819241,False,10,1e-05,1e-06,1e-05,1e-06,1.8537317756563425,0.1425947519735648,0.6903022695332766,0.25739618949592113,2.802364818751812,1.4299319703131914,0.03761161118745804,0.2327697854489088,0.12382654659450054,0.028052786365151405,3.583888177226136,2.4890144180726117,0.40905226346432944,1000,7.793562245702327,5.331402309565095,-0.5925368820853099,146
resnet_layer4,fold6_balkan_e,367,0.4130126023249402,False,11,1e-05,1e-06,1e-05,1e-06,1.8549477271735668,0.14268828670565897,0.6898068692535162,0.25759049132466316,2.803286626935005,1.429988956078887,0.03767563961446285,0.23265030793845654,0.12509063258767128,0.027981746941804886,3.579916189232205,2.490089812572675,0.41036142071954784,1000,7.7878185044166255,5.327963574121894,-0.5901903943294777,146
resnet_layer4,fold6_balkan_e,368,0.42373551829157463,False,12,1e-05,1e-06,1e-05,1e-06,1.8585842307657003,0.1429680177512077,0.6895141080021858,0.25768664106726646,2.8067402318120003,1.4334610868245363,0.03769257105886936,0.23297532461583614,0.12484816089272499,0.028069062158465385,3.5802504613008845,2.4866450389556447,0.41025130143223987,1000,7.794783903301245,5.332538601552108,-0.5930361883603077,146
resnet_layer4,fold6_balkan_e,369,0.40020381487609397,False,13,1e-05,1e-06,1e-05,1e-06,1.8503070026636124,0.14233130789720094,0.6895776689052582,0.2575738113373518,2.7983931433409452,1.4268735814839602,0.0376708060503006,0.23268644325435162,0.12352927774190903,0.02801048383116722,3.5856724014845764,2.4852999481533056,0.4084637151084235,1000,7.813602425063814,5.351431459178058,-0.6007374343177516,146
resnet_layer4,fold6_balkan_e,370,0.4237046861174023,False,14,1e-05,1e-06,1e-05,1e-06,1.8576809093356133,0.14289853148735487,0.6873515471816063,0.2569497413933277,2.8029281981289387,1.4337751809507608,0.03760707750916481,0.23286892846226692,0.12386606261134148,0.028039777651429176,3.5905117731852565,2.481727275918411,0.40686591395924354,1000,7.823960845264115,5.3579034341093195,-0.6049844130568389,146
resnet_layer4,fold6_balkan_e,371,0.43451794464280435,False,15,1e-05,1e-06,1e-05,1e-06,1.8474941495805979,0.1421149345831229,0.6884672064334154,0.2574657220393419,2.7943637296557426,1.4254489298909903,0.037569304928183556,0.2326666358858347,0.12245214357972145,0.027808528393507004,3.5879608673062666,2.484229671199282,0.4077084076488364,1000,7.81809090858342,5.349961175728206,-0.6025770332279075,146
resnet_layer4,fold6_balkan_e,372,0.4243672426848417,False,16,1e-05,1e-06,1e-05,1e-06,1.8548111282289028,0.142677779094531,0.690426541492343,0.25733268819749355,2.8035041596740484,1.431829921901226,0.03781482018530369,0.2328261286020279,0.12287715077400208,0.027929268777370453,3.5840052406780063,2.486436226640637,0.4090136576215644,1000,7.804261998248664,5.3360835992599505,-0.596912659663434,146
resnet_layer4,fold6_balkan_e,373,0.39538755301112,False,17,1e-05,1e-06,1e-05,1e-06,1.8618948459625244,0.14322268045865572,0.6913838610053062,0.2569182515144348,2.811142398044467,1.4370301757007837,0.03774215094745159,0.2328852415084839,0.12466674111783504,0.028021642938256264,3.5757502350693997,2.487191857343304,0.41173294893506907,1000,7.775692837650549,5.302082102448674,-0.585242382858862,146
resnet_layer4,fold6_balkan_e,374,0.41492204520900805,False,18,1e-05,1e-06,1e-05,1e-06,1.944387175142765,0.14956824424175116,0.6957805790007114,0.25696662068367004,2.898079127073288,1.5124643240123987,0.037655098363757133,0.23314153403043747,0.12995557487010956,0.029558131471276283,3.5718128632381827,2.482792226561572,0.41302775462838925,1000,7.7692406960543545,5.287917990020653,-0.5826126584258815,146
resnet_layer4,fold6_balkan_e,375,0.39992862145345665,False,19,1e-05,1e-06,1e-05,1e-06,1.8464142978191376,0.14203186906301057,0.6867544483393431,0.25697572343051434,2.791088169440627,1.4228121656924486,0.037474628537893295,0.23270268738269806,0.1238621212542057,0.028029877692461014,3.578557917088328,2.4823852765797745,0.41080877070222177,1000,7.787846023220934,5.312199931020313,-0.5902016324484876,146
resnet_layer4,fold6_balkan_e,376,0.4132073168587771,False,20,1e-05,1e-06,1e-05,1e-06,1.850391061976552,0.1423377739981963,0.6889515928924084,0.25810040533542633,2.7983849570155144,1.4259342122823,0.037762824445962906,0.23311669193208218,0.12403922900557518,0.02801068127155304,3.5707567468060124,2.4780702245673134,0.41337481613995586,1000,7.775963252448326,5.293824031732184,-0.5853526445323374,146
resnet_layer4,fold6_balkan_e,377,0.41057660129590834,False,21,1e-05,1e-06,1e-05,1e-06,1.8488614466041327,0.14222011127724096,0.6897386759519577,0.2573117967694998,2.796858847141266,1.425181107595563,0.037696994841098785,0.23267743550240993,0.12372434884309769,0.0280314814299345,3.5679832646548384,2.4788627542632877,0.4142857505618204,1000,7.768075785616737,5.284976751261067,-0.5821381039969709,146
resnet_layer4,fold6_balkan_e,378,0.4054157755846569,False,22,1e-05,1e-06,1e-05,1e-06,1.8482235185801983,0.14217103989078447,0.6895814295858145,0.25759800896048546,2.7963415067642927,1.4247634559869766,0.037552691996097565,0.23272564820945263,0.12365924380719662,0.027974937111139297,3.5633040592371126,2.476858142177587,0.4158210044940921,1000,7.756869247039403,5.2697725619365325,-0.5775764846281333,146
resnet_layer4,fold6_balkan_e,379,0.40326185425601907,False,23,1e-05,1e-06,1e-05,1e-06,1.84808986261487,0.14216075866268232,0.6891908459365368,0.25779347121715546,2.7960132360458374,1.4239968974143267,0.03753710351884365,0.2333111185580492,0.12378022260963917,0.027921859174966812,3.568686172319697,2.4776152048244704,0.41405495150340654,1000,7.770439831826353,5.2853950259383815,-0.5831012296983409,146
resnet_layer4,fold6_balkan_e,380,0.4107483630804446,False,24,1e-05,1e-06,1e-05,1e-06,1.8511463515460491,0.14239587319584993,0.6884996928274632,0.2569038011133671,2.7975046448409557,1.4264102689921856,0.03760727122426033,0.23355058021843433,0.12391047179698944,0.028116237372159958,3.5711792802650306,2.477626455671898,0.4132359752997543,1000,7.776523574684405,5.291527774046697,-0.5855811282107926,146
resnet_layer4,fold6_balkan_e,381,0.41384473389106724,False,25,1e-05,1e-06,1e-05,1e-06,1.8577169142663479,0.14290130109741137,0.6917614359408617,0.25720840506255627,2.8076282031834126,1.4334359988570213,0.037487948313355446,0.2330937646329403,0.12398870475590229,0.028154533356428146,3.566488210466275,2.4737190202072905,0.4147764989844872,1000,7.775614873813299,5.289056617165053,-0.5852105938049175,146
resnet_layer4,fold7_balkan_s,1,0.7833574161986058,True,0,1e-05,1e-06,1e-05,1e-06,2.012190755456686,0.143727911104049,0.7075631748884916,0.2620587535202503,2.982712507247925,1.554124440997839,0.039415908977389336,0.24163767881691456,0.14375190064311028,0.03133365325629711,4.563807632429666,3.3828288379366684,-0.047872982682237275,1000,10.145281735511723,8.177597524942074,-1.351947209763472,144
resnet_layer4,fold7_balkan_s,2,0.7696052665816228,False,1,1e-05,1e-06,1e-05,1e-06,1.9506214261054993,0.1393301018646785,0.7144744005054235,0.2578314580023289,2.9239328149706125,1.507542422041297,0.03906160593032837,0.24148319102823734,0.13020517863333225,0.030487917363643646,4.595963914651492,3.411370094189462,-0.06269148990475237,1000,10.331892434991072,8.359729233922566,-1.4392656382206557,144
resnet_layer4,fold7_balkan_s,3,0.78681911555077,False,2,1e-05,1e-06,1e-05,1e-06,1.959004309028387,0.13992887921631336,0.699861116707325,0.25554277189075947,2.9153509773314,1.5148590076714754,0.038987454026937485,0.24099936336278915,0.13224909454584122,0.030346017330884933,4.607861858911544,3.42757873269175,-0.06820076300593514,1000,10.487178288119033,8.511330899361841,-1.513139802123395,144
resnet_layer4,fold7_balkan_s,4,0.799986568307292,False,3,1e-05,1e-06,1e-05,1e-06,1.9277551602572203,0.13769679716123,0.7433302216231823,0.2673444114625454,2.9393748715519905,1.483953095972538,0.03899149224162102,0.24101251736283302,0.13178894482553005,0.03043476678431034,4.6016663693650015,3.4161281360747853,-0.06533020059003669,1000,10.57061422276249,8.606726453080025,-1.5532879322524957,144
resnet_layer4,fold7_balkan_s,5,0.7727694268889129,False,4,1e-05,1e-06,1e-05,1e-06,1.9314836747944355,0.13796311962817395,0.6926831007003784,0.2550230026245117,2.8802636675536633,1.4882994890213013,0.03929436020553112,0.24123514257371426,0.13083412311971188,0.03022899478673935,4.586596111973541,3.3906769263942476,-0.05836380639432037,1000,10.549652217676666,8.588342747669158,-1.5431714025618777,144
resnet_layer4,fold7_balkan_s,6,0.7681389124993337,False,5,1e-05,1e-06,1e-05,1e-06,2.037258690223098,0.14551847787307842,0.7268805876374245,0.26658969186246395,3.0316650308668613,1.5934620220214128,0.03906715102493763,0.24138760566711426,0.13145728968083858,0.03030093014240265,4.570409674578529,3.3720558914622942,-0.0509068991167676,1000,10.503643209646762,8.543126713917111,-1.521037280517345,144
resnet_layer4,fold7_balkan_s,7,0.762720467191096,False,6,1e-05,1e-06,1e-05,1e-06,1.9497307650744915,0.13926648321960652,0.7137770652770996,0.26920027285814285,2.9336559250950813,1.506243485957384,0.039289720356464386,0.2410871908068657,0.1313505582511425,0.030174056068062782,4.544192084280306,3.3502482970947276,-0.03888468515780419,1000,10.468006422228244,8.507721276487523,-1.5039595370473724,144
resnet_layer4,fold7_balkan_s,8,0.7917576829940342,False,7,1e-05,1e-06,1e-05,1e-06,2.117156879976392,0.15122549142688513,0.6993470434099436,0.2600789573043585,3.0775415021926165,1.673830447718501,0.03896149434149265,0.24103597179055214,0.13128857500851154,0.030465785413980484,4.529440747338806,3.32936861242583,-0.03215078664464599,1000,10.428209068987849,8.466939179464836,-1.4849565805610387,144
resnet_layer4,fold7_balkan_s,9,0.755368370830282,False,8,1e-05,1e-06,1e-05,1e-06,1.9335350971668959,0.13810964979763543,0.6948260590434074,0.25663858093321323,2.885942667722702,1.488110201433301,0.039247069507837296,0.24112924188375473,0.13229063339531422,0.03114304132759571,4.511863267699457,3.307941942429583,-0.02415535971370608,1000,10.370017668271593,8.4079531935577,-1.4573008926664617,144
resnet_layer4,fold7_balkan_s,10,0.7327879442155396,False,9,1e-05,1e-06,1e-05,1e-06,1.9146495033055544,0.1367606788075396,0.6987843830138445,0.2561247646808624,2.870480692014098,1.4720410332083702,0.03915439546108246,0.2412635888904333,0.1304746586829424,0.030098166316747665,4.490153158232408,3.2882234636939818,-0.014323044417869246,1000,10.3188911428909,8.355827702383724,-1.4331305276151025,144
resnet_layer4,fold7_balkan_s,11,0.7566540368244931,False,10,1e-05,1e-06,1e-05,1e-06,1.9151624776422977,0.13679731983159268,0.6967647988349199,0.2551016639918089,2.8679798617959023,1.4715868066996336,0.039272403344511986,0.2411470152437687,0.13114157132804394,0.030422557145357132,4.470959188733281,3.2666761716095043,-0.005669765449048736,1000,10.314084541600451,8.352784801738846,-1.4308643220023365,144
resnet_layer4,fold7_balkan_s,12,0.7755740984308741,False,11,1e-05,1e-06,1e-05,1e-06,1.919795859605074,0.13712827568607672,0.697885774075985,0.2559179160743952,2.8745397683233023,1.4766233433037996,0.038969362154603004,0.2409437671303749,0.13129661232233047,0.03036891669034958,4.448570959950882,3.249823035859268,0.004376755553129996,1000,10.253305438035177,8.29206938909065,-1.402299414707115,144
resnet_layer4,fold7_balkan_s,13,0.7115558279374853,False,12,1e-05,1e-06,1e-05,1e-06,1.9272546209394932,0.13766104435282095,0.6913520600646734,0.25438711792230606,2.873932547867298,1.4823726676404476,0.039211900904774666,0.2414783015847206,0.13224529847502708,0.03028298355638981,4.425302515612208,3.2350203617057423,0.014764818275977531,1000,10.191966889619247,8.232142134166603,-1.3736427435845222,144
resnet_layer4,fold7_balkan_s,14,0.7364680037050308,False,13,1e-05,1e-06,1e-05,1e-06,1.9130544550716877,0.13664674679083483,0.6979923415929079,0.25501127168536186,2.8670003172010183,1.4703101851046085,0.03900879807770252,0.2411818653345108,0.13088629581034184,0.030054058879613876,4.405396645039782,3.217865223783542,0.023608441838143812,1000,10.155360009592659,8.196427486414368,-1.3566223568372888,144
resnet_layer4,fold7_balkan_s,15,0.7236451809683252,True,0,1e-05,1e-06,1e-05,1e-06,2.060906881466508,0.14720763439046486,0.704658605158329,0.25729668140411377,3.02379391528666,1.6173097416758537,0.038891322910785675,0.241231307387352,0.1315816529095173,0.030226612463593483,4.388582617647663,3.205183803088065,0.031047383796756756,1000,10.096844022088023,8.137241730509803,-1.3295425115811934,144
resnet_layer4,fold7_balkan_s,16,0.7033207395831118,True,0,1e-05,1e-06,1e-05,1e-06,2.0334227085113525,0.14524447917938232,0.6979595199227333,0.25519058480858803,2.9875326845794916,1.5745936874300241,0.03923310525715351,0.24148925580084324,0.14419854618608952,0.03215959295630455,4.372904271761542,3.186877512119589,0.037958242906857786,1000,10.068182636825878,8.111761495834749,-1.3163357808520493,144
resnet_layer4,fold7_balkan_s,17,0.7028392166055857,True,0,1e-05,1e-06,1e-05,1e-06,1.9326101206243038,0.13804358004459313,0.6954910662025213,0.2551611941307783,2.8842242024838924,1.4887964650988579,0.0390120055526495,0.24111271649599075,0.13175363466143608,0.030296850949525833,4.357247895374217,3.169483835853622,0.044834736606538805,1000,10.039215092477955,8.083141588851952,-1.3030261228953992,144
resnet_layer4,fold7_balkan_s,18,0.7307682588513803,True,0,1e-05,1e-06,1e-05,1e-06,1.9429517704993486,0.13878226932138205,0.7752480171620846,0.2765649724751711,2.99572298116982,1.4985501002520323,0.03942519426345825,0.24121073260903358,0.13158082962036133,0.030537651851773262,4.3487235363660215,3.1571691984969115,0.048568381003452066,1000,10.016941356750591,8.060653023062294,-1.2928181356906703,144
resnet_layer4,fold7_balkan_s,19,0.7279481082650144,True,0,1e-05,1e-06,1e-05,1e-06,2.2362609561532736,0.15973292543951953,0.694674065336585,0.263040266931057,3.194920890033245,1.7892922721803188,0.03909681178629398,0.24199450574815273,0.1334057915955782,0.030781451612710953,4.331101447571259,3.142830712046533,0.05626362395939277,1000,9.978753243358865,8.02265487997776,-1.275369396781104,144
resnet_layer4,fold7_balkan_s,20,0.7243202665154167,True,0,1e-05,1e-06,1e-05,1e-06,1.9277993813157082,0.13769995580826486,0.6855330020189285,0.2533118911087513,2.86761786416173,1.4822738096117973,0.03932415321469307,0.24113181792199612,0.13270304910838604,0.030709609389305115,4.318444136018855,3.13360245553411,0.06177155817189828,1000,9.915306376793882,7.958895540526394,-1.246526894247447,144
resnet_layer4,fold7_balkan_s,21,0.6848415183659123,True,0,1e-05,1e-06,1e-05,1e-06,1.8517750762403011,0.13226964830287866,0.690461216494441,0.2548217102885246,2.798009591177106,1.4080680329352617,0.03945358283817768,0.2412409372627735,0.13112327829003334,0.030281303450465202,4.300240798290631,3.1145449458244157,0.06966462925508432,1000,9.852684772467112,7.897843559413259,-1.2182399474598684,144
resnet_layer4,fold7_balkan_s,22,0.7152359649164942,False,1,1e-05,1e-06,1e-05,1e-06,1.922091256827116,0.1372922326305083,0.7001508790999651,0.2554295230656862,2.87864045612514,1.4780414123088121,0.039111826568841934,0.24126253463327885,0.13156362064182758,0.030385442078113556,4.298685891123607,3.109150649971848,0.07033730023842366,1000,9.860791646230012,7.905726897858937,-1.2218918230501785,144
resnet_layer4,fold7_balkan_s,23,0.7294931712028093,True,0,1e-05,1e-06,1e-05,1e-06,2.194281989708543,0.1567344278363245,0.7705487031489611,0.2813418619334698,3.247112786397338,1.7486985754221678,0.03940877504646778,0.24135073088109493,0.13235365599393845,0.030814889818429947,4.282259442059356,3.095814191952908,0.07742871372503124,1000,9.824052379085172,7.86901816038031,-1.2053660489176834,144
resnet_layer4,fold7_balkan_s,24,0.7026784582508285,True,0,1e-05,1e-06,1e-05,1e-06,1.9760294631123543,0.14114496165088244,0.6990765072405338,0.25459868647158146,2.930659629404545,1.5322407521307468,0.03925306536257267,0.24131869710981846,0.1310989297926426,0.030485725030303,4.268002951250465,3.0816618137373375,0.08356133384574138,1000,9.794309932895384,7.840969457710685,-1.19203271421823,144
resnet_layer4,fold7_balkan_s,25,0.7151870860109814,True,0,1e-05,1e-06,1e-05,1e-06,1.916019445285201,0.1368585318060858,0.6930193938314915,0.2542866375297308,2.8642713874578476,1.4726135712116957,0.039010461419820786,0.2412960734218359,0.13119995407760143,0.03025524690747261,4.262984423122835,3.075855987196854,0.08571525421956516,1000,9.790146125720856,7.837529218081855,-1.190169334050875,144
resnet_layer4,fold7_balkan_s,26,0.6812724101564304,True,0,1e-05,1e-06,1e-05,1e-06,1.927093444392085,0.1376495317422918,0.6973656956106424,0.25541060976684093,2.8808111306279898,1.4821849465370178,0.039196377620100975,0.2410745657980442,0.1326917503029108,0.030291305854916573,4.251345785157054,3.068832056513076,0.09070073023001368,1000,9.747825263288117,7.7962091000817,-1.1712749245167462,144
resnet_layer4,fold7_balkan_s,27,0.7456346337585092,True,0,1e-05,1e-06,1e-05,1e-06,1.7215154394507408,0.12296538853219577,0.606360649690032,0.2564242612570524,2.5852559730410576,1.264756090939045,0.04305616021156311,0.24113219417631626,0.1396621223539114,0.03126867488026619,4.247184656617932,3.0614491524732212,0.09247986541421427,1000,9.73520873678642,7.785284055293985,-1.165658036849464,144
resnet_layer4,fold7_balkan_s,28,0.7182307539108687,True,0,1e-05,1e-06,1e-05,1e-06,1.9258457776159048,0.13756041268685035,0.6949225459247828,0.2547582034021616,2.876460835337639,1.4823215305805206,0.03911173716187477,0.24119774624705315,0.13111297227442265,0.03044288232922554,4.2299482744552614,3.048613693526801,0.09983091056970306,1000,9.701626582988238,7.753807993020388,-1.1507426869103363,144
resnet_layer4,fold7_balkan_s,29,0.6708379340881642,True,0,1e-05,1e-06,1e-05,1e-06,1.9139229003340006,0.13670877859528577,0.6961374003440142,0.25529839284718037,2.866314245387912,1.4698504768311977,0.03927632048726082,0.24119912087917328,0.13174167834222317,0.030217213556170464,4.221729620653661,3.0376850581036745,0.10332551164659909,1000,9.687427035493057,7.740778254403485,-1.1444515307987944,144
resnet_layer4,fold7_balkan_s,30,0.686988908647447,True,0,1e-05,1e-06,1e-05,1e-06,1.91931714117527,0.13709408151251928,0.6972500830888748,0.2553504351526499,2.872876811772585,1.4750953614711761,0.03905026987195015,0.24123927019536495,0.13209444284439087,0.030202778056263924,4.210701573092407,3.0314884258227957,0.10800399856018061,1000,9.674468965866797,7.727320411092876,-1.1387184569243405,144
resnet_layer4,fold7_balkan_s,31,0.6828616174493557,False,1,1e-05,1e-06,1e-05,1e-06,1.917891962453723,0.1369922830324088,0.6939067672938108,0.25520232878625393,2.8679574877023697,1.474573204293847,0.039096198976039886,0.24123838543891907,0.13111994601786137,0.030241016298532486,4.211934833630859,3.025101400886954,0.10748141364306829,1000,9.698583500109242,7.750327739922994,-1.1493936632733162,144
resnet_layer4,fold7_balkan_s,32,0.7136580273204565,True,0,1e-05,1e-06,1e-05,1e-06,1.911245334893465,0.13651752392096178,0.6950548999011517,0.25551064871251583,2.8627527952194214,1.4683157447725534,0.03913237527012825,0.2409907877445221,0.13090617582201958,0.030277667567133904,4.201168909152636,3.013962971152388,0.11203823030555504,1000,9.673727777671985,7.729058249919725,-1.138390763041636,144
resnet_layer4,fold7_balkan_s,33,0.6863785406962793,True,0,1e-05,1e-06,1e-05,1e-06,1.9149624165147543,0.1367830297510539,0.6953851450234652,0.25539921037852764,2.8666987009346485,1.4711176697164774,0.03905983828008175,0.24172539822757244,0.1311679519712925,0.030253969132900238,4.186806162711876,3.0035865925825926,0.11809929063846991,1000,9.618406669393663,7.674591007331275,-1.1140030824938316,144
resnet_layer4,fold7_balkan_s,34,0.6804898133837404,True,0,1e-05,1e-06,1e-05,1e-06,1.9180973283946514,0.13700695202818938,0.6936580408364534,0.25397683307528496,2.866726668551564,1.475997218862176,0.039195893332362175,0.24108651466667652,0.1300935409963131,0.03009503148496151,4.1704327606183345,2.9955813769527357,0.12498352628835097,1000,9.606178417489268,7.661183001412862,-1.1086312718190965,144
resnet_layer4,fold7_balkan_s,35,0.6960011233868685,True,0,1e-05,1e-06,1e-05,1e-06,1.9041956681758165,0.1360139762982726,0.6921292841434479,0.25469192303717136,2.8519765567034483,1.4609337449073792,0.0393088161945343,0.24101104028522968,0.13108763471245766,0.030207546427845955,4.162264472734786,2.9896094843307064,0.12840781693986947,1000,9.580886148042644,7.636384279176913,-1.0975421875815998,144
resnet_layer4,fold7_balkan_s,36,0.6872852634979979,True,0,1e-05,1e-06,1e-05,1e-06,1.912797398865223,0.1366283856332302,0.6931533291935921,0.2549245245754719,2.8618485517799854,1.4690580535680056,0.03929904289543629,0.24110350757837296,0.13148579560220242,0.030216652899980545,4.15580615531929,2.981186892534457,0.13111050530530577,1000,9.557289132507577,7.617115800503642,-1.0872227280556381,144
resnet_layer4,fold7_balkan_s,37,0.697685469157224,True,0,1e-05,1e-06,1e-05,1e-06,1.9027201011776924,0.13590857865554945,0.7002282720059156,0.25673833675682545,2.8606399707496166,1.459413418546319,0.03917787782847881,0.24108268879354,0.13112479262053967,0.030271103605628014,4.144021983244922,2.9766557487097525,0.13603115170641655,1000,9.524098190520426,7.585287075691628,-1.072750717483204,144
resnet_layer4,fold7_balkan_s,38,0.647038504455219,False,1,1e-05,1e-06,1e-05,1e-06,1.9212342016398907,0.13723101440284932,0.6943487972021103,0.26525397785007954,2.881816962733865,1.477448234334588,0.03919792361557484,0.24127957969903946,0.1313979048281908,0.030263332650065422,4.136970972298524,2.9640906877423103,0.13896871874532524,1000,9.536501026605714,7.597857973203345,-1.0781527463367953,144
resnet_layer4,fold7_balkan_s,39,0.6618252875369262,False,2,1e-05,1e-06,1e-05,1e-06,2.000795727595687,0.14291398054254906,0.7002897188067436,0.25553557835519314,2.9578497670590878,1.5477591082453728,0.0393159668892622,0.24162161722779274,0.13901217468082905,0.03133213892579079,4.136468013491417,2.9590752697604374,0.13917806850572945,1000,9.542609766480293,7.60621136949822,-1.0808159789958633,144
resnet_layer4,fold7_balkan_s,40,0.6894305483054781,False,3,1e-05,1e-06,1e-05,1e-06,1.9093556832522154,0.13638254880372966,0.6969630941748619,0.255646750330925,2.8629218693822622,1.4659544434398413,0.03925184719264507,0.24139262922108173,0.1308563631027937,0.030264567583799362,4.128917753495489,2.9484836592736086,0.14231770246161435,1000,9.542292761694585,7.605208227857566,-1.0806777321884904,144
resnet_layer4,fold7_balkan_s,41,0.6713293399368193,True,0,1e-05,1e-06,1e-05,1e-06,1.9115638248622417,0.13654027320444584,0.6953153889626265,0.2549574710428715,2.8627837132662535,1.4689862430095673,0.039203980937600136,0.24129571206867695,0.13040673546493053,0.030053947120904922,4.113926012063955,2.9403419136813964,0.14853473490773283,1000,9.502896654866044,7.567489109332693,-1.0635327140646513,144
resnet_layer4,fold7_balkan_s,42,0.7084594471929231,False,1,1e-05,1e-06,1e-05,1e-06,1.9096778258681297,0.13640555899058068,0.7001443821936846,0.25550213269889355,2.8662885800004005,1.4663389567285776,0.039071694016456604,0.2412718702107668,0.1310494765639305,0.030314341187477112,4.1076460268695865,2.9334195926787747,0.15113230615733653,1000,9.50567659027972,7.572074187923255,-1.0647402041470677,144
resnet_layer4,fold7_balkan_s,43,0.6383969096572373,True,0,1e-05,1e-06,1e-05,1e-06,1.9216939564794302,0.13726385403424501,0.700912406668067,0.25539627484977245,2.8789375480264425,1.477972138673067,0.03929784707725048,0.24114564061164856,0.13142025470733643,0.03021797351539135,4.095367039746525,2.9244389594621496,0.15619976149491877,1000,9.494326910964029,7.562485457437386,-1.0598125908614247,144
resnet_layer4,fold7_balkan_s,44,0.6927436870646212,True,0,1e-05,1e-06,1e-05,1e-06,1.9161890260875225,0.1368706447205373,0.7042828407138586,0.25717922672629356,2.8786023929715157,1.471589120104909,0.0394026730209589,0.24124865233898163,0.13134770281612873,0.030826546251773834,4.083308006561643,2.9186331288871847,0.1611616777015229,1000,9.479425453607993,7.546008735617753,-1.0533518649329814,144
resnet_layer4,fold7_balkan_s,45,0.6573842309471883,True,0,1e-05,1e-06,1e-05,1e-06,1.9172361064702272,0.1369454361764448,0.6989958826452494,0.2546101678162813,2.8718007281422615,1.474371051415801,0.03911267779767513,0.241013428196311,0.13097276724874973,0.03015129268169403,4.077655494096716,2.9155461853529427,0.16348247359141554,1000,9.442298644864875,7.51060118558346,-1.0372991803568694,144
resnet_layer4,fold7_balkan_s,46,0.6883294735814978,False,1,1e-05,1e-06,1e-05,1e-06,2.1004914361983538,0.15003510258559669,0.7921937964856625,0.28093836829066277,3.174566064029932,1.655953612178564,0.03931853175163269,0.24109681695699692,0.13191824965178967,0.030565213412046432,4.079656210467077,2.9084485212505227,0.16266139152650982,1000,9.462489194909407,7.529876193446266,-1.0460212450587543,144
resnet_layer4,fold7_balkan_s,47,0.654615900892997,False,2,1e-05,1e-06,1e-05,1e-06,1.9910653792321682,0.1422189556594406,0.7017651107162237,0.25511207059025764,2.9488793909549713,1.5468591917306185,0.039363738149404526,0.2418416254222393,0.1311688981950283,0.030218906700611115,4.066773237961487,2.9026633798783696,0.1679414333553223,1000,9.448248901732963,7.517263009312559,-1.0398676805710356,144
resnet_layer4,fold7_balkan_s,48,0.6494342808965626,False,3,1e-05,1e-06,1e-05,1e-06,1.9353426899760962,0.13823876356972115,0.6969610545784235,0.2541927620768547,2.8874299582093954,1.4917212594300508,0.03927665017545223,0.24117205664515495,0.13100416958332062,0.03049868904054165,4.066447944147614,2.9057936617965034,0.16807453774237913,1000,9.455833703357555,7.5229278123800185,-1.0431440976318438,144
resnet_layer4,fold7_balkan_s,49,0.6353699132078097,True,0,1e-05,1e-06,1e-05,1e-06,1.9149557892233133,0.1367825563730938,0.6945709884166718,0.2549067847430706,2.865383742377162,1.4678195025771856,0.03898552060127258,0.2412982266396284,0.1345777679234743,0.03062792681157589,4.052840344489225,2.8917740048805753,0.17363298473086686,1000,9.424526753819153,7.499689305327148,-1.0296373625923536,144
resnet_layer4,fold7_balkan_s,50,0.6444951939568907,True,0,1e-05,1e-06,1e-05,1e-06,1.9960153624415398,0.1425725258886814,0.6996948327869177,0.25553011521697044,2.952210370451212,1.5430956706404686,0.03908367455005646,0.24136111326515675,0.13903445936739445,0.03170949034392834,4.0493782738592214,2.8889131553785172,0.17504420193892978,1000,9.414286168647086,7.489263082046152,-1.0252289965012875,144
resnet_layer4,fold7_balkan_s,51,0.6675538635365251,False,1,1e-05,1e-06,1e-05,1e-06,1.9014096204191446,0.13581497288708175,0.6968807652592659,0.2545165568590164,2.853751903399825,1.4582396764308214,0.03930315002799034,0.24119232222437859,0.13088852539658546,0.030138052999973297,4.049983252890793,2.8792305630691053,0.1747976859517778,1000,9.434196440662516,7.509146445284379,-1.0338043677817956,144
resnet_layer4,fold7_balkan_s,52,0.6824653384216474,True,0,1e-05,1e-06,1e-05,1e-06,2.0394203662872314,0.14567288330623082,0.6963676307350397,0.25572965666651726,2.9924680236727,1.5961290709674358,0.03931441158056259,0.24115533381700516,0.13078960217535496,0.03041123040020466,4.036746470013951,2.8764833499217146,0.18018297918384263,1000,9.378723745323168,7.457659725641502,-1.0099573087432776,144
resnet_layer4,fold7_balkan_s,53,0.6242715526726673,True,0,1e-05,1e-06,1e-05,1e-06,1.89294726960361,0.1352105192574007,0.6938876435160637,0.25446372851729393,2.8422396946698427,1.4499085173010826,0.03939471207559109,0.24115399084985256,0.13074551336467266,0.030105862766504288,4.025345308089456,2.8693284697068604,0.18480733064478372,1000,9.33893341668405,7.420642367828656,-0.9929385312521184,144
resnet_layer4,fold7_balkan_s,54,0.6246459596141763,True,0,1e-05,1e-06,1e-05,1e-06,1.900392571464181,0.1357423265331558,0.6963297072798014,0.25464452989399433,2.8523151203989983,1.4577129371464252,0.03917068429291248,0.24102323316037655,0.1307603381574154,0.030090168118476868,4.023375832935217,2.8628457350639898,0.18560483188979837,1000,9.334226770548842,7.41934932971004,-0.9909302306610908,144
resnet_layer4,fold7_balkan_s,55,0.6677888219494327,True,0,1e-05,1e-06,1e-05,1e-06,1.904442310333252,0.1360315935952323,0.6948556713759899,0.2540782317519188,2.8543179649859667,1.460215575993061,0.03929528407752514,0.24106295220553875,0.13216650672256947,0.03006168082356453,4.021657849948391,2.8592558443927647,0.18630017748498995,1000,9.327091360808415,7.4123398959511775,-0.9878875205388253,144
resnet_layer4,fold7_balkan_s,56,0.689289189505424,True,0,1e-05,1e-06,1e-05,1e-06,1.9092064909636974,0.13637189221169269,0.6934493035078049,0.25414281338453293,2.8577880393713713,1.4659249242395163,0.03955034911632538,0.24108420126140118,0.13089964911341667,0.030107952654361725,4.008064029405728,2.8509468395140574,0.1917917410875295,1000,9.297668853030784,7.386246949469959,-0.9753656352151245,144
resnet_layer4,fold7_balkan_s,57,0.6464752877447526,True,0,1e-05,1e-06,1e-05,1e-06,1.9009957201778889,0.13578540858413493,0.6918758694082499,0.2547160144895315,2.848561093211174,1.4575056731700897,0.039314862340688705,0.2411391157656908,0.13151992857456207,0.029866479337215424,4.005692489726445,2.8467361263736,0.19274787896037382,1000,9.291672049981782,7.3821073500052705,-0.9728183174565233,144
resnet_layer4,fold7_balkan_s,58,0.6775405327618227,True,0,1e-05,1e-06,1e-05,1e-06,1.9007128812372684,0.13576520580266202,0.693085040897131,0.25624046474695206,2.8509750086814165,1.457697568461299,0.03937283717095852,0.24115607887506485,0.1307427380234003,0.0300963893532753,3.9960311502869312,2.838288774994027,0.19663720965471676,1000,9.288626387047673,7.377302179210795,-0.9715252122240465,144
resnet_layer4,fold7_balkan_s,59,0.6262496395620489,False,1,1e-05,1e-06,1e-05,1e-06,1.8799759298563004,0.13428399498973573,0.6934476140886545,0.2545255571603775,2.828902490437031,1.437403880059719,0.03904660604894161,0.24127796106040478,0.1306319497525692,0.029987424612045288,3.9930558062151955,2.8331384162298527,0.1978330916458515,1000,9.293653464852435,7.384505399927759,-0.9736597996606253,144
resnet_layer4,fold7_balkan_s,60,0.6539690329954767,False,2,1e-05,1e-06,1e-05,1e-06,1.8924948889762163,0.13517820635544403,0.7064919788390398,0.2554718181490898,2.855389967560768,1.4453373700380325,0.03902436979115009,0.24323739297688007,0.13289832696318626,0.0303820613771677,3.9863854107475487,2.829670557769255,0.20051089107617437,1000,9.290850016455485,7.381537818776015,-0.9724692627217728,144
resnet_layer4,fold7_balkan_s,61,0.6520195716455953,True,0,1e-05,1e-06,1e-05,1e-06,1.8943140003830194,0.13530814288450138,0.6911930721253157,0.27846664004027843,2.8648968413472176,1.4509557764977217,0.03921050764620304,0.24118099175393581,0.13117937557399273,0.030144913122057915,3.971324062073125,2.8246761064966948,0.2065407329668807,1000,9.267914859558942,7.358826534004791,-0.9627429074059675,144
resnet_layer4,fold7_balkan_s,62,0.6242743554479951,False,1,1e-05,1e-06,1e-05,1e-06,1.9487532936036587,0.13919666382883275,0.6979893166571856,0.25620230101048946,2.904117340222001,1.5007753819227219,0.03937938064336777,0.24135387688875198,0.13475800305604935,0.030786551535129547,3.9712662248421156,2.82129061567983,0.20656384422752405,1000,9.268889001949498,7.362064669617717,-0.9631555334563122,144
resnet_layer4,fold7_balkan_s,63,0.6647887732714014,False,2,1e-05,1e-06,1e-05,1e-06,1.8977013770490885,0.13555009836064918,0.6955159194767475,0.2569559123367071,2.8510972689837217,1.4535874482244253,0.03924234211444855,0.24115031957626343,0.1317471619695425,0.03034093603491783,3.9770242436710763,2.8252308015881304,0.20426133810834368,1000,9.27925033467147,7.369036769353438,-0.9675470580112053,144
resnet_layer4,fold7_balkan_s,64,0.6418241349424595,True,0,1e-05,1e-06,1e-05,1e-06,1.885339817032218,0.13466712978801557,0.6936989035457373,0.25492231361567974,2.834927001968026,1.4415154177695513,0.039304327219724655,0.24141797423362732,0.1311576720327139,0.030280301347374916,3.9616361740986528,2.8153526617151448,0.21040723611434264,1000,9.25619373245374,7.348001177370002,-0.9577814868746786,144
resnet_layer4,fold7_balkan_s,65,0.6229616601565952,True,0,1e-05,1e-06,1e-05,1e-06,1.8961523659527302,0.1354394547109093,0.6956164482980967,0.25484016351401806,2.8475781083106995,1.4515302404761314,0.03926658444106579,0.24108084104955196,0.1324130892753601,0.03021577000617981,3.9557395173796146,2.8113883145385943,0.2127560093059948,1000,9.253094607825037,7.343589753527068,-0.9564707119999896,144
resnet_layer4,fold7_balkan_s,66,0.6651119961769206,False,1,1e-05,1e-06,1e-05,1e-06,1.8955196663737297,0.13539426188383782,0.6906472593545914,0.2555594462901354,2.842676170170307,1.4522785786539316,0.0392460860311985,0.24113577045500278,0.13098877109587193,0.030236460268497467,3.9548382608575388,2.8069243469974583,0.21311469215274959,1000,9.263915131214999,7.355333512302421,-0.9610491619278148,144
resnet_layer4,fold7_balkan_s,67,0.6218288242816925,False,2,1e-05,1e-06,1e-05,1e-06,1.903675977140665,0.1359768555100475,0.6946534235030413,0.2550769280642271,2.8543492052704096,1.4602775536477566,0.039268385618925095,0.24111981131136417,0.13104418478906155,0.030337007716298103,3.9588846631822685,2.7990510652427205,0.21150366120008224,1000,9.30423502790121,7.392720879664771,-0.9781566953031662,144
resnet_layer4,fold7_balkan_s,68,0.6330680911191638,False,3,1e-05,1e-06,1e-05,1e-06,1.8985391035676003,0.1356099359691143,0.6924332566559315,0.25561667792499065,2.847540147602558,1.45513622649014,0.039445556700229645,0.2410497460514307,0.1311657577753067,0.030118055641651154,3.956455377502655,2.797402905376172,0.21247105243749242,1000,9.297411494285585,7.388490178710289,-0.9752562807966576,144
resnet_layer4,fold7_balkan_s,69,0.6254945783258806,False,4,1e-05,1e-06,1e-05,1e-06,1.8916865829378366,0.13512047020984547,0.6929525192826986,0.25441915914416313,2.839989410713315,1.4484981186687946,0.03940449841320515,0.24100407399237156,0.13092294707894325,0.03021935001015663,3.9476913290424585,2.7887378900285547,0.21595614040936462,1000,9.328101669718004,7.412547401447071,-0.9883181991221643,144
resnet_layer4,fold7_balkan_s,70,0.5989916906395782,False,5,1e-05,1e-06,1e-05,1e-06,1.8949733711779118,0.13535524079842226,0.6969482637941837,0.25471231900155544,2.847559565678239,1.4500256888568401,0.03930468484759331,0.24123981595039368,0.13254940323531628,0.030225303024053574,3.943728630664916,2.785060835779125,0.2175293991580184,1000,9.346321583152564,7.429641306465328,-0.9960930640499703,144
resnet_layer4,fold7_balkan_s,71,0.6562532921736517,False,6,1e-05,1e-06,1e-05,1e-06,1.8932687994092703,0.13523348567209073,0.6974592953920364,0.2581853214651346,2.849843880161643,1.44968930631876,0.039386218413710594,0.24131460301578045,0.13100212812423706,0.030244747176766396,3.9453299806321245,2.7792296911857903,0.2168938261861375,1000,9.360344037247431,7.445778624263716,-1.0020871056957343,144
resnet_layer4,fold7_balkan_s,72,0.6373496529169411,False,7,1e-05,1e-06,1e-05,1e-06,1.9082272909581661,0.1363019493541547,0.6949288193136454,0.2565866429358721,2.8607057444751263,1.4638833738863468,0.03935757279396057,0.2410237416625023,0.13198965601623058,0.030342668294906616,3.9179084348715194,2.7725323286272894,0.2277417682900067,1000,9.291216399956904,7.377572475038935,-0.972624833943575,144
resnet_layer4,fold7_balkan_s,73,0.6539681390997825,False,8,1e-05,1e-06,1e-05,1e-06,1.9443049542605877,0.1388789253043277,0.7427463196218014,0.2553088143467903,2.9432889595627785,1.4924865830689669,0.03940991684794426,0.2411231379956007,0.1383049413561821,0.03128162398934364,3.920238106926046,2.7732419122734897,0.22682309275413848,1000,9.335123227403718,7.416588731504756,-0.9913126659290137,144
resnet_layer4,fold7_balkan_s,74,0.6208939359192255,False,9,1e-05,1e-06,1e-05,1e-06,1.9110251888632774,0.13650179920451982,0.6928518861532211,0.2552496250718832,2.8600682485848665,1.467790886759758,0.039420438930392265,0.24092791229486465,0.13096023723483086,0.03028940223157406,3.9154288499753065,2.7694821681579462,0.2287189600390852,1000,9.326555966295158,7.408408522995119,-0.9876593093026191,144
resnet_layer4,fold7_balkan_s,75,0.6272197903350857,False,10,1e-05,1e-06,1e-05,1e-06,1.9053014572709799,0.13609296123364142,0.6950239092111588,0.2549786362797022,2.85623443312943,1.4618159960955381,0.039432208985090256,0.24120345525443554,0.1309508178383112,0.030258387327194214,3.9084755487526706,2.762736264200248,0.23145592073846433,1000,9.29858578330207,7.3837969155454335,-0.9757552730673003,144
resnet_layer4,fold7_balkan_s,76,0.6162484850510477,False,11,1e-05,1e-06,1e-05,1e-06,1.9073986280709505,0.13624275914792502,0.6959841717034578,0.2558109164237976,2.860127966850996,1.464282339438796,0.039232973009347916,0.24106327444314957,0.13094404339790344,0.03022954985499382,3.915837451940627,2.7657983528493175,0.22855797466318106,1000,9.319558955419708,7.402051468840605,-0.9846780465695708,144
resnet_layer4,fold7_balkan_s,77,0.6226135539298717,False,12,1e-05,1e-06,1e-05,1e-06,1.901051564142108,0.135789397438722,0.6960270553827286,0.2548673190176487,2.8528854083269835,1.4565089959651232,0.03941662050783634,0.2413548156619072,0.13188312016427517,0.03024682216346264,3.9014063943737756,2.7519515305067705,0.23423349652440228,1000,9.293447850502952,7.377911406779507,-0.9735724694651953,144
resnet_layer4,fold7_balkan_s,78,0.6169919869180179,False,13,1e-05,1e-06,1e-05,1e-06,1.8956961426883936,0.13540686733488524,0.6949482094496489,0.25526341050863266,2.846849212422967,1.4535751063376665,0.03935942240059376,0.24125367030501366,0.1299009807407856,0.029958339408040047,3.89206863763875,2.751669954112623,0.23789473220753143,1000,9.263466196558088,7.347417804919656,-0.9608590993919883,144
resnet_layer4,fold7_balkan_s,79,0.6306489646539171,True,0,1e-05,1e-06,1e-05,1e-06,1.9051812421530485,0.13608437443950347,0.6945942714810371,0.2549964524805546,2.855721354484558,1.4617672823369503,0.03933832608163357,0.24109734781086445,0.13106315210461617,0.03025740385055542,3.8912316277295225,2.750934760730726,0.2382224864840511,1000,9.249398875583424,7.335500259245462,-0.9549081757395856,144
resnet_layer4,fold7_balkan_s,80,0.6252026415956835,True,0,1e-05,1e-06,1e-05,1e-06,1.9050487615168095,0.13607491153691495,0.6976789049804211,0.2555223423987627,2.8592004980891943,1.4615687318146229,0.039142416790127754,0.2412242293357849,0.13116956129670143,0.030313828960061073,3.889127655390832,2.749276830051077,0.2390460434796453,1000,9.237880847103124,7.322149724856528,-0.950042417730182,144
resnet_layer4,fold7_balkan_s,81,0.6070084396817151,True,0,1e-05,1e-06,1e-05,1e-06,1.8904935475438833,0.13503525339599168,0.6945016384124756,0.25525009259581566,2.841188108548522,1.4470977690070868,0.03937533684074879,0.24114534072577953,0.1310251820832491,0.030202198773622513,3.874451447824998,2.7451685265351307,0.24477835534643633,1000,9.192869633957908,7.2803904499147825,-0.9310857026105301,144
resnet_layer4,fold7_balkan_s,82,0.6177707773443557,False,1,1e-05,1e-06,1e-05,1e-06,1.8865440040826797,0.13475314314876283,0.6678549777716398,0.2510233744978905,2.806407315656543,1.4424974601715803,0.039512474089860916,0.2411967534571886,0.1311895027756691,0.030439846217632294,3.872207982066716,2.741074199902802,0.24565271053400384,1000,9.205753314525593,7.293881911143911,-0.9365022757732866,144
resnet_layer4,fold7_balkan_s,83,0.6405356012445684,False,2,1e-05,1e-06,1e-05,1e-06,1.8414219338446856,0.13153013813176326,0.687529131770134,0.2545703575015068,2.784459624439478,1.3983848113566637,0.03945169039070606,0.24108071438968182,0.130681861191988,0.03023679368197918,3.8713010808182053,2.737399828173138,0.24600601716880066,1000,9.232955696540913,7.320515173885868,-0.9479636526045783,144
resnet_layer4,fold7_balkan_s,84,0.6219423145351533,False,3,1e-05,1e-06,1e-05,1e-06,1.878802539780736,0.1342001814129097,0.6892368569970131,0.2533587757498026,2.8223572820425034,1.4370444491505623,0.03945472277700901,0.24122688174247742,0.12965318374335766,0.029866157099604607,3.8753846795890117,2.73068482025135,0.24441449392311476,1000,9.248024786395456,7.335021031757805,-0.9543273772051482,144
resnet_layer4,fold7_balkan_s,85,0.603670498222478,False,4,1e-05,1e-06,1e-05,1e-06,1.9768396764993668,0.14120283403566905,0.6910810880362988,0.25404752790927887,2.922892674803734,1.5304832551628351,0.03945646435022354,0.2413764540106058,0.1328198928385973,0.031043536961078644,3.861852606534932,2.7318616337066715,0.24968199013750203,1000,9.20943013204985,7.2957489251064045,-0.9380494793909364,144
resnet_layer4,fold7_balkan_s,86,0.6424993835063406,True,0,1e-05,1e-06,1e-05,1e-06,1.8717136140912771,0.13369382957794837,0.6953025031834841,0.25521385855972767,2.8231615275144577,1.43183334171772,0.03930969722568989,0.2412411067634821,0.1280402857810259,0.029717907309532166,3.8564309698549137,2.72900866943654,0.2517872471574081,1000,9.192304662628175,7.2790158392112625,-0.9308483502765306,144
resnet_layer4,fold7_balkan_s,87,0.6373909066033795,True,0,1e-05,1e-06,1e-05,1e-06,1.8861021045595407,0.13472157889711006,0.6913825254887342,0.25427320972085,2.8327021710574627,1.446375897154212,0.03922956436872482,0.24104535579681396,0.12809329479932785,0.029779352247714996,3.8550815702910763,2.728872991223787,0.2523107681692315,1000,9.181033275877395,7.26679066766944,-0.9261161320862867,144
resnet_layer4,fold7_balkan_s,88,0.63115841863591,True,0,1e-05,1e-06,1e-05,1e-06,1.8923024237155914,0.13516445883682796,0.6940228398889303,0.2538254614919424,2.841107515618205,1.4525952730327845,0.039160892367362976,0.24112395755946636,0.12807550467550755,0.029762906953692436,3.8486726079691915,2.729135226930133,0.2547947254188473,1000,9.171751807152873,7.258350487336104,-0.9222237270102487,144
resnet_layer4,fold7_balkan_s,89,0.6023539709056669,True,0,1e-05,1e-06,1e-05,1e-06,1.8841890506446362,0.13458493218890258,0.691668201237917,0.25457057170569897,2.8313790056854486,1.4433172512799501,0.039374083280563354,0.24179426208138466,0.12844179011881351,0.029674744233489037,3.8438800711736816,2.721943052946103,0.25664949479784405,1000,9.134788130544464,7.2259600284806105,-0.9067611891809297,144
resnet_layer4,fold7_balkan_s,90,0.6134516726929197,False,1,1e-05,1e-06,1e-05,1e-06,1.8775554988533258,0.13411110706095183,0.6955592054873705,0.25459880381822586,2.828683026134968,1.4380348678678274,0.03904077783226967,0.24115323089063168,0.12802343629300594,0.02975616231560707,3.8453838988899,2.7178918229580464,0.2560677442009065,1000,9.135152374535846,7.228609822787545,-0.9069132540439862,144
resnet_layer4,fold7_balkan_s,91,0.6180363870195944,True,0,1e-05,1e-06,1e-05,1e-06,1.881899606436491,0.13442140045974935,0.6952655166387558,0.25429404340684414,2.832394178956747,1.442071508616209,0.039315301924943924,0.24125216901302338,0.12798922881484032,0.02972562052309513,3.844824506367846,2.7157867282633505,0.25628416985973523,1000,9.132076727464234,7.227396542804125,-0.9056294210864786,144
resnet_layer4,fold7_balkan_s,92,0.6177123476035123,False,1,1e-05,1e-06,1e-05,1e-06,2.009362321346998,0.14352588009621417,0.6921365316957235,0.2556248139590025,2.9580747596919537,1.5696441251784563,0.03916971944272518,0.24115894362330437,0.1280095148831606,0.029806561768054962,3.8374364053899694,2.711354633998185,0.25913962839454086,1000,9.132210021119128,7.226573394122076,-0.9056850514040442,144
resnet_layer4,fold7_balkan_s,93,0.6009151356580726,False,2,1e-05,1e-06,1e-05,1e-06,1.8791714813560247,0.1342265343825732,0.6951543837785721,0.2555453162640333,2.8308243546634912,1.4393508471548557,0.03929273784160614,0.24108323827385902,0.12808777764439583,0.029799753800034523,3.83933330086596,2.710687108656928,0.2584070132439631,1000,9.13773177331229,7.233499384070048,-0.9079902769402493,144
resnet_layer4,fold7_balkan_s,94,0.6033633374291001,False,3,1e-05,1e-06,1e-05,1e-06,1.8788398299366236,0.1342028449954731,0.690583486109972,0.2560460586100817,2.826422583311796,1.4388876426964998,0.03909386694431305,0.2412259392440319,0.12820645608007908,0.029857425019145012,3.8392381845479733,2.709138200395044,0.2584437574987919,1000,9.160417808615067,7.252618197195888,-0.9174758838414043,144
resnet_layer4,fold7_balkan_s,95,0.6156115829422678,False,4,1e-05,1e-06,1e-05,1e-06,1.885319547727704,0.1346656819805503,0.6895275674760342,0.25490646809339523,2.830707786604762,1.445194723084569,0.03930208086967468,0.24118880927562714,0.1281202770769596,0.029864121228456497,3.8272833096803702,2.6993549950237083,0.2630547814143689,1000,9.153831004469337,7.249031325553166,-0.9147193507778673,144
resnet_layer4,fold7_balkan_s,96,0.6261843071301222,True,0,1e-05,1e-06,1e-05,1e-06,1.877428526058793,0.13410203757562808,0.7107161059975624,0.2693106848746538,2.8584388848394156,1.4376895539462566,0.03915293887257576,0.24128273129463196,0.12803645804524422,0.029714316129684448,3.819461603838572,2.700994361579165,0.2660638498447414,1000,9.120616599578524,7.219355086254388,-0.9008495545892452,144
resnet_layer4,fold7_balkan_s,97,0.6075711476823703,False,1,1e-05,1e-06,1e-05,1e-06,1.920701963827014,0.1371929974162153,0.6917666848748922,0.25477943010628223,2.868424328044057,1.4771918170154095,0.039017802104353905,0.2410763744264841,0.13123209215700626,0.030571946874260902,3.83305222000156,2.701052915233128,0.26083149423925733,1000,9.151474314461975,7.251457808071079,-0.9137335735462211,144
resnet_layer4,fold7_balkan_s,98,0.6195314993513167,False,2,1e-05,1e-06,1e-05,1e-06,1.8712792694568634,0.13366280496120453,0.690338708460331,0.2539896611124277,2.8165465388447046,1.4309831839054823,0.03954762779176235,0.24104155041277409,0.1281588189303875,0.029921874403953552,3.8172602113838923,2.696038835871389,0.2669096318224158,1000,9.129410242753458,7.225855807686795,-0.904516730070918,144
resnet_layer4,fold7_balkan_s,99,0.616194333517962,False,3,1e-05,1e-06,1e-05,1e-06,1.8858889900147915,0.13470635642962797,0.6960989814251661,0.25459958240389824,2.8375195525586605,1.4457696042954922,0.03921550698578358,0.24137978814542294,0.12821825966238976,0.02975437417626381,3.817067348632779,2.691574748524384,0.2669837070730996,1000,9.143729074164934,7.238905052729807,-0.9104956135118869,144
resnet_layer4,fold7_balkan_s,100,0.6082580725282378,False,4,1e-05,1e-06,1e-05,1e-06,1.867794482037425,0.1334138915741018,0.6922254338860512,0.25448270328342915,2.8154320307075977,1.4277965649962425,0.039392100647091866,0.24100933782756329,0.1280989572405815,0.02990381233394146,3.8153844616997685,2.690359239994799,0.26762991605727304,1000,9.169251881482593,7.259199637856012,-0.921175996622658,144
resnet_layer4,fold7_balkan_s,101,0.6020301692470499,False,5,1e-05,1e-06,1e-05,1e-06,1.8735132720321417,0.1338223765737244,0.6895578950643539,0.25457699596881866,2.8186019621789455,1.4332862440496683,0.039512818679213524,0.24112949334084988,0.1281693149358034,0.02979486621916294,3.8083835706526776,2.6882290497638577,0.27031511813728704,1000,9.146598486356327,7.2376813528632375,-0.9116948746709226,144
resnet_layer4,fold7_balkan_s,102,0.6107653269834569,False,6,1e-05,1e-06,1e-05,1e-06,1.8718979191035032,0.1337069942216788,0.6918164789676666,0.25529055669903755,2.8199394419789314,1.4310194589197636,0.03937610611319542,0.2416615430265665,0.12846762873232365,0.029795827344059944,3.8107877963421903,2.6861620031886986,0.26939352982694575,1000,9.14945801692299,7.240344548296458,-0.9128903801802057,144
resnet_layer4,fold7_balkan_s,103,0.631512035734808,True,0,1e-05,1e-06,1e-05,1e-06,1.8722331449389458,0.13373093892421042,0.6895544901490211,0.25454540736973286,2.8172621242702007,1.431414881721139,0.03925899788737297,0.24176451191306114,0.12841287441551685,0.029811609536409378,3.7997858474886645,2.6818673375840727,0.27360604033135416,1000,9.111970071216938,7.206072529370061,-0.897247175584587,144
resnet_layer4,fold7_balkan_s,104,0.6267045152792788,False,1,1e-05,1e-06,1e-05,1e-06,1.8878825474530458,0.13484875338950328,0.6927793137729168,0.2550063170492649,2.836630018427968,1.4485376700758934,0.03887004218995571,0.24106291867792606,0.1280826535075903,0.02976330555975437,3.797426438317389,2.67447674114434,0.27450784298214037,1000,9.149832773863368,7.244308727765546,-0.9130470853371915,144
resnet_layer4,fold7_balkan_s,105,0.6024135582918878,False,2,1e-05,1e-06,1e-05,1e-06,1.761471102014184,0.12581936442958458,0.6665223687887192,0.2517607696354389,2.680708346888423,1.3212250396609306,0.039217595010995865,0.24120572581887245,0.12813310325145721,0.030034778639674187,3.7977116216845173,2.676742665341807,0.27439887125169926,1000,9.149258684886629,7.245471602300177,-0.9128070318156214,144
resnet_layer4,fold7_balkan_s,106,0.5850080744745574,False,3,1e-05,1e-06,1e-05,1e-06,1.7757294122129679,0.12683781515806913,0.6884396485984325,0.2524766195565462,2.717580748721957,1.3334274422377348,0.038867924362421036,0.24118839763104916,0.13030025735497475,0.03027511201798916,3.79073657026173,2.6713214173800384,0.2770617682592411,1000,9.156725233527215,7.250528031029631,-0.9159303218889672,144
resnet_layer4,fold7_balkan_s,107,0.5776850168146868,False,4,1e-05,1e-06,1e-05,1e-06,1.8506595194339752,0.13218996567385538,0.6736280955374241,0.2538326997309923,2.779044294729829,1.4070711750537157,0.03954667039215565,0.24105674400925636,0.13115627504885197,0.03022080846130848,3.788425709212334,2.668929212970217,0.277942916585878,1000,9.163677880082004,7.256100699744727,-0.9188409352815143,144
resnet_layer4,fold7_balkan_s,108,0.5621308470356903,False,5,1e-05,1e-06,1e-05,1e-06,1.8412421606481075,0.13151729718915053,0.7318826261907816,0.2707849256694317,2.8448448553681374,1.398098599165678,0.03939536213874817,0.24111164547502995,0.1309229265898466,0.030110815539956093,3.7962665365559003,2.6702468710466976,0.27495096999405766,1000,9.200038012108076,7.288863428239858,-0.9340985049737716,144
resnet_layer4,fold7_balkan_s,109,0.5673002392592934,False,6,1e-05,1e-06,1e-05,1e-06,1.7651628274470568,0.1260830591033612,0.6565800979733467,0.2503906823694706,2.6730730943381786,1.3211052734404802,0.039809174835681915,0.24101698957383633,0.13113457523286343,0.030454445630311966,3.7900211353880677,2.6672747320424173,0.2773346262673174,1000,9.190836135379403,7.280339020819451,-0.9302314697389233,144
resnet_layer4,fold7_balkan_s,110,0.585282390081458,False,7,1e-05,1e-06,1e-05,1e-06,1.775694327428937,0.12683530910206692,0.6534287575632334,0.24969022162258625,2.6797515377402306,1.3330801352858543,0.03977421671152115,0.24097036384046078,0.1302971262484789,0.029957860708236694,3.77673675973563,2.6647093042160614,0.28239176617796913,1000,9.14645182345214,7.23776496346794,-0.9116335682793073,144
resnet_layer4,fold7_balkan_s,111,0.5988600739455683,False,8,1e-05,1e-06,1e-05,1e-06,1.7683239337056875,0.1263088524075491,0.6553982701152563,0.24917601235210896,2.673832254484296,1.324477283284068,0.039821622893214226,0.24104334227740765,0.13112110644578934,0.03024287149310112,3.781099817200282,2.6608749334541173,0.2807327813572329,1000,9.184552932334245,7.275730214846468,-0.9275932134414768,144
resnet_layer4,fold7_balkan_s,112,0.5896803213014842,False,9,1e-05,1e-06,1e-05,1e-06,1.7554168850183487,0.12538692035845347,0.6534819137305021,0.2505428325384855,2.6603780407458544,1.3119618743658066,0.039798807352781296,0.2409972120076418,0.13099414110183716,0.030057577416300774,3.7727991652862793,2.654362331839802,0.2838873309357114,1000,9.157716809044521,7.25079022306625,-0.9163452939264698,144
resnet_layer4,fold7_balkan_s,113,0.6075454800016199,False,10,1e-05,1e-06,1e-05,1e-06,1.7898322194814682,0.12784515853439057,0.6719979494810104,0.2521323747932911,2.7149022463709116,1.3465177118778229,0.039705175906419754,0.24101259373128414,0.13083660788834095,0.03016185574233532,3.7754706514192313,2.6535056390600524,0.2828728256304427,1000,9.175913395302903,7.268541512399832,-0.9239685012907852,144
resnet_layer4,fold7_balkan_s,114,0.5888278286358243,False,11,1e-05,1e-06,1e-05,1e-06,1.8258384373039007,0.1304170312359929,0.6761981137096882,0.25191569700837135,2.754896778613329,1.3832137733697891,0.03952706605195999,0.24103333055973053,0.1304987408220768,0.029958395287394524,3.762689474963948,2.653007596340038,0.28772001706078754,1000,9.121107716067508,7.215665872900236,-0.9010542696286727,144
resnet_layer4,fold7_balkan_s,115,0.5902574583931548,False,12,1e-05,1e-06,1e-05,1e-06,1.8261799439787865,0.1304414245699133,0.6752857659012079,0.2522659283131361,2.7546672467142344,1.383105231449008,0.039381423965096474,0.24105988815426826,0.13087343610823154,0.0301587525755167,3.7748775745006258,2.6555037622247,0.28309811048028166,1000,9.157914159625218,7.25121222957935,-0.9164278900450251,144
resnet_layer4,fold7_balkan_s,116,0.5933930212756868,False,13,1e-05,1e-06,1e-05,1e-06,1.824789959937334,0.13034213999552385,0.6742739975452423,0.25184471905231476,2.7518363669514656,1.381373681128025,0.03955422155559063,0.24109738133847713,0.13103492558002472,0.030096903443336487,3.770644123093539,2.6500364916407446,0.28470519172924336,1000,9.135842528654763,7.232581092809713,-0.907201396747376,144
resnet_layer4,fold7_balkan_s,117,0.5997432327312262,True,0,1e-05,1e-06,1e-05,1e-06,1.8513300959020853,0.1322378639930061,0.6928881257772446,0.254801319912076,2.799971852451563,1.4090443924069405,0.03932056948542595,0.2410041932016611,0.13035183027386665,0.029979029670357704,3.7656606838924263,2.651662026352743,0.2865946686947626,1000,9.107673785018026,7.203973761911612,-0.8954584964799945,144
resnet_layer4,fold7_balkan_s,118,0.5704396483985847,True,0,1e-05,1e-06,1e-05,1e-06,1.9140371419489384,0.13671693871063845,0.6940718684345484,0.25780276022851467,2.8669159039855003,1.4702145047485828,0.03921600244939327,0.24119413644075394,0.13147633150219917,0.0302948746830225,3.757744799523893,2.647134626658779,0.2895908486439849,1000,9.080875579127932,7.1793220483304445,-0.8843206012502274,144
resnet_layer4,fold7_balkan_s,119,0.5563789401844935,False,1,1e-05,1e-06,1e-05,1e-06,1.8786221481859684,0.13418729629899775,0.6874288581311703,0.25417129322886467,2.821190668269992,1.4348679352551699,0.0393163301050663,0.24118083715438843,0.13154358975589275,0.03010294958949089,3.7511095627020916,2.6382741991334444,0.2920974431971306,1000,9.083461477028637,7.180142430856538,-0.8853939238437241,144
resnet_layer4,fold7_balkan_s,120,0.6095200940592554,True,0,1e-05,1e-06,1e-05,1e-06,1.8753364533185959,0.13395260380847113,0.7131342813372612,0.2788719106465578,2.8682898338884115,1.4322692453861237,0.039390066638588905,0.24104897677898407,0.130925502628088,0.030088983476161957,3.7372225645624044,2.634410933399701,0.29732919891966303,1000,9.030746583212167,7.132076424984697,-0.863574060135478,144
resnet_layer4,fold7_balkan_s,121,0.5671453433501672,False,1,1e-05,1e-06,1e-05,1e-06,1.7917658817023039,0.12798327726445027,0.6701836083084345,0.25201473385095596,2.7150587551295757,1.3467022348195314,0.03977014124393463,0.24167324788868427,0.13168455474078655,0.03031713329255581,3.7512886910047634,2.6313148781994253,0.29202983204953137,1000,9.099847513261794,7.197152036413156,-0.8922023412819036,144
resnet_layer4,fold7_balkan_s,122,0.5609009398470409,False,2,1e-05,1e-06,1e-05,1e-06,1.8407556749880314,0.1314825482134308,0.6874364670366049,0.2530040852725506,2.782125435769558,1.3983072098344564,0.039167869836091995,0.24087907373905182,0.13061383739113808,0.030159564688801765,3.7467641182160065,2.632020846700898,0.29373662191941496,1000,9.087537622782676,7.184614674308841,-0.8870864206492284,144
resnet_layer4,fold7_balkan_s,123,0.5842721695727378,False,3,1e-05,1e-06,1e-05,1e-06,1.8691021408885717,0.13350729577775514,0.6903654299676418,0.25462893582880497,2.8150271363556385,1.4263713713735342,0.0391442496329546,0.2411887478083372,0.13072285428643227,0.030067203566432,3.7489974184209385,2.6344844827825327,0.29289441879147415,1000,9.086051766308065,7.183938928253876,-0.8864693755345243,144
resnet_layer4,fold7_balkan_s,124,0.6007543071556425,False,4,1e-05,1e-06,1e-05,1e-06,1.8767037689685822,0.13405026921204158,0.6890916414558887,0.2539589758962393,2.820695597678423,1.4341549538075924,0.03915012814104557,0.24102580547332764,0.13068204559385777,0.030078528448939323,3.7378015513151928,2.633719836397539,0.297111460429192,1000,9.083356670114835,7.1787079755448,-0.8853504159411547,144
resnet_layer4,fold7_balkan_s,125,0.5825254790315277,False,5,1e-05,1e-06,1e-05,1e-06,1.8695513233542442,0.13353938023958886,0.6933425161987543,0.25441948883235455,2.8182463366538286,1.4274162948131561,0.03924038074910641,0.2411208413541317,0.13021054863929749,0.029945526272058487,3.735060189880729,2.6255660465177626,0.298142100986203,1000,9.079569593157784,7.17583893499679,-0.8837786448524183,144
resnet_layer4,fold7_balkan_s,126,0.559996996020547,False,6,1e-05,1e-06,1e-05,1e-06,1.8730577807873487,0.13378984148481063,0.6902404669672251,0.2541265692561865,2.818365767598152,1.4300631675869226,0.03911149315536022,0.2412596084177494,0.13093573041260242,0.030068572610616684,3.7269769137283766,2.626907789518368,0.3011766824635739,1000,9.055686878056944,7.152561260403142,-0.8738815724929134,144
resnet_layer4,fold7_balkan_s,127,0.5749535541818355,False,7,1e-05,1e-06,1e-05,1e-06,1.876465229317546,0.134033230665539,0.6898791994899511,0.2540486305952072,2.821341387927532,1.4332118574529886,0.03938150405883789,0.24119370244443417,0.13094632513821125,0.03012344241142273,3.7316405777572244,2.62282738737392,0.29942667631735886,1000,9.07921697172044,7.17756420440972,-0.8836323278210461,144
resnet_layer4,fold7_balkan_s,128,0.5712440164201941,False,8,1e-05,1e-06,1e-05,1e-06,1.8720546048134565,0.13371818605810404,0.6920211240649223,0.2545165177434683,2.8195371069014072,1.4293291922658682,0.03915177471935749,0.2411398608237505,0.13080992922186852,0.030021794140338898,3.7394888778239364,2.622151706270575,0.296476718245515,1000,9.10750256327208,7.20355465896559,-0.8953872289598501,144
resnet_layer4,fold7_balkan_s,129,0.5693679965175666,False,9,1e-05,1e-06,1e-05,1e-06,1.879832113161683,0.13427372236869164,0.6875785235315561,0.2541904505342245,2.8225379157811403,1.4358546826988459,0.03946922533214092,0.24158078618347645,0.13121231459081173,0.030093269422650337,3.726392715777463,2.613754165549861,0.30139574427330984,1000,9.06458833851673,7.163572845397848,-0.8775673184887529,144
resnet_layer4,fold7_balkan_s,130,0.5959795228375793,False,10,1e-05,1e-06,1e-05,1e-06,1.9086445216089487,0.13633175154349633,0.6895310748368502,0.2542132828384638,2.8533186074346304,1.464738031849265,0.03921502269804478,0.24123180657625198,0.1316731981933117,0.030163804069161415,3.7281632421546056,2.619479475028378,0.3007317288564133,1000,9.051646523970138,7.150234581362641,-0.8722098150278588,144
resnet_layer4,fold7_balkan_s,131,0.5740804653451655,True,0,1e-05,1e-06,1e-05,1e-06,1.8779999855905771,0.13414285611361265,0.6936594899743795,0.2547070514410734,2.827296057716012,1.4336856231093407,0.03928421251475811,0.24192831479012966,0.1312427669763565,0.03024129755795002,3.717819404413195,2.616828028977808,0.30460660389573035,1000,9.013703942740872,7.114521241818358,-0.8565468993610263,144
resnet_layer4,fold7_balkan_s,132,0.5631227037813394,True,0,1e-05,1e-06,1e-05,1e-06,1.9206930361688137,0.13719235972634383,0.74583232216537,0.2590056546032429,2.9264853950589895,1.472223298624158,0.03926314227283001,0.24117463640868664,0.1355289425700903,0.030796146020293236,3.7151488589333215,2.6142586938229386,0.30560526064026405,1000,9.003417245535775,7.104964467700763,-0.8523118283002535,144
resnet_layer4,fold7_balkan_s,133,0.5555523672405906,False,1,1e-05,1e-06,1e-05,1e-06,1.8924030531197786,0.13517164665141276,0.6945935860276222,0.2543523944914341,2.842289252206683,1.4492340721189976,0.03920789994299412,0.2412506900727749,0.13099214062094688,0.03010021150112152,3.7272005599158895,2.612407637251749,0.30109281080910255,1000,9.025783050753585,7.126835135694985,-0.8615260858609315,144
resnet_layer4,fold7_balkan_s,134,0.5809633878330981,True,0,1e-05,1e-06,1e-05,1e-06,1.8962356112897396,0.13544540080640996,0.6956808678805828,0.2543550543487072,2.8472117446362972,1.4527313578873873,0.039286112412810326,0.2415363360196352,0.13096730038523674,0.030086467042565346,3.7224050388309373,2.6138376192973336,0.3028901211289432,1000,8.98534559892896,7.089037893435863,-0.8448833755149225,144
resnet_layer4,fold7_balkan_s,135,0.5311336766469569,True,0,1e-05,1e-06,1e-05,1e-06,2.0174588318914175,0.1441042022779584,0.6966659910976887,0.2545121666043997,2.9696111902594566,1.5743238348513842,0.039229877293109894,0.24114360101521015,0.13097442127764225,0.030137887224555016,3.702510952148475,2.6082146560415818,0.3103215022110657,1000,8.932265734683577,7.039222714686854,-0.8231508969015697,144
resnet_layer4,fold7_balkan_s,136,0.5579001190226744,False,1,1e-05,1e-06,1e-05,1e-06,1.8860580492764711,0.1347184320911765,0.6972579527646303,0.2552885562181473,2.8395562190562487,1.4429520145058632,0.03931352496147156,0.24106644093990326,0.13096429407596588,0.030132759362459183,3.712826450421224,2.606691912839141,0.3064731473711756,1000,8.970659654881453,7.07864165050943,-0.838857627882547,144
resnet_layer4,fold7_balkan_s,137,0.5542645399255914,False,2,1e-05,1e-06,1e-05,1e-06,1.9046564437448978,0.13604688883892127,0.6974727846682072,0.25564628653228283,2.8587179370224476,1.4608139880001545,0.03925729729235172,0.2411284800618887,0.13148065470159054,0.03032522462308407,3.7065298860903546,2.6060958546257216,0.30882345038300585,1000,8.967155316197763,7.073027484399545,-0.8374212293311682,144
resnet_layer4,fold7_balkan_s,138,0.5871210406902445,False,3,1e-05,1e-06,1e-05,1e-06,1.8703847266733646,0.1335989090480975,0.6892402451485395,0.2545558176934719,2.8151138685643673,1.428359130397439,0.03918243572115898,0.24107603169977665,0.13007171638309956,0.030095087364315987,3.7104045574672972,2.594237701749709,0.3073776334813427,1000,8.995821958040569,7.105588940261372,-0.8491879240664624,144
resnet_layer4,fold7_balkan_s,139,0.5730483436960264,False,4,1e-05,1e-06,1e-05,1e-06,1.879407936707139,0.13424342405050993,0.7016231920570135,0.25369907915592194,2.835685655474663,1.435683149844408,0.03921293653547764,0.24134144559502602,0.1312421727925539,0.030299577862024307,3.7005534146555483,2.597700313610015,0.31105058290246,1000,8.969228885101995,7.0763878548870105,-0.8382710997540703,144
resnet_layer4,fold7_balkan_s,140,0.5532167478047542,False,5,1e-05,1e-06,1e-05,1e-06,1.8729265686124563,0.13378046918660402,0.6923266910016537,0.2545259203761816,2.82070585899055,1.4298590645194054,0.03907861188054085,0.2411377616226673,0.13098750077188015,0.03025682084262371,3.6979537529269044,2.5992620974329386,0.31201822537385837,1000,8.959312891899327,7.065996965967183,-0.834208719863792,144
resnet_layer4,fold7_balkan_s,141,0.538467894537158,False,6,1e-05,1e-06,1e-05,1e-06,1.901262218132615,0.13580444415232965,0.696135863661766,0.2547146510332823,2.853045541793108,1.4580557197332382,0.03900022432208061,0.24104132503271103,0.13137715123593807,0.030183983966708183,3.702200458882525,2.5993281088159943,0.3104371704983815,1000,8.977663389171655,7.084239962762674,-0.8417300805739067,144
resnet_layer4,fold7_balkan_s,142,0.5470377643137596,False,7,1e-05,1e-06,1e-05,1e-06,1.8780157137662172,0.13414397955472981,0.6908127442002296,0.2546782921999693,2.8244433496147394,1.4316168166697025,0.039021365344524384,0.24169738590717316,0.13350490294396877,0.03055150993168354,3.704691996166122,2.591146234333888,0.30950872286886455,1000,9.00926214529256,7.112006449237912,-0.8547176017737836,144
resnet_layer4,fold7_balkan_s,143,0.5446692875652235,False,8,1e-05,1e-06,1e-05,1e-06,1.874494718387723,0.13389247988483735,0.687181755900383,0.25404759123921394,2.8166638147085905,1.4316011350601912,0.039023540914058685,0.24098321795463562,0.131094790995121,0.030164122581481934,3.6945833419094125,2.584130447565035,0.3132717427562478,1000,8.987281413461192,7.092999619111147,-0.8456783892887689,144
resnet_layer4,fold7_balkan_s,144,0.5495514290693275,False,9,1e-05,1e-06,1e-05,1e-06,1.96701106056571,0.14050079004040786,0.6914907898753881,0.25466363318264484,2.914103452116251,1.517303854227066,0.03920748643577099,0.2411659061908722,0.13648159429430962,0.0311115849763155,3.689355927503461,2.586233784563827,0.3152136524465293,1000,8.97852157524066,7.083923040589834,-0.8420822039656479,144
resnet_layer4,fold7_balkan_s,145,0.5503673067374043,False,10,1e-05,1e-06,1e-05,1e-06,1.919528717175126,0.13710919408393757,0.7053040768951178,0.2563409637659788,2.8820972703397274,1.476393859833479,0.03921312093734741,0.2410243172198534,0.1310760099440813,0.03022577427327633,3.6891902947992037,2.5856780206605285,0.31527513768718574,1000,8.981090113614039,7.085674769680898,-0.8431363052597751,144
resnet_layer4,fold7_balkan_s,146,0.5709710607595494,True,0,1e-05,1e-06,1e-05,1e-06,1.96488999389112,0.14034928527793714,0.7090372703969479,0.2562251854687929,2.931090097874403,1.521599629893899,0.03911971673369408,0.24123764038085938,0.13122985512018204,0.03008025698363781,3.6790121817422876,2.5887117446494785,0.31904810293270813,1000,8.9310423037256,7.0365908792623415,-0.8226515059157842,144
resnet_layer4,fold7_balkan_s,147,0.560081056141394,False,1,1e-05,1e-06,1e-05,1e-06,1.889028325676918,0.13493059469120844,0.6918314062058926,0.2549095842987299,2.8367206882685423,1.4459803886711597,0.039205098524689674,0.24103221856057644,0.13092622719705105,0.030254991725087166,3.6785859770732308,2.584630045542121,0.31920586705670206,1000,8.943597423343368,7.047497179069849,-0.8277796178669832,144
resnet_layer4,fold7_balkan_s,148,0.5513725793820964,False,2,1e-05,1e-06,1e-05,1e-06,1.88812037371099,0.1348657409793564,0.6926837284117937,0.2548235561698675,2.836561108008027,1.4449511989951134,0.039265893399715424,0.24121016636490822,0.13090595789253712,0.030166085809469223,3.6849267775601735,2.5924269574013223,0.3168568665298366,1000,8.941295480633888,7.04521619977634,-0.8268388549275367,144
resnet_layer4,fold7_balkan_s,149,0.5437413593933587,True,0,1e-05,1e-06,1e-05,1e-06,1.89157222956419,0.13511230211172784,0.6932573895901442,0.2551400773227215,2.8409075289964676,1.4485566578805447,0.03914606384932995,0.24113677069544792,0.13105355203151703,0.030059386044740677,3.6664951573338387,2.580103797847263,0.32367379670584306,1000,8.889918078093803,6.994369039711016,-0.805904846663033,144
resnet_layer4,fold7_balkan_s,150,0.5523238153709561,True,0,1e-05,1e-06,1e-05,1e-06,1.8903274443000555,0.1350233888785754,0.691361540928483,0.2535057980567217,2.83612940274179,1.4469896405935287,0.03929670713841915,0.2409987561404705,0.13116299360990524,0.03024703823029995,3.6691823840298943,2.583373367796248,0.3226820551296179,1000,8.881617873312965,6.98631831555753,-0.8025342008637963,144
resnet_layer4,fold7_balkan_s,151,0.5698693041834856,True,0,1e-05,1e-06,1e-05,1e-06,1.8738997336477041,0.133849980974836,0.6909651029855013,0.25469271652400494,2.8205022662878036,1.430748026818037,0.039420805871486664,0.24115107208490372,0.13086838088929653,0.03008287027478218,3.6686997104687356,2.5826698418460086,0.32286024303482985,1000,8.864358856286191,6.972357080640962,-0.7955355341768025,144
resnet_layer4,fold7_balkan_s,152,0.5486280197855052,False,1,1e-05,1e-06,1e-05,1e-06,1.8897638358175755,0.13498313112982682,0.6728529576212168,0.25576415844261646,2.8193246256560087,1.4463763609528542,0.03939928486943245,0.24125875905156136,0.13099335506558418,0.030111175030469894,3.672177553525212,2.577232441683078,0.3215758086443422,1000,8.913674493787582,7.0174046442548,-0.8155695362287436,144
resnet_layer4,fold7_balkan_s,153,0.5500389331276487,False,2,1e-05,1e-06,1e-05,1e-06,1.9274313487112522,0.13767366776508944,0.7092427257448435,0.26059585250914097,2.898202097043395,1.4835427086800337,0.03933626972138882,0.2413214948028326,0.13144724257290363,0.03019026853144169,3.6686941470991856,2.572332283622924,0.32286229671932076,1000,8.903941624410741,7.0102114539030795,-0.8116068486063139,144
resnet_layer4,fold7_balkan_s,154,0.5574661912934793,False,3,1e-05,1e-06,1e-05,1e-06,1.998637843877077,0.1427598459912198,0.6852166559547186,0.25770799070596695,2.942502563819289,1.5549630019813776,0.03914376720786095,0.2411902453750372,0.1314083244651556,0.03032197616994381,3.67508170959537,2.572151616785072,0.3205023154405874,1000,8.925535734599514,7.028833614612843,-0.8204046321302692,144
resnet_layer4,fold7_balkan_s,155,0.5659914448187494,False,4,1e-05,1e-06,1e-05,1e-06,2.002957083284855,0.14306836309177534,0.7436497751623392,0.2739173509180546,3.021472468972206,1.5575064588338137,0.03925899975001812,0.24110040068626404,0.1327364332973957,0.03075164183974266,3.6667365663502927,2.5690171943290188,0.32358473256607057,1000,8.897236575215794,7.006824458808309,-0.8088794409072857,144
resnet_layer4,fold7_balkan_s,156,0.5527404588840192,False,5,1e-05,1e-06,1e-05,1e-06,1.9915168546140194,0.14225120390100138,0.6833204105496407,0.2577948234975338,2.9335705004632473,1.547469712793827,0.03886071778833866,0.2411507647484541,0.13219345174729824,0.030201172456145287,3.663101679919585,2.567140234367367,0.3249251473816449,1000,8.90534801386404,7.014061668714825,-0.8121791852385714,144
resnet_layer4,fold7_balkan_s,157,0.5641612991629743,False,6,1e-05,1e-06,1e-05,1e-06,1.9791984558105469,0.1413713182721819,0.6862352341413498,0.25749068334698677,2.923853585496545,1.5360276717692614,0.03921583294868469,0.24118421599268913,0.13103308156132698,0.030138995498418808,3.660703647252545,2.576277441961305,0.32580872736594424,1000,8.915265968175893,7.0185972463457755,-0.8162179086509405,144
resnet_layer4,fold7_balkan_s,158,0.5534989962575037,False,7,1e-05,1e-06,1e-05,1e-06,1.9836515821516514,0.14168939872511796,0.6849358268082142,0.2580991555005312,2.927615873515606,1.5410612057894468,0.03917211294174194,0.24104990996420383,0.13055794686079025,0.030190471559762955,3.6745049186175005,2.5796824458502554,0.3207155881833683,1000,8.961190943565704,7.062777871528038,-0.8349777743275786,144
resnet_layer4,fold7_balkan_s,159,0.5561161949769559,False,8,1e-05,1e-06,1e-05,1e-06,1.989497371017933,0.14210695507270948,0.6854060478508472,0.2585380058735609,2.934376385062933,1.5461870711296797,0.039176542311906815,0.24126867949962616,0.1310428697615862,0.030205607414245605,3.664131139700263,2.5724954334159946,0.32454565474134567,1000,8.95218069314976,7.05389903792714,-0.831289582145115,144
resnet_layer4,fold7_balkan_s,160,0.5430505980856574,False,9,1e-05,1e-06,1e-05,1e-06,1.979133753105998,0.14136669665042842,0.6851051989942789,0.2589555587619543,2.924140740185976,1.5358965657651424,0.039289262145757675,0.24110135436058044,0.1309736017137766,0.030255775898694992,3.6603611176967807,2.5654481008173424,0.32593488870287,1000,8.965657898318456,7.067189809647787,-0.8368076216534486,144
resnet_layer4,fold7_balkan_s,161,0.5164536822628571,False,10,1e-05,1e-06,1e-05,1e-06,1.9795710388571024,0.14139793134693587,0.6853081416338682,0.25798963755369186,2.9238169472664595,1.5361929349601269,0.03919305466115475,0.2412225678563118,0.13120264746248722,0.03010949306190014,3.6553994782877117,2.5688891624645573,0.32776104803017425,1000,8.960183270237117,7.059209550561404,-0.83456511618618,144
resnet_layer4,fold7_balkan_s,162,0.5690672734433702,False,11,1e-05,1e-06,1e-05,1e-06,1.982676086947322,0.14161972049623728,0.6879565138369799,0.25815230794250965,2.9297194685786963,1.5396144110709429,0.039208339527249336,0.24116521328687668,0.1309380978345871,0.030114347115159035,3.6616411352342855,2.573380099945958,0.3254633690915,1000,8.983050577328301,7.081478770191655,-0.8439410619612928,144
resnet_layer4,fold7_balkan_s,163,0.5620508630304955,False,12,1e-05,1e-06,1e-05,1e-06,1.982189690694213,0.1415849779067295,0.6835438553243876,0.2575290482491255,2.9242146257311106,1.537788251414895,0.039250947535037994,0.24193437956273556,0.13148435950279236,0.03010820597410202,3.6543507676479634,2.5654411958178662,0.32814671477760315,1000,8.951774440099527,7.0529181897182225,-0.8311233768095956,144
resnet_layer4,fold7_balkan_s,164,0.5244238331383317,False,13,1e-05,1e-06,1e-05,1e-06,1.9805323649197817,0.14146659749427012,0.6831793170422316,0.2576512098312378,2.9223015438765287,1.5373581778258085,0.0392581969499588,0.24107383750379086,0.13114581257104874,0.030077051371335983,3.64779026309718,2.5588179282714996,0.3305568501683527,1000,8.932514828770522,7.033587103381334,-0.8232525827344281,144
resnet_layer4,fold7_balkan_s,165,0.5465121870839798,False,14,1e-05,1e-06,1e-05,1e-06,1.9754880908876657,0.14110629220626184,0.6811698488891125,0.25782269053161144,2.9154318775981665,1.5334054958075285,0.038979293778538704,0.24120591208338737,0.13035410270094872,0.029932208359241486,3.653737206669132,2.5633265957081974,0.32837230251105143,1000,8.970761705393395,7.06840776431289,-0.8388994659272226,144
resnet_layer4,fold7_balkan_s,166,0.5658929887669726,False,15,1e-05,1e-06,1e-05,1e-06,1.980125768110156,0.14143755486501114,0.6825618296861649,0.258104020729661,2.9217241797596216,1.5370159931480885,0.03918341360986233,0.24117433838546276,0.13106771931052208,0.030079994350671768,3.6548267704289805,2.5530204904773726,0.3279716769222868,1000,8.95880799700505,7.060775334584316,-0.8340019949654549,144
resnet_layer4,fold7_balkan_s,167,0.5268059344543606,False,16,1e-05,1e-06,1e-05,1e-06,2.0692112743854523,0.1478008053132466,0.6844075229018927,0.25824437104165554,3.0128050427883863,1.6125985514372587,0.039239224046468735,0.24196823686361313,0.14177637360990047,0.031843217089772224,3.6437690713955666,2.558011552362534,0.33203197636017445,1000,8.905166007686129,7.006748197366865,-0.8121051118983271,144
resnet_layer4,fold7_balkan_s,168,0.5383587479243415,False,17,1e-05,1e-06,1e-05,1e-06,1.979859558865428,0.14141853991895914,0.7075297348201275,0.25608537159860134,2.944438686594367,1.5354074258357286,0.03924719616770744,0.24183883890509605,0.1315083708614111,0.030237775295972824,3.6482550962793945,2.5564060564351507,0.3303862267531914,1000,8.92670115313573,7.029862176608121,-0.8208800482555159,144
resnet_layer4,fold7_balkan_s,169,0.55750591303964,False,18,1e-05,1e-06,1e-05,1e-06,1.972130261361599,0.1408664472401142,0.6878128293901682,0.25810367427766323,2.9189911745488644,1.531440431252122,0.039281656965613365,0.2412619199603796,0.12883939780294895,0.02968965657055378,3.6381666538173025,2.553905594374839,0.33408444391086045,1000,8.901719895959701,7.004338898677032,-0.8107028902253535,144
resnet_layer4,fold7_balkan_s,170,0.5340999821021553,False,19,1e-05,1e-06,1e-05,1e-06,1.9736263677477837,0.14097331198198454,0.685999559238553,0.25919314473867416,2.919758342206478,1.5330705363303423,0.039220575243234634,0.24111973494291306,0.12894455716013908,0.02970936708152294,3.6364692965651813,2.5508777657287727,0.33470565400956254,1000,8.884838304212488,6.9898848359751735,-0.8038416179000798,144
resnet_layer4,fold7_balkan_s,171,0.5499655350007582,False,20,1e-05,1e-06,1e-05,1e-06,1.9758780151605606,0.14113414394004004,0.6884693335741758,0.2586216852068901,2.923915881663561,1.538246814161539,0.039115721359848976,0.24100803025066853,0.12645595334470272,0.029469938948750496,3.637567264320741,2.5448803046517225,0.33430384557572157,1000,8.901759665059675,7.0064877696458545,-0.8107190691628985,144
resnet_layer4,fold7_balkan_s,172,0.5432364003949185,False,21,1e-05,1e-06,1e-05,1e-06,1.9701093845069408,0.1407220988933529,0.7029908504337072,0.256107484921813,2.930148523300886,1.5384630635380745,0.03903424181044102,0.24107202887535095,0.12044187635183334,0.0295559149235487,3.632135720133389,2.5444824137397544,0.3362903702643375,1000,8.882875208743554,6.988852580680235,-0.8030445922293916,144
resnet_layer4,fold7_balkan_s,173,0.5229266552429622,False,22,1e-05,1e-06,1e-05,1e-06,1.9657587390393019,0.14041133850280726,0.6857413146644831,0.2583338152617216,2.9107921235263348,1.533745877444744,0.03918895684182644,0.24120905436575413,0.12038342282176018,0.029636450111865997,3.630066992853582,2.547530017477521,0.3370462028149156,1000,8.873318532154451,6.980091332534332,-0.7991670538068183,144
resnet_layer4,fold7_balkan_s,174,0.5112155280437514,False,23,1e-05,1e-06,1e-05,1e-06,1.975979208946228,0.14114137206758773,0.6882193684577942,0.2584054060280323,2.923564065247774,1.5435795094817877,0.039290089160203934,0.24144042283296585,0.12054739706218243,0.029556460678577423,3.6370629788439373,2.5510286957776827,0.3344884071844568,1000,8.90216292158688,7.006881141937836,-0.810883126798692,144
resnet_layer4,fold7_balkan_s,175,0.5065884984729586,False,24,1e-05,1e-06,1e-05,1e-06,1.9715291634202003,0.14082351167287147,0.68879609182477,0.25878494791686535,2.9200443010777235,1.5396836996078491,0.03921840339899063,0.24102966859936714,0.12042462453246117,0.029623622074723244,3.6209583190859975,2.534454375780627,0.34036903609439606,1000,8.879925998020033,6.987978243895045,-0.8018475303371624,144
resnet_layer4,fold7_balkan_s,176,0.5386961586490683,False,25,1e-05,1e-06,1e-05,1e-06,1.967272536829114,0.14051946691636527,0.6854489911347628,0.25878009758889675,2.9124501850456,1.5341442562639713,0.03928207419812679,0.24186701700091362,0.12081754580140114,0.029611870646476746,3.6215994244988954,2.5389113826040943,0.3401354347205786,1000,8.872428950795495,6.979208639174822,-0.7988063262529126,144
resnet_layer4,fold8_poland,1,0.806875145791876,True,0,1e-05,1e-06,1e-05,1e-06,1.8120396547019482,0.1393876657463037,0.6914292555302382,0.46401546336710453,2.968329703435302,1.3839636519551277,0.035043470561504364,0.22293567098677158,0.14047293551266193,0.028148261830210686,5.439300272937605,3.6422004560954413,-0.042540517187797056,1000,5.550738567159489,4.834396158859427,-2.4717922881377734,277
resnet_layer4,fold8_poland,2,0.7839307434692184,False,1,1e-05,1e-06,1e-05,1e-06,1.8755548223853111,0.14427344787579316,0.6960224900394678,0.46156112290918827,3.0341103859245777,1.4630338344722986,0.03494507633149624,0.22142227366566658,0.12563132122159004,0.02900136448442936,5.474525979206933,3.674279295334857,-0.0560875323994523,1000,5.589047268006486,4.871321725586968,-2.5198791519424186,277
resnet_layer4,fold8_poland,3,0.7956302347841281,False,2,1e-05,1e-06,1e-05,1e-06,1.7736948244273663,0.1364380634174897,0.6930077206343412,0.46120399236679077,2.928831771016121,1.3697465062141418,0.03500742092728615,0.22122487053275108,0.11856277659535408,0.02764778584241867,5.504320236115485,3.6980941308526663,-0.06761399733854301,1000,5.623380837180485,4.9072593975666905,-2.5632572805978717,277
resnet_layer4,fold8_poland,4,0.7845608100624482,False,3,1e-05,1e-06,1e-05,1e-06,1.8097910396754742,0.13921469535965186,0.710418501868844,0.488630548119545,3.0097732599824667,1.4040138721466064,0.035081811249256134,0.22108853794634342,0.12021879479289055,0.027899179607629776,5.491444971938822,3.6819307806739507,-0.06262528479457186,1000,5.723689390338575,5.002961295113959,-2.691512160081664,277
resnet_layer4,fold8_poland,5,0.7844121546057018,False,4,1e-05,1e-06,1e-05,1e-06,2.0931129790842533,0.1610086906987887,0.7236880511045456,0.49979918636381626,3.317543465644121,1.6842970661818981,0.03510734625160694,0.22140979208052158,0.12255687452852726,0.028291678056120872,5.466224816807149,3.65355971821718,-0.052887216053359776,1000,5.771373924484034,5.058156896410103,-2.753276968662193,277
resnet_layer4,fold8_poland,6,0.7714225714166391,False,5,1e-05,1e-06,1e-05,1e-06,1.8305081687867641,0.14080832067590493,0.6954689379781485,0.4650064595043659,2.9919096175581217,1.423675823956728,0.03498683497309685,0.221196161583066,0.12140567973256111,0.027782533317804337,5.435783251649452,3.6187244548357116,-0.04119275126380617,1000,5.84093297097663,5.127576738902773,-2.844294345149618,277
resnet_layer4,fold8_poland,7,0.7766756273525124,False,6,1e-05,1e-06,1e-05,1e-06,1.9049292225390673,0.14653301711838979,0.9611985478550196,0.5797306783497334,3.446787128224969,1.4982644449919462,0.03497309796512127,0.22394234128296375,0.11908464878797531,0.027230454608798027,5.41131177225079,3.597288764923939,-0.031839113582786016,1000,5.8046744240052695,5.089719332453408,-2.7967143132495234,277
resnet_layer4,fold8_poland,8,0.7679741929087822,False,7,1e-05,1e-06,1e-05,1e-06,1.8839345071464777,0.1449180390112675,0.6916909515857697,0.45890650898218155,3.035523757338524,1.486111931502819,0.035549458116292953,0.22124131210148335,0.11395558528602123,0.02541043423116207,5.3635560955184785,3.5664554181616963,-0.013707192075295138,1000,5.844964252681553,5.136085572908746,-2.849602668847387,277
resnet_layer4,fold8_poland,9,0.7676557126528885,False,8,1e-05,1e-06,1e-05,1e-06,1.7255214806646109,0.13273242158958545,0.6836531460285187,0.46021728962659836,2.870393678545952,1.3302343301475048,0.035303402692079544,0.221041152253747,0.11222434975206852,0.024975497275590897,5.3593863383740405,3.5298210805724293,-0.012131644181479606,1000,5.973949668406528,5.268912122178619,-3.0213817855862137,277
resnet_layer4,fold8_poland,10,0.7742329922217697,False,9,1e-05,1e-06,1e-05,1e-06,1.801746405661106,0.13859587735854662,0.7013503797352314,0.48529565520584583,2.989377848803997,1.3940570000559092,0.03521491400897503,0.2216669786721468,0.12083565071225166,0.028232000768184662,5.273727051035226,3.4920454384592694,0.019963680654201954,1000,5.897669586477479,5.186800509002701,-2.919341116344147,277
resnet_layer4,fold8_poland,11,0.7506582406101209,False,10,1e-05,1e-06,1e-05,1e-06,2.018787231296301,0.15529132548433083,0.7028644420206547,0.49661643244326115,3.2192229460924864,1.611934931948781,0.03493203595280647,0.2216313350945711,0.12064047530293465,0.028164085000753403,5.271307292091141,3.4641160460235634,0.020862819944658995,1000,5.990521551225607,5.287849863730702,-3.043723554269591,277
resnet_layer4,fold8_poland,12,0.7159378259637731,False,11,1e-05,1e-06,1e-05,1e-06,1.8044399544596672,0.1388030734199744,0.7231729831546545,0.4767364636063576,3.005310231819749,1.3997662104666233,0.03496318496763706,0.22130704671144485,0.11906737834215164,0.027864675968885422,5.241418473027268,3.4384655833364035,0.03193494455991064,1000,6.032521964805678,5.326804545385147,-3.100624590294794,277
resnet_layer4,fold8_poland,13,0.7402698965004424,False,12,1e-05,1e-06,1e-05,1e-06,1.921591840684414,0.14781475697572416,0.6956782899796963,0.4779770951718092,3.0963881872594357,1.4923249743878841,0.03522862493991852,0.22142523154616356,0.141871627420187,0.02912462130188942,5.206820819138532,3.4188158450252013,0.044672809325219665,1000,6.00924788273441,5.301909049588768,-3.0690443760690167,277
resnet_layer4,fold8_poland,14,0.7591481923436932,False,13,1e-05,1e-06,1e-05,1e-06,1.8372277114540339,0.1413252085733872,0.6929630301892757,0.4632615279406309,2.994398230686784,1.4309107270091772,0.03498730808496475,0.22171876765787601,0.12012058682739735,0.02801460400223732,5.167862559496999,3.3969837699207455,0.05891514681483423,1000,5.91830250773423,5.212566762322437,-2.9468126158315093,277
resnet_layer4,fold8_poland,15,0.7260887895665956,False,14,1e-05,1e-06,1e-05,1e-06,1.7772401049733162,0.1367107773056397,0.7043880596756935,0.46699776127934456,2.9495676644146442,1.3714144956320524,0.03508060425519943,0.22114417888224125,0.11996573954820633,0.02811003476381302,5.219482566704222,3.391300454818231,0.040020903841089805,1000,6.071143724290424,5.372483294796959,-3.153299180139043,277
resnet_layer4,fold8_poland,16,0.7528071959245034,False,15,1e-05,1e-06,1e-05,1e-06,1.799772810190916,0.13844406232237816,0.6908728536218405,0.46344415098428726,2.955035815015435,1.3948733415454626,0.03494488634169102,0.2212357372045517,0.1196247972548008,0.027665171772241592,5.14243766404409,3.3650779996288067,0.0681522833048599,1000,5.917044591597944,5.212580409847463,-2.9451350295141254,277
resnet_layer4,fold8_poland,17,0.7325651729370435,False,16,1e-05,1e-06,1e-05,1e-06,1.7895136903971434,0.13765489926131871,0.7639609444886446,0.5469282679259777,3.101347792893648,1.3849460817873478,0.03487858548760414,0.2210870385169983,0.11970800161361694,0.027444666251540184,5.1416911919808745,3.3565435873857536,0.068422796181003,1000,5.978577503954966,5.2742923642339,-3.0276146810829427,277
resnet_layer4,fold8_poland,18,0.7241499157348752,False,17,1e-05,1e-06,1e-05,1e-06,1.9896887745708227,0.15305298265929407,0.6885499656200409,0.4911353774368763,3.1703039184212685,1.5855249371379614,0.035364484414458275,0.22143265791237354,0.11856367997825146,0.02732672169804573,5.111761032055423,3.342443655751151,0.0792367876615353,1000,6.009153424783912,5.302902006823096,-3.0689164563762468,277
resnet_layer4,fold8_poland,19,0.7159795599792187,False,18,1e-05,1e-06,1e-05,1e-06,2.018032794818282,0.15523329190909863,0.7061931975185871,0.4742925390601158,3.199455611407757,1.6108496580272913,0.034914761781692505,0.22155608981847763,0.12110571749508381,0.02812892384827137,5.1013808676159025,3.3424517697268525,0.08297247459216583,1000,5.975596144973883,5.265643708969592,-3.023598752138013,277
resnet_layer4,fold8_poland,20,0.7026547885297644,False,19,1e-05,1e-06,1e-05,1e-06,1.7644227389246225,0.13572482607112482,0.7091876398772001,0.4582412913441658,2.9328000843524933,1.3573070373386145,0.03490203246474266,0.221767233684659,0.12119672447443008,0.027738463133573532,5.057891484290441,3.3189063179462672,0.09854118807140777,1000,5.941977129942826,5.227802061311745,-2.9784521568075437,277
resnet_layer4,fold8_poland,21,0.6993704135148205,False,20,1e-05,1e-06,1e-05,1e-06,1.774237249046564,0.13647978838819724,0.7011891081929207,0.464816328138113,2.9411986842751503,1.3684005606919527,0.034976471215486526,0.22173541970551014,0.11991551890969276,0.02767285332083702,5.019772758187307,3.2962105939546062,0.11207764908642859,1000,5.966795329692255,5.248313821978695,-3.011755624848303,277
resnet_layer4,fold8_poland,22,0.709243607536559,False,21,1e-05,1e-06,1e-05,1e-06,1.7807637676596642,0.13698182828151262,0.6888221334666014,0.4594476353377104,2.929975114762783,1.3757246546447277,0.03505035862326622,0.22127079404890537,0.11972699500620365,0.027481505647301674,5.034420693646612,3.293584745633566,0.106888089194345,1000,5.9682654774646196,5.25474822581749,-3.0137327666312386,277
resnet_layer4,fold8_poland,23,0.709043042479938,False,22,1e-05,1e-06,1e-05,1e-06,1.7620076816529036,0.13553905243483874,0.6974075902253389,0.46883425116539,2.929201813414693,1.358429677784443,0.03492388501763344,0.22115610353648663,0.11869566887617111,0.027313007041811943,5.045596259924511,3.293716642320115,0.10291857211766064,1000,5.9561760201240475,5.246814547418587,-2.997488614717713,277
resnet_layer4,fold8_poland,24,0.7164845249587755,False,23,1e-05,1e-06,1e-05,1e-06,2.0103805232793093,0.15464465563686994,0.7286268081516027,0.4911569058895111,3.2310975901782513,1.5918103903532028,0.03521840460598469,0.22125587612390518,0.12469503656029701,0.03581518307328224,5.032077899026281,3.2762893572639884,0.10771912460345501,1000,6.024434898829545,5.316958860224647,-3.089637545851091,277
resnet_layer4,fold8_poland,25,0.7169488415761484,False,24,1e-05,1e-06,1e-05,1e-06,1.7991763800382614,0.13839818307986626,0.6945146694779396,0.4672087412327528,2.9618366844952106,1.393026864156127,0.034928206354379654,0.2216633278876543,0.12043111585080624,0.02761765569448471,4.969057991943279,3.2707303749035854,0.12992837805811241,1000,5.950606712309033,5.23060390857591,-2.990016425880108,277
resnet_layer4,fold8_poland,26,0.7114081518198951,False,25,1e-05,1e-06,1e-05,1e-06,1.8951557390391827,0.14578121069532174,0.6984450053423643,0.4676724337041378,3.062212647870183,1.4883454833179712,0.03490960784256458,0.22190587781369686,0.12058979831635952,0.02787061035633087,4.9971638204649,3.2632592349810956,0.12005799938474371,1000,6.0312526093218075,5.316658970671456,-3.0988990755893875,277
