station_code,country,land,lat,lon,fold,pollutant,true,pred
AD0942A,AD,,42.50969,1.53914,fold1_iberia,pm25,6.530256516739194,9.72582119622226
ES0001R,ES,,39.54694,-4.35056,fold1_iberia,pm25,8.071823233153939,8.912378121738284
ES0006R,ES,,39.87528,4.31639,fold1_iberia,pm25,4.417391409032867,8.720893522951597
ES0010R,ES,,42.31917,3.31583,fold1_iberia,pm25,7.158415910931605,8.6995526416725
ES0011R,ES,,38.47278,-6.92361,fold1_iberia,pm25,10.03999999490177,8.293675573245741
ES0012R,ES,,39.08278,-1.10111,fold1_iberia,pm25,5.696531888102402,9.068120823158877
ES0013R,ES,,41.23889,-5.8975,fold1_iberia,pm25,4.367231749677824,8.617480722967654
ES0014R,ES,,41.39389,0.73472,fold1_iberia,pm25,5.871257602138668,9.124131561523185
ES0016R,ES,,42.63472,-7.70472,fold1_iberia,pm25,4.023121317928194,8.70364424420653
ES0041A,ES,,43.25883,-2.94565,fold1_iberia,pm25,10.13084094422823,11.42407517158926
ES0094A,ES,,43.40556,-7.98889,fold1_iberia,pm25,5.256614538240563,9.0490512505813
ES0110A,ES,,43.30278,-2.97722,fold1_iberia,pm25,8.29836310403051,10.00716997305399
ES0118A,ES,,40.42167,-3.68222,fold1_iberia,pm25,10.008487275313685,10.59353301235104
ES0126A,ES,,40.39472,-3.73194,fold1_iberia,pm25,12.948717849169926,10.735470713339213
ES0201A,ES,,43.45,-7.84722,fold1_iberia,pm25,5.398169772827739,9.880705538976388
ES0339A,ES,,43.687165,-7.506945,fold1_iberia,pm25,5.9164816307934975,9.375677472318793
ES0343A,ES,,43.6844,-7.4319,fold1_iberia,pm25,6.5210252990860464,8.970881225305442
ES0392A,ES,,41.39417,1.84028,fold1_iberia,pm25,10.512157537693874,9.072634465676945
ES0559A,ES,,41.38917,2.16528,fold1_iberia,pm25,15.405521531144366,11.266010864943556
ES0567A,ES,,41.38611,2.12167,fold1_iberia,pm25,11.892463707025433,10.76676373765474
ES0587A,ES,,43.32074,-3.11272,fold1_iberia,pm25,5.959809601855411,9.769772845692943
ES0691A,ES,,41.40417,2.20528,fold1_iberia,pm25,13.150285651798727,10.569513490780942
ES0692A,ES,,41.37194,2.11583,fold1_iberia,pm25,9.175135980014614,10.356663604610697
ES0805A,ES,,43.241105000000005,-2.883935,fold1_iberia,pm25,8.109898915139464,10.607713069961779
ES0825A,ES,,43.30639,-5.68972,fold1_iberia,pm25,8.192191924438703,10.161516798061756
ES0880A,ES,,43.5512,-5.9197,fold1_iberia,pm25,8.940944531247792,11.386802503085834
ES1037A,ES,,43.36764,-4.043195,fold1_iberia,pm25,8.203125063267965,9.629800417279705
ES1044A,ES,,41.67028,-0.87111,fold1_iberia,pm25,7.303960274255252,9.34100883820759
ES1096A,ES,,42.35194,-7.87694,fold1_iberia,pm25,19.329134923485245,10.056588989581147
ES1137A,ES,,42.21917,-8.74194,fold1_iberia,pm25,8.576424046934854,10.868917764638875
ES1138A,ES,,43.36778,-8.41889,fold1_iberia,pm25,8.785918066359452,9.952698441237331
ES1148A,ES,,41.43333,2.22,fold1_iberia,pm25,10.665358257363602,10.867231200436473
ES1161A,ES,,42.6039,-5.5872,fold1_iberia,pm25,8.68306849267215,11.15186890853404
ES1162A,ES,,41.31639,-4.90917,fold1_iberia,pm25,6.784844669995919,10.835645236362376
ES1181A,ES,,39.48111,-0.44722,fold1_iberia,pm25,12.097776637255325,9.859506857467599
ES1185A,ES,,39.66722,-0.23472,fold1_iberia,pm25,5.5673154343374645,9.916292826418383
ES1193A,ES,,40.42,-3.74917,fold1_iberia,pm25,6.017180281639929,8.452195922896589
ES1222A,ES,,41.69306,2.44194,fold1_iberia,pm25,7.801763018284594,10.504370247682097
ES1239A,ES,,39.45611,-0.37583,fold1_iberia,pm25,6.065852451608064,9.774668773307514
ES1244A,ES,,43.2675,-2.9352,fold1_iberia,pm25,8.09392414947538,11.009487153709085
ES1248A,ES,,42.4054,1.13,fold1_iberia,pm25,5.2158001854138005,9.665845563772416
ES1253A,ES,,38.09293,-3.78392,fold1_iberia,pm25,13.570283459497814,9.722587765725935
ES1262A,ES,,41.56199,2.10209,fold1_iberia,pm25,11.435747777164128,10.595284062183358
ES1269A,ES,,43.36686,-5.8321950000000005,fold1_iberia,pm25,11.984618218501852,10.478711108492444
ES1271A,ES,,43.539955000000006,-5.697505,fold1_iberia,pm25,11.409027206429117,10.692417639826585
ES1272A,ES,,43.53111,-5.70583,fold1_iberia,pm25,10.805862508974768,9.934313066364389
ES1349A,ES,,43.14407,-2.96337,fold1_iberia,pm25,8.4748365673995,10.234782085323829
ES1353A,ES,,43.29552,-5.681464999999999,fold1_iberia,pm25,9.898928333202406,10.042946127430566
ES1386A,ES,,40.01278,-0.05722,fold1_iberia,pm25,3.0341173559053014,10.067007459100875
ES1418A,ES,,41.76278,-1.14333,fold1_iberia,pm25,10.114006512437863,10.023132424234454
ES1421A,ES,,40.33639,-1.10667,fold1_iberia,pm25,8.87362633815193,11.378650682932394
ES1432A,ES,,43.17829,-6.54996,fold1_iberia,pm25,8.167237787555914,9.281156021674583
ES1438A,ES,,41.385705,2.15454,fold1_iberia,pm25,10.492013798640924,10.710044132053287
ES1440A,ES,,42.21028,-8.73694,fold1_iberia,pm25,10.756183423343652,10.636654295037447
ES1443A,ES,,42.33611,-3.63611,fold1_iberia,pm25,5.794428798778728,9.996959981841892
ES1445A,ES,,39.98194,0.01056,fold1_iberia,pm25,4.85521818676705,9.55946857952406
ES1472A,ES,,42.80661,-1.652195,fold1_iberia,pm25,12.256198421599471,11.012918591372994
ES1489A,ES,,42.87524,-3.231545,fold1_iberia,pm25,4.402880588396515,8.65761621369084
ES1490A,ES,,43.17222,-2.63583,fold1_iberia,pm25,9.151101320833764,10.39077879859191
ES1491A,ES,,43.406015,-2.703535,fold1_iberia,pm25,4.708046632302561,9.330607678735127
ES1492A,ES,,42.85556,-2.66806,fold1_iberia,pm25,7.874765815978056,11.29972145145697
ES1494A,ES,,43.32278,-1.96028,fold1_iberia,pm25,6.911456641516087,10.121655439145378
ES1497A,ES,,43.2675,-1.9777,fold1_iberia,pm25,7.607375107035047,10.181674631835383
ES1498A,ES,,43.13083,-2.07778,fold1_iberia,pm25,7.754153599767893,9.904653662576917
ES1499A,ES,,43.04822,-2.1912450000000003,fold1_iberia,pm25,9.859648461352865,9.593003856047465
ES1501A,ES,,43.18,-2.26806,fold1_iberia,pm25,7.631824707453818,10.035629941211363
ES1502A,ES,,42.85476,-2.68063,fold1_iberia,pm25,7.2187517480652446,11.248199637519525
ES1525A,ES,,40.44528,-3.70639,fold1_iberia,pm25,9.227409459893831,10.59277253505516
ES1529A,ES,,43.46778,-3.79028,fold1_iberia,pm25,7.380952401021734,10.75570067676524
ES1530A,ES,,43.006525,-4.13556,fold1_iberia,pm25,5.4531249735801595,9.392197652953033
ES1543A,ES,,40.735,-0.16944,fold1_iberia,pm25,2.8609026297931694,9.459132023145319
ES1544A,ES,,42.849085,-2.43546,fold1_iberia,pm25,7.750161448211639,9.75423208725327
ES1559A,ES,,41.96028,3.03917,fold1_iberia,pm25,9.90902139374749,10.909884477091154
ES1563A,ES,,40.47925,-3.377865,fold1_iberia,pm25,10.757897655155276,10.411703517871853
ES1567A,ES,,40.33971,-3.745165,fold1_iberia,pm25,9.902090237795619,11.71621244791746
ES1572A,ES,,43.37278,-5.87278,fold1_iberia,pm25,5.96013863822533,8.842822277242067
ES1578A,ES,,43.38264,-3.220975,fold1_iberia,pm25,6.156249996670403,9.925215463293744
ES1595A,ES,,43.29846,-2.93038,fold1_iberia,pm25,8.061870775244696,9.612833141989656
ES1598A,ES,,43.212985,-3.13442,fold1_iberia,pm25,8.119774891829241,9.768725314950784
ES1599A,ES,,43.25056,-2.155,fold1_iberia,pm25,4.899206865976101,9.100417165806453
ES1601A,ES,,38.88763,-7.01145,fold1_iberia,pm25,8.417333281602042,9.829595912964875
ES1602A,ES,,42.46389,-2.42778,fold1_iberia,pm25,10.716965587529643,11.605179463317679
ES1616A,ES,,39.84917,-5.93972,fold1_iberia,pm25,6.721333388447889,9.091268460558148
ES1619A,ES,,39.47806,-0.36833,fold1_iberia,pm25,12.210210251179035,9.86404364246658
ES1631A,ES,,41.64556,-4.73028,fold1_iberia,pm25,9.299984435567517,10.787794412393495
ES1632A,ES,,41.62056,-4.74667,fold1_iberia,pm25,7.105269025326786,10.397443920312476
ES1636A,ES,,41.65611,-4.73389,fold1_iberia,pm25,9.098077960515557,10.558338638389017
ES1641A,ES,,41.63528,-0.89361,fold1_iberia,pm25,10.23529411524026,9.699377920425961
ES1642A,ES,,41.936185,2.2393,fold1_iberia,pm25,9.948967726220504,10.230589724070159
ES1649A,ES,,42.17583,-1.74333,fold1_iberia,pm25,7.322373267537539,9.711118829882013
ES1654A,ES,,37.99435,-5.66687,fold1_iberia,pm25,5.325514606177968,9.153826140619378
ES1670A,ES,,39.55861,-1.28139,fold1_iberia,pm25,4.788252238835744,10.010234058100588
ES1671A,ES,,39.70806,-0.83194,fold1_iberia,pm25,4.367222355996292,8.902476466320513
ES1673A,ES,,42.84361,-2.66139,fold1_iberia,pm25,9.344019121391998,11.37864995451294
ES1684A,ES,,41.49333,2.04361,fold1_iberia,pm25,9.265213356900093,10.25032303242071
ES1685A,ES,,40.05194,-0.18972,fold1_iberia,pm25,6.271420015576102,9.684270578561238
ES1687A,ES,,40.06222,0.07278,fold1_iberia,pm25,3.9615454319617394,10.12054278982112
ES1691A,ES,,39.93056,-0.60333,fold1_iberia,pm25,4.6809595597364,9.365860520085736
ES1697A,ES,,43.30944,-2.01111,fold1_iberia,pm25,6.434141061091997,11.017252273679663
ES1712A,ES,,43.2984,-2.9871,fold1_iberia,pm25,8.21899376684197,11.282479068726895
ES1713A,ES,,43.255,-2.90222,fold1_iberia,pm25,7.980431368955702,10.329630146741012
ES1718A,ES,,38.1744,-3.01022,fold1_iberia,pm25,12.964912317114736,9.420730727870291
ES1746A,ES,,42.34167,-2.23167,fold1_iberia,pm25,5.832287918467989,9.830790688489694
ES1752A,ES,,40.455,-3.48417,fold1_iberia,pm25,10.157492103676864,10.604992669501161
ES1753A,ES,,42.34,-2.05972,fold1_iberia,pm25,6.929201117282425,9.37375337985079
ES1779A,ES,,42.43889,-2.25028,fold1_iberia,pm25,5.700964511199629,10.031194394702993
ES1798A,ES,,43.35417,-8.42472,fold1_iberia,pm25,10.084868765987869,9.868048542414694
ES1799A,ES,,37.89261,-4.76234,fold1_iberia,pm25,10.589062496780034,9.10301174351279
ES1802A,ES,,40.91028,-3.46667,fold1_iberia,pm25,5.829406278440019,8.793584347189622
ES1803A,ES,,40.63389,-4.01333,fold1_iberia,pm25,12.293874493265223,10.817860541891793
ES1809A,ES,,40.18528,-3.67972,fold1_iberia,pm25,11.418997889700853,10.285683291170715
ES1810A,ES,,40.25194,-4.27472,fold1_iberia,pm25,6.9588815882624315,9.285597133670763
ES1811A,ES,,40.16722,-3.27667,fold1_iberia,pm25,9.28655897100438,9.647711662054677
ES1818A,ES,,39.86806,-4.02083,fold1_iberia,pm25,9.853750600377694,9.705035890041222
ES1828A,ES,,40.01061,3.85758,fold1_iberia,pm25,9.398244967810491,10.040286396787144
ES1836A,ES,,41.64222,-0.86194,fold1_iberia,pm25,8.535911708640606,9.319132268116277
ES1838A,ES,,40.59333,-3.50306,fold1_iberia,pm25,8.390527796972624,10.313835107945007
ES1851A,ES,,42.09778,1.84833,fold1_iberia,pm25,7.662378190350341,10.31773242320979
ES1856A,ES,,41.426105,2.1480300000000003,fold1_iberia,pm25,10.10068260540268,9.989517006057515
ES1857A,ES,,38.993895,-3.93779,fold1_iberia,pm25,7.150181765869786,10.281558885405333
ES1858A,ES,,40.06192,-2.12957,fold1_iberia,pm25,11.143809301665202,10.252113958931474
ES1867A,ES,,43.48056,-8.24139,fold1_iberia,pm25,6.163654077282503,10.61538469776721
ES1868A,ES,,42.87583,-8.55917,fold1_iberia,pm25,5.861956067929899,9.398263618705151
ES1869A,ES,,40.4303,-3.544115,fold1_iberia,pm25,9.824067074991591,10.714060102234763
ES1877A,ES,,39.94528,-0.05639,fold1_iberia,pm25,11.614986596216305,10.245282598648116
ES1884A,ES,,39.63417,-0.26583,fold1_iberia,pm25,7.2754477512594615,9.66646992485914
ES1885A,ES,,39.48028,-0.33639,fold1_iberia,pm25,10.732161964666908,9.305395605497058
ES1889A,ES,,40.96083,-5.63972,fold1_iberia,pm25,4.484416979069874,9.71716545962098
ES1890A,ES,,40.34194,-3.83389,fold1_iberia,pm25,11.09460531376186,10.992711639622119
ES1891A,ES,,41.599765000000005,2.2877150000000004,fold1_iberia,pm25,12.002623909780638,10.947287337109575
ES1901A,ES,,42.88778,-8.53083,fold1_iberia,pm25,7.182155982267047,10.57064729854164
ES1905A,ES,,42.99806,-7.55,fold1_iberia,pm25,7.572048666763301,9.764964260891755
ES1907A,ES,,43.30222,-8.50556,fold1_iberia,pm25,6.530567213737168,10.066052521884068
ES1911A,ES,,39.70528,-0.33667,fold1_iberia,pm25,3.416148805367857,9.556767332117124
ES1912A,ES,,39.4575,-0.34278,fold1_iberia,pm25,10.48757842895225,9.498825677348034
ES1916A,ES,,39.99583,-0.065,fold1_iberia,pm25,14.691642531129661,10.140985867033054
ES1922A,ES,,42.0194,-4.5383,fold1_iberia,pm25,7.014921726842139,10.87153434771053
ES1926A,ES,,39.48111,-0.40833,fold1_iberia,pm25,9.670808212870888,10.000472907162585
ES1937A,ES,,40.39806,-3.68667,fold1_iberia,pm25,8.165796349690789,11.018295931954464
ES1938A,ES,,40.43972,-3.69028,fold1_iberia,pm25,9.617839994191604,11.477098775807965
ES1940A,ES,,40.46583,-3.68833,fold1_iberia,pm25,8.727459463532684,10.777224270905242
ES1943A,ES,,40.3847,-3.7186,fold1_iberia,pm25,9.778761834268295,11.226015279180722
ES1944A,ES,,40.49417,-3.66028,fold1_iberia,pm25,7.740149527358237,10.574646707824893
ES1957A,ES,,43.3825,-8.40889,fold1_iberia,pm25,11.850600847717146,9.358521386735356
ES1974A,ES,,43.51667,-5.67056,fold1_iberia,pm25,6.917122449638442,10.246353256486207
ES2005A,ES,,42.953605,-9.186105,fold1_iberia,pm25,9.912051809942007,9.836837902727618
ES2010A,ES,,41.63,-4.74056,fold1_iberia,pm25,8.91564082546572,10.796970174066024
ES2014A,ES,,42.061635,-7.408720000000001,fold1_iberia,pm25,4.252388511721705,8.731358383652248
ES2018A,ES,,39.78222,-0.35917,fold1_iberia,pm25,5.993628045583251,9.675899212383056
ES2028A,ES,,40.31455,-3.716865,fold1_iberia,pm25,8.339673584245451,10.698177902466366
ES2039A,ES,,43.5197,-8.1502,fold1_iberia,pm25,5.992546751009247,9.078831824420917
ES2041A,ES,,41.91614,0.1911,fold1_iberia,pm25,10.010989002757078,9.563357532819893
ES2051A,ES,,43.4015,-5.8028,fold1_iberia,pm25,9.07336490510514,9.664649551546349
ES2054A,ES,,43.5705,-5.9583,fold1_iberia,pm25,6.015344554886891,10.180293102681649
ES2061A,ES,,42.425915,-8.644,fold1_iberia,pm25,5.045021025021774,11.015362556557031
ES2069A,ES,,43.5229,-5.6895,fold1_iberia,pm25,6.949857878732222,9.612881387770534
ES2070A,ES,,40.94667,-0.29083,fold1_iberia,pm25,7.176829346918053,8.404682807394474
ES2084A,ES,,42.6563,-8.1071,fold1_iberia,pm25,4.686879745097407,9.415817384977577
ES2085A,ES,,42.0607,-7.7299,fold1_iberia,pm25,4.935266281450181,10.317141306130875
ES2089A,ES,,41.6752,-0.8869,fold1_iberia,pm25,7.061112466585612,9.484439194977774
ES2093A,ES,,40.8251,-3.9612,fold1_iberia,pm25,6.877799160579781,9.000410302059818
ES2094A,ES,,42.06,-1.601,fold1_iberia,pm25,6.764554345804186,10.474047720497945
ES2095A,ES,,39.44833,-0.37647,fold1_iberia,pm25,12.123422608026242,10.009201079999103
ES2101A,ES,,43.31217,-1.98083,fold1_iberia,pm25,7.744261055423611,10.532668488798006
ES2102A,ES,,43.1407,-8.0331,fold1_iberia,pm25,5.884557210956824,8.942955251770199
ES2103A,ES,,43.12518,-2.31811,fold1_iberia,pm25,9.46048786142161,7.9425236082325785
ES2118A,ES,,43.27379,-2.05051,fold1_iberia,pm25,7.284057806045916,9.72617976473406
ES2119A,ES,,43.26874,-2.01913,fold1_iberia,pm25,6.830729489750854,10.230512426859807
ES2120A,ES,,43.27209,-2.03131,fold1_iberia,pm25,7.720495009301444,9.168398398230947
ES2121A,ES,,43.2213,-2.02328,fold1_iberia,pm25,8.054469295614975,10.305235347709518
ES2125A,ES,,43.21901,-2.73453,fold1_iberia,pm25,9.276360367475426,10.124617852133998
ES2127A,ES,,43.33306,-3.04256,fold1_iberia,pm25,7.758425538327318,10.125966204596716
ES2129A,ES,,43.3621,-3.0228,fold1_iberia,pm25,8.014237882132393,9.88475456974691
ES2132A,ES,,43.5427,-5.7093,fold1_iberia,pm25,10.58925886144344,10.219299046061534
ES2133A,ES,,40.5684,-3.2702,fold1_iberia,pm25,7.544022496182377,10.928682280718837
ES2135A,ES,,38.6791,-4.1078,fold1_iberia,pm25,11.063039690610086,9.836447674051827
ES2137A,ES,,39.5769,-3.8652,fold1_iberia,pm25,6.206057253633547,9.665541380256093
ES2138A,ES,,38.9808,-1.8452,fold1_iberia,pm25,7.916577105647165,9.727258663105532
ES2140A,ES,,43.34305,-8.44914,fold1_iberia,pm25,7.5894063308465975,9.6301666041529
ES2143A,ES,,43.6591,-7.3632,fold1_iberia,pm25,3.7396505211898208,9.590675499058104
ES2146A,ES,,39.9694,0.0089,fold1_iberia,pm25,6.321818129613786,9.23568942083416
ES2159A,ES,,40.4491,-3.8037,fold1_iberia,pm25,10.091323178239522,11.134389601451216
ES2160A,ES,,40.23356,-3.7694,fold1_iberia,pm25,11.240044291561944,10.89453492731863
ES2162A,ES,,41.35457,-1.65257,fold1_iberia,pm25,7.199413473807467,9.763465594931661
ES2163A,ES,,39.46922,-0.40605,fold1_iberia,pm25,13.265648091244723,10.207382937712378
ES2172A,ES,,42.9573,-7.5047,fold1_iberia,pm25,10.027908196312143,8.59322337427261
ES2176A,ES,,43.20364,-8.41414,fold1_iberia,pm25,6.096600060381195,9.198809294176158
ES2182A,ES,,42.71528,-7.44944,fold1_iberia,pm25,6.92765957505613,9.069592413798242
PT01048,PT,,41.37139,-7.79083,fold1_iberia,pm25,3.5767952477544993,9.269203574431378
PT02019,PT,,40.256665,-8.781255,fold1_iberia,pm25,7.5572895167925855,9.87568240505942
PT03063,PT,,38.61944,-9.08111,fold1_iberia,pm25,7.866525050159791,10.052635311857319
PT03071,PT,,38.769445000000005,-9.107645,fold1_iberia,pm25,8.393114480458351,10.244531627486817
PT03072,PT,,38.74861,-9.148895,fold1_iberia,pm25,7.837558860004074,10.133616488770084
PT03083,PT,,38.66361,-9.15778,fold1_iberia,pm25,4.812158980654047,9.438915819410067
PT03089,PT,,38.785,-9.34722,fold1_iberia,pm25,7.361763775298798,10.257402316694458
PT03092,PT,,38.48889,-8.960285,fold1_iberia,pm25,4.9937588953033245,8.741171781752566
PT03096,PT,,39.281945,-8.374035,fold1_iberia,pm25,5.204915850821832,8.217555188658624
PT03099,PT,,38.63556,-8.69056,fold1_iberia,pm25,5.331863316027568,10.041687447792556
PT03102,PT,,39.27833,-9.24583,fold1_iberia,pm25,6.422683594923441,9.592407452008707
PT04001,PT,,37.96042,-8.835695000000001,fold1_iberia,pm25,4.359435243407346,9.549981268588914
PT04003,PT,,37.86889,-8.72028,fold1_iberia,pm25,11.807548886220976,8.286411377132808
PT04006,PT,,38.615,-7.397505,fold1_iberia,pm25,5.242150312177212,9.082077323979565
PT05007,PT,,37.015,-7.926674999999999,fold1_iberia,pm25,2.9053246587877393,8.792746967914624
PT07002,PT,,37.75029,-25.66402,fold1_iberia,pm25,7.417541833988338,10.425988908118471
BELAL02,BE,,51.30505,4.23356,fold2_france,pm25,8.681218949154507,11.811993268231202
BELAL03,BE,,51.254235,4.20087,fold2_france,pm25,9.238707010028772,11.557069542330261
BELAL04,BE,,51.290945,4.292675,fold2_france,pm25,9.544191877259173,11.494837610590073
BELAL05,BE,,51.26365,4.27762,fold2_france,pm25,9.093057376347515,11.61458836547333
BELAT83,BE,,51.3398,4.30499,fold2_france,pm25,8.540394538538406,11.391262170298699
BELEG05,BE,,51.17405,3.78608,fold2_france,pm25,10.08962629347626,11.200544011437254
BELGK37,BE,,50.93175,5.52109,fold2_france,pm25,9.12164825856828,11.382728006095427
BELHB23,BE,,51.17029,4.34093,fold2_france,pm25,7.925452726055046,11.751603334668419
BELHH08,BE,,51.03158,5.37637,fold2_france,pm25,8.550181002499839,11.134216933417392
BELMN01,BE,,50.79355,3.10965,fold2_france,pm25,9.716976184977607,11.2477826200022
BELOB01,BE,,50.91714,3.3074,fold2_france,pm25,10.36288367777019,10.725955721494103
BELRL01,BE,,50.95337,3.12108,fold2_france,pm25,9.441992194751958,11.28950947996041
BELSA04,BE,,51.31474,4.40514,fold2_france,pm25,8.832178251904523,11.495899049056272
BELSZ05,BE,,50.91665,4.51518,fold2_france,pm25,8.387775166811306,11.18210203899916
BETAL09,BE,,51.21989,4.36846,fold2_france,pm25,8.718736639508565,11.61900708769421
BETAL10,BE,,51.21989,4.36846,fold2_france,pm25,9.297160705971041,11.61900708769421
BETB011,BE,,50.85781,4.28871,fold2_france,pm25,7.39546297245242,11.094044157152556
BETDU07,BE,,51.22635,4.44879,fold2_france,pm25,10.08139789113105,11.60420165433548
BETH201,BE,,50.62499,5.54746,fold2_france,pm25,6.07839569223688,10.260677370416465
BETM204,BE,,50.61192,5.61115,fold2_france,pm25,5.472364580135345,11.150279617386778
BETM705,BE,,50.94536,3.1524,fold2_france,pm25,9.874458271047748,10.989960342682698
BETM802,BE,,51.26099,4.4244,fold2_france,pm25,9.776273121463404,11.646628036606812
BETMEU1,BE,,50.895,4.39572,fold2_france,pm25,7.751953020144132,11.43302589619983
BETMK02,BE,,51.25051,4.42752,fold2_france,pm25,9.354446864858186,11.667810787403784
BETN012,BE,,51.25457,3.36254,fold2_france,pm25,8.98779207395998,10.762199003333007
BETN016,BE,,51.23365,5.16398,fold2_france,pm25,8.976011418348504,11.629127297600625
BETN029,BE,,51.01628,2.58232,fold2_france,pm25,8.190187599578195,10.121478215058984
BETN035,BE,,50.97758,4.83762,fold2_france,pm25,8.429980626778136,10.669344903198178
BETN043,BE,,50.88369,4.38298,fold2_france,pm25,6.942298047473933,11.348235949892011
BETN047,BE,,50.93554,5.35321,fold2_france,pm25,8.69070655994754,11.202694886585666
BETN052,BE,,50.81487,3.32249,fold2_france,pm25,9.092285143940522,11.054027974545262
BETN054,BE,,50.71171,5.10316,fold2_france,pm25,7.3277754634738645,11.678779430450653
BETN060,BE,,50.61671,3.45763,fold2_france,pm25,7.933713495928668,10.680591936135027
BETN064,BE,,50.72089,4.49436,fold2_france,pm25,7.838308050914827,10.48886301635287
BETN067,BE,,50.61284,5.99144,fold2_france,pm25,4.923455409253611,10.05429652445956
BETN070,BE,,50.46519,3.93971,fold2_france,pm25,8.123414946568925,10.845326994627076
BETN073,BE,,50.50272,4.98842,fold2_france,pm25,6.631973282839757,10.124981938199175
BETN085,BE,,50.30321,6.00174,fold2_france,pm25,3.3652250195964903,9.815374476799489
BETN093,BE,,50.27448,5.23517,fold2_france,pm25,4.924294725167713,9.87491443588697
BETN100,BE,,50.09568,4.59476,fold2_france,pm25,4.143970770645696,10.00217043781616
BETN113,BE,,50.02703,5.59302,fold2_france,pm25,2.6093013133891456,10.180321756599541
BETN121,BE,,49.87713,5.20239,fold2_france,pm25,3.65486567561004,9.700599641067623
BETN132,BE,,49.71928,5.6304,fold2_france,pm25,4.01644621803198,9.92636277458979
BETR001,BE,,50.84971,4.3341,fold2_france,pm25,8.451866296979752,11.881697971496711
BETR012,BE,,50.79665,4.35862,fold2_france,pm25,6.980590916661752,10.896744307681113
BETR020,BE,,50.94139,4.43672,fold2_france,pm25,9.426401519820176,10.968178153921391
BETR215,BE,,50.72797,5.69015,fold2_france,pm25,6.957012977851402,11.00374366338893
BETR221,BE,,50.65844,5.62784,fold2_france,pm25,6.585254993256254,10.654453568288675
BETR222,BE,,50.61341,5.57022,fold2_france,pm25,6.280439393051234,10.931274962731589
BETR223,BE,,50.62067,5.5164,fold2_france,pm25,6.704483116840218,11.145355262900006
BETR237,BE,,50.65381,5.47038,fold2_france,pm25,6.3449236222935825,10.957104229075625
BETR240,BE,,50.58361,5.39745,fold2_france,pm25,6.461000401765379,10.743646379161797
BETR401,BE,,50.46243,4.86526,fold2_france,pm25,5.629607637318141,10.847513645028362
BETR501,BE,,50.40931,4.45217,fold2_france,pm25,6.3276207177528025,11.229412677894636
BETR502,BE,,50.429,4.45868,fold2_france,pm25,6.5510925623727605,10.9253194139994
BETR503,BE,,50.40919,4.44849,fold2_france,pm25,7.373234859576634,11.233477109596512
BETR510,BE,,50.41643,4.52113,fold2_france,pm25,6.4265052135502545,10.788648173909662
BETR511,BE,,50.37759,4.4247,fold2_france,pm25,6.1802059477415225,10.656349832193149
BETR512,BE,,50.40781,4.3959,fold2_france,pm25,7.08784356040778,11.118978447244068
BETR515,BE,,50.4516,4.42546,fold2_france,pm25,6.98930711817636,10.14639148315059
BETR516,BE,,50.46913,4.48496,fold2_france,pm25,6.067437171774892,10.020238156309794
BETR701,BE,,51.05845,3.72925,fold2_france,pm25,8.944574121089067,11.687918356247357
BETR702,BE,,51.0408,3.7348,fold2_france,pm25,8.758883270789456,11.828600375020164
BETR710,BE,,51.06128,3.77526,fold2_france,pm25,8.980095179286767,10.9875655326566
BETR740,BE,,51.15014,3.80874,fold2_france,pm25,10.761876114112965,11.337698847949099
BETR750,BE,,51.19606,3.82292,fold2_france,pm25,9.29615099669912,11.421234122737335
BETR801,BE,,51.20966,4.43182,fold2_france,pm25,9.290511476219999,12.171092241579183
BETR802,BE,,51.20944,4.43166,fold2_france,pm25,9.687418985018303,12.074330939684934
BETR803,BE,,51.22864,4.42848,fold2_france,pm25,9.696551302862344,12.11142004623747
BETR804,BE,,51.2062,4.442,fold2_france,pm25,9.166773476853454,11.54357529829688
BETR805,BE,,51.20825,4.42154,fold2_france,pm25,10.321517761212904,11.9793298609801
BETR817,BE,,51.17719,4.41796,fold2_france,pm25,9.05435319193841,11.307839099434085
BETR818,BE,,51.21223,4.35048,fold2_france,pm25,8.686574643405377,11.940305202100332
BETR823,BE,,51.21324,4.24049,fold2_france,pm25,8.699221570230032,11.604631191304286
BETR834,BE,,51.09282,4.38137,fold2_france,pm25,8.13466214591716,11.414671053548139
BETR842,BE,,51.02037,4.48326,fold2_france,pm25,8.775122650356382,11.608075580931331
BETREG1,BE,,50.84357,4.36701,fold2_france,pm25,7.967311392668529,11.377160374575304
BETZD01,BE,,51.2155,4.32592,fold2_france,pm25,9.29427035366387,11.932142260160846
BETZD08,BE,,51.22731,4.33152,fold2_france,pm25,8.814964709985693,11.880999027691956
FR01011,FR,,49.11944,6.18083,fold2_france,pm25,8.01300090876752,11.150313612098687
FR01020,FR,,49.35834,6.15694,fold2_france,pm25,7.0054319040831645,10.716327892588797
FR01065,FR,,49.16778,5.38746,fold2_france,pm25,7.564222585542412,11.419336316479486
FR02008,FR,,43.40195,4.98192,fold2_france,pm25,8.056584839269393,9.322114839535395
FR02009,FR,,43.39378,4.80102,fold2_france,pm25,7.42436442969478,9.565676072357867
FR02013,FR,,43.45893,4.93457,fold2_france,pm25,9.086471940613583,10.095825121610847
FR02020,FR,,43.5108,5.22005,fold2_france,pm25,9.129427250687897,9.596237184447261
FR02022,FR,,43.67511,4.62921,fold2_france,pm25,10.323604396023525,10.178178868489143
FR02041,FR,,43.639,5.1011,fold2_france,pm25,7.959308565055991,10.281551522287899
FR02043,FR,,43.41653,5.22228,fold2_france,pm25,9.832107402825015,10.248606435246606
FR03006,FR,,43.27645,5.39736,fold2_france,pm25,10.527139495978277,9.871161956540107
FR03014,FR,,43.34805,5.36012,fold2_france,pm25,8.975504522316486,9.862668341860989
FR03021,FR,,43.52407,5.44816,fold2_france,pm25,17.13611121955853,10.37364598289488
FR03027,FR,,43.3352,5.72737,fold2_france,pm25,7.138020490304764,9.055888808104896
FR03029,FR,,43.53029,5.44091,fold2_france,pm25,7.574232257460881,10.28954437830149
FR03030,FR,,43.45358,5.46667,fold2_france,pm25,10.736700385623577,9.841214553821814
FR03043,FR,,43.30529,5.39472,fold2_france,pm25,8.58551838350195,10.458676845852246
FR03064,FR,,43.1359,6.01151,fold2_france,pm25,8.270200425579223,10.100630954401735
FR03070,FR,,43.43787,6.76839,fold2_france,pm25,7.821898936721905,10.899859434829944
FR03071,FR,,43.13111,5.92418,fold2_france,pm25,7.588164585130043,11.009435445094942
FR03080,FR,,43.94967,4.80434,fold2_france,pm25,9.330763793397143,9.818220761649744
FR03091,FR,,43.9314,4.82688,fold2_france,pm25,12.858914515421821,10.141619421962332
FR04002,FR,,48.93032,2.29435,fold2_france,pm25,9.257534726286499,12.05136029728692
FR04004,FR,,48.89167,2.34667,fold2_france,pm25,7.560457725082367,11.08905306506693
FR04024,FR,,48.99083,2.44472,fold2_france,pm25,7.761727871816318,11.498598482852755
FR04031,FR,,48.86883,2.311585,fold2_france,pm25,9.161509248261106,11.266277089749035
FR04034,FR,,48.7759,2.37579,fold2_france,pm25,8.52469013696496,11.007074341092016
FR04048,FR,,49.10028,2.34389,fold2_france,pm25,6.430594120183681,10.141544371588163
FR04055,FR,,48.86212,2.34462,fold2_france,pm25,9.69521697844894,11.033135256480595
FR04058,FR,,48.92528,2.35667,fold2_france,pm25,13.713617818213134,11.517120291386185
FR04066,FR,,48.36417,2.23694,fold2_france,pm25,6.843961652117269,10.358654893618292
FR04122,FR,,48.52806,2.65361,fold2_france,pm25,9.579883200939298,10.846094149379685
FR04131,FR,,48.87333,2.33028,fold2_france,pm25,7.963950120628499,10.4876145834898
FR04150,FR,,48.89139,2.24056,fold2_france,pm25,8.234287763536743,11.420998754107439
FR04156,FR,,48.9025,2.4525,fold2_france,pm25,7.812827972092572,11.603331310962732
FR04173,FR,,48.8059,3.08416,fold2_france,pm25,8.899413534838564,10.865911957582275
FR04180,FR,,48.64093,2.26872,fold2_france,pm25,11.75976227629491,11.188190433483852
FR04181,FR,,48.63373,1.83053,fold2_france,pm25,7.392428263935373,10.292477093377208
FR04328,FR,,48.3547,2.6453,fold2_france,pm25,5.6765301456065105,10.231035134627712
FR04329,FR,,48.83862,2.41278,fold2_france,pm25,10.549255384144173,12.120807743552847
FR05087,FR,,49.49842,0.7587,fold2_france,pm25,9.133703907541449,9.987628466701853
FR05089,FR,,49.50019,0.1109,fold2_france,pm25,8.456207933559023,10.9261134424877
FR05090,FR,,49.51469,0.10065,fold2_france,pm25,8.83306358389256,10.474518149856257
FR06003,FR,,50.37822,3.06586,fold2_france,pm25,9.616519567517143,10.819577926785072
FR06006,FR,,50.36425,3.52273,fold2_france,pm25,9.485899264058993,11.738119004904428
FR06011,FR,,50.32276,3.39593,fold2_france,pm25,9.34472591458994,11.065142782154798
FR06133,FR,,50.09225,3.85003,fold2_france,pm25,8.230834517709656,9.672067748752886
FR07004,FR,,45.79728,3.11383,fold2_france,pm25,6.535997149134305,11.434513562616928
FR07022,FR,,46.65267,3.60067,fold2_france,pm25,5.815687458847706,10.184010677251122
FR07031,FR,,45.10472,3.27736,fold2_france,pm25,3.647047430050857,8.75398141207693
FR07051,FR,,45.769,3.155,fold2_france,pm25,6.326298505300245,10.617675312285836
FR07052,FR,,44.92008,2.44108,fold2_france,pm25,5.198422934346482,10.043309807172673
FR07057,FR,,46.56197,3.34064,fold2_france,pm25,7.757608192788767,10.47686659295008
FR07058,FR,,46.34072,2.59395,fold2_france,pm25,7.281395794993349,11.090383701243741
FR07059,FR,,46.13043,3.42569,fold2_france,pm25,7.106229885230177,11.941516018263703
FR08016,FR,,43.5915,3.88681,fold2_france,pm25,9.295299258670003,10.886191429344699
FR08020,FR,,43.6758,4.08838,fold2_france,pm25,7.427470607686081,10.610104749496067
FR08030,FR,,43.6096,3.89878,fold2_france,pm25,8.666280948490211,10.661092250390508
FR08614,FR,,43.8344,4.3744,fold2_france,pm25,8.11350821084152,10.96904221871014
FR08714,FR,,42.6955,2.90053,fold2_france,pm25,7.631736470557328,10.446399519347544
FR09003,FR,,46.16265,-1.15368,fold2_france,pm25,6.069542445424238,11.523390977624118
FR09103,FR,,45.64743,0.16716,fold2_france,pm25,7.080836744069239,10.874751338132045
FR09203,FR,,46.16163,-1.21123,fold2_france,pm25,7.448560537403216,10.81491255050412
FR09302,FR,,46.14323,-0.39591,fold2_france,pm25,6.346574544269101,9.95724758631493
FR09303,FR,,46.32003,-0.48286,fold2_france,pm25,7.1262323004874215,10.61524069726467
FR09404,FR,,46.584,0.34558,fold2_france,pm25,7.609638965050875,10.887724517474464
FR10004,FR,,51.04858,2.42004,fold2_france,pm25,10.145759327449875,11.282085703653447
FR10016,FR,,50.94729,1.84308,fold2_france,pm25,9.359292491549398,11.202646138264566
FR10017,FR,,51.03276,2.33236,fold2_france,pm25,9.946705035381058,11.094768012614983
FR10030,FR,,50.71703,1.60591,fold2_france,pm25,9.799518162938357,10.765176938766885
FR10132,FR,,50.61048,1.99145,fold2_france,pm25,8.011841041167564,10.305294468035738
FR11038,FR,,50.73333,3.17361,fold2_france,pm25,9.970275069548975,11.194788513007072
FR12004,FR,,43.57569,1.41806,fold2_france,pm25,8.204649668028136,11.716471295342458
FR12020,FR,,43.6287,0.17907,fold2_france,pm25,5.165671927670784,9.172639055257216
FR12021,FR,,43.62361,1.43853,fold2_france,pm25,7.623981274093367,11.505014140591948
FR12030,FR,,43.58735,1.444,fold2_france,pm25,7.650222852819198,11.463898283812606
FR12042,FR,,43.09625,-0.0405,fold2_france,pm25,7.267641253890823,10.300908058797317
FR12052,FR,,43.2303,0.06234,fold2_france,pm25,8.956675034930454,11.133207512616455
FR12053,FR,,43.6105,2.23015,fold2_france,pm25,8.54142352716222,10.545439106973028
FR12054,FR,,43.64394,1.46824,fold2_france,pm25,8.525019464206691,11.004687294974596
FR12085,FR,,43.61039,1.4152,fold2_france,pm25,10.263554535867494,11.695942301119178
FR12095,FR,,44.35699,2.5707,fold2_france,pm25,6.23762573828208,10.706112945397168
FR14008,FR,,49.90778,4.63,fold2_france,pm25,6.253947815386156,10.127612754166849
FR14011,FR,,49.25073,4.02306,fold2_france,pm25,7.615330763174219,10.828727155071352
FR14012,FR,,49.22417,4.02056,fold2_france,pm25,9.139415300549933,10.311985509933201
FR14028,FR,,49.0461,3.95591,fold2_france,pm25,6.559738660539771,10.72925064222418
FR14033,FR,,48.295,4.05028,fold2_france,pm25,5.932301338700868,10.982058532265864
FR14042,FR,,48.64584,4.96611,fold2_france,pm25,6.945662232907718,10.39855675477066
FR15038,FR,,45.1828,5.7531,fold2_france,pm25,9.96406029128114,11.021608468497265
FR15043,FR,,45.1619,5.7356,fold2_france,pm25,9.050380598521272,10.644685698023395
FR15048,FR,,45.2797,5.8822,fold2_france,pm25,9.475824810233853,10.279637344001554
FR15053,FR,,45.15467,5.74523,fold2_france,pm25,9.608914045569978,10.795966329561942
FR16066,FR,,47.73742,7.30908,fold2_france,pm25,8.626749869684271,10.669430463420598
FR16302,FR,,48.49299,7.1298,fold2_france,pm25,4.233481104231003,9.061197286203601
FR18039,FR,,50.12945,1.61083,fold2_france,pm25,8.79330129143679,9.956057200049665
FR18042,FR,,49.85133,3.284,fold2_france,pm25,9.086063290251488,10.679065823908306
FR18043,FR,,49.25955,2.4744,fold2_france,pm25,8.854467433685306,10.876898034600297
FR18053,FR,,49.90167,2.3046,fold2_france,pm25,8.147181991125166,10.523209257157095
FR18057,FR,,49.17493,3.26082,fold2_france,pm25,8.020096892465064,10.118093228821948
FR18058,FR,,49.61563,1.96326,fold2_france,pm25,8.300293607797796,10.046329081703133
FR18080,FR,,49.84282,3.28144,fold2_france,pm25,10.100717206984452,10.534319952877327
FR18089,FR,,49.43593,2.08429,fold2_france,pm25,10.07299578345419,10.48816295427453
FR19002,FR,,48.10861,-1.66586,fold2_france,pm25,7.6840856541540346,10.861580866274325
FR19012,FR,,48.38618,-4.4866,fold2_france,pm25,7.962562735526068,10.106080642985736
FR19014,FR,,48.39746,-4.48871,fold2_france,pm25,7.838276829560991,10.901059401317532
FR19020,FR,,48.26196,-2.94363,fold2_france,pm25,5.374295713307319,10.297023689974813
FR19032,FR,,47.7425,-3.39501,fold2_france,pm25,7.685838006734979,9.854699302116709
FR19033,FR,,47.64892,-2.76399,fold2_france,pm25,7.826339507838599,10.613142764865968
FR19037,FR,,47.75895,-3.36938,fold2_france,pm25,8.138652102380266,10.113234941859593
FR19039,FR,,48.11521,-1.67309,fold2_france,pm25,8.185233081567757,10.53329600315601
FR19053,FR,,47.98661,-4.09766,fold2_france,pm25,6.874093035471842,9.926970901075013
FR19061,FR,,48.51351,-2.74953,fold2_france,pm25,6.58738933372965,10.350217538013077
FR19082,FR,,48.65306,-2.00268,fold2_france,pm25,7.9799907955473675,10.9517845214845
FR20013,FR,,45.72002,4.81816,fold2_france,pm25,11.031941509150359,10.691643941766193
FR20017,FR,,45.73529,4.82979,fold2_france,pm25,10.001421887841728,11.113392184811882
FR20048,FR,,45.7533,5.0722,fold2_france,pm25,8.64506854621914,10.36810179393747
FR20062,FR,,45.75773,4.85421,fold2_france,pm25,9.518655087113501,11.135460140259887
FR20077,FR,,45.99011,4.71557,fold2_france,pm25,9.03593093527524,11.254750180501071
FR21001,FR,,49.19222,-0.39111,fold2_france,pm25,6.888485799946503,10.379728829506373
FR21031,FR,,48.44555,0.11083,fold2_france,pm25,6.821870613512295,9.613368894413766
FR21038,FR,,49.64225,-1.62436,fold2_france,pm25,7.901841840192518,10.23485314499482
FR21039,FR,,49.63389,-1.62472,fold2_france,pm25,6.474146187638705,10.771588871868333
FR21050,FR,,48.645,-0.45833,fold2_france,pm25,5.691962261682984,9.630982456853399
FR22054,FR,,49.18742,6.91087,fold2_france,pm25,6.7417500473884555,9.997146819757878
FR23003,FR,,47.3227,-2.03924,fold2_france,pm25,7.252752687515683,9.857118771250976
FR23068,FR,,47.24735,-1.93652,fold2_france,pm25,7.218863543662484,9.911460164585652
FR23070,FR,,47.28313,-1.78308,fold2_france,pm25,6.83122966810033,9.837678051328034
FR23107,FR,,47.25278,-1.57333,fold2_france,pm25,7.488143578227509,11.040832031998832
FR23110,FR,,47.26411,-2.25015,fold2_france,pm25,7.521424796163133,10.821947404430082
FR23120,FR,,47.4685,-0.55593,fold2_france,pm25,7.4277409301188575,10.538673065428748
FR23123,FR,,48.0693,-0.76813,fold2_france,pm25,7.6736933948404245,10.680283724163735
FR23124,FR,,46.65662,-0.74338,fold2_france,pm25,6.6569895999267406,9.603860052915579
FR23152,FR,,46.66065,-1.43686,fold2_france,pm25,7.465773977247265,11.083559303730262
FR23177,FR,,47.78833,-0.44476,fold2_france,pm25,6.985586361867145,9.522800620758355
FR23178,FR,,47.31889,-2.06688,fold2_france,pm25,6.410487918350521,9.980853698606708
FR23182,FR,,47.97115,0.22136,fold2_france,pm25,7.269209987301634,10.720491795555635
FR23188,FR,,47.22219,-1.53743,fold2_france,pm25,7.59298825505218,11.20630743703466
FR23238,FR,,47.19416,-1.58169,fold2_france,pm25,8.009822056745875,10.811424894165869
FR23239,FR,,47.18594,-1.5915,fold2_france,pm25,8.419172634965225,11.27115791195466
FR23249,FR,,47.32113,-2.12734,fold2_france,pm25,7.401277258587618,9.913108218529624
FR23251,FR,,47.23356,-1.56481,fold2_france,pm25,8.60112857876029,10.842631271239233
FR23252,FR,,48.07104,-0.76699,fold2_france,pm25,6.902154873018684,10.937419008666206
FR24009,FR,,43.55839,7.00592,fold2_france,pm25,8.911877976277738,10.890245901572486
FR24018,FR,,43.83578,5.78613,fold2_france,pm25,7.581698973793935,10.483300043308557
FR24021,FR,,43.78658,7.37328,fold2_france,pm25,10.832026620019024,10.137054188282855
FR24033,FR,,44.5552,6.07302,fold2_france,pm25,10.468571535303541,11.113203560346621
FR24035,FR,,43.68929,7.24207,fold2_france,pm25,9.352591808959906,10.388972097492148
FR24036,FR,,43.70208,7.28626,fold2_france,pm25,9.203582322659646,11.344246675674142
FR24038,FR,,44.54865,6.06724,fold2_france,pm25,9.071532278886888,10.787596675034951
FR24039,FR,,43.93348,5.71181,fold2_france,pm25,4.267820942269669,8.73095362411849
FR25036,FR,,49.44236,1.09379,fold2_france,pm25,9.02431762438911,10.251476580062327
FR25039,FR,,49.02134,1.14832,fold2_france,pm25,7.283720190899369,10.996565234338004
FR25043,FR,,49.4005,1.09904,fold2_france,pm25,8.172874388352847,10.43037561422284
FR25049,FR,,49.30487,1.21437,fold2_france,pm25,7.7891989918366225,10.327542076739718
FR25051,FR,,49.91801,1.07397,fold2_france,pm25,10.12221179410154,10.607808865674732
FR25053,FR,,49.4367,1.09884,fold2_france,pm25,8.49665267018441,10.553023629990202
FR25055,FR,,49.92049,1.04789,fold2_france,pm25,8.022668699820747,9.40364271645134
FR26005,FR,,47.30737,5.06588,fold2_france,pm25,6.223207471577141,10.764926767430927
FR26012,FR,,47.27476,4.09948,fold2_france,pm25,4.310619993245144,9.58257714653957
FR26017,FR,,46.99683,3.17109,fold2_france,pm25,5.71319149603155,10.521683242602016
FR26019,FR,,47.80058,3.57619,fold2_france,pm25,7.3097493715087545,10.807130581007268
FR26094,FR,,47.35137,5.07071,fold2_france,pm25,6.769093412756423,10.804737368606705
FR27007,FR,,45.60822,5.27087,fold2_france,pm25,8.044117089313799,10.204973233630362
FR27011,FR,,45.34408,4.80748,fold2_france,pm25,9.63457680284305,10.14804330124202
FR28010,FR,,50.44914,2.9,fold2_france,pm25,7.54891920644285,10.784105146642435
FR28022,FR,,50.30886,2.80737,fold2_france,pm25,7.489748260306607,10.204956320063483
FR28028,FR,,50.53539,2.63569,fold2_france,pm25,8.526686994928667,11.184392403065077
FR29424,FR,,45.42009,4.39542,fold2_france,pm25,8.148365231095033,11.431472617665369
FR29426,FR,,45.47533,4.515,fold2_france,pm25,8.86627216052768,12.024667152992876
FR30019,FR,,48.17265,6.45282,fold2_france,pm25,8.308861204530007,10.480874669687351
FR30026,FR,,48.58482,6.4839,fold2_france,pm25,8.241098550365395,10.041903725597608
FR30033,FR,,49.06583,5.78556,fold2_france,pm25,8.144190980940259,10.065783789567957
FR30034,FR,,48.68817,6.19043,fold2_france,pm25,8.1412821389607,12.044270466838052
FR30036,FR,,48.69708,6.15419,fold2_france,pm25,8.63796903087585,10.754702272263748
FR31002,FR,,44.80046,-0.5894,fold2_france,pm25,8.158656856550069,11.667374853432419
FR31007,FR,,44.90029,-0.51584,fold2_france,pm25,8.590347237017228,11.459839391443753
FR31013,FR,,43.3108,-0.39154,fold2_france,pm25,7.53296259798551,10.27990794660859
FR31017,FR,,43.49404,-1.52875,fold2_france,pm25,13.424702384683686,11.66814319999127
FR31033,FR,,45.18982,0.72718,fold2_france,pm25,7.772313993088751,10.291835836031693
FR31043,FR,,43.47024,-1.55388,fold2_france,pm25,5.501036164113646,10.901744510464539
FR31045,FR,,44.83382,-0.59853,fold2_france,pm25,7.765772618848254,11.62094691529111
FR31055,FR,,43.88897,-0.50703,fold2_france,pm25,8.761931623054537,11.663423542298897
FR32001,FR,,46.78231,4.84732,fold2_france,pm25,8.402649401887524,10.571110654040027
FR32002,FR,,46.82106,4.83508,fold2_france,pm25,7.272356207827985,10.626635176424012
FR32005,FR,,46.67878,4.36689,fold2_france,pm25,7.072099395314754,10.798681366629033
FR32006,FR,,46.31617,4.83999,fold2_france,pm25,6.179472879951512,10.511672715966506
FR33101,FR,,45.56472,5.92833,fold2_france,pm25,7.636141374613624,10.395292407847338
FR33121,FR,,45.675,6.38972,fold2_france,pm25,8.422609536188224,10.218659504089256
FR33201,FR,,45.89528,6.11833,fold2_france,pm25,7.942851352066538,11.109111478212725
FR33211,FR,,46.19583,6.24056,fold2_france,pm25,8.109985251985089,11.028559660002784
FR33212,FR,,46.19364,6.21453,fold2_france,pm25,8.403892442421743,9.961248364830713
FR33220,FR,,45.92361,6.71361,fold2_france,pm25,12.790952757690036,9.429887613707974
FR33305,FR,,46.21167,5.22639,fold2_france,pm25,7.551971799289996,10.912566752979279
FR34024,FR,,47.34414,0.65378,fold2_france,pm25,7.106089716648248,9.994690457927936
FR34028,FR,,47.39464,0.70486,fold2_france,pm25,6.8608422776606455,10.380258426042126
FR34029,FR,,47.83775,1.94467,fold2_france,pm25,6.940729990086507,10.146301380391014
FR34032,FR,,47.08278,2.40533,fold2_france,pm25,7.113431055559308,10.673768954831859
FR34038,FR,,46.81469,2.61007,fold2_france,pm25,5.477569174429958,9.907730694171683
FR34041,FR,,48.44442,1.51014,fold2_france,pm25,7.263272358766912,10.314921349736116
FR34046,FR,,48.72969,1.35847,fold2_france,pm25,7.0262745842320005,10.012791103482982
FR34048,FR,,48.44916,1.49247,fold2_france,pm25,6.3352192978714585,10.665749301758215
FR34051,FR,,46.79828,1.69314,fold2_france,pm25,6.967611981437969,10.783252193181614
FR34061,FR,,47.59426,1.30267,fold2_france,pm25,7.016916698616246,9.948780122064067
FR34063,FR,,47.58654,1.32653,fold2_france,pm25,6.6420165649688165,10.309638796854474
FR34064,FR,,48.00694,2.74011,fold2_france,pm25,6.916817361630204,10.276800950136343
FR34066,FR,,48.00145,2.72618,fold2_france,pm25,6.871569779260313,10.23625796786204
FR34067,FR,,47.9103,1.87343,fold2_france,pm25,8.717967892962685,10.859754565310526
FR35007,FR,,45.87331,1.30792,fold2_france,pm25,9.756946996437089,9.878815765109566
FR35027,FR,,45.8422,1.25969,fold2_france,pm25,6.717573004696016,10.26361473842494
FR36002,FR,,44.93351,4.89348,fold2_france,pm25,9.726118388966286,11.77164261958137
FR36019,FR,,45.0425,5.0443,fold2_france,pm25,11.075164188597531,11.173570630103061
FR36021,FR,,44.56944,5.27897,fold2_france,pm25,4.823279565149778,8.980967161096094
FR41001,FR,,41.92469,8.73569,fold2_france,pm25,9.140261607232576,10.180949885689643
FR41002,FR,,42.69792,9.44642,fold2_france,pm25,7.387016931420275,10.448694979072313
FR41017,FR,,42.67133,9.43464,fold2_france,pm25,8.136610706854096,10.214418651626756
FR41024,FR,,42.23603,9.19003,fold2_france,pm25,4.116580012160043,8.683530713225528
FR42010,FR,,48.57281,7.76783,fold2_france,pm25,9.351613583891146,9.745304020442488
FR42011,FR,,48.81835,7.78641,fold2_france,pm25,7.943177271753184,10.771479579847698
FR50060,FR,,44.01286,1.37531,fold2_france,pm25,8.27591214517193,11.409935866925768
FR50225,FR,,43.61161,3.82787,fold2_france,pm25,13.472348080628665,10.43080349798622
FR82006,FR,,47.2474,6.01542,fold2_france,pm25,6.279723561022523,10.078058272123029
FR82010,FR,,47.51031,6.794,fold2_france,pm25,9.000102094831345,9.93073409736636
FR82040,FR,,47.09672,5.49639,fold2_france,pm25,7.769587574491982,10.482275726443284
FR82050,FR,,46.67132,5.55662,fold2_france,pm25,5.541840338660793,10.968003458372502
FR82060,FR,,47.62002,6.15764,fold2_france,pm25,7.090162265543673,10.477682921414987
FR82070,FR,,47.35129,6.35972,fold2_france,pm25,7.395095771849378,10.229638075454602
LU0101A,LU,,49.59801,6.137825,fold2_france,pm25,7.424579137997662,10.98049801336327
LU0102A,LU,,49.50528,5.97668,fold2_france,pm25,7.6015397640530775,11.269045042867116
LU0105A,LU,,49.72226,6.30533,fold2_france,pm25,7.116976806356449,9.68563537037942
LU0109A,LU,,49.61157,6.11847,fold2_france,pm25,7.782848092357698,10.806062775100589
NL00007,NL,,52.38111,4.84501,fold2_france,pm25,8.874215282095076,11.609761456982161
NL00012,NL,,52.39,4.88806,fold2_france,pm25,8.465266486868787,11.446356676067376
NL00014,NL,,52.36,4.8089,fold2_france,pm25,8.727544715883909,11.640387148075357
NL00016,NL,,52.393515,4.87008,fold2_france,pm25,8.557732612095212,11.403281097142482
NL00017,NL,,52.35806,4.9,fold2_france,pm25,10.081590353231512,11.75084760544521
NL00131,NL,,51.54052,5.85309,fold2_france,pm25,8.785189954035724,11.19601570787569
NL00136,NL,,50.88796,5.97053,fold2_france,pm25,7.444362544062571,11.38486995503273
NL00138,NL,,50.90032,5.98685,fold2_france,pm25,7.717752603941532,11.101944783384893
NL00230,NL,,51.51894,5.148675000000001,fold2_france,pm25,10.815766853345748,11.519722880490335
NL00240,NL,,51.59354,4.82499,fold2_france,pm25,8.414217559078883,11.244296891290896
NL00241,NL,,51.603205,4.780935,fold2_france,pm25,9.877986233996198,11.647118167332938
NL00247,NL,,51.40737,5.39333,fold2_france,pm25,9.803150668377844,10.967833590612468
NL00404,NL,,52.07715,4.28919,fold2_france,pm25,7.860677979116891,12.303832347115295
NL00418,NL,,51.91423,4.48,fold2_france,pm25,7.980246827454914,12.08047341522371
NL00444,NL,,52.29656,4.51082,fold2_france,pm25,7.587770220597638,11.114217402375296
NL00449,NL,,51.91488,4.32943,fold2_france,pm25,9.284814202635905,11.897672316938166
NL00450,NL,,52.06254,4.31855,fold2_france,pm25,9.699842698300658,12.047254375978842
NL00485,NL,,51.86676,4.35526,fold2_france,pm25,8.530045143083663,11.495771715173376
NL00487,NL,,51.89115,4.48069,fold2_france,pm25,9.474510455583776,12.061266582728233
NL00488,NL,,51.89363,4.48753,fold2_france,pm25,8.63105736464155,11.978008514905406
NL00489,NL,,51.86943,4.58006,fold2_france,pm25,8.690705137344558,11.388876466442444
NL00491,NL,,51.93859,4.43071,fold2_france,pm25,8.796633647140935,12.320040463011267
NL00493,NL,,51.92711,4.46134,fold2_france,pm25,8.369808619727447,11.907065205582974
NL00494,NL,,51.92125,4.40139,fold2_france,pm25,8.790007008803718,12.243494324888157
NL00495,NL,,51.93204,4.22803,fold2_france,pm25,7.974487878378755,11.569227312093656
NL00496,NL,,51.97783,4.1219,fold2_france,pm25,8.988457341442095,11.214607599054245
NL00538,NL,,52.80366,5.05051,fold2_france,pm25,7.34652182176204,10.498952036085491
NL00551,NL,,52.46302,4.60192,fold2_france,pm25,8.151879063663623,11.780654701873384
NL00553,NL,,52.494,4.60238,fold2_france,pm25,8.554342326181557,11.328458282876012
NL00556,NL,,52.56359,4.8617,fold2_france,pm25,6.5072011085113814,10.568197746200479
NL00561,NL,,52.33362,4.77347,fold2_france,pm25,8.561081499325988,10.850041118919606
NL00570,NL,,52.48927,4.64054,fold2_france,pm25,9.61584913344343,11.467515950778717
NL00572,NL,,52.4744,4.62853,fold2_france,pm25,11.078642426683421,11.553971023381186
NL00573,NL,,52.478,4.57877,fold2_france,pm25,12.613149619000712,11.139689742060431
NL00636,NL,,52.10506,5.12446,fold2_france,pm25,9.366706058257925,11.203100812465355
NL00641,NL,,52.20153,4.98744,fold2_france,pm25,10.24516513197722,10.676865979429792
NL00643,NL,,52.10133,5.12821,fold2_france,pm25,9.55061344723732,11.252448977177446
NL00644,NL,,51.97449,4.9233,fold2_france,pm25,9.443185588950264,10.634654722948289
NL00701,NL,,52.45,4.81667,fold2_france,pm25,8.196569224936132,11.915920238234976
NL00703,NL,,52.399285,4.7292950000000005,fold2_france,pm25,8.153389300786433,11.133765472505731
NL00704,NL,,52.43,4.77,fold2_france,pm25,7.5012004291544585,11.167329135188373
NL00738,NL,,52.11162,5.70842,fold2_france,pm25,8.0045370360857,10.97538751442408
NL00741,NL,,51.84138,5.85778,fold2_france,pm25,10.652229823119047,11.760683016316886
NL00742,NL,,51.83822,5.85694,fold2_france,pm25,8.551209303886697,11.423988837633772
NL00821,NL,,52.2345,6.91949,fold2_france,pm25,7.005647684962775,10.840242447575637
NL00934,NL,,53.33043,6.27694,fold2_france,pm25,6.532215100656203,10.980369404635852
NL00937,NL,,53.21783,6.5789,fold2_france,pm25,8.0258802395294,11.369588696153626
NL00938,NL,,53.24653,6.60894,fold2_france,pm25,7.169024221565132,10.59835799130102
NL01497,NL,,51.93352,3.99972,fold2_france,pm25,7.656129649931768,10.930928856124801
NL01912,NL,,51.86169,4.56377,fold2_france,pm25,8.504342613865905,11.496973837719006
NL01913,NL,,51.27938,3.83859,fold2_france,pm25,9.84580228348296,11.50973665952829
NL10248,NL,,51.69816,5.54332,fold2_france,pm25,10.147642208696245,11.368144445640278
NL49557,NL,,52.49005,4.59931,fold2_france,pm25,10.206921126236146,11.598361466481387
IT0459A,IT,,43.59889,13.34194,fold3_italy,pm25,20.76945117130578,9.870685936190933
IT0460A,IT,,43.52694,13.245,fold3_italy,pm25,13.25414484662915,11.6897200046476
IT0461A,IT,,43.63334,13.3875,fold3_italy,pm25,16.80405476039665,9.935829978588968
IT0470A,IT,,45.10361,7.695,fold3_italy,pm25,20.06818192654986,11.977153691912259
IT0477A,IT,,45.49556,9.19139,fold3_italy,pm25,20.40608652402196,13.676356827776639
IT0480A,IT,,45.53389,9.23639,fold3_italy,pm25,20.636416151837132,13.543688934962601
IT0499A,IT,,46.61944,10.85917,fold3_italy,pm25,10.814289813695382,9.637331927295985
IT0591A,IT,,45.89306,11.03639,fold3_italy,pm25,13.08090345868178,10.901175651759166
IT0594A,IT,,45.54083,10.22361,fold3_italy,pm25,15.202752124197056,10.739100961716629
IT0663A,IT,,45.71444,11.36861,fold3_italy,pm25,16.59609998460679,12.445086771589224
IT0692A,IT,,45.10167,8.90556,fold3_italy,pm25,18.655501888414125,10.850263115408826
IT0703A,IT,,46.05111,11.45444,fold3_italy,pm25,14.049648950822181,10.614288304704937
IT0707A,IT,,45.69028,9.64389,fold3_italy,pm25,17.526404100691824,12.367840407317855
IT0771A,IT,,45.80444,9.08361,fold3_italy,pm25,14.776433576609026,12.055663400563427
IT0777A,IT,,45.697590000000005,9.40629,fold3_italy,pm25,16.70082867661361,11.631590412737856
IT0778A,IT,,45.51833,9.59139,fold3_italy,pm25,20.51810600193684,12.78375102682926
IT0804A,IT,,44.79361,10.33167,fold3_italy,pm25,16.561452827409365,12.625603160562743
IT0825A,IT,,41.947475,12.46964,fold3_italy,pm25,13.16638436721075,12.878628177737
IT0840A,IT,,45.28472,9.86417,fold3_italy,pm25,24.716712817856383,10.610751993523785
IT0854A,IT,,44.41816,8.92737,fold3_italy,pm25,10.097513309138971,11.02661503970577
IT0858A,IT,,44.39489,8.99154,fold3_italy,pm25,5.804062401161301,10.336205660183484
IT0861A,IT,,43.77306,11.27222,fold3_italy,pm25,13.925501572796744,13.082837060331325
IT0862A,IT,,43.78667,11.2875,fold3_italy,pm25,11.396396427847467,10.95860942980871
IT0863A,IT,,42.42195,12.10917,fold3_italy,pm25,8.55766034786819,11.94521631684717
IT0867A,IT,,42.40417,12.85833,fold3_italy,pm25,9.546723843720093,10.6126638769381
IT0871A,IT,,41.68895,13.257925,fold3_italy,pm25,16.42885238517685,8.846104820963982
IT0885A,IT,,42.09159,11.80249,fold3_italy,pm25,8.847262224808928,10.167808239797742
IT0887A,IT,,41.99556,12.72639,fold3_italy,pm25,9.30311623462374,11.14611418250386
IT0889A,IT,,41.725,13.00944,fold3_italy,pm25,17.285754409760898,12.186520098071272
IT0892A,IT,,44.48333,11.355,fold3_italy,pm25,14.191549475934503,12.760448923571456
IT0898A,IT,,40.85278,14.25139,fold3_italy,pm25,14.704863039611576,13.34270121156098
IT0903A,IT,,44.51611,10.73389,fold3_italy,pm25,14.786703769763927,9.977112507555432
IT0908A,IT,,46.47028,10.3725,fold3_italy,pm25,9.160227272948468,10.469336436078635
IT0912A,IT,,45.19389,9.16472,fold3_italy,pm25,19.316520448901514,12.76182634437837
IT0934A,IT,,41.13146,14.78938,fold3_italy,pm25,17.39031458788808,10.240372882451386
IT0940A,IT,,44.69083,10.66472,fold3_italy,pm25,15.572222170929953,10.735034374952997
IT0945A,IT,,43.87472,11.10528,fold3_italy,pm25,12.937676895498663,13.608257958733747
IT0950A,IT,,43.46111,11.88889,fold3_italy,pm25,13.014326660879654,11.013729943768595
IT0953A,IT,,41.93278,12.50695,fold3_italy,pm25,10.954706012555306,10.55134401968032
IT0956A,IT,,41.85778,12.56861,fold3_italy,pm25,13.26022747100741,13.402989965124847
IT0957A,IT,,41.93139,12.65917,fold3_italy,pm25,11.767732926372133,9.695881267510867
IT0963A,IT,,45.49917,12.26222,fold3_italy,pm25,21.819484203179492,13.711892422009406
IT0966A,IT,,46.06611,13.24056,fold3_italy,pm25,12.161473239328002,11.530918506956144
IT0983A,IT,,45.73583,7.32417,fold3_italy,pm25,8.886118891996313,11.141645854709207
IT0989A,IT,,42.5725,12.96195,fold3_italy,pm25,7.589887657988891,8.728791991600422
IT0992A,IT,,41.67,13.67445,fold3_italy,pm25,10.668907661175933,8.70208196906359
IT1011A,IT,,42.56,12.65083,fold3_italy,pm25,17.246537513692374,12.878493899591767
IT1016A,IT,,45.46972,9.19806,fold3_italy,pm25,21.131163757763165,12.40591606989036
IT1037A,IT,,46.06445,11.12667,fold3_italy,pm25,12.928480560358244,10.357114430730656
IT1043A,IT,,44.0625,12.55333,fold3_italy,pm25,16.030986203731953,13.458982148702619
IT1048A,IT,,44.21917,12.04889,fold3_italy,pm25,14.900552116342569,14.318121673234556
IT1065A,IT,,45.76083,11.73667,fold3_italy,pm25,14.415730299090583,11.74892462377743
IT1110A,IT,,43.73889,10.40167,fold3_italy,pm25,12.51977400089935,11.478761362108274
IT1128A,IT,,45.15508,7.65859,fold3_italy,pm25,17.022099532285953,12.302623170707273
IT1130A,IT,,45.14313,7.77813,fold3_italy,pm25,19.630372618893105,11.904091539197196
IT1143A,IT,,44.2725,8.43889,fold3_italy,pm25,8.62000001703219,10.60453394319319
IT1144A,IT,,44.29389,8.41139,fold3_italy,pm25,8.980169946919206,9.824224218768821
IT1145A,IT,,44.31268,8.47293,fold3_italy,pm25,12.38198789875769,12.344425769284818
IT1153A,IT,,45.13278,10.01667,fold3_italy,pm25,23.1617089010221,11.939995461689119
IT1159A,IT,,44.49972,11.32833,fold3_italy,pm25,14.347107602183982,13.9996673601436
IT1166A,IT,,46.40194,13.01111,fold3_italy,pm25,11.002890116843947,9.67662221771839
IT1170A,IT,,46.03505,13.22529,fold3_italy,pm25,12.954674383864049,10.34164882503843
IT1177A,IT,,45.56056,11.53972,fold3_italy,pm25,20.636871047300374,13.482003731329064
IT1179A,IT,,44.83972,11.96111,fold3_italy,pm25,12.213888789519487,10.010088928113335
IT1180A,IT,,43.10306,12.36611,fold3_italy,pm25,13.039215711883683,11.891348719927343
IT1182A,IT,,43.089445,12.441665,fold3_italy,pm25,11.633431074053746,11.717116541464287
IT1183A,IT,,41.49,13.83056,fold3_italy,pm25,20.14753624572393,11.636942259840625
IT1184A,IT,,41.53139,12.94611,fold3_italy,pm25,8.731356135431842,9.920214142577816
IT1186A,IT,,43.88389,10.245,fold3_italy,pm25,13.324022498903656,12.311230666028717
IT1187A,IT,,43.84083,10.57389,fold3_italy,pm25,18.761643898779333,10.472827852196332
IT1204A,IT,,44.42,12.22556,fold3_italy,pm25,13.82369924484936,11.421072380455582
IT1215A,IT,,45.07472,11.78333,fold3_italy,pm25,23.490303823428956,13.288710949811112
IT1222A,IT,,45.63028,12.59167,fold3_italy,pm25,20.378829798717845,10.432129921706899
IT1247A,IT,,45.558705,8.056395,fold3_italy,pm25,9.59405940659894,12.985692827840376
IT1264A,IT,,42.46667,14.21306,fold3_italy,pm25,13.311965808988393,12.764279459182227
IT1269A,IT,,39.07,9.01667,fold3_italy,pm25,10.27006556248809,8.065197106184561
IT1286A,IT,,45.30528,9.48556,fold3_italy,pm25,13.467400744069714,11.45140913076716
IT1294A,IT,,45.52583,8.73667,fold3_italy,pm25,14.893328645041615,12.754631192445535
IT1328A,IT,,45.89056,12.30806,fold3_italy,pm25,16.733146292639066,12.296795921729814
IT1361A,IT,,43.83972,13.01861,fold3_italy,pm25,17.15732715836088,12.9192753866414
IT1388A,IT,,45.410835,10.69194,fold3_italy,pm25,18.435515166223126,11.590252590439615
IT1409A,IT,,43.71389,10.41056,fold3_italy,pm25,13.828651784577955,13.485977248603836
IT1423A,IT,,42.45667,14.23472,fold3_italy,pm25,12.748265953140905,9.604320383592468
IT1451A,IT,,44.66222,11.63944,fold3_italy,pm25,15.177842621072944,10.46211794881895
IT1453A,IT,,45.37194,11.84194,fold3_italy,pm25,22.315641963334503,12.43720458657718
IT1456A,IT,,44.11081,9.83211,fold3_italy,pm25,10.74462918559804,11.26460941060643
IT1457A,IT,,44.10165,9.8187,fold3_italy,pm25,9.379109160537885,12.359784901553377
IT1464A,IT,,45.4975,9.55639,fold3_italy,pm25,20.829544988852586,10.30108054393587
IT1475A,IT,,45.62421,13.78026,fold3_italy,pm25,11.061624598037644,9.405169439236117
IT1487A,IT,,41.07795,14.33122,fold3_italy,pm25,10.045619333178726,10.180718336422514
IT1488A,IT,,41.04592,14.37809,fold3_italy,pm25,15.442568687360216,11.505409720609261
IT1493A,IT,,40.86427,14.34108,fold3_italy,pm25,18.622209857963735,12.688345686399826
IT1497A,IT,,40.86369,14.25451,fold3_italy,pm25,11.667298784134141,10.511007277749123
IT1504A,IT,,40.68389,14.76972,fold3_italy,pm25,12.043944856098136,11.638820354285999
IT1510A,IT,,45.9303,8.5655,fold3_italy,pm25,10.162534432133718,11.144645877689594
IT1523A,IT,,44.9089,8.2055,fold3_italy,pm25,19.280701887179777,11.07570729340112
IT1529A,IT,,44.3818,7.5382,fold3_italy,pm25,11.121126778484836,12.821549918061947
IT1532A,IT,,45.7132,8.2835,fold3_italy,pm25,11.955089866436895,12.703912184590063
IT1533A,IT,,45.3284,8.4151,fold3_italy,pm25,16.533191236271705,11.988721176084447
IT1536A,IT,,44.116905,9.84336,fold3_italy,pm25,9.765158224201482,12.66005631982843
IT1544A,IT,,44.10666,9.8577,fold3_italy,pm25,13.73868280790715,9.366148813787841
IT1549A,IT,,44.51859,8.87383,fold3_italy,pm25,7.318944508968057,10.81179354278991
IT1553A,IT,,43.91611,11.00695,fold3_italy,pm25,16.497159286630556,11.00635579232438
IT1557A,IT,,43.52,10.32167,fold3_italy,pm25,7.670391004254705,12.610609931921934
IT1560A,IT,,43.55472,10.32972,fold3_italy,pm25,10.387005666683255,13.859041100122385
IT1575A,IT,,39.17722,8.43028,fold3_italy,pm25,4.85895494090943,7.921369990052778
IT1576A,IT,,39.20334,8.38611,fold3_italy,pm25,2.9805102830272476,8.588077577412795
IT1578A,IT,,43.89333,12.91889,fold3_italy,pm25,13.288656284473715,12.075565704658091
IT1582A,IT,,45.1361,8.4452,fold3_italy,pm25,13.696818241995807,11.036345467386832
IT1588A,IT,,45.81694,8.82028,fold3_italy,pm25,13.1506982515351,10.431135110756985
IT1590A,IT,,45.6725,12.23861,fold3_italy,pm25,19.232352794452748,12.927527973866844
IT1593A,IT,,42.77861,11.11917,fold3_italy,pm25,9.546742206236138,9.8914339736031
IT1594A,IT,,46.14139,12.21694,fold3_italy,pm25,12.441666510552604,9.299500482160735
IT1596A,IT,,45.83695,12.51028,fold3_italy,pm25,18.41159459244235,12.99237796189207
IT1606A,IT,,41.11322,16.887999999999998,fold3_italy,pm25,11.181213865147885,11.290488358296406
IT1609A,IT,,40.52111,17.20417,fold3_italy,pm25,8.864117651079656,9.488189810140883
IT1611A,IT,,40.48861,17.22583,fold3_italy,pm25,10.651381193039812,10.967656130102316
IT1613A,IT,,40.49445,17.26361,fold3_italy,pm25,11.212034313223164,8.947145921699338
IT1618A,IT,,40.639075,17.947940000000003,fold3_italy,pm25,11.509850771737348,9.130001169138458
IT1619A,IT,,46.03083,11.90583,fold3_italy,pm25,17.11977730294851,7.962884789319783
IT1621A,IT,,41.12231,16.87256,fold3_italy,pm25,11.40361117330491,9.668792400652226
IT1650A,IT,,45.62694,9.02417,fold3_italy,pm25,19.020127113523177,13.31884888995486
IT1654A,IT,,43.87278,11.09194,fold3_italy,pm25,14.581460811621172,13.332544324076288
IT1681A,IT,,43.66028,11.90167,fold3_italy,pm25,5.052941086721481,6.7188028890254206
IT1692A,IT,,45.47833,9.23583,fold3_italy,pm25,17.176923092725897,12.904719662039243
IT1696A,IT,,46.43444,11.33944,fold3_italy,pm25,11.393929983303256,8.636879370282685
IT1698A,IT,,44.40492,8.96819,fold3_italy,pm25,15.072373846755436,10.626361943464758
IT1702A,IT,,40.65006,17.94258,fold3_italy,pm25,11.203089938764974,8.873697920606418
IT1728A,IT,,42.55222,12.65167,fold3_italy,pm25,16.40517207182939,12.241183078391119
IT1737A,IT,,45.51528,10.21944,fold3_italy,pm25,21.762572767284546,12.77643575258227
IT1739A,IT,,45.14222,10.04583,fold3_italy,pm25,20.596264730796396,10.89194848385766
IT1743A,IT,,45.58111,9.274445,fold3_italy,pm25,24.30817690099661,14.307519135316452
IT1771A,IT,,44.65061,10.90633,fold3_italy,pm25,18.823188098629622,12.82676762999909
IT1773A,IT,,43.46806,12.95222,fold3_italy,pm25,8.317373164316086,6.82553697712311
IT1788A,IT,,45.4512,7.878,fold3_italy,pm25,19.027131857330094,11.447411034001023
IT1795A,IT,,43.285,13.42861,fold3_italy,pm25,9.114084088210362,10.28028655600193
IT1796A,IT,,43.33556,13.67472,fold3_italy,pm25,11.975235719115771,8.189104353950368
IT1798A,IT,,41.55417,14.67472,fold3_italy,pm25,10.376436750520691,9.879259345662405
IT1801A,IT,,41.99806,14.99333,fold3_italy,pm25,9.888571426132959,10.995433470639876
IT1817A,IT,,40.95667,17.29028,fold3_italy,pm25,9.790196084063302,8.77978567033572
IT1818A,IT,,40.82714,16.56017,fold3_italy,pm25,10.22097701403949,9.871176254554001
IT1822A,IT,,41.23153,16.30331,fold3_italy,pm25,12.814647990869531,10.70080139929332
IT1823A,IT,,40.95141,16.91985,fold3_italy,pm25,11.504913366627164,9.934514424748352
IT1826A,IT,,45.84944,9.39583,fold3_italy,pm25,11.124778786904516,12.27794090213523
IT1827A,IT,,43.611665,13.50861,fold3_italy,pm25,14.287353355244992,10.842492203722877
IT1830A,IT,,44.91932,8.622015000000001,fold3_italy,pm25,17.728155633872223,11.391390097583939
IT1836A,IT,,41.906375,12.447545,fold3_italy,pm25,11.89138886898044,12.23601457720477
IT1842A,IT,,42.90056,13.33667,fold3_italy,pm25,5.29819815462253,7.895827192098737
IT1843A,IT,,42.84861,13.61945,fold3_italy,pm25,9.82242424361578,11.293199752037985
IT1856A,IT,,42.36417,13.38195,fold3_italy,pm25,9.108882502113202,12.087582085862588
IT1860A,IT,,42.73972,12.735415,fold3_italy,pm25,8.494382030130545,9.778985397416754
IT1863A,IT,,41.75944,14.20889,fold3_italy,pm25,8.033333342012838,7.653559729092078
IT1865A,IT,,44.99694,11.07083,fold3_italy,pm25,19.282072730921264,11.156178514061166
IT1868A,IT,,45.16056,10.79556,fold3_italy,pm25,16.466449370406682,11.33588659095576
IT1871A,IT,,45.22667,11.66583,fold3_italy,pm25,21.802777496654922,13.269165421259611
IT1874A,IT,,45.28111,8.75472,fold3_italy,pm25,19.541931059501195,12.384740642993497
IT1876A,IT,,45.68333,9.46667,fold3_italy,pm25,12.485833435607004,11.206195659016808
IT1877A,IT,,45.0419,7.6259,fold3_italy,pm25,18.667366507617775,11.995939242957736
IT1878A,IT,,45.31889,8.4025,fold3_italy,pm25,14.742465699895344,12.449909056129636
IT1883A,IT,,44.31528,8.48556,fold3_italy,pm25,8.057058825108042,10.64764519728629
IT1894A,IT,,42.99222,13.78472,fold3_italy,pm25,7.459233445069993,7.250584828113039
IT1900A,IT,,42.95167,12.70764,fold3_italy,pm25,14.038356067733186,10.417144338721343
IT1902A,IT,,43.06694,12.46806,fold3_italy,pm25,12.073239328442773,9.783820305584804
IT1904A,IT,,44.76415,9.052865,fold3_italy,pm25,7.617563676670447,8.58802769539765
IT1906A,IT,,41.89389,12.47528,fold3_italy,pm25,13.372265835159439,12.457705823051947
IT1908A,IT,,44.09583,12.4025,fold3_italy,pm25,15.75433555719629,12.7573486200006
IT1911A,IT,,44.6575,10.28889,fold3_italy,pm25,9.834269655066285,7.981409631538356
IT1914A,IT,,44.87306,10.66389,fold3_italy,pm25,15.856353863646241,10.397702367016393
IT1915A,IT,,43.93278,12.6275,fold3_italy,pm25,10.807262534068778,10.026084038909694
IT1918A,IT,,44.825,11.64972,fold3_italy,pm25,16.590395400886393,12.088599446012596
IT1919A,IT,,44.74167,11.94222,fold3_italy,pm25,13.31195341025165,10.45279191355409
IT1921A,IT,,44.92784,11.17795,fold3_italy,pm25,18.10220984487605,10.659262090350929
IT1924A,IT,,44.98945,10.01917,fold3_italy,pm25,14.206703903944076,11.352664871297623
IT1927A,IT,,44.52649,11.98138,fold3_italy,pm25,15.747875623694437,10.609520965484167
IT1932A,IT,,40.36445,18.17306,fold3_italy,pm25,11.12082107196003,10.59200038937236
IT1936A,IT,,45.438335,12.20556,fold3_italy,pm25,19.35180072959862,12.286952643744486
IT1947A,IT,,39.06667,9.00889,fold3_italy,pm25,8.657322383928829,9.124951328529498
IT1948A,IT,,44.80806,8.31028,fold3_italy,pm25,13.55652157447378,8.78723180716923
IT1953A,IT,,40.16717,18.17483,fold3_italy,pm25,12.32318855102288,9.831244232984625
IT1962A,IT,,41.47889,14.03333,fold3_italy,pm25,23.70796481416292,10.192311121847194
IT1965A,IT,,45.3032,9.39848,fold3_italy,pm25,21.464772679008163,10.073896404678543
IT1967A,IT,,46.16861,9.88028,fold3_italy,pm25,15.872269248598561,10.016374340742605
IT1975A,IT,,45.03833,9.66917,fold3_italy,pm25,17.387186988694072,10.893313600855139
IT1977A,IT,,42.52667,14.14833,fold3_italy,pm25,12.758771919668886,8.714200438523857
IT1993A,IT,,39.26056,9.13639,fold3_italy,pm25,7.939778634738146,10.502070217698648
IT1996A,IT,,40.25639,8.77306,fold3_italy,pm25,3.2191103036173674,8.568836096647228
IT2003A,IT,,41.31671,16.28618,fold3_italy,pm25,10.333237789810394,10.232254543001211
IT2004A,IT,,43.10444,12.37472,fold3_italy,pm25,12.313019276305889,12.141082557754425
IT2009A,IT,,40.72445,8.57611,fold3_italy,pm25,5.2034188392574245,10.43096765394556
IT2010A,IT,,40.83139,8.40528,fold3_italy,pm25,7.187008978958243,10.51642475066289
IT2011A,IT,,39.8425,9.21639,fold3_italy,pm25,8.356190839146798,6.323813205755836
IT2012A,IT,,41.87556,12.345,fold3_italy,pm25,10.713296489858264,10.779834918346532
IT2013A,IT,,41.63889,13.32333,fold3_italy,pm25,12.054006044747183,10.248135473277511
IT2019A,IT,,41.45452,15.54822,fold3_italy,pm25,10.746478861337955,11.918558358547388
IT2023A,IT,,42.73657,11.87643,fold3_italy,pm25,8.875623517849203,9.00973220878876
IT2032A,IT,,43.47278,11.14194,fold3_italy,pm25,10.765217346798154,11.269526638334208
IT2038A,IT,,44.05195,8.20694,fold3_italy,pm25,8.146827792727855,11.54758331518814
IT2039A,IT,,44.35173,9.22261,fold3_italy,pm25,11.213915492953744,11.047457341162765
IT2056A,IT,,39.23583,9.115,fold3_italy,pm25,13.134877560665487,8.94468624140762
IT2063A,IT,,45.14833,9.94028,fold3_italy,pm25,22.65819177997913,10.206048384613263
IT2064A,IT,,43.27389,12.61167,fold3_italy,pm25,9.260355023447083,8.405111560146917
IT2066A,IT,,43.35833,12.55722,fold3_italy,pm25,12.591176329614889,11.115425620314562
IT2067A,IT,,43.31833,12.61861,fold3_italy,pm25,12.255255125501398,10.236823424516071
IT2068A,IT,,42.74333,12.66639,fold3_italy,pm25,12.89221549627336,9.827068869946526
IT2073A,IT,,44.54028,10.79222,fold3_italy,pm25,15.616021900149596,13.468126893754441
IT2078A,IT,,38.87028,16.66917,fold3_italy,pm25,6.453625909677021,8.985149892513869
IT2097A,IT,,44.15,10.92611,fold3_italy,pm25,4.53055559890817,7.165202684903131
IT2100A,IT,,43.13308,12.205815,fold3_italy,pm25,13.674863362915383,10.585986892440348
IT2101A,IT,,45.0028,7.8375,fold3_italy,pm25,18.837911872224495,12.371704484792101
IT2104A,IT,,45.665155,8.16018,fold3_italy,pm25,8.038690431874064,9.386609318001957
IT2107A,IT,,44.38333,8.28389,fold3_italy,pm25,13.081315674656896,11.683382159039196
IT2108A,IT,,44.375,8.29861,fold3_italy,pm25,11.832011384720696,10.764383630686462
IT2109A,IT,,42.55192,12.41971,fold3_italy,pm25,9.497237562543885,9.140651133203535
IT2113A,IT,,42.737210000000005,12.136685,fold3_italy,pm25,8.847025490302343,9.714875762702313
IT2114A,IT,,43.3675,12.5469,fold3_italy,pm25,9.273255799126819,8.9565634587398
IT2116A,IT,,45.2948,8.0434,fold3_italy,pm25,18.517914500680906,11.470850449262405
IT2118A,IT,,44.4018,7.8146,fold3_italy,pm25,14.470254905061838,11.36250648937926
IT2121A,IT,,45.6894,8.4584,fold3_italy,pm25,13.332612622752444,11.832573281090989
IT2128A,IT,,46.1276,8.2921,fold3_italy,pm25,16.135057301853163,10.129568935404748
IT2129A,IT,,45.80518,13.52205,fold3_italy,pm25,11.565868212810544,12.51147840308397
IT2131A,IT,,45.73162,13.48636,fold3_italy,pm25,10.603550262569382,10.551433354800057
IT2134A,IT,,42.5342,12.5219,fold3_italy,pm25,14.38271588738323,11.668415260844945
IT2141A,IT,,41.695,15.3792,fold3_italy,pm25,9.38282547525007,9.962888551123655
IT2143A,IT,,40.96157,17.28435,fold3_italy,pm25,9.610481587097167,8.497196077787216
IT2144A,IT,,41.1079,16.7662,fold3_italy,pm25,11.727945871655669,9.35009429563087
IT2148A,IT,,40.64929,17.51271,fold3_italy,pm25,13.898299426386425,8.355627459611044
IT2151A,IT,,40.48967,18.04731,fold3_italy,pm25,10.881992168156694,8.682384183240842
IT2152A,IT,,45.821945,13.271395,fold3_italy,pm25,14.480337018266463,10.71436478052382
IT2155A,IT,,44.39703,8.20604,fold3_italy,pm25,9.107753375559703,8.228325058457953
IT2161A,IT,,41.77944,14.10361,fold3_italy,pm25,8.382596648789034,10.688083068702936
IT2166A,IT,,42.34611,14.13778,fold3_italy,pm25,14.40423745060744,11.814601546311087
IT2167A,IT,,42.42139,14.27917,fold3_italy,pm25,10.879714319127617,9.991423981185918
IT2168A,IT,,45.0249,7.6491,fold3_italy,pm25,15.759530854434246,12.370313162628797
IT2169A,IT,,45.84194,13.30194,fold3_italy,pm25,14.410764735203182,11.909357394767126
IT2170A,IT,,45.8108,13.2622,fold3_italy,pm25,14.49441337896562,11.475076573805643
IT2172A,IT,,42.0993,11.79834,fold3_italy,pm25,9.373371206443522,10.467943066344265
IT2174A,IT,,41.45113,12.89173,fold3_italy,pm25,12.791643677994077,11.509858216361707
IT2177A,IT,,42.94444,13.87944,fold3_italy,pm25,11.811730130879216,12.607654327291257
IT2201A,IT,,45.96261,12.65592,fold3_italy,pm25,14.263456228062237,12.854605035369886
IT2202A,IT,,40.28839,15.89143,fold3_italy,pm25,10.272578413571162,8.691114181113964
IT2203A,IT,,40.33486,15.9007,fold3_italy,pm25,9.368176455934057,9.196073371675935
IT2204A,IT,,40.32423,15.86736,fold3_italy,pm25,13.023791959243091,8.170802957712123
IT2205A,IT,,40.31562,15.9548,fold3_italy,pm25,8.375616040967024,8.497504959932243
IT2209A,IT,,44.28561,11.8734,fold3_italy,pm25,13.338935559698795,12.890363761554154
IT2210A,IT,,40.83555,14.82459,fold3_italy,pm25,13.574201805822176,9.805808227053426
IT2212A,IT,,40.92431,14.48133,fold3_italy,pm25,23.159489408353302,10.947902170315398
IT2213A,IT,,40.71099,14.70244,fold3_italy,pm25,12.790493024774385,11.43651659415914
IT2214A,IT,,40.7404,14.64345,fold3_italy,pm25,14.258290052840557,13.460927756167813
IT2216A,IT,,40.91463,14.29866,fold3_italy,pm25,18.052134626096443,13.973726621582617
IT2218A,IT,,40.99052,14.42397,fold3_italy,pm25,15.891629237768377,11.977091407194955
IT2219A,IT,,40.94108,14.36981,fold3_italy,pm25,20.292081803612913,14.015707596109419
IT2221A,IT,,40.84495,14.20567,fold3_italy,pm25,10.856573287425745,12.924372698025492
IT2223A,IT,,40.8864,14.34998,fold3_italy,pm25,18.925196171647194,12.460183973023511
IT2226A,IT,,40.92087,14.38946,fold3_italy,pm25,17.166787443059775,9.826824445652242
IT2227A,IT,,40.91882,14.78553,fold3_italy,pm25,10.334293983652278,11.255933089090416
IT2228A,IT,,41.11575,14.77998,fold3_italy,pm25,15.027567664243689,9.162212795274657
IT2233A,IT,,45.73444,7.30433,fold3_italy,pm25,10.033057844187276,11.762229329437504
IT2241A,IT,,44.0311,10.13276,fold3_italy,pm25,11.834733868866424,12.652064169197173
IT2243A,IT,,45.43301,11.0301,fold3_italy,pm25,19.803371011206107,11.229860814894048
IT2247A,IT,,41.76823,12.23704,fold3_italy,pm25,9.923268869376006,10.118939357605788
IT2249A,IT,,42.15998,11.74271,fold3_italy,pm25,6.013829276676591,7.8228442794458415
IT2251A,IT,,42.09884,11.81765,fold3_italy,pm25,8.134203029633701,11.769892636971628
IT2254A,IT,,42.16097,11.9,fold3_italy,pm25,8.66855539537427,7.528848316022073
IT2263A,IT,,45.62061,13.78378,fold3_italy,pm25,10.611111144626385,10.520698747099893
IT2268A,IT,,40.61107,14.97584,fold3_italy,pm25,9.513855422446213,10.935630195866102
IT2270A,IT,,40.81588,14.34927,fold3_italy,pm25,10.431241240095721,12.197627842165796
IT2273A,IT,,40.48701,15.52825,fold3_italy,pm25,9.299407250783862,8.89719390390061
IT2280A,IT,,45.64049,13.76608,fold3_italy,pm25,11.668604696654839,10.306274027060105
IT2282A,IT,,45.4397,8.6204,fold3_italy,pm25,15.330508753817993,12.83526065419101
IT2284A,IT,,45.7324,7.32189,fold3_italy,pm25,10.573298063243111,10.591773693786742
IT2286A,IT,,44.26179,8.44565,fold3_italy,pm25,8.76637928782057,8.937164428593315
IT2294A,IT,,44.7043,7.6853,fold3_italy,pm25,17.652542061545457,10.68836146282519
IT2298A,IT,,44.50842,8.70463,fold3_italy,pm25,10.504093575691696,8.880511885116036
IT2299A,IT,,44.39951,8.28096,fold3_italy,pm25,11.499999947961504,12.26572639785508
IT2300A,IT,,45.53861,10.23194,fold3_italy,pm25,17.770007772825576,12.171795100934963
IT2301A,IT,,45.50867,10.25637,fold3_italy,pm25,20.225706659089564,12.363802561957684
IT2302A,IT,,44.31906,9.32947,fold3_italy,pm25,6.01322312529088,11.372461237548322
IT2303A,IT,,44.25306,8.44256,fold3_italy,pm25,8.217664638672984,8.340277355482003
IT2321A,IT,,45.95746,12.50816,fold3_italy,pm25,17.492918294057283,11.282739746921733
IT2322A,IT,,42.5723,12.67886,fold3_italy,pm25,15.286549535088092,10.456337193012624
IT2323A,IT,,44.56784,8.94896,fold3_italy,pm25,14.192797896117462,11.580003539186581
IT2324A,IT,,45.93648,13.61613,fold3_italy,pm25,12.101408365469029,10.609099080610045
IT2325A,IT,,45.79561,13.14656,fold3_italy,pm25,13.465015596992476,10.774277221517012
IT2327A,IT,,44.43438,8.89251,fold3_italy,pm25,11.27196484094444,10.465376671978865
IT2336A,IT,,40.40444,16.1191,fold3_italy,pm25,4.6969132107689555,6.841073138850869
IT2339A,IT,,44.40444,8.96563,fold3_italy,pm25,11.9717781021803,11.05970844721714
AT0ENK1,AT,,48.39164,13.67086,fold4_alpine,pm25,7.574507124857111,8.014484280478754
AT0ILL1,AT,,47.77028,16.76639,fold4_alpine,pm25,8.997244512125375,10.118592374295604
AT0PIL1,AT,,48.7212,15.936,fold4_alpine,pm25,8.815364917089292,9.89181077483605
AT0ZOE2,AT,,47.83828,14.44091,fold4_alpine,pm25,3.5043852072443182,7.7542170647222095
AT10001,AT,,47.84011,16.52617,fold4_alpine,pm25,11.496320992549053,10.812985747567769
AT10003,AT,,48.10915,17.07032,fold4_alpine,pm25,11.293543097782273,9.482241883283377
AT2KA21,AT,,46.62556,14.31806,fold4_alpine,pm25,10.75052478385302,11.261066800706043
AT2KA71,AT,,46.62662,14.29914,fold4_alpine,pm25,10.996662678207526,11.33974938151988
AT2WO15,AT,,46.83498,14.84346,fold4_alpine,pm25,10.993837976681135,10.736977789419093
AT30101,AT,,48.1199,14.8788,fold4_alpine,pm25,9.132815866412427,10.600859138365113
AT30104,AT,,48.19234,14.51954,fold4_alpine,pm25,10.54448740363794,10.227594512521016
AT30201,AT,,47.9592,16.20573,fold4_alpine,pm25,8.497121003990223,10.268647514361923
AT30301,AT,,48.1442,16.95787,fold4_alpine,pm25,10.340341472435203,10.184427611588983
AT30407,AT,,48.2307,16.6363,fold4_alpine,pm25,10.048441137839681,9.740321967909107
AT30599,AT,,48.30833,16.32803,fold4_alpine,pm25,10.65347520212819,10.594870551391436
AT30701,AT,,48.52832,15.94185,fold4_alpine,pm25,8.157288334854206,10.875390877533995
AT31406,AT,,48.08333,16.33722,fold4_alpine,pm25,9.254371710895445,10.512633166708849
AT31413,AT,,48.0843,16.329,fold4_alpine,pm25,9.556534339396507,10.758196366769562
AT31901,AT,,48.32945,16.0625,fold4_alpine,pm25,10.86219869954366,11.047480039755799
AT31902,AT,,48.34509,15.90706,fold4_alpine,pm25,9.882899210867706,10.063904445492813
AT31903,AT,,48.33097,15.8578,fold4_alpine,pm25,10.314057133797391,10.00380298968845
AT31905,AT,,48.32184,15.96462,fold4_alpine,pm25,10.091924191722324,10.287792582563288
AT32301,AT,,48.2116,15.6325,fold4_alpine,pm25,9.99911409494276,11.20522866304674
AT32701,AT,,48.14558,16.4759,fold4_alpine,pm25,9.676838064744697,11.400432881746816
AT4S108,AT,,48.53111,14.57472,fold4_alpine,pm25,6.232991835848359,8.066406365711034
AT4S125,AT,,47.71611,13.63222,fold4_alpine,pm25,5.920569484703196,9.142804688054193
AT4S156,AT,,48.25747,13.03923,fold4_alpine,pm25,8.987647579148291,10.225293601631101
AT4S173,AT,,48.27975,14.3665,fold4_alpine,pm25,9.948453877929422,9.150423434485461
AT4S184,AT,,48.30612,14.2975,fold4_alpine,pm25,10.111473780201807,10.822304996334918
AT4S217,AT,,48.20944,14.43694,fold4_alpine,pm25,11.0323698712072,9.277926897692078
AT4S235,AT,,47.81586,13.72074,fold4_alpine,pm25,4.101452499165903,5.473900412372489
AT4S404,AT,,48.22535,14.23755,fold4_alpine,pm25,10.817754187567761,10.315648138889125
AT4S406,AT,,48.1649,14.0366,fold4_alpine,pm25,10.062743952772395,10.13695575257295
AT4S407,AT,,48.0009,13.66761,fold4_alpine,pm25,9.383825382714587,10.009921142473955
AT4S409,AT,,48.04925,14.44236,fold4_alpine,pm25,8.422633509419034,10.165463299479432
AT4S415,AT,,48.32333,14.29778,fold4_alpine,pm25,8.653730372495218,9.488005569270468
AT4S416,AT,,48.27329,14.31479,fold4_alpine,pm25,10.81727602818063,10.119139983200089
AT4S431,AT,,48.30299,14.28217,fold4_alpine,pm25,12.750085225866318,10.050756343028427
AT4S432,AT,,47.97386,13.60892,fold4_alpine,pm25,9.319852844252717,9.871283209442748
AT51000,AT,,47.7974,13.05329,fold4_alpine,pm25,6.7874777545229605,10.354671918098301
AT51201,AT,,47.81575,13.02801,fold4_alpine,pm25,7.038211816156589,10.722193839199837
AT52000,AT,,47.68259,13.09995,fold4_alpine,pm25,8.422096335332386,9.918914339736883
AT52300,AT,,47.69135,13.10815,fold4_alpine,pm25,6.4760753915450335,9.160827087531091
AT55032,AT,,47.12566,13.80804,fold4_alpine,pm25,8.342083884527245,9.931637026188305
AT56072,AT,,47.32664,12.79512,fold4_alpine,pm25,6.774959103364405,8.627884921683489
AT60107,AT,,47.04472,15.15278,fold4_alpine,pm25,9.866308684458973,10.846152556112443
AT60138,AT,,47.094955,15.414645,fold4_alpine,pm25,11.902129879698785,10.518241013779898
AT60164,AT,,47.05561,15.4166,fold4_alpine,pm25,15.94474740000609,10.011074038107434
AT60170,AT,,47.04172,15.43308,fold4_alpine,pm25,15.797969082486137,10.110435019928621
AT60173,AT,,47.05008,15.42861,fold4_alpine,pm25,15.571122657355257,10.52629665395141
AT60176,AT,,47.42567,15.27053,fold4_alpine,pm25,9.992880352655476,9.177878098277253
AT60178,AT,,47.2157,15.62839,fold4_alpine,pm25,9.848966599105966,10.778591844173471
AT60197,AT,,46.77833,15.54056,fold4_alpine,pm25,13.468119086559474,10.601498274043749
AT72110,AT,,47.26262,11.39236,fold4_alpine,pm25,8.879469609313093,10.575056540955133
AT72519,AT,,47.42855,11.8718,fold4_alpine,pm25,9.323982924461646,8.268535721598088
AT72710,AT,,47.4476,10.74412,fold4_alpine,pm25,6.924706189574236,8.426429536864815
AT72821,AT,,47.34877,11.69203,fold4_alpine,pm25,8.839339278856434,8.623005245546928
AT72910,AT,,46.82773,12.76562,fold4_alpine,pm25,9.901263098321639,9.688246465903607
AT80706,AT,,47.41084,9.65278,fold4_alpine,pm25,7.943305316201962,9.110388411660763
AT80807,AT,,47.40945,9.7432,fold4_alpine,pm25,7.4331228618494105,10.186715704094052
AT900KE,AT,,48.15671,16.47605,fold4_alpine,pm25,10.40769961145042,10.117763127948756
AT90A23,AT,,48.20306,16.43455,fold4_alpine,pm25,10.548751098404272,10.34656057123092
AT90AKC,AT,,48.21911,16.34982,fold4_alpine,pm25,9.934565264296593,11.592652498609306
AT90FLO,AT,,48.26109,16.39695,fold4_alpine,pm25,9.828750482220379,11.547254101200698
AT90LOB,AT,,48.16207,16.52561,fold4_alpine,pm25,9.21262771269115,10.252582923132822
AT90TAB,AT,,48.21674,16.38092,fold4_alpine,pm25,10.116003612697451,11.245238858248548
AT9BELG,AT,,48.17435,16.36142,fold4_alpine,pm25,9.877831687334783,11.154019055321506
AT9KEND,AT,,48.205,16.30975,fold4_alpine,pm25,10.112767840325876,11.48168515073443
AT9LIES,AT,,48.14125,16.30008,fold4_alpine,pm25,10.071390618456023,10.376481397382207
AT9SCHA,AT,,48.23537,16.30156,fold4_alpine,pm25,9.552726333716956,10.204349577992494
AT9STAD,AT,,48.22636,16.45835,fold4_alpine,pm25,10.027519463875242,11.188052354280483
CH0002R,CH,,46.8131,6.94448,fold4_alpine,pm25,6.51310823969708,8.757963170670338
CH0005A,CH,,47.4029,8.6134,fold4_alpine,pm25,7.2025674317127795,9.610295598274009
CH0005R,CH,,47.0674,8.46333,fold4_alpine,pm25,4.673892905375784,6.874639253876725
CH0008A,CH,,47.5411,7.58328,fold4_alpine,pm25,7.432428901928573,9.305448185916203
CH0010A,CH,,47.3776,8.53041,fold4_alpine,pm25,8.060644035815653,10.364881460212526
CH0011A,CH,,46.0111,8.9571,fold4_alpine,pm25,9.302252480349596,10.829155600847333
CH0031A,CH,,46.951,7.44087,fold4_alpine,pm25,8.936186892063906,10.498188342975144
CH0033A,CH,,46.1603,8.93394,fold4_alpine,pm25,9.023804903127107,8.640417917312558
DEBW004,DE,Baden-Wuerttemberg,49.07655,8.40666,fold4_alpine,pm25,6.574683598812081,10.03472701958449
DEBW005,DE,Baden-Wuerttemberg,49.54408,8.46528,fold4_alpine,pm25,8.307678416942242,10.99657402374054
DEBW009,DE,Baden-Wuerttemberg,49.41953,8.6767,fold4_alpine,pm25,7.023157901050032,10.341119082791943
DEBW010,DE,Baden-Wuerttemberg,49.30073,8.7001,fold4_alpine,pm25,6.895681652832511,9.32388658421853
DEBW013,DE,Baden-Wuerttemberg,48.8088,9.22974,fold4_alpine,pm25,7.627999927575681,10.187642389428293
DEBW015,DE,Baden-Wuerttemberg,49.16551,9.22479,fold4_alpine,pm25,7.909295555379289,10.254980723206964
DEBW019,DE,Baden-Wuerttemberg,48.39684,9.97903,fold4_alpine,pm25,7.908036826884734,10.483470633528357
DEBW022,DE,Baden-Wuerttemberg,48.57818,7.80232,fold4_alpine,pm25,6.983011476411987,10.30673888476654
DEBW023,DE,Baden-Wuerttemberg,47.58815,7.63327,fold4_alpine,pm25,6.476100599420888,9.779863949053592
DEBW024,DE,Baden-Wuerttemberg,48.89923,9.17279,fold4_alpine,pm25,7.286274563278447,9.67673539751375
DEBW027,DE,Baden-Wuerttemberg,48.48889,9.20732,fold4_alpine,pm25,7.205758168467791,9.88134018143029
DEBW029,DE,Baden-Wuerttemberg,48.84792,10.09629,fold4_alpine,pm25,6.875229096951096,10.433319913792777
DEBW031,DE,Baden-Wuerttemberg,47.80989,7.76453,fold4_alpine,pm25,3.1259075106010807,8.240788712111234
DEBW033,DE,Baden-Wuerttemberg,48.88904,8.66554,fold4_alpine,pm25,6.669330584702454,9.76434321355876
DEBW038,DE,Baden-Wuerttemberg,47.66006,9.48568,fold4_alpine,pm25,6.94460664162137,10.122329073595898
DEBW039,DE,Baden-Wuerttemberg,48.04866,8.4636,fold4_alpine,pm25,5.465100342984948,10.513125798242205
DEBW042,DE,Baden-Wuerttemberg,48.67807,9.22777,fold4_alpine,pm25,7.559740106527915,10.22982204049475
DEBW046,DE,Baden-Wuerttemberg,48.08989,9.80033,fold4_alpine,pm25,7.383860270412435,9.969112279313721
DEBW052,DE,Baden-Wuerttemberg,47.66436,9.16929,fold4_alpine,pm25,6.344442446558084,9.23541769490837
DEBW059,DE,Baden-Wuerttemberg,49.63484,9.65792,fold4_alpine,pm25,6.8136754897723355,10.523764982772612
DEBW073,DE,Baden-Wuerttemberg,47.81902,7.56797,fold4_alpine,pm25,6.927798740003845,9.77634282770359
DEBW076,DE,Baden-Wuerttemberg,48.77307,8.22021,fold4_alpine,pm25,5.987719660592923,10.129286183193532
DEBW080,DE,Baden-Wuerttemberg,49.00796,8.38719,fold4_alpine,pm25,7.497496451606608,10.786647442233829
DEBW081,DE,Baden-Wuerttemberg,49.02859,8.35563,fold4_alpine,pm25,6.890638857308098,10.819582623909547
DEBW084,DE,Baden-Wuerttemberg,48.00151,7.83212,fold4_alpine,pm25,6.185054176309,11.01208746123117
DEBW087,DE,Baden-Wuerttemberg,48.34578,9.20764,fold4_alpine,pm25,4.2771317936236,8.532703236277241
DEBW098,DE,Baden-Wuerttemberg,49.49258,8.472175,fold4_alpine,pm25,8.903126508997733,10.831253158293665
DEBW099,DE,Baden-Wuerttemberg,48.78313,9.180745000000002,fold4_alpine,pm25,9.403177387957015,10.102316805961037
DEBW107,DE,Baden-Wuerttemberg,48.5077,9.05118,fold4_alpine,pm25,7.23243772978445,9.831145084600351
DEBW112,DE,Baden-Wuerttemberg,48.64561,8.90444,fold4_alpine,pm25,6.41998372681575,9.751439605836502
DEBW118,DE,Baden-Wuerttemberg,48.788175,9.1912,fold4_alpine,pm25,8.623715493527571,9.970254444592083
DEBW122,DE,Baden-Wuerttemberg,47.98837,7.859895,fold4_alpine,pm25,6.49081070009617,10.586059818898729
DEBW125,DE,Baden-Wuerttemberg,49.00375,8.52615,fold4_alpine,pm25,8.386906086033063,9.792771485214798
DEBW136,DE,Baden-Wuerttemberg,48.52023,9.05802,fold4_alpine,pm25,8.43886150583532,10.025950019297532
DEBW147,DE,Baden-Wuerttemberg,48.48934,9.210765,fold4_alpine,pm25,7.851096636921896,10.627933007938038
DEBW152,DE,Baden-Wuerttemberg,49.14602,9.22586,fold4_alpine,pm25,8.666554265550811,9.450030268167925
DEBW156,DE,Baden-Wuerttemberg,48.22916,8.39056,fold4_alpine,pm25,7.017162198069409,9.662741854700721
DEBY001,DE,Bayern,49.30489,10.5723,fold4_alpine,pm25,7.943262373329064,10.089797167393552
DEBY002,DE,Bayern,50.05819,12.18865,fold4_alpine,pm25,8.067795197819553,9.791206426518508
DEBY004,DE,Bayern,49.86942,9.17155,fold4_alpine,pm25,8.161889684461624,9.74731693368555
DEBY005,DE,Bayern,49.99152,9.11797,fold4_alpine,pm25,7.179422902761571,9.600119423733512
DEBY007,DE,Bayern,48.37658,10.88837,fold4_alpine,pm25,7.734651180147504,10.425421590234237
DEBY009,DE,Bayern,49.89833,10.88769,fold4_alpine,pm25,7.850393575398637,11.599378061928403
DEBY012,DE,Bayern,48.17717,12.82931,fold4_alpine,pm25,10.337521239403243,10.17776423981894
DEBY013,DE,Bayern,48.18284,12.78139,fold4_alpine,pm25,8.051838599328581,9.43921308333593
DEBY014,DE,,50.26058,10.95931,fold4_alpine,pm25,9.09435202806238,10.084842419040086
DEBY031,DE,Bayern,47.72514,10.30656,fold4_alpine,pm25,6.6744252090309475,11.052526214991886
DEBY035,DE,Bayern,47.55439,9.69002,fold4_alpine,pm25,7.422099499445923,9.42523728908681
DEBY037,DE,Bayern,48.13725,11.56493,fold4_alpine,pm25,8.788148116889404,10.248333987845102
DEBY039,DE,Bayern,48.15453,11.55467,fold4_alpine,pm25,6.6915921745348275,10.794182828484876
DEBY052,DE,Bayern,48.39708,10.00829,fold4_alpine,pm25,7.903199812863848,10.53571116540732
DEBY053,DE,Bayern,49.44591,11.08844,fold4_alpine,pm25,8.70661935121044,11.074527265313552
DEBY058,DE,Bayern,49.46223,11.02547,fold4_alpine,pm25,8.002076581973773,10.805379914304384
DEBY067,DE,Bayern,49.32196,12.12814,fold4_alpine,pm25,7.913213902970684,9.107438913261209
DEBY072,DE,Bayern,49.43847,12.54887,fold4_alpine,pm25,5.569772727496308,7.848719256516899
DEBY075,DE,Bayern,49.67895,12.15936,fold4_alpine,pm25,8.882944463437202,10.49660770654406
DEBY077,DE,Bayern,49.8047,9.95642,fold4_alpine,pm25,7.477658397733464,9.936750283384827
DEBY088,DE,Bayern,48.02166,12.53818,fold4_alpine,pm25,7.644853472423114,9.615972779104174
DEBY089,DE,Bayern,48.1732,11.64804,fold4_alpine,pm25,7.3908471202412604,10.124863057661225
DEBY099,DE,Bayern,48.32601,10.90305,fold4_alpine,pm25,6.95800204516974,9.998272394151352
DEBY109,DE,Bayern,47.96875,11.22017,fold4_alpine,pm25,5.620315028725121,8.248183970052182
DEBY115,DE,Bayern,48.14961,11.53651,fold4_alpine,pm25,8.61217381777073,10.608959861562045
DEBY118,DE,Bayern,48.57362,13.42204,fold4_alpine,pm25,10.975207023980103,10.03972521196796
DEBY121,DE,Bayern,47.64846,12.18833,fold4_alpine,pm25,8.467076997801623,8.46505869313181
DEBY124,DE,Bayern,49.44452,10.31658,fold4_alpine,pm25,7.551440828075594,9.440123760203761
DEBY187,DE,Bayern,48.95218,10.59772,fold4_alpine,pm25,8.1446353356069,9.699909470108409
DEBY198,DE,Bayern,48.74262,11.43464,fold4_alpine,pm25,9.485371478918525,10.483781610051985
DEBY200,DE,Bayern,48.57663,13.46936,fold4_alpine,pm25,9.470010728892698,9.451781748519656
DEHE001,DE,Hessen,49.8723,8.66462,fold4_alpine,pm25,8.140122265465124,11.067695103745827
DEHE005,DE,Hessen,50.10175,8.54252,fold4_alpine,pm25,8.561455695491635,11.152878827258215
DEHE008,DE,Hessen,50.12533,8.74634,fold4_alpine,pm25,8.453562431523055,11.511206990556056
DEHE011,DE,Hessen,50.13577,8.92157,fold4_alpine,pm25,8.312079470397027,11.3825474324661
DEHE013,DE,Hessen,51.31425,9.4834,fold4_alpine,pm25,8.493641872354353,10.129798534856832
DEHE018,DE,Hessen,50.01032,8.45153,fold4_alpine,pm25,8.374445847253176,10.736259311539898
DEHE020,DE,Hessen,50.56718,8.50062,fold4_alpine,pm25,8.141774896732562,10.147131421715086
DEHE022,DE,Hessen,50.05034,8.24495,fold4_alpine,pm25,8.230101123467168,9.993063729926828
DEHE024,DE,Hessen,51.29176,9.77459,fold4_alpine,pm25,6.331407054067234,8.177303077260081
DEHE028,DE,Hessen,49.65347,8.81725,fold4_alpine,pm25,6.511959403586216,8.134201295311149
DEHE030,DE,Hessen,50.80426,8.76932,fold4_alpine,pm25,8.290790069516309,10.403812157339493
DEHE032,DE,Hessen,50.97002,9.80026,fold4_alpine,pm25,8.430296208199893,9.521992226694898
DEHE037,DE,Hessen,50.07719,8.23032,fold4_alpine,pm25,8.190354849362697,10.912468055821458
DEHE040,DE,Hessen,49.86946,8.65375,fold4_alpine,pm25,8.191789379730626,10.94405083566925
DEHE041,DE,Hessen,50.12459,8.69191,fold4_alpine,pm25,9.562646513283523,11.318812530984411
DEHE043,DE,Hessen,49.82517,8.5168,fold4_alpine,pm25,8.201283446975596,10.174296823795679
DEHE044,DE,Hessen,50.38322,8.061,fold4_alpine,pm25,7.559092354861739,10.093112518746914
DEHE045,DE,Hessen,49.67251,9.00198,fold4_alpine,pm25,7.777409536127248,10.321423799692013
DEHE049,DE,Hessen,51.31208,9.49112,fold4_alpine,pm25,10.20940786873402,9.982586540962405
DEHE050,DE,Hessen,51.36076,9.27123,fold4_alpine,pm25,6.639977748442312,7.859919858657942
DEHE051,DE,Hessen,50.49771,9.93586,fold4_alpine,pm25,4.7164165561328275,7.445130741369314
DEHE052,DE,Hessen,50.22194,8.44608,fold4_alpine,pm25,4.925871728788249,6.99555092155361
DEHE059,DE,Hessen,50.55003,9.68485,fold4_alpine,pm25,8.570727165469837,10.514977249172476
DEHE060,DE,Hessen,51.15484,9.03175,fold4_alpine,pm25,6.085151862608293,8.174795982517345
DEHE061,DE,Hessen,50.58411,8.66858,fold4_alpine,pm25,8.908122443479627,10.617693990490077
DEHE062,DE,Hessen,50.80701,8.7694,fold4_alpine,pm25,8.183615987257316,10.346621287575553
DEHE063,DE,Hessen,49.64324,8.642,fold4_alpine,pm25,8.505879273106208,10.95009693461273
DEHE112,DE,Hessen,50.07212,8.22887,fold4_alpine,pm25,8.74471315228157,10.34969803274414
DEHE116,DE,Hessen,50.10149,8.78489,fold4_alpine,pm25,9.390254340430502,10.636577525453154
DEHE131,DE,Hessen,50.38643,8.05991,fold4_alpine,pm25,9.027467523083216,10.266234269454433
DEHE134,DE,Hessen,50.54638,9.68017,fold4_alpine,pm25,7.866858707696258,11.012945296478755
DEHE135,DE,Hessen,50.07546,8.57631,fold4_alpine,pm25,7.549984146433133,10.317407995038018
DENW002,DE,Nordrhein-Westfalen,51.64138,7.33141,fold4_alpine,pm25,10.26862840100646,10.017076888583867
DENW006,DE,Nordrhein-Westfalen,51.592205,7.5698,fold4_alpine,pm25,9.174033189486803,9.74636575482188
DENW008,DE,Nordrhein-Westfalen,51.53691,7.45746,fold4_alpine,pm25,9.58235868400827,10.330937555721555
DENW010,DE,Nordrhein-Westfalen,51.54749,7.69384,fold4_alpine,pm25,9.961584357880339,9.670973719606664
DENW021,DE,Nordrhein-Westfalen,51.525955,6.976895000000001,fold4_alpine,pm25,10.138840869107689,11.256180993291293
DENW022,DE,Nordrhein-Westfalen,51.53365,7.10179,fold4_alpine,pm25,9.28009793594857,10.575848349428615
DENW024,DE,Nordrhein-Westfalen,51.49653,6.98104,fold4_alpine,pm25,9.506048350511326,11.207500172939696
DENW029,DE,Nordrhein-Westfalen,51.40301,7.20857,fold4_alpine,pm25,8.108702639039686,10.23764117878786
DENW034,DE,Nordrhein-Westfalen,51.524025,6.74838,fold4_alpine,pm25,9.621978031844066,11.663026592516745
DENW038,DE,Nordrhein-Westfalen,51.45346,6.86508,fold4_alpine,pm25,8.765320815571952,11.06526005215088
DENW040,DE,Nordrhein-Westfalen,51.38526,6.763,fold4_alpine,pm25,9.966446658197482,11.287658929314546
DENW042,DE,Nordrhein-Westfalen,51.33767,6.64024,fold4_alpine,pm25,9.92607777382304,11.136819719176003
DENW043,DE,Nordrhein-Westfalen,51.45118,7.0306,fold4_alpine,pm25,10.135705635705692,10.362702258839555
DENW053,DE,Nordrhein-Westfalen,51.01934,6.88464,fold4_alpine,pm25,8.247356509999005,10.319966592937826
DENW058,DE,Nordrhein-Westfalen,50.87615,6.873805,fold4_alpine,pm25,8.455289783202776,10.360901499983859
DENW059,DE,Nordrhein-Westfalen,50.88982,6.98516,fold4_alpine,pm25,7.6465376284920055,10.466347004844359
DENW062,DE,Nordrhein-Westfalen,50.75364,7.08268,fold4_alpine,pm25,8.189095663214706,10.328579791240776
DENW065,DE,Nordrhein-Westfalen,50.93033,8.19192,fold4_alpine,pm25,5.092150404992907,7.951091472945975
DENW066,DE,Nordrhein-Westfalen,51.32693,6.19583,fold4_alpine,pm25,8.876556360424322,9.830454603650809
DENW067,DE,Nordrhein-Westfalen,52.02316,8.548375,fold4_alpine,pm25,8.181236105526775,10.047263688716386
DENW068,DE,Nordrhein-Westfalen,51.57066,8.14806,fold4_alpine,pm25,7.533472109528438,10.202663635872037
DENW071,DE,Nordrhein-Westfalen,51.24921,6.73238,fold4_alpine,pm25,9.07280979184146,11.047840260442907
DENW074,DE,Nordrhein-Westfalen,50.88348,6.46931,fold4_alpine,pm25,8.54355249353845,9.911811100389953
DENW078,DE,Nordrhein-Westfalen,51.30392,6.81997,fold4_alpine,pm25,8.717859408975949,10.500823549826919
DENW079,DE,Nordrhein-Westfalen,51.02888,7.00506,fold4_alpine,pm25,8.104807109307078,10.624022119175875
DENW081,DE,Nordrhein-Westfalen,51.86202,6.87451,fold4_alpine,pm25,9.592287207278913,10.303205966538558
DENW082,DE,Nordrhein-Westfalen,51.21311,6.78256,fold4_alpine,pm25,10.523052949965813,11.358786383038865
DENW094,DE,Nordrhein-Westfalen,50.754715,6.093875,fold4_alpine,pm25,6.998882645317614,9.74574316858128
DENW095,DE,Nordrhein-Westfalen,51.936545,7.61158,fold4_alpine,pm25,9.456502922031245,10.163734037707409
DENW096,DE,Nordrhein-Westfalen,51.15461,6.42561,fold4_alpine,pm25,7.634163225323167,10.208065096579857
DENW114,DE,Nordrhein-Westfalen,51.27765,7.23189,fold4_alpine,pm25,7.9927632148177485,10.165976261618958
DENW116,DE,Nordrhein-Westfalen,51.34256,6.67019,fold4_alpine,pm25,10.69599457392507,11.27471129063048
DENW133,DE,Nordrhein-Westfalen,51.36283,7.46353,fold4_alpine,pm25,9.972826496632795,10.1505231971586
DENW136,DE,Nordrhein-Westfalen,51.523555,7.48358,fold4_alpine,pm25,10.028004457533626,11.007193564254061
DENW179,DE,Nordrhein-Westfalen,51.44876,7.58229,fold4_alpine,pm25,7.803533262176657,10.045788197542455
DENW181,DE,Nordrhein-Westfalen,51.44301,8.36071,fold4_alpine,pm25,7.759261350852804,9.44292249159162
DENW182,DE,Nordrhein-Westfalen,50.92711,6.58221,fold4_alpine,pm25,9.067482395258631,9.908546363239351
DENW188,DE,Nordrhein-Westfalen,51.47498,6.86366,fold4_alpine,pm25,9.807844116044798,11.45230147797905
DENW189,DE,Nordrhein-Westfalen,51.26068,7.14739,fold4_alpine,pm25,10.448798627557023,10.120269741363346
DENW200,DE,Nordrhein-Westfalen,52.00562,8.55279,fold4_alpine,pm25,9.469138314288147,9.838522441428262
DENW207,DE,Nordrhein-Westfalen,50.77313,6.09577,fold4_alpine,pm25,7.657207946922144,10.707295370907092
DENW208,DE,Nordrhein-Westfalen,51.52789,7.0846,fold4_alpine,pm25,11.152023958791544,10.461812239383084
DENW211,DE,Nordrhein-Westfalen,50.96285,7.0046,fold4_alpine,pm25,9.456977744546826,11.073238243763909
DENW212,DE,Nordrhein-Westfalen,50.94737,6.9577,fold4_alpine,pm25,9.068364071809395,10.838717857538034
DENW247,DE,Nordrhein-Westfalen,51.40697,6.96564,fold4_alpine,pm25,7.65611040287153,10.49053808827221
DENW259,DE,Nordrhein-Westfalen,51.169435,6.439965,fold4_alpine,pm25,9.42213778530991,10.484823266172713
DENW260,DE,Nordrhein-Westfalen,51.953275000000005,7.619384999999999,fold4_alpine,pm25,9.643740493700674,10.077285263829943
DENW329,DE,Nordrhein-Westfalen,51.03383,6.45148,fold4_alpine,pm25,8.121837892273637,9.738497999907104
DENW337,DE,Nordrhein-Westfalen,51.0976,6.4695,fold4_alpine,pm25,8.880731365858574,10.261757597365175
DENW338,DE,Nordrhein-Westfalen,51.48549,6.73543,fold4_alpine,pm25,10.405334793115307,12.08973533899372
DENW355,DE,Nordrhein-Westfalen,51.03147,7.01093,fold4_alpine,pm25,8.403765556038465,10.55264663337556
DENW356,DE,Nordrhein-Westfalen,51.22761,7.64309,fold4_alpine,pm25,8.172205271306074,9.048868834263658
DENW405,DE,Nordrhein-Westfalen,51.67355,6.65512,fold4_alpine,pm25,8.69628453252928,10.32425675836605
DENW415,DE,Nordrhein-Westfalen,51.47844,6.84252,fold4_alpine,pm25,10.073467148867687,12.07163863433971
DENW430,DE,Nordrhein-Westfalen,51.20255,6.77635,fold4_alpine,pm25,9.474245893990291,11.221061104838968
DENW431,DE,Nordrhein-Westfalen,51.27743,6.74429,fold4_alpine,pm25,7.989786142960877,10.561701805628081
DERP003,DE,Rheinland-Pfalz,49.45538,8.42558,fold4_alpine,pm25,11.66762497148605,10.789213736814034
DERP009,DE,Rheinland-Pfalz,49.995,8.27397,fold4_alpine,pm25,8.817913651442598,10.712073014325805
DERP010,DE,Rheinland-Pfalz,50.00103,8.26113,fold4_alpine,pm25,10.399357685277307,11.204745113151533
DERP017,DE,Rheinland-Pfalz,49.27026,7.82641,fold4_alpine,pm25,4.8870149784782235,7.690686072083671
DERP019,DE,Rheinland-Pfalz,49.446,7.7673,fold4_alpine,pm25,8.093172873206786,9.806100409783005
DERP020,DE,Rheinland-Pfalz,49.75423,6.64672,fold4_alpine,pm25,7.761919632208902,10.262823335036293
DERP022,DE,Rheinland-Pfalz,49.84213,7.86621,fold4_alpine,pm25,8.260317684700231,10.81770210145359
DERP023,DE,Rheinland-Pfalz,49.62877,8.36478,fold4_alpine,pm25,10.732404694384059,11.065687929111157
DERP024,DE,Rheinland-Pfalz,50.3544,7.59658,fold4_alpine,pm25,9.035051214715589,10.151178124516123
DERP028,DE,Rheinland-Pfalz,50.4243,7.7299,fold4_alpine,pm25,5.644109809288217,8.091952032225194
DERP041,DE,Rheinland-Pfalz,49.4785,8.44385,fold4_alpine,pm25,9.698359350718732,11.558314522852285
DERP045,DE,Rheinland-Pfalz,50.35937,7.59224,fold4_alpine,pm25,8.701219906427335,10.263129461261437
DERP046,DE,Rheinland-Pfalz,50.4314,7.46081,fold4_alpine,pm25,8.654589831359228,10.940943826650816
DERP047,DE,Rheinland-Pfalz,49.78402,6.69026,fold4_alpine,pm25,9.41633571579207,9.477747524467102
DERP053,DE,Rheinland-Pfalz,49.3511,8.423,fold4_alpine,pm25,9.62000693880438,10.597843258916985
DESL003,DE,Saarland,49.35786,6.73354,fold4_alpine,pm25,9.315710240158742,9.896065782902872
DESL012,DE,Saarland,49.23346,6.9876,fold4_alpine,pm25,8.0783373072631,10.28893369559564
DEUB004,DE,Baden-Wuerttemberg,47.91325,7.90804,fold4_alpine,pm25,4.127725520795408,7.16876357075653
DK0012R,DK,,55.69411,12.08867,fold5_north,pm25,5.996220852594072,10.320130229769445
DK0030A,DK,,55.69833,12.55334,fold5_north,pm25,6.7203844202496725,11.798427702433097
DK0034A,DK,,55.6743,12.5711,fold5_north,pm25,9.67257528917897,11.385912266250063
DK0045A,DK,,55.70028,12.5614,fold5_north,pm25,6.667836615374111,10.186135518165173
DK0051A,DK,,56.15056,10.20084,fold5_north,pm25,7.097863829487653,12.03960284815809
DK0053A,DK,,57.04667,9.93085,fold5_north,pm25,5.898186851666885,11.616728157490716
DK0056A,DK,,56.15978,10.19362,fold5_north,pm25,6.25864269329163,10.481999168836108
DK0059A,DK,,57.04528,9.915,fold5_north,pm25,6.5203835779503585,10.985789571770203
DK0060A,DK,,55.6375,12.4617,fold5_north,pm25,6.400765138303088,10.296281950407744
EE0009R,EE,,59.49445,25.93057,fold5_north,pm25,4.179395660073366,10.048524511627544
EE0011R,EE,,58.37611,21.84501,fold5_north,pm25,4.27178775745809,12.516884325724961
EE0016A,EE,,58.70278,26.7589,fold5_north,pm25,3.735245754802542,9.386850589947908
EE0018A,EE,,59.41417,24.64946,fold5_north,pm25,3.4234637080244363,10.028527109729266
EE0019A,EE,,59.40973,27.27862,fold5_north,pm25,4.176502858846511,10.298132080696554
EE0021A,EE,,58.37056,26.73472,fold5_north,pm25,4.83351790450421,11.70277930033989
EE0022A,EE,,59.37616,28.17917,fold5_north,pm25,4.006849493876628,10.865439003367683
FI00027,FI,,64.99473,25.47926,fold5_north,pm25,4.373020269467252,10.286307158409842
FI00208,FI,,60.31439,24.68486,fold5_north,pm25,4.124022720156493,9.547137908199907
FI00280,FI,,61.05748,28.24585,fold5_north,pm25,4.925455710857658,11.154444432082782
FI00349,FI,,59.77923,21.37395,fold5_north,pm25,4.331311316223721,11.144835155244152
FI00356,FI,,67.96715,24.11233,fold5_north,pm25,1.766934171682823,9.104915133907975
FI00370,FI,,60.28995,25.03953,fold5_north,pm25,5.564238168212592,10.745836119136621
FI00397,FI,,63.67912,22.71837,fold5_north,pm25,5.1131706697778,10.979556294025071
FI00425,FI,,60.18739,24.9506,fold5_north,pm25,5.337644236234493,11.297971476798498
FI00427,FI,,68.00049,24.24566,fold5_north,pm25,1.9336790845880802,8.47482358233116
FI00564,FI,,60.16964,24.93924,fold5_north,pm25,6.4495194866378585,10.826250068854215
FI00721,FI,,61.49307,23.76938,fold5_north,pm25,4.117607440158635,10.01181930904318
FI00781,FI,,60.22393,25.10244,fold5_north,pm25,5.019756433626804,10.46224269241686
FI00801,FI,,61.4991,23.80221,fold5_north,pm25,4.193546838090941,10.102838945449328
FI00838,FI,,61.50854,23.67583,fold5_north,pm25,4.429029863289047,10.41209892163182
FI00841,FI,,60.22024,24.81133,fold5_north,pm25,5.8429133512040705,10.686742090314699
FI00889,FI,,60.99129,25.66579,fold5_north,pm25,4.734816826011507,10.462765123709277
FI00928,FI,,61.48226,21.81329,fold5_north,pm25,6.2439968575310925,10.372826880031951
FI00952,FI,,62.23817,25.74788,fold5_north,pm25,5.174940143301644,10.480451978664789
FI00955,FI,,62.89553,27.64725,fold5_north,pm25,5.044262998316447,10.672041728675039
FI00972,FI,,60.24903,24.06947,fold5_north,pm25,4.773639948511276,10.29350426260349
FI01004,FI,,60.53774,27.55872,fold5_north,pm25,4.39263181216384,11.022536431865133
IE001AP,IE,,53.33629,-6.30902,fold5_north,pm25,7.793698615218285,10.072182130596612
IE001CM,IE,,53.03612,-7.28867,fold5_north,pm25,8.148633800072442,9.618683488609516
IE001DP,IE,,55.3722,-7.3389,fold5_north,pm25,7.319827545591599,9.794088090912565
IE001LM,IE,,53.94455,-8.08649,fold5_north,pm25,6.0337912377824585,9.619344251456823
IE001WD,IE,,52.26381,-7.11791,fold5_north,pm25,8.284660854548324,9.866511874100619
IE0028A,IE,,53.35389,-6.27806,fold5_north,pm25,7.623032067034395,10.22923078268652
IE0029D,IE,,53.35241,-6.24899,fold5_north,pm25,8.060223994858767,10.375238096793463
IE002AP,IE,,53.36879,-6.17264,fold5_north,pm25,6.396317365138733,9.858401666062715
IE002BP,IE,,51.88409,-8.53304,fold5_north,pm25,6.51355925184801,9.626734414823975
IE002CM,IE,,54.00313,-6.39263,fold5_north,pm25,8.191977149901824,9.981787933266679
IE002LH,IE,,53.7322,-6.32,fold5_north,pm25,6.334722327238663,9.944056072363322
IE002SO,IE,,54.26733,-8.48043,fold5_north,pm25,7.858725765061059,9.902943297536137
IE0030D,IE,,53.34916,-6.45031,fold5_north,pm25,7.2945206254563555,9.566420884751299
IE0036A,IE,,53.336905,-6.359465,fold5_north,pm25,7.279831897265236,9.620022969044298
IE003AP,IE,,53.39025,-6.30527,fold5_north,pm25,7.027049265835548,9.735792942786507
IE003CP,IE,,52.83972,-6.93167,fold5_north,pm25,6.922388033743945,9.672692925168928
IE003DP,IE,,52.19333,-6.37667,fold5_north,pm25,8.683889396430612,10.06036671813332
IE003WW,IE,,53.14987,-6.07031,fold5_north,pm25,6.319125820110102,9.947368687198828
IE004AP,IE,,53.34188,-6.21408,fold5_north,pm25,7.103591135537034,10.423986498503675
IE004DP,IE,,52.4792,-8.15638,fold5_north,pm25,6.942241240188806,9.483674363972376
IE004KY,IE,,52.05828,-9.50488,fold5_north,pm25,7.009836227068517,10.170755276353114
IE005AP,IE,,53.34584,-6.2948,fold5_north,pm25,7.823224105922193,10.241314893562036
IE005CP,IE,,52.24706,-7.15163,fold5_north,pm25,7.955757578353365,9.336730440884942
IE005DP,IE,,51.855,-8.28778,fold5_north,pm25,6.746408866556575,9.588299961360027
IE005OY,IE,,53.3425,-7.0475,fold5_north,pm25,12.024309338213438,9.580153300583738
IE006AP,IE,,53.34502,-6.25431,fold5_north,pm25,7.881741562531784,10.295114219950763
IE006CP,IE,,54.95445,-7.73515,fold5_north,pm25,10.304815866302787,9.404425331721448
IE006KE,IE,,53.21809,-6.65909,fold5_north,pm25,7.151895053339235,9.981122191310856
IE007CP,IE,,52.65856,-8.6287,fold5_north,pm25,8.00535720006752,10.12222567861121
IE007DP,IE,,51.90467,-8.95293,fold5_north,pm25,8.002222259620478,9.55278498532575
IE007GY,IE,,53.274,-9.0485,fold5_north,pm25,7.701092976141832,10.253937666407746
IE007KE,IE,,53.3719,-6.4867,fold5_north,pm25,6.718579128072866,9.246820701447374
IE008CP,IE,,53.6556,-6.68933,fold5_north,pm25,7.859726050875262,9.577616442033062
IE0095A,IE,,53.358605,-6.357825,fold5_north,pm25,7.4570588938800375,9.599363145918469
IE0098A,IE,,53.34167,-6.28889,fold5_north,pm25,6.350270168836831,10.573873281720797
IE009CP,IE,,52.26726,-9.69792,fold5_north,pm25,11.032240441565753,9.881631090067621
IE0106A,IE,,53.36111,-6.225,fold5_north,pm25,7.636592189957708,10.081618156334565
IE0108A,IE,,52.63917,-8.95417,fold5_north,pm25,4.945000106999535,9.67538958842742
IE010LK,IE,,52.6613,-8.6316,fold5_north,pm25,6.8552485825355465,10.325976607253397
IE0110A,IE,,51.88194,-8.456900000000001,fold5_north,pm25,5.005571138774109,9.778577549872304
IE011CP,IE,,53.42478,-7.93766,fold5_north,pm25,8.822188430666259,10.434996224569177
IE0127A,IE,,53.31184,-6.23532,fold5_north,pm25,7.2223140056136925,9.802650097112256
IE012CK,IE,,52.13405,-8.64071,fold5_north,pm25,6.383519496344511,9.654266076210046
IE012CP,IE,,52.33742,-6.46162,fold5_north,pm25,8.814958476786575,10.654187090490884
IE0131A,IE,,53.3856,-6.370105000000001,fold5_north,pm25,7.275690559335788,9.490408933906311
IE0132A,IE,,53.28583,-6.131945,fold5_north,pm25,7.473770497998085,10.422271912171723
IE0136A,IE,,53.28034,-6.35877,fold5_north,pm25,6.214929523054116,9.373975125963083
IE0137A,IE,,52.8432,-8.9893,fold5_north,pm25,12.240896286361892,10.31779758984995
IE013CK,IE,,51.90168,-8.46206,fold5_north,pm25,7.783879800395597,10.460435660073204
IE0140A,IE,,53.4638,-6.2235,fold5_north,pm25,6.351506901084732,9.620513440634076
IE0142A,IE,,53.725570000000005,-7.79151,fold5_north,pm25,9.500277807874388,9.58051356554526
IE0145A,IE,,53.68741,-9.0128,fold5_north,pm25,5.361538478513999,10.624049138523116
IE016CK,IE,,51.83057,-8.32085,fold5_north,pm25,6.454246449257609,9.805145030198211
IE028D,IE,,53.35274,-6.20385,fold5_north,pm25,7.442191739202565,10.366262798197168
IS0002A,IS,,64.05887,-21.99073,fold5_north,pm25,3.9544927877630123,9.538888331478454
IS0006A,IS,,64.13886,-21.87341,fold5_north,pm25,4.026985258502949,9.85906750001184
IS0025A,IS,,64.37358,-21.75914,fold5_north,pm25,4.917546722954429,9.983296477049814
IS0037A,IS,,64.10495,-21.889,fold5_north,pm25,3.9943270767937262,9.688695972356673
IS0046A,IS,,64.04416,-21.98535,fold5_north,pm25,6.826563504282249,9.880614771583344
IS0061A,IS,,64.15335,-21.886,fold5_north,pm25,3.70824736514642,9.421132824195357
IS0063A,IS,,64.08564,-21.82489,fold5_north,pm25,2.7850421161207732,8.608997519798027
IS0064A,IS,,64.08799,-21.99609,fold5_north,pm25,3.5399474437372964,9.405224325152089
LT00002,LT,,54.68611,25.210835000000003,fold5_north,pm25,6.178846165835086,10.037831579980075
LT00003,LT,,54.71528,25.28944,fold5_north,pm25,10.847088534717091,10.93351702470027
LT00012,LT,,55.725,24.36557,fold5_north,pm25,10.487151659152543,11.805736651333126
LT00021,LT,,56.31944,22.87084,fold5_north,pm25,8.38150353984848,9.533059117103582
LT00022,LT,,55.93784,23.30803,fold5_north,pm25,10.588092241287729,10.727409892589025
LT00023,LT,,56.30972,22.33139,fold5_north,pm25,8.792462775373677,10.468041375019405
LT00041,LT,,54.89513,23.98622,fold5_north,pm25,13.315769738769074,10.438231346970763
LT00042,LT,,55.07222,24.28389,fold5_north,pm25,12.456960320549419,10.185433838879153
LT00043,LT,,55.28,23.95778,fold5_north,pm25,10.463832266306827,10.191127461937649
LT00044,LT,,54.88361,23.835835000000003,fold5_north,pm25,8.427517355279681,10.255743905127877
LT00053,LT,,56.00834,21.88695,fold5_north,pm25,7.248700718625442,9.881909685149603
LV0010R,LV,,56.16235,21.17333,fold5_north,pm25,7.578958743760406,10.400430116895723
LV0022A,LV,,57.404,21.59032,fold5_north,pm25,7.87187581080994,10.952562478396787
LV0026A,LV,,56.95485,24.10476,fold5_north,pm25,8.956401187678395,11.36466485797761
LV0029A,LV,,56.49628,21.01441,fold5_north,pm25,11.55262117444602,12.311488668199347
LV0031A,LV,,56.51101,27.33775,fold5_north,pm25,10.6777256105512,11.066458617545228
NO0011A,NO,,59.9331,10.725335,fold5_north,pm25,6.969200120977507,10.462984145233973
NO0057A,NO,,59.92815,10.847725,fold5_north,pm25,7.098080437479221,9.682349365900205
NO0059A,NO,,60.37579,5.341324999999999,fold5_north,pm25,5.9728620667452095,10.34929854238271
NO0060A,NO,,63.41845,10.39714,fold5_north,pm25,5.049377612650575,10.341920606380096
NO0061A,NO,,59.1593,9.63573,fold5_north,pm25,7.858726147555201,9.717761179294946
NO0063A,NO,,58.14888,7.99183,fold5_north,pm25,7.15199948163803,10.857411863327904
NO0065A,NO,,58.96152,5.7314,fold5_north,pm25,7.84325001045393,10.60976036467444
NO0071A,NO,,59.898625,10.814955,fold5_north,pm25,7.4495218075892815,9.749029075089991
NO0073A,NO,,59.63944,10.765935,fold5_north,pm25,7.062909279106641,10.155741259971771
NO0074A,NO,,61.11314,10.465635,fold5_north,pm25,6.6903555401797625,10.121433910109483
NO0075A,NO,,61.12113,10.46629,fold5_north,pm25,6.314441575188234,10.68829738140414
NO0076A,NO,,58.964195,5.727824999999999,fold5_north,pm25,7.37518425522656,10.748711459659665
NO0083A,NO,,59.919375,10.69645,fold5_north,pm25,8.55702547633439,10.696636574258381
NO0084A,NO,,59.245975,10.9474,fold5_north,pm25,9.943350984721572,9.978162991730409
NO0093A,NO,,59.911325,10.703935,fold5_north,pm25,7.912287006167302,10.376267967502953
NO0095A,NO,,59.9325,10.66987,fold5_north,pm25,7.1939889163553055,9.943650134204251
NO0103A,NO,,60.79089,10.6967,fold5_north,pm25,6.217575650541405,10.73955678362627
NO0108A,NO,,60.46267,5.33245,fold5_north,pm25,4.082618404914416,9.740579445738966
NO0109A,NO,,60.36114,5.23686,fold5_north,pm25,5.1414373962098345,10.597099478907209
NO0110A,NO,,59.27378,11.08919,fold5_north,pm25,9.101663785607977,9.910625260686992
NO0112A,NO,,59.43347,10.66176,fold5_north,pm25,8.662558729285697,10.734722914253595
NO0114A,NO,,59.91822,10.58393,fold5_north,pm25,8.42711457016766,9.32386870019373
NO0115A,NO,,59.0573,9.69557,fold5_north,pm25,7.299158482403761,10.030647156920342
NO0118A,NO,,59.13354,9.6219,fold5_north,pm25,10.500150179586365,9.752194428457136
NO0119A,NO,,60.88364,11.5593,fold5_north,pm25,7.522017626023471,9.670166390518888
NO0120A,NO,,60.39593,5.31267,fold5_north,pm25,5.453511811122855,11.220462135537659
NO0121A,NO,,60.29427,5.32462,fold5_north,pm25,5.1704660808981195,10.398944883616114
NO0122A,NO,,59.92556,10.85037,fold5_north,pm25,9.811242688504269,9.720770598602694
NO0123A,NO,,66.31219,14.14992,fold5_north,pm25,6.745874980400815,10.258501916756547
NO0125A,NO,,58.95188,5.72188,fold5_north,pm25,7.463683212382993,9.472858274639842
NO0126A,NO,,67.2755,14.41906,fold5_north,pm25,3.4492085077841814,9.451144868483722
NO0127A,NO,,68.79223,16.53742,fold5_north,pm25,4.678777152637412,9.403382691315041
NO0128A,NO,,59.26373,10.41117,fold5_north,pm25,6.017466389057627,10.755744418013233
NO0129A,NO,,59.92861,10.9532,fold5_north,pm25,9.371610373400019,9.954247643250138
NO0130A,NO,,60.88593,10.93785,fold5_north,pm25,10.311906877067624,9.657657305664982
NO0135A,NO,,59.74953,10.1653,fold5_north,pm25,9.406258471277836,10.278785895837329
NO0136A,NO,,59.75362,10.1444,fold5_north,pm25,8.526736052095162,10.39369398996585
NO0140A,NO,,59.91405,10.73598,fold5_north,pm25,8.308072854539992,9.832446873716945
NO0141A,NO,,58.97265,5.7265,fold5_north,pm25,6.416202131707681,11.176536866931972
NO0143A,NO,,59.91694,10.766,fold5_north,pm25,8.641520823704882,10.394472480542278
NO0148A,NO,,68.43541,17.42491,fold5_north,pm25,3.9079192826519162,10.007105664705588
NO0150A,NO,,59.92845,10.80186,fold5_north,pm25,12.185637539071625,10.139479363763389
NO0151A,NO,,60.79646,11.09676,fold5_north,pm25,10.455725649809155,10.387270424295822
NO0152A,NO,,59.90826,10.74947,fold5_north,pm25,11.270699895323258,9.966073997760608
SE0001A,SE,,55.60639,13.00196,fold5_north,pm25,7.042559655230562,10.815377595397734
SE0003A,SE,,59.31722,18.048920000000003,fold5_north,pm25,5.623008231828935,10.934248952415361
SE0004A,SE,,57.70902,11.97024,fold5_north,pm25,7.448901644318939,10.341374056624982
SE0005R,SE,,63.8455,15.31973,fold5_north,pm25,2.549657183180323,9.725981839353679
SE0022A,SE,,59.31601,18.05781,fold5_north,pm25,4.501581978414549,11.351617731596269
SE0058A,SE,,55.58475,13.00623,fold5_north,pm25,7.567034209006533,11.600482979838162
SE0059A,SE,,63.82886,20.25849,fold5_north,pm25,5.0737825760537625,11.561920258408403
SE0066A,SE,,59.83238,18.63131,fold5_north,pm25,3.36897134769342,10.65970459547532
SE0071A,SE,,59.4422,17.92332,fold5_north,pm25,4.522210259627198,10.458949795703397
SE0085A,SE,,56.04718,12.69163,fold5_north,pm25,7.4246644387858325,11.671091751594322
SE0095A,SE,,62.38856,17.30889,fold5_north,pm25,5.485787063003851,10.468018240886229
SE0117A,SE,,57.63693,18.30357,fold5_north,pm25,7.394794395621023,11.07139565257369
SE09569,SE,,62.38646,17.30323,fold5_north,pm25,4.962508204834731,11.043010497614665
SE156417,SE,,59.85709,17.64631,fold5_north,pm25,4.999725059370921,11.438440405716294
SE157992,SE,,59.3405,18.03702,fold5_north,pm25,5.404799044904284,10.939531419897994
SE159388,SE,,60.08583,17.50528,fold5_north,pm25,3.7811288653245008,10.55552563802486
SE159402,SE,,59.44592,17.95499,fold5_north,pm25,4.797464239855008,10.0808095396852
SE159404,SE,,59.86052,17.6376,fold5_north,pm25,3.884501513042696,11.838012023039543
SE165095,SE,,60.2814,15.9891,fold5_north,pm25,5.458501775087933,10.53448198070142
SE181002,SE,,56.87988,14.79927,fold5_north,pm25,6.882045494426324,10.942649271994709
SE181259,SE,,63.17391,14.64109,fold5_north,pm25,5.437972137366293,10.720854788531046
SE181993,SE,,56.66419,16.33362,fold5_north,pm25,6.812982384276474,11.043214035426795
SE274590,SE,,57.69371,11.95677,fold5_north,pm25,7.10065709393743,10.789991141973102
SE274652,SE,,59.43364,17.94974,fold5_north,pm25,4.788383442627049,10.807047938840949
SE301111,SE,,58.59152,16.17788,fold5_north,pm25,5.004811565911375,11.060856484214986
SE301113,SE,,58.59204,16.18933,fold5_north,pm25,4.458747957332821,11.773725198402751
SE301757,SE,,59.36426,17.97628,fold5_north,pm25,4.856340148333705,11.09107129214867
SE313381,SE,,57.63993,18.30972,fold5_north,pm25,5.912927452557222,11.521789103698122
SE338683,SE,,60.67617,17.13764,fold5_north,pm25,5.6617925037279555,11.70235047881307
SE338685,SE,,58.41239,15.63008,fold5_north,pm25,5.077570434100569,10.640979115964994
SE343956,SE,,59.37667,13.49034,fold5_north,pm25,5.666642347515626,10.860537828206496
SE344172,SE,,59.6077,16.53592,fold5_north,pm25,6.193639122736489,11.321078694581688
SE363072,SE,,59.23663,17.83619,fold5_north,pm25,4.90755067414831,10.046660332911538
SE363816,SE,,56.10229,13.42008,fold5_north,pm25,5.899247391791588,10.760965460422257
SE37479,SE,,59.489,17.91992,fold5_north,pm25,4.629284886353567,10.996438983167355
SE37658,SE,,63.8208,20.2893,fold5_north,pm25,3.9439917247674052,11.452608109468246
SE38350,SE,,55.70334,13.18028,fold5_north,pm25,6.281235318898432,10.458441107716629
SE429526,SE,,57.6281,18.32356,fold5_north,pm25,8.39069861602185,11.085256699112216
BA0029A,BA,,43.8675,18.42306,fold6_balkan_e,pm25,25.40410892360851,10.743670652904987
BA0032A,BA,,44.53472,18.66168,fold6_balkan_e,pm25,25.12989409745457,10.859462889891185
BA0043A,BA,,43.8301,18.3111,fold6_balkan_e,pm25,25.838499036326077,10.524885850365903
BA0045A,BA,,44.5332,18.5347,fold6_balkan_e,pm25,24.750340495106688,11.862954363894996
BA0047A,BA,,45.07,17.59,fold6_balkan_e,pm25,33.3939183402549,8.08806871568508
BA0058A,BA,,44.8077,15.8664,fold6_balkan_e,pm25,21.935364758187152,9.292013185706281
BA0061A,BA,,43.9,18.342,fold6_balkan_e,pm25,28.66676673426863,9.686154533979062
BA0062A,BA,,44.225,17.667,fold6_balkan_e,pm25,23.45514954361054,9.81190718016189
BA0065A,BA,,44.798,17.204,fold6_balkan_e,pm25,32.34282050422839,9.93177406853028
BG0020A,BG,,43.0742,25.60488,fold6_balkan_e,pm25,14.27585150767539,10.630684033964764
BG0039A,BG,,42.4342,25.63152,fold6_balkan_e,pm25,17.023224435753086,11.391454298182362
BG0045A,BG,,43.85137,25.96409,fold6_balkan_e,pm25,14.649522596931329,12.300631635828212
BG0046A,BG,,42.57828,23.11398,fold6_balkan_e,pm25,16.81369009942619,11.289499080963019
BG0050A,BG,,42.68056,23.29679,fold6_balkan_e,pm25,12.652182467952064,13.230650776415045
BG0051A,BG,,42.14289,24.76524,fold6_balkan_e,pm25,16.667213509475275,13.082600723143688
BG0053R,BG,,41.69434,24.73808,fold6_balkan_e,pm25,6.927214554495106,6.0278010275660785
BG0070A,BG,,42.63719,23.24386,fold6_balkan_e,pm25,8.301227540396328,6.75485807949721
BG0075A,BG,,43.22439,27.91573,fold6_balkan_e,pm25,10.989943373096933,11.912317469040556
HR0005A,HR,,45.32079,14.48351,fold6_balkan_e,pm25,8.04281840690966,8.99359856927434
HR0010A,HR,,45.15947,17.9951,fold6_balkan_e,pm25,25.16595091010249,11.748850190594496
HR0011A,HR,,45.69803,18.83464,fold6_balkan_e,pm25,11.00764837083937,7.889308784501046
HR0012A,HR,,46.16906,15.66064,fold6_balkan_e,pm25,13.32741962408466,7.644143032850542
HR0013A,HR,,44.89933,15.60978,fold6_balkan_e,pm25,7.05675371820729,7.9968929591441045
HR0015A,HR,,45.2912,13.74978,fold6_balkan_e,pm25,6.363283602802879,8.40184892844856
HR0017A,HR,,44.02109,15.51611,fold6_balkan_e,pm25,7.275879505462179,8.762177213789949
HR0021A,HR,,45.83437,15.97839,fold6_balkan_e,pm25,13.892975559435088,12.007059160905342
HR0022A,HR,,43.51065,16.44934,fold6_balkan_e,pm25,9.66675414397964,11.386214185918346
HR0023A,HR,,43.54812,16.43496,fold6_balkan_e,pm25,9.867615390995624,10.408277290551979
HR0031A,HR,,45.32079,14.48351,fold6_balkan_e,pm25,7.7128880711310455,8.99359856927434
HR0035A,HR,,45.48563,16.76852,fold6_balkan_e,pm25,22.805120358964277,10.490749871971975
HR0037A,HR,,46.16129,16.84325,fold6_balkan_e,pm25,18.574731729351953,11.733162182971318
HR0039A,HR,,45.55772,18.73086,fold6_balkan_e,pm25,15.6067631089297,11.93096697404472
HR0043A,HR,,43.50417,16.45333,fold6_balkan_e,pm25,8.39453595115751,10.345998899613418
HR0044A,HR,,43.50417,16.45333,fold6_balkan_e,pm25,8.436622929163603,10.345998899613418
HR0045A,HR,,42.64483,18.08517,fold6_balkan_e,pm25,7.234223011530504,8.55378074219792
HR0046A,HR,,45.71485,16.06829,fold6_balkan_e,pm25,20.775336171926128,12.045802540685706
HU0017A,HU,,47.86667,19.93333,fold6_balkan_e,pm25,9.408630948107982,6.845116972029988
HU0022A,HU,,47.43084,19.18417,fold6_balkan_e,pm25,7.407407457294433,12.636786578433444
HU0023A,HU,,47.51333,21.62445,fold6_balkan_e,pm25,19.983119314510006,11.366446388383975
HU0026A,HU,,48.24722,20.6164,fold6_balkan_e,pm25,18.286207052714666,10.90401991549268
HU0029A,HU,,46.08028,18.21112,fold6_balkan_e,pm25,11.609539539345384,11.029845934917384
HU0030A,HU,,46.07111,18.22529,fold6_balkan_e,pm25,14.346874874354443,12.744345446210056
HU0033A,HU,,46.97611,18.93611,fold6_balkan_e,pm25,13.174041416940561,12.00412409855636
HU0034A,HU,,47.09111,17.90112,fold6_balkan_e,pm25,12.377744757637993,11.810801320799184
HU0037A,HU,,47.10528,17.55667,fold6_balkan_e,pm25,13.456546104568448,11.03098082315606
HU0039A,HU,,47.79,18.74612,fold6_balkan_e,pm25,13.339080428635596,11.79975355363101
HU0044A,HU,,48.47389,21.21168,fold6_balkan_e,pm25,13.303921520298168,12.413020474293138
HU0056A,HU,,47.52278,19.06972,fold6_balkan_e,pm25,12.840700432665116,12.579557711761039
HU0057A,HU,,46.26661,20.15305,fold6_balkan_e,pm25,11.96590915503446,10.626330398735881
ME0008A,ME,,42.10383,19.09431,fold6_balkan_e,pm25,7.212567424053834,8.99223343859275
RO0065A,RO,,44.44727,26.03669,fold6_balkan_e,pm25,12.920710412339792,11.094872963883779
RO0069A,RO,,44.41949,26.03364,fold6_balkan_e,pm25,12.091497275469782,13.11544745383823
RO0070A,RO,,44.43504,26.0983,fold6_balkan_e,pm25,14.126876142174767,13.546581823663935
RO0071A,RO,,44.34922,26.03083,fold6_balkan_e,pm25,12.027076801883922,12.419539965399931
RO0072A,RO,,44.64903,26.14448,fold6_balkan_e,pm25,19.54626772659279,10.004822817084492
RO0074A,RO,,46.77503,23.59662,fold6_balkan_e,pm25,16.310990540801882,11.757621959825013
RO0077A,RO,,47.14501,23.87739,fold6_balkan_e,pm25,22.07308101758866,11.094503581968697
RO0079A,RO,,44.31914,23.79671,fold6_balkan_e,pm25,11.999939311128156,11.92596662311838
RO0084A,RO,,47.15095,27.58192,fold6_balkan_e,pm25,15.496289122909698,11.645318578079518
RO0087A,RO,,47.13574,27.69309,fold6_balkan_e,pm25,14.033911416753956,13.566924399501403
RO0092A,RO,,46.06428,23.56352,fold6_balkan_e,pm25,15.470745834473503,10.496865192947437
RO0111A,RO,,47.12737,24.49549,fold6_balkan_e,pm25,19.37979663532375,10.176859448317146
RO0112A,RO,,47.73992,26.65852,fold6_balkan_e,pm25,10.311338585439737,11.409519294901687
RO0119A,RO,,45.65222,25.58306,fold6_balkan_e,pm25,13.99091051405522,10.65911716773971
RO0126A,RO,,44.20176,27.32796,fold6_balkan_e,pm25,12.312348217008338,11.72647140450844
RO0142A,RO,,45.43154,28.05474,fold6_balkan_e,pm25,14.463021132395514,10.564988360256502
RO0154A,RO,,45.87141,22.90859,fold6_balkan_e,pm25,14.80392565898314,10.902349494005428
RO0159A,RO,,44.56497,27.36608,fold6_balkan_e,pm25,11.93189667236558,11.625659442752392
RO0176A,RO,,44.93924,26.02583,fold6_balkan_e,pm25,15.602637708265958,12.047047627062105
RO0205A,RO,,46.63214,27.73089,fold6_balkan_e,pm25,12.11239056381576,9.99148298255582
RO0211A,RO,,47.21564,27.76873,fold6_balkan_e,pm25,17.129916117701494,13.373251447558689
RO0219A,RO,,45.13399,24.67663,fold6_balkan_e,pm25,13.651892181624945,8.802575216201662
RO0220A,RO,,44.42884,24.36884,fold6_balkan_e,pm25,12.855100959729787,11.561263893932203
RO0222A,RO,,45.13581,25.74695,fold6_balkan_e,pm25,15.062404014637785,10.779667834533594
RO0223A,RO,,45.70226,25.44714,fold6_balkan_e,pm25,19.93567592901845,11.049242277196354
RO0226A,RO,,43.81685,28.56623,fold6_balkan_e,pm25,11.670426879935027,10.932106227659322
RO0227A,RO,,45.86476,25.78332,fold6_balkan_e,pm25,16.71161182376192,11.047803840934687
RO0229A,RO,,44.49181,26.03093,fold6_balkan_e,pm25,12.2365444803278,14.466892108397197
RO0230A,RO,,44.46039,25.98738,fold6_balkan_e,pm25,17.26365851322415,12.806759125664946
RO0231A,RO,,44.36974,25.9748,fold6_balkan_e,pm25,16.590664849386645,13.40703327147624
RO0233A,RO,,44.42548,26.091,fold6_balkan_e,pm25,15.217364983060149,14.009384672735967
RO0234A,RO,,44.45076,26.1303,fold6_balkan_e,pm25,15.895925407434435,11.669576749525792
RO0235A,RO,,44.44618,26.06627,fold6_balkan_e,pm25,15.142875360304101,12.135841561731004
RO0236A,RO,,44.46806,26.14091,fold6_balkan_e,pm25,18.036801013035838,12.675578549262191
RO0237A,RO,,44.43214,26.14021,fold6_balkan_e,pm25,24.046795240169363,13.276481619866987
RO0238A,RO,,44.41974,26.13615,fold6_balkan_e,pm25,25.182126800956453,12.09778742877819
RO0239A,RO,,44.43411,26.04233,fold6_balkan_e,pm25,10.494382840345404,12.018680492288818
RO0241A,RO,,44.39268,26.12042,fold6_balkan_e,pm25,17.147881487152862,11.317581430982472
RO0242A,RO,,44.38614,26.13041,fold6_balkan_e,pm25,16.652696873595644,12.216574503308934
RO0243A,RO,,44.41851,26.1492,fold6_balkan_e,pm25,13.985898831284848,12.69526152173737
RO0244A,RO,,44.47031,26.00246,fold6_balkan_e,pm25,20.45772807251426,13.176346649145149
RO0245A,RO,,44.4071,26.11314,fold6_balkan_e,pm25,15.121494276953214,12.9021409653873
RO0246A,RO,,44.30011,26.12012,fold6_balkan_e,pm25,17.591911265507793,11.501197514776566
RO0247A,RO,,44.49926,26.13543,fold6_balkan_e,pm25,15.653024832833221,14.73905914564229
RO0248A,RO,,44.48824,26.18419,fold6_balkan_e,pm25,19.520945167498088,14.495122277574415
RO0249A,RO,,44.38578,26.24713,fold6_balkan_e,pm25,17.192146091847718,13.48816912476581
RO0250A,RO,,44.55027,26.07054,fold6_balkan_e,pm25,16.459820164195456,13.943654347420773
RO0251A,RO,,44.56106,25.9471,fold6_balkan_e,pm25,14.743030633146441,12.425815672875064
RO0252A,RO,,45.29934,21.87213,fold6_balkan_e,pm25,10.685718449397022,9.680225958262852
RO0253A,RO,,44.91519,25.46655,fold6_balkan_e,pm25,12.824636575428364,11.215361550948707
RO0255A,RO,,45.05019,23.27398,fold6_balkan_e,pm25,24.74435653137269,12.897352061700504
RO0257A,RO,,47.19514,23.04705,fold6_balkan_e,pm25,14.814444075874814,10.960155859960127
RO0258A,RO,,45.69455,21.89308,fold6_balkan_e,pm25,13.282813680730063,12.223252743197667
RO0262A,RO,,44.55968,23.52724,fold6_balkan_e,pm25,18.547665114769455,12.250952240993962
RO0263A,RO,,47.93056,23.8889,fold6_balkan_e,pm25,30.5981176335788,9.56173471302684
RS0028A,RS,,44.79875,20.45018,fold6_balkan_e,pm25,21.317670374827475,12.647828718402614
RS0029A,RS,,45.26263,19.81902,fold6_balkan_e,pm25,17.35928234144612,12.598183153734395
RS0030A,RS,,43.31655,21.91355,fold6_balkan_e,pm25,36.00295118963324,12.003020665080113
RS0032A,RS,,44.82112,20.45911,fold6_balkan_e,pm25,21.611368136245915,13.066046077402266
RS0033A,RS,,43.32255,21.91903,fold6_balkan_e,pm25,25.38032092056719,11.085832475454618
RS0049A,RS,,45.20839,19.72171,fold6_balkan_e,pm25,17.98135121173732,11.526818491981343
RS0050A,RS,,44.66408,20.92673,fold6_balkan_e,pm25,22.32123192579292,14.88328123390991
RS0051A,RS,,44.65948,20.2045,fold6_balkan_e,pm25,26.657795800951455,12.8942791369768
RS0052A,RS,,44.00294,19.90517,fold6_balkan_e,pm25,30.482628212817936,9.179804741794431
RS0053A,RS,,43.91059,21.50839,fold6_balkan_e,pm25,21.599368241373757,11.899653519697129
RS0054A,RS,,43.85426,19.84318,fold6_balkan_e,pm25,30.516178674974487,10.128336796140621
RS0055A,RS,,43.1397,20.51635,fold6_balkan_e,pm25,41.31696448730704,11.151882456295356
SI0001A,SI,,46.23451,15.26248,fold6_balkan_e,pm25,14.892537458406577,10.85786901423794
SI0002A,SI,,46.55887,15.6513,fold6_balkan_e,pm25,11.700872209844595,9.69302799377299
SI0003A,SI,,46.06554,14.51272,fold6_balkan_e,pm25,14.033057876074249,10.342400472597587
SI0008R,SI,,45.561245,14.86043,fold6_balkan_e,pm25,6.753541106323683,6.388112594169708
SI0033A,SI,,46.65209,16.19132,fold6_balkan_e,pm25,15.149390568432962,12.14312227189692
SI0034A,SI,,45.95557,13.65239,fold6_balkan_e,pm25,11.598885813967389,10.740763492762815
SI0036A,SI,,46.13139,15.00084,fold6_balkan_e,pm25,15.314793902572822,9.569791331032508
SI0037A,SI,,46.14391,15.08329,fold6_balkan_e,pm25,11.933321622132855,9.394908092451658
SI0038A,SI,,45.54301,13.71352,fold6_balkan_e,pm25,10.29778843069891,9.706094393346834
SI0059A,SI,,46.56835,15.62612,fold6_balkan_e,pm25,11.103746353727693,8.666795130606603
SI0061A,SI,,45.80182,15.17726,fold6_balkan_e,pm25,13.658896733640036,9.42751074706079
SI0071A,SI,,46.65776,16.15923,fold6_balkan_e,pm25,17.821560410404192,11.544681074237026
SI0072A,SI,,46.07209,14.48712,fold6_balkan_e,pm25,14.674025881592028,10.872184119298979
SI0073A,SI,,46.24179,14.36224,fold6_balkan_e,pm25,13.687732584227648,10.641381204428392
SI0074A,SI,,46.15751,15.05395,fold6_balkan_e,pm25,13.30492659815537,10.514990185790431
SI0075A,SI,,46.03749,14.48927,fold6_balkan_e,pm25,14.811303598981986,9.576074066972383
SI0076A,SI,,46.23566,15.24624,fold6_balkan_e,pm25,15.600837145239188,9.894173528369683
SI0077A,SI,,46.4255,15.87651,fold6_balkan_e,pm25,14.214894612329262,11.944276915564545
XK0001A,XK,,42.51721,21.10923,fold6_balkan_e,pm25,12.796724126942399,8.45295114737509
XK0002A,XK,,42.39347,21.09264,fold6_balkan_e,pm25,17.80559249225216,9.74498471635455
XK0003A,XK,,42.62557,20.89621,fold6_balkan_e,pm25,10.351997886369817,10.95890962012078
XK0004A,XK,,42.8918,20.8689,fold6_balkan_e,pm25,13.891689219446684,11.393775208439184
XK0005A,XK,,42.6657,20.3051,fold6_balkan_e,pm25,13.063595606865528,11.462868178570925
XK0006A,XK,,42.2199,20.7279,fold6_balkan_e,pm25,10.07811270394093,12.02822322222321
XK0008A,XK,,42.154,21.296,fold6_balkan_e,pm25,10.689903185982265,12.026912823899197
XK0009A,XK,,42.4678,21.4604,fold6_balkan_e,pm25,16.43960095520802,12.488872892168061
XK0010A,XK,,42.6779,21.0528,fold6_balkan_e,pm25,9.81646417153904,12.695010843243065
XK0011A,XK,,42.6839,21.0733,fold6_balkan_e,pm25,15.10603913956908,12.661865687976144
XK0012A,XK,,42.6597,21.0833,fold6_balkan_e,pm25,11.39627706627303,12.203540293898294
GR0001A,GR,,39.36671,22.94292,fold7_balkan_s,pm25,14.525333881130782,9.154435131860875
GR0003A,GR,,37.98807,23.72762,fold7_balkan_s,pm25,17.41952134837502,9.482558543274248
GR0018A,GR,,40.63372,22.9451,fold7_balkan_s,pm25,16.205669159474454,10.407970334502254
GR0030A,GR,,37.943975,23.64637,fold7_balkan_s,pm25,10.998204230750543,8.923443732289144
GR0035A,GR,,38.06871,23.78294,fold7_balkan_s,pm25,13.971074182906104,8.737492520793653
GR0037A,GR,,38.14352,23.7582,fold7_balkan_s,pm25,11.739888413287956,8.120595461268394
GR0038A,GR,,38.05132,23.53843,fold7_balkan_s,pm25,14.871596933796647,8.949429571390839
GR0039A,GR,,37.99511,23.81942,fold7_balkan_s,pm25,9.97283664382494,9.162452542126477
GR0047A,GR,,40.58892,23.03169,fold7_balkan_s,pm25,8.603632375277545,9.794516187784334
GR0048A,GR,,38.24647,21.73451,fold7_balkan_s,pm25,14.591687419102541,8.396332071575113
GR0110R,GR,,38.3753,23.1103,fold7_balkan_s,pm25,15.43967087155218,8.792215007978852
GR0410A,GR,,39.67117,20.8466,fold7_balkan_s,pm25,24.392256803657084,9.267144721221996
GR0422A,GR,,39.56082,21.77015,fold7_balkan_s,pm25,18.636386881816776,10.137191298105522
GR0423A,GR,,39.36581,21.91922,fold7_balkan_s,pm25,17.32769194847354,10.346212355723445
GR0451A,GR,,40.29408,21.7909,fold7_balkan_s,pm25,10.378029369790525,10.676353521640452
GR0455A,GR,,40.0847,21.43868,fold7_balkan_s,pm25,12.315964913636925,9.786824160766043
GR0456A,GR,,40.5133,21.25326,fold7_balkan_s,pm25,12.860205107352956,10.144035568967318
MK0030A,MK,,42.00361,21.46362,fold7_balkan_s,pm25,22.218021831697325,12.0863849159244
MK0031A,MK,,41.97833,21.47,fold7_balkan_s,pm25,28.813795909392894,12.444993132124372
MK0034A,MK,,41.91389,22.41585,fold7_balkan_s,pm25,14.792895516441584,10.946828071868936
MK0037A,MK,,41.04,21.3564,fold7_balkan_s,pm25,20.384778759817905,11.406265168214352
MK0038A,MK,,41.03028,21.33667,fold7_balkan_s,pm25,27.331611123355966,12.12906747063935
MK0040A,MK,,41.70583,21.76529,fold7_balkan_s,pm25,19.908865599011936,10.471865111085435
MK0041A,MK,,41.99759,20.96518,fold7_balkan_s,pm25,30.066554615377285,11.003473383882168
MK0042A,MK,,41.53583,20.6989,fold7_balkan_s,pm25,8.492181517608252,9.00817502735781
MK0044A,MK,,41.44056,22.00723,fold7_balkan_s,pm25,25.83215469320587,11.47075248650101
MK0045A,MK,,41.98744,21.6525,fold7_balkan_s,pm25,17.413740643570478,12.41383350029399
MK0047A,MK,,41.992,21.423,fold7_balkan_s,pm25,20.279018803849684,12.692953382862186
MK0048A,MK,,42.006,21.387,fold7_balkan_s,pm25,21.24905393896285,12.126293542434825
MK0049A,MK,,41.43913,22.64316,fold7_balkan_s,pm25,29.06426474072095,11.31780143218596
MK0050A,MK,,41.79974,20.90973,fold7_balkan_s,pm25,26.9080418629124,10.88925611588998
MK0054A,MK,,41.11422,20.80664,fold7_balkan_s,pm25,20.881436907263428,11.239110526807204
TR0002A,TR,,39.97203,32.58516,fold7_balkan_s,pm25,14.357953093772995,10.49738837732666
TR0010A,TR,,39.91832,32.8229,fold7_balkan_s,pm25,9.753939379567825,10.981614878776544
TR0011A,TR,,39.96773,32.79566,fold7_balkan_s,pm25,15.380139308395076,11.71912116811089
TR0015A,TR,,39.92727,32.85941,fold7_balkan_s,pm25,14.026154201903829,11.00922542088738
TR0022A,TR,,39.63388,27.89585,fold7_balkan_s,pm25,17.48124361476886,11.666273497521354
TR0023A,TR,,41.63053,32.33509,fold7_balkan_s,pm25,16.45612492718803,12.759429642015832
TR0026A,TR,,40.1411,29.97776,fold7_balkan_s,pm25,14.631985016722787,10.95787451996988
TR0030A,TR,,37.72302,30.29445,fold7_balkan_s,pm25,16.72025044406334,9.987604870631348
TR0031A,TR,,40.23443,29.03806,fold7_balkan_s,pm25,23.140364928085166,12.72680824445292
TR0032A,TR,,40.13694,26.40583,fold7_balkan_s,pm25,14.990787347281541,10.697214725711678
TR0033A,TR,,40.59972,33.61694,fold7_balkan_s,pm25,8.380197252538448,10.44359624675812
TR0038A,TR,,40.84555,31.14805,fold7_balkan_s,pm25,22.741875249696186,13.317406804781008
TR0039A,TR,,41.65921,26.58503,fold7_balkan_s,pm25,13.784042365503991,10.928643491070615
TR0049A,TR,,39.92611,44.05361,fold7_balkan_s,pm25,49.00577017408457,12.486913332404326
TR0052A,TR,,41.01472,28.95472,fold7_balkan_s,pm25,24.45384659217688,13.100251255074728
TR0053A,TR,,41.05767,28.94568,fold7_balkan_s,pm25,17.68060815716267,13.276702126123652
TR0054A,TR,,41.05388,29.01,fold7_balkan_s,pm25,16.192654877321385,12.315652420036217
TR0055A,TR,,41.03833,28.88805,fold7_balkan_s,pm25,19.37907130549448,13.408597797985067
TR0056A,TR,,40.99194,29.03361,fold7_balkan_s,pm25,18.69594385409245,14.000550373556964
TR0057A,TR,,40.89,29.2075,fold7_balkan_s,pm25,22.815242709467444,13.424745083177006
TR0059A,TR,,41.01361,29.16222,fold7_balkan_s,pm25,19.92299451209206,13.439185690659073
TR0060A,TR,,41.01527,29.025,fold7_balkan_s,pm25,11.7996941126079,12.374840584983088
TR0070A,TR,,38.20384,37.19834,fold7_balkan_s,pm25,21.929337871342472,8.945508535923617
TR0072A,TR,,37.11638,33.1325,fold7_balkan_s,pm25,13.291247302386186,6.312321231133689
TR0074A,TR,,41.3674,33.76499,fold7_balkan_s,pm25,22.96964752967815,9.526512846831206
TR0075A,TR,,38.74027,35.37527,fold7_balkan_s,pm25,12.696824624679753,9.492235726162278
TR0079A,TR,,39.84313,33.51817,fold7_balkan_s,pm25,11.19140623667932,9.369638122340975
TR0080A,TR,,41.72446,27.2145,fold7_balkan_s,pm25,7.384228622504429,10.735222278159357
TR0081A,TR,,39.14841,34.15925,fold7_balkan_s,pm25,7.524105257335837,8.867882262356138
TR0083A,TR,,40.76582,29.95125,fold7_balkan_s,pm25,22.89935007755479,12.435653697397763
TR0099A,TR,,40.76684,30.39385,fold7_balkan_s,pm25,21.627418325521308,13.942407778154447
TR010641,TR,,37.03993,35.26991,fold7_balkan_s,pm25,12.045434508328947,10.046321791904138
TR0106A,TR,,40.97645,27.51273,fold7_balkan_s,pm25,25.78852277485278,11.111021757573198
TR0114A,TR,,40.65333,29.26,fold7_balkan_s,pm25,20.773847675008632,13.853972582350709
TR0115A,TR,,39.81886,34.80572,fold7_balkan_s,pm25,11.230407021089864,8.94034808584724
TR050431,TR,,40.65722,35.83796,fold7_balkan_s,pm25,24.937864466271044,11.749280571497358
TR061141,TR,,39.93981,32.64003,fold7_balkan_s,pm25,8.12930511363827,10.285117684721092
TR061421,TR,,39.98161,32.74425,fold7_balkan_s,pm25,8.59645492108079,8.583495112790866
TR061622,TR,,39.98379,32.57651,fold7_balkan_s,pm25,7.378403000530183,10.046589996411447
TR061721,TR,,39.96458,32.90718,fold7_balkan_s,pm25,32.5628682355785,10.481634252177095
TR061842,TR,,39.86104,32.64059,fold7_balkan_s,pm25,7.516264851414897,10.109453532342043
TR061941,TR,,39.87109,32.85775,fold7_balkan_s,pm25,8.541923832288795,10.199471562917488
TR062041,TR,,39.99886,32.85617,fold7_balkan_s,pm25,9.296661526425023,10.711288624139685
TR062131,TR,,39.94008,32.84985,fold7_balkan_s,pm25,19.025229518834244,9.872901456121475
TR110241,TR,,39.90395,30.05295,fold7_balkan_s,pm25,25.598418842794445,10.595653103245489
TR140213,TR,,40.6039,31.25997,fold7_balkan_s,pm25,14.715317042042377,7.838441917431488
TR140331,TR,,40.73239,31.59952,fold7_balkan_s,pm25,22.390650055642297,11.816718276080787
TR140441,TR,,40.72622,31.60489,fold7_balkan_s,pm25,12.427931277247506,11.353098828121492
TR160512,TR,,40.19572,29.04588,fold7_balkan_s,pm25,23.353627157091783,12.7575505970474
TR160613,TR,,40.22337,28.87154,fold7_balkan_s,pm25,20.14324037711663,10.631605679471638
TR170313,TR,,40.40307,26.77063,fold7_balkan_s,pm25,14.597596766290271,8.883917621640789
TR190231,TR,,40.54655,34.96729,fold7_balkan_s,pm25,23.315239371085873,9.469717476615696
TR190321,TR,,40.53143,34.9443,fold7_balkan_s,pm25,19.157125987168936,10.516987272539126
TR220213,TR,,41.65914,26.53732,fold7_balkan_s,pm25,15.727980560395565,9.278703452888982
TR220341,TR,,40.85121,26.63529,fold7_balkan_s,pm25,24.310107338621187,10.00488829504179
TR240231,TR,,39.74644,39.49707,fold7_balkan_s,pm25,20.917655124231526,9.786405450679624
TR250531,TR,,39.90833,41.27323,fold7_balkan_s,pm25,18.853686328857847,9.609959623612438
TR260231,TR,,39.76635,30.52981,fold7_balkan_s,pm25,22.487468712041306,10.463647944847018
TR260322,TR,,39.71473,30.61751,fold7_balkan_s,pm25,7.499197257168015,9.638843189598681
TR260441,TR,,39.75777,30.56396,fold7_balkan_s,pm25,11.873491038781905,10.7576217765296
TR260541,TR,,39.76482,30.49723,fold7_balkan_s,pm25,6.492990346756496,11.734915033830518
TR280241,TR,,40.91444,38.39856,fold7_balkan_s,pm25,11.190424717272103,9.668760947452572
TR340341,TR,,41.09233,28.97478,fold7_balkan_s,pm25,17.760574794760068,13.4468534213964
TR340611,TR,,41.07318,28.25554,fold7_balkan_s,pm25,13.075636960542784,12.385321990016378
TR340841,TR,,41.10197,28.87202,fold7_balkan_s,pm25,20.422120293513853,12.426197947603777
TR341131,TR,,41.02442,29.09973,fold7_balkan_s,pm25,13.616425095676352,12.97527284350107
TR342141,TR,,41.08773,28.98277,fold7_balkan_s,pm25,21.17323339700086,12.50823914090678
TR342841,TR,,40.98729,28.72956,fold7_balkan_s,pm25,19.294763123388318,11.500948254793471
TR342931,TR,,41.0025,28.97528,fold7_balkan_s,pm25,16.796323520100547,11.599999621385825
TR343041,TR,,41.25112,29.03828,fold7_balkan_s,pm25,5.641350502550918,10.398454831369424
TR343131,TR,,41.10132,29.02449,fold7_balkan_s,pm25,13.741858340092723,12.32652842690886
TR343241,TR,,41.00382,29.02691,fold7_balkan_s,pm25,20.66514269493097,13.003364211175708
TR343611,TR,,41.2209,28.7075,fold7_balkan_s,pm25,18.623206818953175,10.297426498187063
TR343741,TR,,41.0327,28.8429,fold7_balkan_s,pm25,22.313415494666398,13.81949257783873
TR343941,TR,,40.8431,29.3026,fold7_balkan_s,pm25,17.870255736303765,13.125700191998355
TR360231,TR,,40.60096,43.09682,fold7_balkan_s,pm25,20.02907142310561,10.389806041597845
TR370213,TR,,41.68208,33.49359,fold7_balkan_s,pm25,6.368428704953418,6.079211544776016
TR410741,TR,,40.72597,29.79463,fold7_balkan_s,pm25,15.356423286328807,10.984721033278044
TR411021,TR,,40.74604,29.7888,fold7_balkan_s,pm25,19.773979071227664,12.30700178466015
TR411322,TR,,40.84579,29.42514,fold7_balkan_s,pm25,21.879588788266474,11.631164657748194
TR420831,TR,,37.88828,32.49365,fold7_balkan_s,pm25,21.56097044397736,10.109291978699828
TR421113,TR,,38.49413,32.45754,fold7_balkan_s,pm25,3.6682547239589924,8.165894639818267
TR421341,TR,,37.89979,32.52887,fold7_balkan_s,pm25,23.387735102792604,9.54515427533329
TR430131,TR,,39.42355,29.98881,fold7_balkan_s,pm25,20.925729422041975,11.138070588495104
TR430241,TR,,39.41196,30.00848,fold7_balkan_s,pm25,10.20657724887577,12.165717451167778
TR430341,TR,,39.42804,29.96971,fold7_balkan_s,pm25,14.795704004880546,10.737740595330914
TR430441,TR,,39.54215,29.49241,fold7_balkan_s,pm25,11.814256489238531,10.369542367000893
TR520341,TR,,40.97375,37.90752,fold7_balkan_s,pm25,14.871424622292574,11.72426468086787
TR540331,TR,,40.79072,30.39692,fold7_balkan_s,pm25,20.973193785595047,13.706069866497225
TR550241,TR,,41.32538,36.29659,fold7_balkan_s,pm25,8.659065391799082,12.102382340758457
TR550631,TR,,41.28746,36.32924,fold7_balkan_s,pm25,16.693801998215754,11.690325905653593
TR580141,TR,,39.74872,37.02565,fold7_balkan_s,pm25,13.83250879342365,9.900324149051132
TR580231,TR,,39.74729,37.01315,fold7_balkan_s,pm25,17.711965624459545,9.816885020396224
TR590341,TR,,41.31835,27.98018,fold7_balkan_s,pm25,27.171400099468016,12.130491886340652
TR590522,TR,,41.1807,27.81541,fold7_balkan_s,pm25,19.729384902768427,9.368817780104562
TR600331,TR,,40.31866,36.5521,fold7_balkan_s,pm25,20.329112595423243,10.83287492831153
TR610431,TR,,40.9945,39.66789,fold7_balkan_s,pm25,20.76957238890915,10.631851987476153
TR660241,TR,,39.80696,35.18138,fold7_balkan_s,pm25,14.159301824326649,10.358590803180851
TR670241,TR,,41.4212,32.08301,fold7_balkan_s,pm25,7.191308950126719,10.882092448468718
TR670322,TR,,41.48523,31.83805,fold7_balkan_s,pm25,13.212766317047064,11.759596909094348
TR670441,TR,,41.43507,31.74583,fold7_balkan_s,pm25,15.9391007112078,11.419952015777506
TR670831,TR,,41.45222,31.78719,fold7_balkan_s,pm25,14.411896902195323,11.567819761597828
TR680241,TR,,38.36448,34.02854,fold7_balkan_s,pm25,19.894203011088624,8.57289918476394
TR710231,TR,,39.84427,33.49998,fold7_balkan_s,pm25,10.11624439368054,8.836812218951936
TR760213,TR,,39.78684,44.62098,fold7_balkan_s,pm25,26.92462234854764,8.239199214769814
TR770212,TR,,40.70058,29.50785,fold7_balkan_s,pm25,14.612702082902812,13.525386744027353
TR770313,TR,,40.52935,28.78459,fold7_balkan_s,pm25,12.771232002017427,7.715281623263741
TR780121,TR,,41.22984,32.66219,fold7_balkan_s,pm25,15.61379576377587,14.47089048579959
TR780341,TR,,41.25291,32.67364,fold7_balkan_s,pm25,12.807148542118568,12.724718133607096
TR780521,TR,,41.19728,32.62352,fold7_balkan_s,pm25,9.449132586643557,13.308868425882405
TR800341,TR,,37.08572,36.25437,fold7_balkan_s,pm25,31.06982134747327,11.369492695409207
TR810231,TR,,40.83862,31.16274,fold7_balkan_s,pm25,31.81968761916665,12.866928846861608
CZ0AHOL,CZ,,50.10884,14.44365,fold8_poland,pm25,15.004410314562998,9.591852223259327
CZ0ALEG,CZ,,50.07239,14.43067,fold8_poland,pm25,15.343113274928479,9.548522440212036
CZ0ALIB,CZ,,50.0073,14.44593,fold8_poland,pm25,11.73638622208959,9.456077188758831
CZ0ARIE,CZ,,50.08148,14.44269,fold8_poland,pm25,12.78713494435812,9.549907958930028
CZ0ASTO,CZ,,50.04613,14.33141,fold8_poland,pm25,11.957103392888653,9.477171969506726
CZ0BBDN,CZ,,49.20272,16.61629,fold8_poland,pm25,12.297893420415761,9.526508096231224
CZ0BBMA,CZ,,49.21609,16.61384,fold8_poland,pm25,11.935304491605285,9.48906168737607
CZ0BBML,CZ,,49.16526,16.58081,fold8_poland,pm25,15.310325190523836,9.47787568525251
CZ0BBMS,CZ,,49.20816,16.64252,fold8_poland,pm25,15.283545674666234,9.550325154994596
CZ0BBNI,CZ,,49.21322,16.67796,fold8_poland,pm25,10.542855059089216,9.447904455435305
CZ0BBNY,CZ,,49.14897,16.69622,fold8_poland,pm25,11.955739169269462,9.553205332614397
CZ0BBOM,CZ,,49.17743,16.62227,fold8_poland,pm25,14.450723581668909,9.559417786791553
CZ0BHOD,CZ,,48.85728,17.13139,fold8_poland,pm25,13.339119498240295,9.484000377105552
CZ0BKUC,CZ,,48.88136,16.08582,fold8_poland,pm25,10.896719509771874,9.59583841612365
CZ0BMIS,CZ,,48.79177,16.7245,fold8_poland,pm25,11.129374162967592,9.520138172462932
CZ0BZNO,CZ,,48.84296,16.06013,fold8_poland,pm25,12.951606306162079,9.53313334264284
CZ0CCBD,CZ,,48.98439,14.46568,fold8_poland,pm25,11.445093551963195,9.526974884813356
CZ0CCBT,CZ,,48.9659,14.50879,fold8_poland,pm25,11.98539200656249,9.58893979652483
CZ0CCHU,CZ,,49.06844,13.6148,fold8_poland,pm25,4.0118457003397054,9.157752165008016
CZ0EMTP,CZ,,49.759,16.66672,fold8_poland,pm25,14.488601006005318,9.424031546639375
CZ0EPAU,CZ,,50.02404,15.76355,fold8_poland,pm25,12.103331974643075,9.476640793551164
CZ0ESVR,CZ,,49.73509,16.0342,fold8_poland,pm25,6.720639562524883,9.203760358651655
CZ0HHKB,CZ,,50.19537,15.84638,fold8_poland,pm25,12.97142851712132,9.439441260010511
CZ0HJIC,CZ,,50.4395,15.35264,fold8_poland,pm25,11.183076935849106,9.46754539044108
CZ0JJIZ,CZ,,49.39244,15.59128,fold8_poland,pm25,13.266300218609985,9.478331265415752
CZ0JKOS,CZ,,49.5734,15.08028,fold8_poland,pm25,9.014365487198406,9.444905254903144
CZ0JKRI,CZ,,49.3836,16.09862,fold8_poland,pm25,8.35300857328888,9.301623589915517
CZ0JPEM,CZ,,49.435,15.20833,fold8_poland,pm25,9.034166827112175,9.231781938116965
CZ0JZNZ,CZ,,49.56456,15.941,fold8_poland,pm25,9.256411365240108,9.348664646343966
CZ0KSOM,CZ,,50.17283,12.67282,fold8_poland,pm25,8.209089675283119,9.381613121633398
CZ0LFRT,CZ,,50.94065,15.06982,fold8_poland,pm25,8.36859506734618,9.36009922446461
CZ0LHVI,CZ,,50.85605,14.96416,fold8_poland,pm25,9.299677937778487,9.497874064970967
CZ0LLIL,CZ,,50.7551,15.06997,fold8_poland,pm25,10.795973419938331,9.460964610030272
CZ0LUHL,CZ,,50.86623,14.90245,fold8_poland,pm25,10.118938717793759,9.473181047759999
CZ0MBEL,CZ,,49.58708,17.80422,fold8_poland,pm25,14.584964935244539,9.519811467771964
CZ0MLOS,CZ,,49.74792,16.92578,fold8_poland,pm25,12.10221461373686,9.506489964791069
CZ0MNMA,CZ,,49.95573,17.00969,fold8_poland,pm25,11.786813115403357,9.696276781742252
CZ0MOLJ,CZ,,49.60164,17.23784,fold8_poland,pm25,15.656519622237683,9.517301433475613
CZ0MOLS,CZ,,49.59292,17.26617,fold8_poland,pm25,13.808618660039938,9.495009775944455
CZ0MPHR,CZ,,49.55189,17.73122,fold8_poland,pm25,14.55416581779781,9.513815232494634
CZ0MPRR,CZ,,49.45166,17.45416,fold8_poland,pm25,15.19223510091924,9.518539653437621
CZ0MSMS,CZ,,49.97158,16.97847,fold8_poland,pm25,12.316371068868255,9.455411744379306
CZ0MVBY,CZ,,49.59292,17.35736,fold8_poland,pm25,14.569099269491431,9.484439523311575
CZ0PKUJ,CZ,,49.722,13.61854,fold8_poland,pm25,10.494410792713277,9.50379380609899
CZ0PPLA,CZ,,49.73245,13.40228,fold8_poland,pm25,12.588752247130301,9.475408404229947
CZ0PPLE,CZ,,49.74733,13.38104,fold8_poland,pm25,11.625121425546048,9.553971715405341
CZ0PPLL,CZ,,49.77013,13.36822,fold8_poland,pm25,10.907096851234051,9.45041978424605
CZ0PPLV,CZ,,49.76862,13.42338,fold8_poland,pm25,8.140079925865141,9.696993554653133
CZ0SBER,CZ,,49.95793,14.0583,fold8_poland,pm25,13.38024886480407,9.595734773499114
CZ0SKHO,CZ,,49.95047,15.26036,fold8_poland,pm25,11.987552796900665,9.428513018687878
CZ0SKLM,CZ,,50.14386,14.10178,fold8_poland,pm25,12.018561928304166,9.453484879766497
CZ0SMBO,CZ,,50.42865,14.91386,fold8_poland,pm25,12.328464012881248,9.43343397997771
CZ0SROR,CZ,,50.30198,15.1783,fold8_poland,pm25,12.12828232993117,9.536161532006599
CZ0STCS,CZ,,49.9185,14.09449,fold8_poland,pm25,12.651457396189876,9.592282280660768
CZ0TBRS,CZ,,49.98748,17.46948,fold8_poland,pm25,10.81263729723953,9.380316627072956
CZ0TCTN,CZ,,49.74896,18.60973,fold8_poland,pm25,15.514699137584682,9.498798699969855
CZ0TFMI,CZ,,49.67179,18.35107,fold8_poland,pm25,14.946876815578497,9.435156023167234
CZ0THAR,CZ,,49.79098,18.40684,fold8_poland,pm25,16.9037830196438,9.471582520977952
CZ0TKAO,CZ,,49.85889,18.55778,fold8_poland,pm25,16.553023733722426,9.436485745875343
CZ0TKAR,CZ,,49.8638,18.55145,fold8_poland,pm25,16.60515188249849,9.43813798735284
CZ0TMMO,CZ,,50.01606,17.31472,fold8_poland,pm25,9.515519417106654,9.381611131770333
CZ0TNSV,CZ,,49.65307,18.43183,fold8_poland,pm25,13.936170529646937,9.486771562285178
CZ0TOCB,CZ,,49.83985,18.28998,fold8_poland,pm25,14.51018426064707,9.49161969686317
CZ0TOHU,CZ,,49.86772,18.28375,fold8_poland,pm25,18.51387345467674,9.517081992353782
CZ0TOMH,CZ,,49.82486,18.26365,fold8_poland,pm25,14.706457294579387,9.501152550472844
CZ0TOPD,CZ,,49.83547,18.16522,fold8_poland,pm25,14.775525344898405,9.419607602499086
CZ0TOPO,CZ,,49.8253,18.15928,fold8_poland,pm25,15.2974202413688,9.451182816764028
CZ0TOPR,CZ,,49.85626,18.26974,fold8_poland,pm25,18.38594077472633,9.55031167154345
CZ0TORE,CZ,,49.80706,18.33914,fold8_poland,pm25,15.110992301373798,9.399866038995851
CZ0TORO,CZ,,49.81856,18.34039,fold8_poland,pm25,16.35407422180003,9.49580415672682
CZ0TOSG,CZ,,49.5523,18.36111,fold8_poland,pm25,9.483195591935925,9.455280341396769
CZ0TOZR,CZ,,49.79604,18.24718,fold8_poland,pm25,16.148442850426278,9.453024575591288
CZ0TRYC,CZ,,49.87167,18.37725,fold8_poland,pm25,17.495282716955334,9.397214468695488
CZ0TSTD,CZ,,49.72094,18.08931,fold8_poland,pm25,15.360149890763823,9.569513593156282
CZ0TTRK,CZ,,49.67238,18.64304,fold8_poland,pm25,13.608130600983998,9.626110994216145
CZ0TTRO,CZ,,49.66811,18.6778,fold8_poland,pm25,14.267756447496405,9.490805048170772
CZ0TVER,CZ,,49.92468,18.42287,fold8_poland,pm25,15.535532939714685,9.723259296100375
CZ0TVPP,CZ,,50.12158,17.37542,fold8_poland,pm25,11.302584512490695,9.40466360369096
CZ0UDCM,CZ,,50.77415,14.21879,fold8_poland,pm25,15.360099172869662,9.542783684286464
CZ0UDOK,CZ,,50.45885,14.17016,fold8_poland,pm25,11.405479402092762,9.642931835292673
CZ0ULOM,CZ,,50.58577,13.67342,fold8_poland,pm25,12.565908154761807,9.706311688142714
CZ0UMOM,CZ,,50.51037,13.64527,fold8_poland,pm25,12.603928410831207,9.526859058351707
CZ0USTE,CZ,,50.45415,14.37416,fold8_poland,pm25,13.269111984870905,9.54816733338298
CZ0UTPM,CZ,,50.64528,13.85125,fold8_poland,pm25,13.278972302071647,9.42364464776783
CZ0UTUS,CZ,,50.37659,13.32762,fold8_poland,pm25,10.916686599616437,9.532032727157718
CZ0UULD,CZ,,50.68312,13.99787,fold8_poland,pm25,15.472863914847123,9.412116123119342
CZ0UULK,CZ,,50.68353,14.0412,fold8_poland,pm25,10.29395573480594,9.428796876422771
CZ0UVSL,CZ,,50.46484,13.24072,fold8_poland,pm25,8.454662707959915,9.370460617851439
CZ0ZROZ,CZ,,49.46011,18.13822,fold8_poland,pm25,15.115497011655512,9.41908262648249
CZ0ZTNV,CZ,,49.25939,17.41056,fold8_poland,pm25,11.06226159697568,9.714608506693844
CZ0ZVMZ,CZ,,49.47206,17.96698,fold8_poland,pm25,14.685231682875726,9.508442753089577
CZ0ZZLN,CZ,,49.2329,17.66718,fold8_poland,pm25,12.933951586786435,9.459903343476547
CZ0ZZZS,CZ,,49.22847,17.67508,fold8_poland,pm25,14.397020647587638,9.483459689171356
PL0005R,PL,,54.12528,22.03806,fold8_poland,pm25,9.726553669406929,9.688331081196303
PL0008A,PL,,50.26445,18.97445,fold8_poland,pm25,17.47620492373102,9.507083897667565
PL0012A,PL,,50.05472,19.92222,fold8_poland,pm25,18.570611484502013,9.683035836470342
PL0039A,PL,,50.06916,20.05361,fold8_poland,pm25,17.438298173000785,9.672522561075136
PL0047A,PL,,54.40081,18.657275,fold8_poland,pm25,12.08928319319326,9.517965644789845
PL0048A,PL,,54.560835,18.49333,fold8_poland,pm25,14.733484670947918,9.405122392515466
PL0052A,PL,,54.38028,18.62,fold8_poland,pm25,14.647049014130248,9.50772213761638
PL0064A,PL,,53.13417,18.0,fold8_poland,pm25,14.760357096350678,9.5208444275709
PL0071A,PL,,53.02861,18.66611,fold8_poland,pm25,12.8191666073979,9.397258233937174
PL0072A,PL,,53.017565,18.612795,fold8_poland,pm25,15.126127649769822,9.464267611948708
PL0077A,PL,,53.65,17.93333,fold8_poland,pm25,8.085875714816956,9.700823419123259
PL0079A,PL,,52.02917,23.14945,fold8_poland,pm25,16.285792515753194,9.463765222494569
PL0085A,PL,,51.27306,22.55167,fold8_poland,pm25,13.106590140175621,9.260723398765498
PL0091A,PL,,50.71665,23.290265,fold8_poland,pm25,16.42780656876108,9.413822001673795
PL0096A,PL,,51.75806,19.52972,fold8_poland,pm25,14.316109755370073,9.450461986293398
PL0100A,PL,,51.77639,19.45306,fold8_poland,pm25,14.480600993857031,9.536059408586672
PL0115A,PL,,51.85667,19.42111,fold8_poland,pm25,20.57468966585269,9.423599794981625
PL0126A,PL,,49.28944,19.95611,fold8_poland,pm25,14.288797653763444,9.352146886051557
PL0129A,PL,,52.40758,20.955925,fold8_poland,pm25,14.22131868735169,9.586396022813547
PL0134A,PL,,52.19173,20.83749,fold8_poland,pm25,14.07425424401754,9.53141282183663
PL0136A,PL,,52.55094,19.70977,fold8_poland,pm25,14.297265684368853,9.394841692679101
PL0138A,PL,,51.3991,21.14745,fold8_poland,pm25,16.94926682454477,9.51954032131331
PL0140A,PL,,52.21929,21.00472,fold8_poland,pm25,15.701932271717165,9.508765983972397
PL0141A,PL,,52.16077,21.03382,fold8_poland,pm25,12.551667153202635,9.513613929255662
PL0143A,PL,,52.29086,21.04246,fold8_poland,pm25,13.721497463615094,9.421793760234573
PL0144A,PL,,52.05381,20.42989,fold8_poland,pm25,15.27124596886859,9.377135139055943
PL0150A,PL,,53.21549,23.64215,fold8_poland,pm25,6.754494511590279,9.61495329895138
PL0175A,PL,,53.78778,20.48194,fold8_poland,pm25,14.781107545067327,9.47705491887291
PL0192A,PL,,50.768745,16.26968,fold8_poland,pm25,13.750872156734573,9.53287134486681
PL0194A,PL,,51.12939,17.02927,fold8_poland,pm25,15.633688044448052,9.574824289788078
PL0197A,PL,,51.08623,17.01269,fold8_poland,pm25,16.098735603306135,9.530676490774033
PL0198A,PL,,51.15068,15.00822,fold8_poland,pm25,14.58941185454125,9.49915291199947
PL0205A,PL,,52.65834,19.05944,fold8_poland,pm25,19.326327330394836,9.448128286320104
PL0209A,PL,,52.73821,15.22867,fold8_poland,pm25,14.106621570900963,9.470111567045885
PL0212A,PL,,51.79972,16.3175,fold8_poland,pm25,12.796076418472296,9.416341149965978
PL0213A,PL,,51.9398,15.5189,fold8_poland,pm25,15.830073750523333,9.4062705255192
PL0218A,PL,,50.34961,18.23658,fold8_poland,pm25,14.576718807004825,9.560391080684077
PL0238A,PL,,50.27945,18.65583,fold8_poland,pm25,21.242207536589007,9.449925756469918
PL0243A,PL,,50.71111,19.45833,fold8_poland,pm25,13.992634624098157,9.68468069387984
PL0245A,PL,,52.42032,16.87729,fold8_poland,pm25,16.67246900259321,9.413660108888278
PL0248A,PL,,53.38098,14.66335,fold8_poland,pm25,11.090931120608053,9.441079638242668
PL0249A,PL,,53.43217,14.5539,fold8_poland,pm25,14.89361700674392,9.435317771796313
PL0252A,PL,,53.12116,17.987985000000002,fold8_poland,pm25,12.951365669515711,9.423808109117626
PL0276A,PL,,50.529905,22.112555,fold8_poland,pm25,16.593511355999897,9.375758681583726
PL0294A,PL,,49.6716,19.23445,fold8_poland,pm25,18.934439026220144,9.548864743526632
PL0295A,PL,,54.16806,19.41083,fold8_poland,pm25,12.826825533226577,9.550320884711606
PL0308A,PL,,52.28507,20.93302,fold8_poland,pm25,18.137861672579298,9.426389200130135
PL0398A,PL,,52.556250000000006,19.68769,fold8_poland,pm25,15.402209907564751,9.363466469748932
PL0413A,PL,,49.69017,21.7497,fold8_poland,pm25,10.441714686929725,9.505587436065518
PL0490A,PL,,51.1038,17.05704,fold8_poland,pm25,14.652311971544213,9.489514416966983
PL0491A,PL,,53.15139,18.13194,fold8_poland,pm25,12.679281645051837,9.449010593290206
PL0492A,PL,,52.74705,15.2463,fold8_poland,pm25,14.150819764961485,9.296348233629496
PL0493A,PL,,51.41532,21.1713,fold8_poland,pm25,17.2525864224497,9.412112431060125
PL0494A,PL,,50.67686,17.95028,fold8_poland,pm25,15.379768530156728,9.384373229763463
PL0495A,PL,,50.024375,22.01058,fold8_poland,pm25,14.625936741870769,9.45569047264326
PL0496A,PL,,53.12917,23.18139,fold8_poland,pm25,11.079378596941073,9.477949186914417
PL0497A,PL,,54.39847,18.61394,fold8_poland,pm25,11.377285316914772,9.422310422684234
PL0499A,PL,,49.80861,19.02695,fold8_poland,pm25,15.665745663517077,9.526291575072635
PL0500A,PL,,54.20705,16.1931,fold8_poland,pm25,9.722404367650615,9.461788486729063
PL0501A,PL,,50.01043,19.94904,fold8_poland,pm25,16.600824446615004,9.602327018843697
PL0502A,PL,,50.020225,21.004445,fold8_poland,pm25,15.997214672825896,9.455459741380734
PL0503A,PL,,51.74905,18.04839,fold8_poland,pm25,18.17833615424474,9.434492908660225
PL0504A,PL,,50.433505,16.653635,fold8_poland,pm25,16.96883925649477,9.529490884562755
PL0505A,PL,,51.3177,15.43174,fold8_poland,pm25,9.706798864870672,9.60761810429382
PL0507A,PL,,51.25943,22.56913,fold8_poland,pm25,17.83928168191105,9.434239725317624
PL0509A,PL,,51.40441,19.69696,fold8_poland,pm25,21.400824585812337,9.371256318368637
PL0517A,PL,,50.97218,18.20758,fold8_poland,pm25,14.465882215133453,9.388926282595593
PL0518A,PL,,49.744915,21.454975,fold8_poland,pm25,12.311460297887987,9.481026369286317
PL0523A,PL,,50.45366,20.71544,fold8_poland,pm25,15.864436374575865,9.346820632154815
PL0527A,PL,,49.92516,18.47611,fold8_poland,pm25,18.801644034786133,9.43165297808199
PL0534A,PL,,52.92619,14.86256,fold8_poland,pm25,15.524316772380919,9.458380862173168
PL0535A,PL,,53.7121,16.69226,fold8_poland,pm25,12.968681190330615,9.410520733488093
PL0539A,PL,,52.115750000000006,21.237255,fold8_poland,pm25,15.760662962395942,9.656020218367532
PL0542A,PL,,53.49194,18.7525,fold8_poland,pm25,15.182513652687842,9.444555962241807
PL0544A,PL,,51.06742,19.44871,fold8_poland,pm25,17.84470353180289,9.46431741910245
PL0549A,PL,,49.96901,20.43953,fold8_poland,pm25,17.493277456521202,9.478078083493653
PL0550A,PL,,49.619225,20.714285,fold8_poland,pm25,18.77091418982358,9.53840765690994
PL0552A,PL,,50.17583,19.47805,fold8_poland,pm25,15.62301348079582,9.467486524132964
PL0554A,PL,,50.01208,22.67477,fold8_poland,pm25,15.399013522574062,9.435137100454835
PL0558A,PL,,54.11979,17.972235,fold8_poland,pm25,13.297535295759433,9.465672351733387
PL0565A,PL,,50.42903,21.27661,fold8_poland,pm25,18.11729408103003,9.38017476051472
PL0566A,PL,,51.05061,21.08418,fold8_poland,pm25,16.616727418662865,9.369287998462383
PL0567A,PL,,50.24675,19.019865,fold8_poland,pm25,23.27731030658146,9.496639847618097
PL0585A,PL,,50.913415,15.765605,fold8_poland,pm25,14.342329174677287,9.405857296109009
PL0591A,PL,,51.64266,15.12781,fold8_poland,pm25,12.514452885914285,9.412730651486259
PL0594A,PL,,49.78434,22.75624,fold8_poland,pm25,16.913038427637954,9.479121112743448
PL0621A,PL,,50.05479,21.41626,fold8_poland,pm25,19.529979944635738,9.53342535061552
PL0624A,PL,,51.88492,17.79111,fold8_poland,pm25,18.19506846602393,9.366303848179024
PL0647A,PL,,50.01825,20.99258,fold8_poland,pm25,13.025482929575299,9.548954523496072
PL0653A,PL,,50.894385,20.657995,fold8_poland,pm25,15.399999811009236,9.442420518886667
PL0674A,PL,,50.66674,17.89914,fold8_poland,pm25,16.21689237781757,9.48888870761144
PL0677A,PL,,50.29913,21.44094,fold8_poland,pm25,17.69080052835732,9.576358601532037
PL0678A,PL,,49.54654,21.85101,fold8_poland,pm25,9.527782728892527,9.549037481376084
PL0681A,PL,,53.82839,22.34834,fold8_poland,pm25,11.95232240032307,9.462801662901155
PL0682A,PL,,53.69459,19.96904,fold8_poland,pm25,13.50501380188474,9.416340394257672
PL0683A,PL,,53.13668,17.59154,fold8_poland,pm25,15.776205931841016,9.525940208699835
PL0684A,PL,,50.02942,18.68953,fold8_poland,pm25,20.06340007513821,9.392458793475576
PL0690A,PL,,52.65156,19.05189,fold8_poland,pm25,14.692286668117655,9.437952110623888
PL0702A,PL,,54.17938,15.59635,fold8_poland,pm25,10.096203354298206,9.58028921075484
PL0705A,PL,,49.80208,19.04861,fold8_poland,pm25,19.60206824912601,9.495637556935973
PL0706A,PL,,54.1159,22.93846,fold8_poland,pm25,10.764132140369997,9.500160624869299
PL0709A,PL,,53.14412,23.21632,fold8_poland,pm25,12.722121268012032,9.525628506711715
PL0712A,PL,,52.60253,19.6451,fold8_poland,pm25,14.34319290609738,9.525352397211092
PL0717A,PL,,52.18847,21.17623,fold8_poland,pm25,15.204288683860119,9.607060447930545
PL0721A,PL,,53.63979,22.47027,fold8_poland,pm25,12.346623915950971,9.425014697624832
PL0736A,PL,,50.04068,22.00466,fold8_poland,pm25,19.607889176931756,9.515766311020421
PL0738A,PL,,51.2081,16.18378,fold8_poland,pm25,15.10169009208199,9.513160184303281
PL0739A,PL,,52.20774,20.90607,fold8_poland,pm25,12.802720700158154,9.59183201226125
PL0742A,PL,,49.93785,18.97559,fold8_poland,pm25,17.72107537608504,9.550855005563593
PL0744A,PL,,51.12215,23.47308,fold8_poland,pm25,14.58524586183103,9.399862844402085
PL0759A,PL,,50.09114,18.21626,fold8_poland,pm25,19.00778767217872,9.558526235058059
PL0763A,PL,,52.23191,19.35369,fold8_poland,pm25,18.61487588423705,9.394294247802716
PL0764A,PL,,51.58921,19.13143,fold8_poland,pm25,18.235657223556263,9.327624073478617
PL0767A,PL,,50.50933,18.28821,fold8_poland,pm25,13.553690471661314,9.453911241803885
PL0768A,PL,,53.85255,22.98469,fold8_poland,pm25,16.61278529361517,9.584584101414492
PL0769A,PL,,53.13529,23.16133,fold8_poland,pm25,15.211734147037923,9.480886494834657
PL0773A,PL,,49.95254,18.60795,fold8_poland,pm25,20.208371875014453,9.450722377016785
PL0783A,PL,,51.8091,15.70804,fold8_poland,pm25,17.446221315475825,9.414752970062404
PL0790A,PL,,54.43451,18.57884,fold8_poland,pm25,13.191765725685274,9.611045546788803
PL0800A,PL,,52.39088,16.99805,fold8_poland,pm25,15.793631560750546,9.383440216815101
PL0816A,PL,,53.40758,18.42875,fold8_poland,pm25,12.617063150858467,9.418049437083022
PL0817A,PL,,51.93103,22.37316,fold8_poland,pm25,15.533807662353508,9.463258050999258
PL0821A,PL,,52.08228,21.1246,fold8_poland,pm25,12.574297529368183,9.522082118149692
PL0822A,PL,,52.70359,21.0726,fold8_poland,pm25,14.789366591808083,9.453496190437306
PL0824A,PL,,50.02486,22.04794,fold8_poland,pm25,14.092531832073549,9.436599353043098
PL0825A,PL,,50.06038,21.98051,fold8_poland,pm25,12.549062334755325,9.387487545949734
PL0828A,PL,,50.77848,21.08122,fold8_poland,pm25,15.090654270086649,9.410171032475299
PL0836A,PL,,51.27428,15.9298,fold8_poland,pm25,19.49619375204612,9.524745985621914
PL0837A,PL,,50.43836,16.24376,fold8_poland,pm25,13.251986041143775,9.487588504501273
PL0839A,PL,,51.78425,14.9581,fold8_poland,pm25,11.894398032198737,9.36001378796196
PL0841A,PL,,53.1296,23.10805,fold8_poland,pm25,12.122634530487977,9.371237094045654
PL0842A,PL,,49.98179,21.93409,fold8_poland,pm25,14.268594374579047,9.439414107627606
PL0843A,PL,,54.1727,17.49299,fold8_poland,pm25,11.366245417669958,9.408695168882529
PL0844A,PL,,51.11584,20.89159,fold8_poland,pm25,20.033971932832564,9.50604002772388
PL0846A,PL,,53.23004,20.16867,fold8_poland,pm25,18.666426359177148,9.46132931624691
PL0848A,PL,,52.09044,16.63638,fold8_poland,pm25,17.005886839192545,9.432588011778018
PL0849A,PL,,54.37749,16.31073,fold8_poland,pm25,12.088531747379761,9.693546789791549
SK0001A,SK,,48.12471,17.1255,fold8_poland,pm25,12.357953432489662,9.443909878343879
SK0002A,SK,,48.15837,17.12892,fold8_poland,pm25,12.67410295247111,9.481241137585442
SK0004A,SK,,48.14467,17.11358,fold8_poland,pm25,11.896199489525948,9.49479693706394
SK0004R,SK,,49.15141,20.28949,fold8_poland,pm25,7.8694571058915175,9.380944198010063
SK0007R,SK,,47.95945,17.86014,fold8_poland,pm25,12.165418097870457,9.624438519971047
SK0008A,SK,,49.07901,19.30252,fold8_poland,pm25,15.091281484758436,9.459372980460886
SK0013A,SK,,48.66697,18.51408,fold8_poland,pm25,12.450982877208999,9.596832613926585
SK0018A,SK,,48.5921,21.17519,fold8_poland,pm25,20.537135979072108,9.718158930293033
SK0020A,SK,,49.21145,18.77122,fold8_poland,pm25,15.441944759862762,9.470482157577933
SK0021A,SK,,48.68061,17.36317,fold8_poland,pm25,11.751156559271106,9.378782004189139
SK0022A,SK,,48.58388,19.95164,fold8_poland,pm25,14.186938119824207,9.5761994815239
SK0025A,SK,,48.6312,20.24037,fold8_poland,pm25,19.496755762906634,9.557443789120969
SK0027A,SK,,48.73312,18.75638,fold8_poland,pm25,11.796917106518794,9.415155263794103
SK0030A,SK,,48.87403,21.83758,fold8_poland,pm25,15.260809279826052,9.515130466792629
SK0031A,SK,,48.88638,21.68762,fold8_poland,pm25,14.925310859126595,9.465292975229582
SK0037A,SK,,48.93093,21.91371,fold8_poland,pm25,16.600542545426684,9.48714860260215
SK0039A,SK,,49.05972,18.92136,fold8_poland,pm25,14.95046907675857,9.503471672317641
SK0045A,SK,,48.37123,17.58495,fold8_poland,pm25,12.885337015250942,9.416442839554152
SK0047A,SK,,48.89647,18.04125,fold8_poland,pm25,13.32458987025647,9.584135944637591
SK0048A,SK,,48.16796,17.10624,fold8_poland,pm25,11.481205504002133,9.370326451199807
SK0050A,SK,,48.7827,18.62813,fold8_poland,pm25,13.471800408351509,9.47961044078215
SK0061A,SK,,48.21127,17.15796,fold8_poland,pm25,11.027654326788637,9.503200284997968
SK0063A,SK,,48.28365,17.73516,fold8_poland,pm25,12.71772725074202,9.423448931593423
SK0064A,SK,,47.76412,18.13855,fold8_poland,pm25,13.92869893219817,9.561271852184507
SK0066A,SK,,49.11897,18.32527,fold8_poland,pm25,16.858429223899904,9.535840882042777
SK0067A,SK,,49.08389,19.61935,fold8_poland,pm25,13.166250493240408,9.383764379711502
SK0068A,SK,,48.22304,17.4044,fold8_poland,pm25,11.672879221957901,9.396603315742064
SK0069A,SK,,49.06147,20.28578,fold8_poland,pm25,11.39547983437106,9.34667884354655
SK0070A,SK,,48.15962,18.97844,fold8_poland,pm25,21.924930027882898,9.576741347346923
SK0071A,SK,,49.43538,18.88362,fold8_poland,pm25,15.533351745649798,9.452174450949816
SK0072A,SK,,48.33663,19.67589,fold8_poland,pm25,17.3721531794334,9.539216798537419
SK0073A,SK,,48.62834,21.7133,fold8_poland,pm25,15.439407705415485,9.552023995307469
SK0074A,SK,,49.30052,21.27787,fold8_poland,pm25,12.982375675508752,9.53137829797354
SK0075A,SK,,48.2833,17.2597,fold8_poland,pm25,13.84811321397092,9.455577878459916
SK0077A,SK,,48.45705,17.17158,fold8_poland,pm25,10.626856306555954,9.425302274627533
SK0078A,SK,,48.48312,18.71765,fold8_poland,pm25,19.69555739012005,9.449933255382636
SK0134A,SK,,48.28305,18.14064,fold8_poland,pm25,14.613970559871115,9.4543898923327
SK0214A,SK,,48.73516,19.15491,fold8_poland,pm25,15.009035073570168,9.471627243401805
SK0262A,SK,,48.5582,19.15686,fold8_poland,pm25,13.755942514352059,9.46946850027209
SK0263A,SK,,48.73326,19.11527,fold8_poland,pm25,10.66730803709529,9.49133451523073
SK0264A,SK,,48.69022,21.28544,fold8_poland,pm25,16.211809621417437,9.58826578752971
SK0265A,SK,,48.9156,20.87406,fold8_poland,pm25,18.31662848494767,9.586709689711729
SK0266A,SK,,48.99249,21.26679,fold8_poland,pm25,17.222645262301317,9.550505591837837
SK0267A,SK,,48.72627,21.25884,fold8_poland,pm25,15.701740523075609,9.609402815896479
SK0268A,SK,,48.59956,18.84246,fold8_poland,pm25,10.316752901747792,9.34085530654475
SK0269A,SK,,48.30946,18.07683,fold8_poland,pm25,12.896978020548701,9.513555964622888
SK0406A,SK,,48.9349,22.27367,fold8_poland,pm25,10.691129273203492,9.441952541762976
