experiment,fold,epoch,train_loss,best_so_far,epochs_since_improvement,lr_group_0,lr_head,train_seconds,train_batch_avg_seconds,train_eval_seconds,val_seconds,total_seconds,data_wait_seconds,to_device_seconds,forward_seconds,backward_seconds,optimizer_seconds,train_pm25_rmse,train_pm25_mae,train_pm25_r2,train_pm25_n,val_pm25_rmse,val_pm25_mae,val_pm25_r2,val_pm25_n
cnn_deep_wide,fold1_iberia,1,0.38043268561076315,True,0,0.0003,0.0003,5.193693812936544,0.3995149086874265,0.699296498671174,0.7064056135714054,6.599670125171542,3.6275054905563593,0.040626008063554764,0.5907152406871319,0.8740451522171497,0.058739589527249336,5.5912915522015165,3.9391428697424917,-0.19435404892008656,1000,2.7800526848337133,2.2765801414797755,-0.16667839509217908,204
cnn_deep_wide,fold1_iberia,2,0.3161094555570761,False,1,0.0003,0.0003,2.469755195081234,0.18998116885240263,0.7015625387430191,0.39937255904078484,3.5709068533033133,1.256052404642105,0.039780352264642715,0.34499956853687763,0.8032563999295235,0.024076538160443306,5.054185307032443,3.5230851701297685,0.024086938572851824,1000,2.7987865900298985,2.2863776895189263,-0.1824551351742969,204
cnn_deep_wide,fold1_iberia,3,0.28659004270671795,False,2,0.0003,0.0003,2.7307781986892223,0.2100598614376325,0.682915348559618,0.4299931302666664,3.843960426747799,1.5164760034531355,0.039374491199851036,0.3453512340784073,0.803752651438117,0.024200323969125748,4.040223850216022,2.6693500705481172,0.3763805313764884,1000,3.183101149567399,2.610996358229427,-0.5294876753564903,204
cnn_deep_wide,fold1_iberia,4,0.26228158545336283,False,3,0.0003,0.0003,2.514590596780181,0.19343004590616777,0.6509246062487364,0.3817520774900913,3.547541283071041,1.2942843493074179,0.03895794041454792,0.3449615426361561,0.8065536487847567,0.02824191004037857,3.705247589830602,2.426059618588744,0.475502677284523,1000,3.166732049268099,2.5417346341228075,-0.5137973398636704,204
cnn_deep_wide,fold1_iberia,5,0.2586454254195148,False,4,0.0003,0.0003,2.5874796006828547,0.1990368923602196,0.6817714162170887,0.39775753766298294,3.6672765370458364,1.36842655017972,0.03888370469212532,0.34471665509045124,0.8070372920483351,0.026776859536767006,3.5172107486779005,2.3634407550089858,0.5273870775405076,1000,3.454018710511415,2.869800798719974,-0.8009202215132849,204
cnn_deep_wide,fold1_iberia,6,0.2503502319435781,False,5,0.0003,0.0003,2.5119902193546295,0.19323001687343305,0.5618706941604614,0.3800374176353216,3.4541743211448193,1.29533919878304,0.03899664618074894,0.3450014404952526,0.8072224650532007,0.023800145834684372,3.9838248272560683,2.592067569604456,0.3936696933852267,1000,2.9335520831293254,2.240413418325164,-0.2990704660099426,204
cnn_deep_wide,fold1_iberia,7,0.25131063344389665,False,6,0.0003,0.0003,2.5184363033622503,0.19372586948940387,0.5602667219936848,0.37963415682315826,3.4586201552301645,1.3017305545508862,0.03887382708489895,0.34467477537691593,0.8075552619993687,0.023970767855644226,3.5459389995010935,2.3229690562089904,0.5196350303704093,1000,2.8869100142391173,2.3164292500728094,-0.25808967145615314,204
cnn_deep_wide,fold1_iberia,8,0.23526239551146538,False,7,0.0003,0.0003,2.6162939947098494,0.20125338420844996,0.7471085339784622,0.40559068508446217,3.7692765332758427,1.3965081479400396,0.0388464480638504,0.34491815231740475,0.8092552870512009,0.025043129920959473,3.4286483517243913,2.300059673841238,0.5508879583723076,1000,3.408081797605606,2.7882588400863053,-0.7533358887748856,204
cnn_deep_wide,fold1_iberia,9,0.23729426073970633,False,8,0.0003,0.0003,2.6214333698153496,0.20164872075502688,0.7010591421276331,0.40987285785377026,3.732631880789995,1.404861120507121,0.03839862532913685,0.34500849433243275,0.8076511602848768,0.023875951766967773,3.4861503533899527,2.2806919745814045,0.5356974847924099,1000,3.389093414398628,2.7363092035904937,-0.7338526319416403,204
cnn_deep_wide,fold1_iberia,10,0.24419352605885117,False,9,0.0003,0.0003,2.5799977630376816,0.19846136638751397,0.7015154529362917,0.41288935020565987,3.6946878656744957,1.3652529586106539,0.038379088044166565,0.34456887654960155,0.8065164033323526,0.023654621094465256,3.6011630522322076,2.472406008987067,0.5045562204309337,1000,4.061928163947211,3.124975045762942,-1.4906320936126591,204
cnn_deep_wide,fold1_iberia,11,0.23248490020543086,False,10,0.0003,0.0003,2.58551293797791,0.1988856106136854,0.7029026933014393,0.41324211098253727,3.701946161687374,1.3701193034648895,0.0383380725979805,0.34493086114525795,0.8068396728485823,0.023669086396694183,3.410351423278899,2.197522725511626,0.5556685273389468,1000,3.4019705374946088,2.7023545436936764,-0.7470534781174285,204
cnn_deep_wide,fold1_iberia,12,0.22654253373507557,False,11,0.0003,0.0003,2.616161210462451,0.20124317003557315,0.7009340617805719,0.3992593213915825,3.7166346944868565,1.3955133501440287,0.03823123499751091,0.34446763060986996,0.8075334671884775,0.028812695294618607,3.687007297094688,2.4094412246654424,0.4806539856217039,1000,3.3602792897408427,2.600660060432095,-0.7044954783898076,204
cnn_deep_wide,fold1_iberia,13,0.22649682446794245,False,12,0.0003,0.0003,2.5663764253258705,0.19741357117891312,0.6979555208235979,0.4107523486018181,3.6753551568835974,1.35033087618649,0.038400644436478615,0.34463988430798054,0.8074567187577486,0.023924516513943672,3.291977350030329,2.255744909966801,0.5859788897032563,1000,4.081221348507629,3.4161446155657,-1.514348093000724,204
cnn_deep_wide,fold1_iberia,14,0.2102911037837842,False,13,0.0003,0.0003,2.5472333636134863,0.1959410279702682,0.7049951460212469,0.3997436836361885,3.6522547621279955,1.3285745363682508,0.038688091561198235,0.3453977946192026,0.8089970406144857,0.023936543613672256,3.2179842199439945,2.163060233187204,0.6043814662555191,1000,3.35548879564008,2.747007339976306,-0.6996390039996565,204
cnn_deep_wide,fold1_iberia,15,0.21765998172630902,False,14,0.0003,0.0003,2.68011193908751,0.2061624568528854,0.7068689484149218,0.41300143115222454,3.8002612069249153,1.4626574907451868,0.038267361000180244,0.34478854574263096,0.8088649976998568,0.023870494216680527,3.2763594089842263,2.280724262991901,0.5898980046273756,1000,3.695753627878243,2.9824148735659026,-1.0618217976632947,204
cnn_deep_wide,fold1_iberia,16,0.21660204441538786,True,0,0.0003,0.0003,2.598924871534109,0.19991729781031609,0.7008025646209717,0.4148331228643656,3.7148385997861624,1.38061448559165,0.03852112218737602,0.3451900016516447,0.8091071974486113,0.02385805919766426,4.077980829977958,2.638368435128549,0.36467028445437655,1000,2.3634538296865717,1.7844066536257512,0.1567830103755895,204
cnn_deep_wide,fold1_iberia,17,0.21340141146837158,False,1,0.0003,0.0003,2.6118101235479116,0.20090847104214704,0.7528262808918953,0.41779315657913685,3.7826461102813482,1.391103209927678,0.04229618422687054,0.3454078324139118,0.8076756130903959,0.02374781295657158,3.2770421206007176,2.1375074715699234,0.5897270767578687,1000,3.561431613538948,2.787764230300171,-0.914671715947764,204
cnn_deep_wide,fold1_iberia,18,0.20173857349422722,False,2,0.0003,0.0003,2.567866802215576,0.19752821555504432,0.700245875865221,0.41118093952536583,3.679567037150264,1.351542729884386,0.03858528658747673,0.34474788419902325,0.8075994811952114,0.023782068863511086,3.208368691151843,2.065371174194556,0.6067421975277997,1000,2.9854656277202314,2.3067835536044847,-0.3454552379174247,204
cnn_deep_wide,fold1_iberia,19,0.20634979350328733,False,3,0.0003,0.0003,2.5679203756153584,0.1975323365857968,0.7013367749750614,0.3998979330062866,3.669438172131777,1.35251559689641,0.038566796109080315,0.3444514200091362,0.8068280499428511,0.023969249799847603,3.2691055952994854,2.1109123057090375,0.5917119145247407,1000,2.8301354895244133,2.1223974989563246,-0.20909258466457747,204
cnn_deep_wide,fold1_iberia,20,0.20380438509185392,False,4,0.0003,0.0003,2.5991293359547853,0.1999330258426758,0.7029816284775734,0.4108433797955513,3.7132327761501074,1.3831329457461834,0.038328127935528755,0.34459895454347134,0.8076487854123116,0.02377765066921711,3.388706300953938,2.4146188331397327,0.5612908735077042,1000,4.231233291333937,3.5344973933176984,-1.7025830274108729,204
cnn_deep_wide,fold1_iberia,21,0.19168362950303208,False,5,0.0003,0.0003,2.578382033854723,0.19833707952728638,0.7071150504052639,0.4122606720775366,3.698038036003709,1.3635798208415508,0.038471391424536705,0.3445363733917475,0.8063392452895641,0.023841796442866325,3.2519793501692345,2.0996384103793497,0.5959786018932695,1000,2.751321707852089,2.092393269749164,-0.14268848878037654,204
cnn_deep_wide,fold1_iberia,22,0.19575135789981962,False,6,0.0003,0.0003,2.6449795830994844,0.20345996793072957,0.6978559140115976,0.3983663320541382,3.7414747085422277,1.413104359060526,0.04420810751616955,0.3449682164937258,0.8171757496893406,0.023910261690616608,3.1279679501330167,2.1557536137234936,0.6262050774371766,1000,4.115849090622215,3.3913776115866203,-1.557195835413574,204
cnn_deep_wide,fold1_iberia,23,0.19041566669080232,False,7,0.0003,0.0003,2.62126193754375,0.2016355336572115,0.700061745941639,0.41164712235331535,3.733242565765977,1.391438014805317,0.04357505217194557,0.34554556384682655,0.8151316717267036,0.02396794594824314,3.2567242723479253,2.278753385576455,0.5947987366740854,1000,4.09213949919811,3.34958642582091,-1.5278189386540189,204
cnn_deep_wide,fold1_iberia,24,0.1934309698973035,False,8,0.0003,0.0003,2.6076054386794567,0.2005850337445736,0.7012638580054045,0.39704927057027817,3.706198526546359,1.3864009622484446,0.04246843419969082,0.345029653981328,0.8074706997722387,0.024563612416386604,3.3230178070156304,2.109347662526242,0.5781343684174964,1000,3.1455478424586185,2.3676258739574787,-0.4936116517816409,204
cnn_deep_wide,fold1_iberia,25,0.19010102304167123,False,9,0.0003,0.0003,2.613032592460513,0.20100250711234716,0.713664336130023,0.4125590529292822,3.7395300529897213,1.395965414121747,0.038616180419921875,0.3446276281028986,0.8078471645712852,0.02430039271712303,3.375277781359402,2.262668458774741,0.5647609537927565,1000,2.5602890889639864,1.9846574436952331,0.01048333288661496,204
cnn_deep_wide,fold1_iberia,26,0.18291539784014296,False,10,0.0003,0.0003,2.780815213918686,0.2139088626091297,0.8760440591722727,0.4577557351440191,4.11489162966609,1.5600054878741503,0.03871430642902851,0.3453942369669676,0.8101633694022894,0.024847278371453285,3.077585162345723,2.071786970768636,0.6381496743949546,1000,2.966966370162631,2.317862237806907,-0.3288328334955575,204
cnn_deep_wide,fold1_iberia,27,0.1799854431413428,False,11,0.0003,0.0003,2.622301012277603,0.20171546248289254,0.6847609356045723,0.40913320146501064,3.716472430154681,1.4039243068546057,0.03867694176733494,0.345267578959465,0.8086485359817743,0.024169940501451492,3.391813634669076,2.2051320798752947,0.5604859405621926,1000,2.543609406747301,1.9429527922136614,0.023334273119532845,204
cnn_deep_wide,fold1_iberia,28,0.1811430794954587,False,12,0.0003,0.0003,2.5620138198137283,0.19707798613951757,0.6973046362400055,0.4108666628599167,3.670462589710951,1.3445583619177341,0.038788435980677605,0.34480851516127586,0.8083035126328468,0.023958798497915268,3.058756407400828,1.9798522715644757,0.6425637517310598,1000,2.946463292798524,2.260300395008062,-0.31053062119225583,204
cnn_deep_wide,fold1_iberia,29,0.18396957622108046,False,13,0.0003,0.0003,2.587527619674802,0.1990405861288309,0.6978781465440989,0.41095180064439774,3.696642378345132,1.3710072040557861,0.0386207215487957,0.34458540193736553,0.8077831156551838,0.023937884718179703,3.3169034697652764,2.135459182256397,0.579685401741461,1000,3.294412377152558,2.4877678361242292,-0.6383286454166763,204
cnn_deep_wide,fold1_iberia,30,0.17540248850120677,False,14,0.0003,0.0003,2.583049336448312,0.1986961028037163,0.7035709302872419,0.4119589030742645,3.6988483015447855,1.3662773910909891,0.038631461560726166,0.34452744014561176,0.8080658446997404,0.02392727881669998,3.411366786649024,2.1226547557252733,0.555403906479033,1000,2.4155835870179576,1.8244349132370055,0.11917578983635235,204
cnn_deep_wide,fold1_iberia,31,0.17536961729274042,False,15,0.0003,0.0003,2.5799453370273113,0.1984573336174855,0.6955336648970842,0.41052253171801567,3.6862710639834404,1.368857715278864,0.03865325450897217,0.3445668239146471,0.8033454716205597,0.022933220490813255,3.0073767073147466,2.0095730647835666,0.6544710247030644,1000,3.7895562703548786,3.062937615022605,-1.1678130347287574,204
cnn_deep_wide,fold1_iberia,32,0.16603460857727612,False,16,0.0003,0.0003,2.5551241394132376,0.1965480107240952,0.697177255526185,0.41077782213687897,3.6633620001375675,1.3461467735469341,0.03856707736849785,0.34461934864521027,0.8016104958951473,0.022587193176150322,3.1282589523320037,2.1709578111567027,0.6261355241642699,1000,3.7892349189148233,3.0103794734358424,-1.1674453925807335,204
cnn_deep_wide,fold1_iberia,33,0.17136255848063459,False,17,0.0003,0.0003,2.5634095277637243,0.19718534828951725,0.6963453870266676,0.4111570417881012,3.6712055057287216,1.35222246684134,0.03853362984955311,0.3455332610756159,0.8030260596424341,0.0224978756159544,2.9851278139840116,1.949353148275732,0.6595646335718364,1000,2.741801939214264,2.05378312886734,-0.13479460239420926,204
cnn_deep_wide,fold1_iberia,34,0.17277387953693973,False,18,0.0003,0.0003,2.56995708309114,0.19768900639162615,0.6975550167262554,0.40996320359408855,3.677757801488042,1.3586150463670492,0.038597047328948975,0.3451856542378664,0.8033347371965647,0.02265351638197899,3.4815068133979348,2.169746619430549,0.5369335596499398,1000,3.279557661168694,2.443194973732429,-0.6235872981886794,204
cnn_deep_wide,fold1_iberia,35,0.17977092206191214,False,19,0.0003,0.0003,2.5985502749681473,0.19988848268985748,0.7272428888827562,0.41048030368983746,3.7365565970540047,1.3868909906595945,0.03872748650610447,0.34457736648619175,0.8036007210612297,0.023115864023566246,3.6471967638185956,2.399607691151006,0.49180873438514305,1000,2.5408234095776154,1.8873363711156395,0.025472571400939392,204
cnn_deep_wide,fold1_iberia,36,0.17173805484989776,False,20,0.0003,0.0003,2.5683331340551376,0.1975640872350106,0.7005939409136772,0.4118887335062027,3.681169718503952,1.3557501956820488,0.0385790579020977,0.34575590677559376,0.8039599731564522,0.022707998752593994,3.0996398012796265,2.161361088954874,0.6329448967715967,1000,3.618778887321273,2.869883332981923,-0.976829433170169,204
cnn_deep_wide,fold1_iberia,37,0.16770044058812367,False,21,0.0003,0.0003,2.564038222655654,0.1972337094350503,0.6992661878466606,0.4119682852178812,3.675546856597066,1.3537860792130232,0.0385650098323822,0.344904113560915,0.8026866912841797,0.02250863052904606,3.1039534441375034,2.046564401643996,0.6319225545226377,1000,3.475978099405398,2.6944924489549136,-0.8238921992968524,204
cnn_deep_wide,fold1_iberia,38,0.16800313208938075,False,22,0.0003,0.0003,2.566791983321309,0.19744553717856222,0.7026798538863659,0.3984287343919277,3.6681665815413,1.3580423314124346,0.03847273625433445,0.3445965815335512,0.801596250385046,0.022486399859189987,3.52945216864821,2.267591404509164,0.5240915563872145,1000,2.554502804097346,1.958593559974787,0.014950918479976982,204
cnn_deep_wide,fold1_iberia,39,0.16209500854124376,False,23,0.0003,0.0003,2.5612495709210634,0.19701919776315874,0.6987944710999727,0.4115547128021717,3.6718756947666407,1.3514375239610672,0.03826182335615158,0.34515243023633957,0.802067743614316,0.02273905836045742,3.2044629504265734,2.2704401516391752,0.6076990876188098,1000,3.978276603370819,3.2519423539180163,-1.3891039933920784,204
cnn_deep_wide,fold1_iberia,40,0.1657676416865038,False,24,0.0003,0.0003,2.5629889331758022,0.1971529948596771,0.6990746408700943,0.4111342430114746,3.673474047333002,1.3508586548268795,0.038441235199570656,0.34566710516810417,0.8037879448384047,0.022617489099502563,3.162504153511108,2.255414603218823,0.6179052962550461,1000,4.022882493217355,3.299955499771876,-1.4429793572860437,204
cnn_deep_wide,fold1_iberia,41,0.17063683488380466,False,25,0.0003,0.0003,2.5873357225209475,0.19902582480930364,0.7002069726586342,0.4124914649873972,3.7003109585493803,1.3763521164655685,0.038425492122769356,0.3451381530612707,0.8032806515693665,0.022533725947141647,3.0834979140375403,2.004318776088573,0.6367579427101546,1000,2.7237222661648444,2.0668583163373766,-0.11987808299000813,204
cnn_deep_wide,fold2_france,1,0.401701491454552,True,0,0.0003,0.0003,2.113167952746153,0.19210617752237755,0.6566727496683598,0.7168480027467012,3.4868721086531878,1.085750751197338,0.031744688749313354,0.2901024054735899,0.6838739085942507,0.02039824239909649,5.545465805590151,4.110066138474806,-0.05780431569513067,1000,2.856435527019508,2.509400150797358,-1.9804456996754483,362
cnn_deep_wide,fold2_france,2,0.3369460630005804,False,1,0.0003,0.0003,2.1086016707122326,0.19169106097383934,0.6939975973218679,0.7164640035480261,3.519289281219244,1.093978175893426,0.032007189467549324,0.28905429132282734,0.6721160784363747,0.02011222019791603,5.205622571303135,3.7188302930683887,0.06787399407867478,1000,3.170768416825669,2.8167836898001304,-2.672496657667284,362
cnn_deep_wide,fold2_france,3,0.29571025022144976,False,2,0.0003,0.0003,2.106470040977001,0.19149727645245465,0.7415192313492298,0.7188981454819441,3.5674121491611004,1.0932241287082434,0.03209037519991398,0.2888285033404827,0.6712650917470455,0.019658666104078293,4.263959103053186,3.002671524052945,0.37460366426917235,1000,3.7896434094705174,3.4567550014176,-4.246009284589948,362
cnn_deep_wide,fold2_france,4,0.2722127276590501,False,3,0.0003,0.0003,2.1063958518207073,0.19149053198370067,0.70662328787148,0.7241796087473631,3.5374993570148945,1.0920618921518326,0.032220130786299706,0.28918934613466263,0.6720368769019842,0.019518032670021057,10.063819734338155,5.788597726968621,-2.483814072545037,1000,5.595152865750219,3.9843092955062533,-10.435529399895339,362
cnn_deep_wide,fold2_france,5,0.2661328634311413,False,4,0.0003,0.0003,2.186874430626631,0.1988067664206028,0.6984198708087206,0.7309944741427898,3.6165936458855867,1.1721956096589565,0.03224388509988785,0.28897800855338573,0.6724136807024479,0.01968870498239994,4.145531526967691,2.747779965175543,0.408860859492966,1000,3.035760070130835,2.548965420957972,-2.3664118783752617,362
cnn_deep_wide,fold2_france,6,0.24578803400883728,True,0,0.0003,0.0003,2.177845273166895,0.19798593392426317,0.6995269227772951,0.7433473635464907,3.621018810197711,1.1625575125217438,0.03208867274224758,0.2894564401358366,0.6727011445909739,0.019666345790028572,4.2944038791324735,2.810174299131699,0.3656410902082389,1000,2.217072583241339,1.7266219345923304,-0.7955280112321474,362
cnn_deep_wide,fold2_france,7,0.247627808102246,False,1,0.0003,0.0003,2.2688089702278376,0.20625536092980343,0.7179698944091797,0.7281201630830765,3.7151175290346146,1.254850409924984,0.03229857422411442,0.28919138945639133,0.6714284308254719,0.019693074747920036,4.047691864880594,2.6094598772039923,0.43643481125526074,1000,2.5495119462204525,2.009346212913771,-1.37435943801191,362
cnn_deep_wide,fold2_france,8,0.25070724439346925,True,0,0.0003,0.0003,2.195708839222789,0.199609894474799,0.7028916161507368,0.7187197487801313,3.617641570046544,1.1827161498367786,0.03207421116530895,0.28887078166007996,0.6712362542748451,0.01944182626903057,4.319402928825749,2.90440675324516,0.3582339954922016,1000,1.9811676831348912,1.513088605773486,-0.43375462611823745,362
cnn_deep_wide,fold2_france,9,0.24224558746677705,False,1,0.0003,0.0003,2.103296022862196,0.19120872935110872,0.6933528203517199,0.715168634429574,3.512033086270094,1.0899278465658426,0.03209402598440647,0.2889119703322649,0.6716182846575975,0.019415631890296936,3.767111001720414,2.504069512090112,0.5118580791307334,1000,2.3314283599721026,1.858143242939045,-0.9855302678810929,362
cnn_deep_wide,fold2_france,10,0.24064636727174124,False,2,0.0003,0.0003,2.0964989978820086,0.1905908179892735,0.6925058681517839,0.7142320033162832,3.503534508869052,1.0838892981410027,0.03212658315896988,0.2887848876416683,0.670998765155673,0.019329065456986427,3.7982287799437984,2.5147003017139133,0.5037602932209377,1000,3.2595715761339896,2.714881242853443,-2.881087248738929,362
cnn_deep_wide,fold2_france,11,0.23856706728880434,False,3,0.0003,0.0003,2.0951552968472242,0.19046866334974766,0.6916895173490047,0.7160210553556681,3.5031687524169683,1.0819200985133648,0.032150283455848694,0.28885549679398537,0.6715519037097692,0.019310401752591133,4.019159753443593,2.5996256947297796,0.44435193168774545,1000,3.032381656256078,2.4719257700578834,-2.3589232732732435,362
cnn_deep_wide,fold2_france,12,0.22814439870845313,False,4,0.0003,0.0003,2.0258631091564894,0.18416937355968085,0.6831806618720293,0.7176768872886896,3.4270248785614967,1.012968011200428,0.03212705999612808,0.2887945994734764,0.6711474247276783,0.019425641745328903,3.607504280961869,2.4694861202984497,0.5523454722922219,1000,2.614925187170617,2.1416355460425214,-1.4977611043473016,362
cnn_deep_wide,fold2_france,13,0.23659567963117842,False,5,0.0003,0.0003,2.130846455693245,0.19371331415393137,0.688728267326951,0.7135742455720901,3.5335519071668386,1.1094828750938177,0.0321635976433754,0.2892116215080023,0.6776777599006891,0.02091720513999462,4.271769636714042,2.803516683749056,0.37231041858638825,1000,2.48211068781431,1.941877739862841,-1.2504773750119274,362
cnn_deep_wide,fold2_france,14,0.22647283731520862,False,6,0.0003,0.0003,2.0959576908499002,0.19054160825908184,0.6872390136122704,0.7129506636410952,3.4964585788547993,1.0765690691769123,0.03211209736764431,0.2890687771141529,0.6760149169713259,0.020802972838282585,3.884194478881709,2.5063548413906003,0.4810432031279366,1000,2.447065872550738,1.9121229477499166,-1.187377207596981,362
cnn_deep_wide,fold2_france,15,0.2269762530066501,False,7,0.0003,0.0003,2.0938624888658524,0.19035113535144113,0.6908236276358366,0.7134190145879984,3.4984117429703474,1.0748352073132992,0.03203567676246166,0.2891231682151556,0.6760539263486862,0.020451972261071205,3.696867753163995,2.6729981763444477,0.5298925852710088,1000,3.233551856712924,2.570009295292708,-2.8193725476556972,362
cnn_deep_wide,fold2_france,16,0.2244007378474049,False,8,0.0003,0.0003,2.089854469522834,0.18998676995662125,0.6906706187874079,0.7151540648192167,3.495989441871643,1.0709333084523678,0.03220219351351261,0.28894096054136753,0.6759784147143364,0.020439740270376205,3.5058764977150862,2.3704170274737226,0.5772121508753768,1000,3.1212080131015107,2.4893684319353455,-2.558588642473966,362
cnn_deep_wide,fold2_france,17,0.2172007577857752,False,9,0.0003,0.0003,2.092969749122858,0.1902699771929871,0.6920060403645039,0.7132203653454781,3.498501915484667,1.074271971359849,0.032128939405083656,0.2889322880655527,0.6758641861379147,0.020404988899827003,3.573721496397746,2.3909952139307045,0.5606904137815425,1000,3.7428061991016826,3.092888597248213,-4.1171369733426575,362
cnn_deep_wide,fold2_france,18,0.21045700828919464,False,10,0.0003,0.0003,2.0812975019216537,0.18920886381105942,0.6911544390022755,0.7127612959593534,3.4855149779468775,1.0622223634272814,0.032226573675870895,0.28900703601539135,0.6759724207222462,0.02050495706498623,3.4280498877710355,2.282703558942308,0.5957746570522778,1000,2.626009565093196,2.020924852525124,-1.518981449304377,362
cnn_deep_wide,fold2_france,19,0.21052823258542466,False,11,0.0003,0.0003,2.0881423000246286,0.18983111818405715,0.687500586733222,0.7137413844466209,3.489694021642208,1.069520030170679,0.032237643375992775,0.2888584602624178,0.6757857371121645,0.020370950922369957,3.3923108329519995,2.333739296558767,0.6041592054976421,1000,3.2830009357107577,2.5973346761287543,-2.9370812269835964,362
cnn_deep_wide,fold2_france,20,0.19745002395805272,False,12,0.0003,0.0003,2.0972287952899933,0.1906571632081812,0.6890041586011648,0.7132742144167423,3.4998082295060158,1.0785443894565105,0.03222064860165119,0.28887395188212395,0.6758366692811251,0.020383166149258614,3.403579613549178,2.24481295059619,0.6015249823383474,1000,2.6173010564335684,2.048747756605459,-1.502301998887118,362
cnn_deep_wide,fold2_france,21,0.2049999089761712,False,13,0.0003,0.0003,2.09695390611887,0.19063217328353363,0.6888337973505259,0.7137820348143578,3.4998760912567377,1.078616363927722,0.03222280368208885,0.28887856751680374,0.6755919046700001,0.02030986361205578,3.4459711684992023,2.4419624069114656,0.5915371623117232,1000,3.921141007699765,3.229124106266581,-4.616390321804118,362
cnn_deep_wide,fold2_france,22,0.21186960342971758,True,0,0.0003,0.0003,2.1312620621174574,0.19375109655613248,0.7058060299605131,0.7129267863929272,3.5503080375492573,1.1091041062027216,0.03225920349359512,0.2889014258980751,0.678203172981739,0.021388528868556023,4.032473843539859,2.844258394404876,0.44066449335547486,1000,1.8731826506317981,1.4626861060454734,-0.28171838920804704,362
cnn_deep_wide,fold2_france,23,0.21515649248813762,False,1,0.0003,0.0003,2.0999066792428493,0.1909006072038954,0.6902240607887506,0.7130723763257265,3.5034349747002125,1.0815726537257433,0.03221539221704006,0.28889734111726284,0.6753703877329826,0.020500294864177704,3.514834406227248,2.385108594827107,0.5750488497111577,1000,3.2217988720972297,2.5494740207436126,-2.791658473627666,362
cnn_deep_wide,fold2_france,24,0.20441314543800793,False,2,0.0003,0.0003,2.104966104030609,0.19136055491187356,0.685992456972599,0.7128054667264223,3.504059897735715,1.0870534591376781,0.03178355470299721,0.2888303194195032,0.6755095068365335,0.020431943237781525,3.7257415563228555,2.4142803620778306,0.5225205082391398,1000,3.074642597094182,2.4886922859695138,-2.4531992776740443,362
cnn_deep_wide,fold2_france,25,0.19528996207933316,False,3,0.0003,0.0003,2.092024637386203,0.19018405794420026,0.6856408957391977,0.7129994463175535,3.490968968719244,1.0734113715589046,0.032203204929828644,0.2888925280421972,0.675733458250761,0.020431803539395332,3.7231673453444474,2.4145008148251113,0.5231800861037046,1000,3.0673608758571826,2.476748888762491,-2.436862121202336,362
cnn_deep_wide,fold2_france,26,0.19831602857715783,False,4,0.0003,0.0003,2.089551644399762,0.18995924039997839,0.6887571904808283,0.7128891572356224,3.4914969000965357,1.0711011309176683,0.032109085470438004,0.2888930570334196,0.675697036087513,0.020388202741742134,3.5608930415347566,2.529356542726869,0.5638386994765989,1000,3.0556419824757097,2.4892468135000563,-2.410651131057235,362
cnn_deep_wide,fold2_france,27,0.201984120854016,False,5,0.0003,0.0003,2.100188322365284,0.19092621112411673,0.6914668194949627,0.7138302382081747,3.5057875625789165,1.08182368054986,0.03196719288825989,0.289018040522933,0.6756080500781536,0.0204041488468647,3.586686588323439,2.6098280021093987,0.5574970922759435,1000,3.1519783229751073,2.529391006823949,-2.629098919275389,362
cnn_deep_wide,fold2_france,28,0.1934495617945989,False,6,0.0003,0.0003,2.097396720200777,0.19067242910916155,0.6893410086631775,0.7130629569292068,3.500114807859063,1.0790730528533459,0.03221733309328556,0.28885545767843723,0.6754949912428856,0.02039891667664051,4.0244063997143416,2.5806015178690513,0.4429002891225341,1000,2.646078892269207,2.054464050148202,-1.5576313038062652,362
cnn_deep_wide,fold2_france,29,0.1874734697670772,False,7,0.0003,0.0003,2.0953911300748587,0.19049010273407807,0.6859721578657627,0.7123120464384556,3.4939747247844934,1.0769564732909203,0.031837521120905876,0.288931030780077,0.6757422089576721,0.0205779317766428,4.481591666574573,3.2957686662238643,0.30913396980473806,1000,4.431311526737164,3.544689832355751,-6.172935522931135,362
cnn_deep_wide,fold2_france,30,0.19866319788598466,False,8,0.0003,0.0003,2.0989093221724033,0.1908099383793094,0.6898378003388643,0.7141055874526501,3.503158984705806,1.0805113557726145,0.03199286200106144,0.2889015432447195,0.6757029388099909,0.02040620893239975,3.633369340529167,2.351194168843133,0.5459032794392857,1000,2.430204011490163,1.9177513398394717,-1.1573361888491238,362
cnn_deep_wide,fold2_france,31,0.19026558649265904,False,9,0.0003,0.0003,2.0927818696945906,0.19025289724496278,0.6873490195721388,0.7156551498919725,3.4960921201854944,1.074463652446866,0.03195093013346195,0.28891997784376144,0.6756524313241243,0.02039160765707493,3.966155932495333,2.7427956127679787,0.4589108308921014,1000,1.8741813618363061,1.3533270463813218,-0.28308548254278776,362
cnn_deep_wide,fold2_france,32,0.18673052441799778,False,10,0.0003,0.0003,2.1757919415831566,0.1977992674166506,0.7022578716278076,0.7202529236674309,3.598637154325843,1.1540730744600296,0.03205796144902706,0.28858151100575924,0.6784447766840458,0.02121436782181263,3.2081280199507063,2.213229354337805,0.6459760429677128,1000,3.137676074277828,2.550233583529298,-2.59623922866289,362
cnn_deep_wide,fold2_france,33,0.18947716451239313,False,11,0.0003,0.0003,2.1680150646716356,0.19709227860651232,0.7035661730915308,0.7197127733379602,3.591605979949236,1.1503582391887903,0.0320267528295517,0.2884703744202852,0.6751602981239557,0.020597534254193306,3.3362146952488043,2.2118078282346705,0.6171424171236833,1000,2.6987417473569333,2.0558682418974707,-1.6604494805133818,362
cnn_deep_wide,fold2_france,34,0.17897925740000845,False,12,0.0003,0.0003,2.161936281248927,0.19653966193172065,0.7034040410071611,0.7185765225440264,3.584228176623583,1.1453033946454525,0.03188678249716759,0.28848360292613506,0.6744001712650061,0.02049374021589756,3.3193107791683807,2.16711587366205,0.6210123100522958,1000,2.5398879144238844,1.9338635102691477,-1.3564675576841134,362
cnn_deep_wide,fold2_france,35,0.17702891874587398,False,13,0.0003,0.0003,2.173645691946149,0.19760415381328625,0.7061610743403435,0.7190691623836756,3.599184287711978,1.1570613030344248,0.03187867812812328,0.2884855084121227,0.6743861101567745,0.020444190129637718,3.356107402129221,2.3554431543441616,0.6125631077016148,1000,2.555928534204889,1.8919763540367662,-1.3863260093211691,362
cnn_deep_wide,fold2_france,36,0.17259495200096875,False,14,0.0003,0.0003,2.1642299946397543,0.19674818133088676,0.7061059530824423,0.7200224436819553,3.5906555131077766,1.146484972909093,0.032029103487730026,0.28886531479656696,0.6750130597501993,0.020457956939935684,3.2732313919815352,2.3835679205965987,0.631461650581916,1000,4.088874278763933,3.409993936235504,-5.107168137416267,362
cnn_deep_wide,fold2_france,37,0.17942881858211823,False,15,0.0003,0.0003,2.169379949569702,0.1972163590517911,0.7053180932998657,0.7212563455104828,3.596258958801627,1.1509500779211521,0.03202217258512974,0.2891551498323679,0.675444059073925,0.02044602856040001,3.5381089386509346,2.238935812161018,0.5694023328239322,1000,2.6343333658092094,1.984506957009386,-1.5349758544763534,362
cnn_deep_wide,fold2_france,38,0.17586871793215303,False,16,0.0003,0.0003,2.1854506824165583,0.19867733476514166,0.7031740117818117,0.7185679525136948,3.6074940655380487,1.1676153410226107,0.03197747282683849,0.28901354037225246,0.67501500248909,0.020439058542251587,3.2613593738522035,2.192706516366242,0.6341301813649686,1000,2.9445781293395443,2.288744454530465,-2.167222150353986,362
cnn_deep_wide,fold2_france,39,0.18675071669035945,False,17,0.0003,0.0003,2.152694957330823,0.19569954157552935,0.7042129244655371,0.7181498929858208,3.575364153832197,1.134084664285183,0.03202533908188343,0.2891728598624468,0.6755190249532461,0.02052582986652851,3.6536877070040252,2.606866187943171,0.5408103198539627,1000,3.4740931899832397,2.944400047127238,-3.4087481425180535,362
cnn_deep_wide,fold2_france,40,0.17783745695119615,False,18,0.0003,0.0003,2.155686439946294,0.19597149454057217,0.7012510430067778,0.7180902417749166,3.5753447860479355,1.135551355779171,0.032026031985878944,0.28953868336975574,0.6768520213663578,0.020353922620415688,3.906250135962078,2.562798618869744,0.47513287603836285,1000,2.086513412442708,1.5883974238590524,-0.590284124356421,362
cnn_deep_wide,fold2_france,41,0.17740594056145897,False,19,0.0003,0.0003,2.2160024847835302,0.20145477134395728,0.7024214621633291,0.8138847351074219,3.732624402269721,1.1923238299787045,0.031985893845558167,0.2893369197845459,0.6791373062878847,0.021815123036503792,3.355654781088392,2.235405228559962,0.6126676039190138,1000,2.675226445997394,1.948404050568609,-1.614288183552631,362
cnn_deep_wide,fold2_france,42,0.1735683004746492,False,20,0.0003,0.0003,2.1663421485573053,0.19694019532339138,0.7034907117486,0.7189884353429079,3.589135255664587,1.1467237677425146,0.03191060200333595,0.2894513998180628,0.6764206308871508,0.020459365099668503,3.080431983282898,2.1006621768069995,0.6735982196266636,1000,2.7929688434367175,2.1839503646323477,-1.849472985202731,362
cnn_deep_wide,fold2_france,43,0.17011922358096332,False,21,0.0003,0.0003,2.1643948797136545,0.1967631708830595,0.7053019646555185,0.721042076125741,3.5910408794879913,1.1458124611526728,0.03200642392039299,0.2896804343909025,0.6755200549960136,0.020001668483018875,3.3014006440866086,2.177461055396345,0.6250911136271824,1000,2.849246245634423,2.2278777881494145,-1.9654617816061073,362
cnn_deep_wide,fold2_france,44,0.17284356828393607,False,22,0.0003,0.0003,2.158489366993308,0.19622630609030073,0.7069334164261818,0.7201835066080093,3.5859178993850946,1.1437014024704695,0.03189297020435333,0.28938767686486244,0.6727041210979223,0.01944928616285324,3.2173527495308636,2.2574527828955344,0.6439371776274745,1000,3.121990337889685,2.5186145700988924,-2.5603727728445556,362
cnn_deep_wide,fold2_france,45,0.1674465629561194,False,23,0.0003,0.0003,2.156134584918618,0.19601223499260165,0.7026304919272661,0.7194652147591114,3.578536143526435,1.1428916957229376,0.031962791457772255,0.2887210678309202,0.6717250384390354,0.019451813772320747,3.291437825353912,2.1902078768567352,0.6273504658205876,1000,2.5302978595750822,1.908597585500317,-1.3387061523541868,362
cnn_deep_wide,fold2_france,46,0.16131951925398288,False,24,0.0003,0.0003,2.1676962133497,0.1970632921227,0.7033807337284088,0.7187214139848948,3.5900992024689913,1.1556103397160769,0.03174370899796486,0.28856288082897663,0.6708842199295759,0.019511107355356216,3.204660378780502,2.1814858029304696,0.64674095295516,1000,2.8207412648545707,2.202429534830006,-1.9064232949418551,362
cnn_deep_wide,fold2_france,47,0.15956540268728103,False,25,0.0003,0.0003,2.145351767539978,0.19503197886727072,0.7055687941610813,0.7188890371471643,3.5701218899339437,1.133846877142787,0.03169980086386204,0.2886362913995981,0.6703671086579561,0.019442226737737656,3.090692384425168,2.1210154232823077,0.671420219451103,1000,2.9964981114612907,2.3859600201657285,-2.279898306194745,362
cnn_deep_wide,fold3_italy,1,0.38033705731717554,True,0,0.0003,0.0003,2.521589372307062,0.1939684132543894,0.7062132675200701,0.5855519771575928,3.8135369066148996,1.3228547275066376,0.0359290037304163,0.3371334858238697,0.8005523011088371,0.023597948253154755,5.186745826046031,3.447651858633562,-0.1332682081343739,1000,6.245736511264348,4.9733150222616755,-1.1279418208854275,286
cnn_deep_wide,fold3_italy,2,0.330066489163351,True,0,0.0003,0.0003,2.412690384313464,0.18559156802411264,0.7137260809540749,0.5696055255830288,3.696238122880459,1.2724639400839806,0.03598288260400295,0.32477835938334465,0.7555437721312046,0.022431373596191406,4.35144630974924,3.1305009555083907,0.20235429318590703,1000,4.2584474951256,3.2284319384889124,0.010775129944181394,286
cnn_deep_wide,fold3_italy,3,0.30226275929284496,False,1,0.0003,0.0003,2.4572934173047543,0.18902257056190416,0.7027021236717701,0.5746810007840395,3.734902523458004,1.3151703216135502,0.036432694643735886,0.3242302853614092,0.7559465505182743,0.023863790556788445,3.847906530485846,2.403727539072073,0.37627693925360106,1000,4.457158170181152,3.473945569872088,-0.08369863079280537,286
cnn_deep_wide,fold3_italy,4,0.2824876206294563,False,2,0.0003,0.0003,2.6863161455839872,0.20663970350646055,0.7453800048679113,0.616122281178832,4.048088122159243,1.5454594641923904,0.03616322763264179,0.32421257160604,0.7556413020938635,0.023314297199249268,4.133035674842211,2.511089287896762,0.28041669086975374,1000,5.310892904004672,4.185903644771915,-0.5386063487353299,286
cnn_deep_wide,fold3_italy,5,0.27977414163300557,False,3,0.0003,0.0003,2.396450374275446,0.1843423364827266,0.7021024841815233,0.5690087266266346,3.667833525687456,1.2560295928269625,0.03633351810276508,0.3242057543247938,0.7557384446263313,0.02264213189482689,3.615763004095209,2.3007109871698392,0.44926498788648017,1000,4.5643317729037785,3.512441233734066,-0.13644086609163097,286
cnn_deep_wide,fold3_italy,6,0.2776559503684454,False,4,0.0003,0.0003,2.3713527861982584,0.1824117527844814,0.6964328493922949,0.5660305339843035,3.63408469222486,1.2321406323462725,0.03617614321410656,0.32407948561012745,0.7548370361328125,0.022624077275395393,7.418577751275172,4.1204197929498605,-1.3183771021022603,1000,8.192410176165783,5.873613951431769,-2.661135556018023,286
cnn_deep_wide,fold3_italy,7,0.2629065083983009,False,5,0.0003,0.0003,2.3803334552794695,0.1831025734830361,0.7001807931810617,0.5668266471475363,3.647629514336586,1.2409981302917004,0.03612179681658745,0.3238839525729418,0.7551929317414761,0.02261093072593212,3.561858648758197,2.1877411905182336,0.46556347118838437,1000,4.324773848744934,3.3444763316191937,-0.020279679362456227,286
cnn_deep_wide,fold3_italy,8,0.2643443328425269,True,0,0.0003,0.0003,2.3845214191824198,0.18342472455249384,0.6994150411337614,0.566182155162096,3.6503879856318235,1.2457874584943056,0.03612223267555237,0.32418473437428474,0.7544498536735773,0.022461917251348495,3.4389387172480332,2.1637160543506164,0.5018138534302341,1000,4.180208898614731,3.1496089601745165,0.04679040926304057,286
cnn_deep_wide,fold3_italy,9,0.24880228385769204,False,1,0.0003,0.0003,2.3820072766393423,0.1832313289722571,0.7005080133676529,0.5669801160693169,3.64972897619009,1.2416989635676146,0.036352043971419334,0.3242057804018259,0.755744107067585,0.022519923746585846,3.5430874939992676,2.2181101493500854,0.4711816370153926,1000,4.314716334601151,3.3677991667675307,-0.01553975730784285,286
cnn_deep_wide,fold3_italy,10,0.24282894735923932,True,0,0.0003,0.0003,2.3827121071517467,0.1832855467039805,0.6984192505478859,0.5650357529520988,3.6464346032589674,1.2446329984813929,0.03627283684909344,0.323916295543313,0.7540130019187927,0.02235865406692028,3.3224591455020485,2.1879648999031236,0.5349902360098804,1000,3.851100428310893,3.033643880675526,0.19097466685286368,286
cnn_deep_wide,fold3_italy,11,0.24123559306843137,False,1,0.0003,0.0003,2.3749691005796194,0.18268993081381688,0.6967310011386871,0.5671902261674404,3.6391151808202267,1.2348194401711226,0.03634060546755791,0.3242076989263296,0.7555811330676079,0.02250887081027031,3.7684685339060047,2.6217502981343794,0.40176397796426544,1000,3.863675238417721,3.0196319029199854,0.1856826993331404,286
cnn_deep_wide,fold3_italy,12,0.23633437535805635,False,2,0.0003,0.0003,2.415976542979479,0.18584434945995992,0.6981017030775547,0.5657807141542435,3.680132219567895,1.2754936702549458,0.036172909662127495,0.32367413863539696,0.7555350977927446,0.023491868749260902,3.852344355520844,2.339381750822389,0.3748374188513107,1000,5.298766665781174,4.193831031621933,-0.5315882418641076,286
cnn_deep_wide,fold3_italy,13,0.24065782007341666,False,3,0.0003,0.0003,2.3785728961229324,0.1829671458556102,0.6998643949627876,0.5646019540727139,3.643300713971257,1.2380881812423468,0.036252640187740326,0.32438958063721657,0.7557552456855774,0.02253631502389908,3.453117964296248,2.1859530991541267,0.4976971954810575,1000,4.481816656539206,3.533621336297887,-0.09572256416415681,286
cnn_deep_wide,fold3_italy,14,0.23365928280491272,False,4,0.0003,0.0003,2.369092719629407,0.1822379015099544,0.7000241037458181,0.5659114457666874,3.6353065595030785,1.2311677727848291,0.03623730130493641,0.32365103997290134,0.753904277458787,0.02258547581732273,4.290082384019233,2.8088933154829,0.2246924062753879,1000,4.693666607951715,3.650573911466785,-0.20175768818404927,286
cnn_deep_wide,fold3_italy,15,0.22003101116579518,False,5,0.0003,0.0003,2.3686477094888687,0.1822036699606822,0.6998284049332142,0.5659118052572012,3.634651990607381,1.229162747040391,0.03636529855430126,0.32401457987725735,0.7551082037389278,0.022499747574329376,5.399703376908635,3.5796216403937815,-0.22823814183243574,1000,6.33428967801987,4.938526177326737,-1.1887102590327214,286
cnn_deep_wide,fold3_italy,16,0.21395558478437432,False,6,0.0003,0.0003,2.3676072899252176,0.1821236376865552,0.700107853859663,0.5656940545886755,3.6336782705038786,1.228002442047,0.03620942682027817,0.3242684956640005,0.7551032826304436,0.02252872847020626,3.468626961317873,2.1005375952921566,0.49317507554163664,1000,4.643545869851839,3.548789169085172,-0.17622908032640572,286
cnn_deep_wide,fold3_italy,17,0.21845168751378727,False,7,0.0003,0.0003,2.3670213893055916,0.18207856840812242,0.6934529691934586,0.5654040146619081,3.626161055639386,1.2291053105145693,0.036057841032743454,0.3236400634050369,0.7541970368474722,0.02252480387687683,3.212297215942505,2.0362943592009977,0.5653154383833592,1000,4.049820496339929,3.163241583518366,0.105327722149957,286
cnn_deep_wide,fold3_italy,18,0.2207297627097988,False,8,0.0003,0.0003,2.3662942200899124,0.18202263231460863,0.6989550050348043,0.5648909974843264,3.630410188809037,1.227127380669117,0.036165451630949974,0.3240458369255066,0.7549556829035282,0.02251211740076542,4.751471065471787,3.021432670574932,0.048959632613670645,1000,5.811077188112856,4.553291283139359,-0.8420682660232173,286
cnn_deep_wide,fold3_italy,19,0.2081528683605488,False,9,0.0003,0.0003,2.382445303723216,0.18326502336332431,0.6958214920014143,0.564857454970479,3.643384290859103,1.2425731923431158,0.036339957267045975,0.3244047947227955,0.7551485188305378,0.02247820422053337,3.301444498169881,2.0096514758210478,0.5408540324518136,1000,4.395985906878189,3.377218507267281,-0.05415631652973518,286
cnn_deep_wide,fold3_italy,20,0.21072339728493747,False,10,0.0003,0.0003,2.3657785411924124,0.18198296470710865,0.6974798534065485,0.565518805757165,3.629052208736539,1.2269016820937395,0.03625918924808502,0.3239567317068577,0.7546351458877325,0.022536728531122208,4.171480879031691,2.5443426654976777,0.26696740266086016,1000,5.578665137300419,4.509811802356544,-0.6976690037609554,286
cnn_deep_wide,fold3_italy,21,0.21587367325217793,False,11,0.0003,0.0003,2.4230910427868366,0.1863916186759105,0.6982821449637413,0.5648287236690521,3.686472402885556,1.2775833774358034,0.03637130744755268,0.32479668594896793,0.758766945451498,0.024000108242034912,6.340609778399943,3.873137379903648,-0.6935765263670566,1000,6.866879039508341,5.379650583432154,-1.572238458182019,286
cnn_deep_wide,fold3_italy,22,0.22370764926860207,False,12,0.0003,0.0003,2.3736843783408403,0.18259110602621847,0.6968791224062443,0.5638701859861612,3.634698536247015,1.2349815238267183,0.03611745499074459,0.3238453548401594,0.7547998055815697,0.022457050159573555,3.7047338819107827,2.3789869336708844,0.4218283299347001,1000,4.706708990864585,3.615741986895824,-0.20844566233018735,286
cnn_deep_wide,fold3_italy,23,0.21299877575334444,False,13,0.0003,0.0003,2.3762446492910385,0.1827880499454645,0.7007830869406462,0.5652997773140669,3.6425834242254496,1.2357864752411842,0.03616590425372124,0.32449018210172653,0.7557512875646353,0.022552337497472763,3.298324313269401,2.0659593280884447,0.5417214971833018,1000,4.29932188228808,3.290562733420166,-0.008306007740627619,286
cnn_deep_wide,fold3_italy,24,0.20607180120626678,False,14,0.0003,0.0003,2.3842421863228083,0.1834032451017545,0.6976561956107616,0.5662310570478439,3.648403698578477,1.2424219716340303,0.03621661104261875,0.3236332889646292,0.7570729292929173,0.023387739434838295,3.198750338402925,2.003519589523918,0.568974005078124,1000,4.050237851165716,3.0837421094088184,0.10514331149117617,286
cnn_deep_wide,fold3_italy,25,0.20441797599483363,True,0,0.0003,0.0003,2.3827378768473864,0.18328752898826048,0.6983610149472952,0.5650288350880146,3.6463860757648945,1.2346360757946968,0.036264337599277496,0.32468509674072266,0.7616816181689501,0.02397182770073414,3.386985492760814,2.3330910408277568,0.5167526888433641,1000,3.616502437680423,2.7484645245205064,0.28653946222703397,286
cnn_deep_wide,fold3_italy,26,0.21238609767771197,False,1,0.0003,0.0003,2.3776650223881006,0.18289730941446927,0.6989384964108467,0.5657518673688173,3.642574604600668,1.2352399714291096,0.03614317812025547,0.32369535975158215,0.7575745172798634,0.023478398099541664,3.3163488656708298,2.0088152784322673,0.5366990468197891,1000,4.384643136051488,3.3840131086419953,-0.048723347619062274,286
cnn_deep_wide,fold3_italy,27,0.20109187661453756,False,2,0.0003,0.0003,2.3887981306761503,0.18375370235970387,0.6920556910336018,0.5646734870970249,3.6457912381738424,1.2444377671927214,0.035870177671313286,0.32433274388313293,0.7592523247003555,0.02338797226548195,3.8852465921519155,2.3660048855597666,0.3641129952057339,1000,5.135942676189765,3.9820255416819266,-0.438907141643915,286
cnn_deep_wide,fold3_italy,28,0.19753114127378255,False,3,0.0003,0.0003,2.4663671292364597,0.18972054840280458,0.692924153059721,0.5641145259141922,3.7236730456352234,1.3217271957546473,0.03609374724328518,0.3240104503929615,0.7594043463468552,0.02361370623111725,3.5967109889260787,2.1580137301005156,0.4550535134037308,1000,4.754993015354294,3.6564190294704,-0.2333666448165408,286
cnn_deep_wide,fold3_italy,29,0.19292981320076333,False,4,0.0003,0.0003,2.3637209348380566,0.18182468729523513,0.6947956513613462,0.5635721553117037,3.622362231835723,1.2190804332494736,0.03635415807366371,0.32356637343764305,0.7596369981765747,0.023580722510814667,4.0714610577398815,2.85494996312699,0.3016979068624903,1000,4.924031850447003,3.926840131900108,-0.32261711840235163,286
cnn_deep_wide,fold3_italy,30,0.18557943390330853,False,5,0.0003,0.0003,2.415812222287059,0.18583170940669683,0.6916139405220747,0.5642797946929932,3.671969160437584,1.264658112078905,0.036157457157969475,0.32457043789327145,0.7646809741854668,0.024224476888775826,3.0916085064500254,1.9033737948115843,0.5973647810278669,1000,4.380237590562908,3.2644836031717794,-0.046616960778567584,286
cnn_deep_wide,fold3_italy,31,0.193663069999876,False,6,0.0003,0.0003,2.3679529279470444,0.18215022522669572,0.6956524532288313,0.5650463867932558,3.6289195381104946,1.2231298927217722,0.0362237524241209,0.3237517774105072,0.759675357490778,0.023626338690519333,4.149664338573366,2.471873974302891,0.2746147665913522,1000,4.975851162428333,3.8850941377358574,-0.3506013984009695,286
cnn_deep_wide,fold3_italy,32,0.20451141867083672,False,7,0.0003,0.0003,2.366525538265705,0.18204042602043885,0.6927692722529173,0.5647773984819651,3.624328598380089,1.2203966695815325,0.03624448738992214,0.32413834519684315,0.7606439217925072,0.023574890568852425,3.5253947121313853,2.144342214510461,0.4764498711210452,1000,5.011155429455387,3.899244126431356,-0.3698347498866379,286
cnn_deep_wide,fold3_italy,33,0.20580825029808994,False,8,0.0003,0.0003,2.3602925650775433,0.1815609665444264,0.6947329621762037,0.5650763493031263,3.6203754246234894,1.214697528630495,0.03625006787478924,0.3239338006824255,0.7601733934134245,0.02372499369084835,3.1599374058930256,2.1545893911567044,0.5793704948114637,1000,3.892342443688677,3.0425672984873326,0.17355393439664013,286
cnn_deep_wide,fold3_italy,34,0.18963975739570882,False,9,0.0003,0.0003,2.3655575178563595,0.18196596291202766,0.6922720819711685,0.56380944699049,3.6219127364456654,1.2203910388052464,0.036197757348418236,0.3241078667342663,0.759610490873456,0.02371976152062416,2.928447994208572,1.9492097795109284,0.6387417239937405,1000,3.6265017872829026,2.7870665071314513,0.2825886815252572,286
cnn_deep_wide,fold3_italy,35,0.19043284446115824,False,10,0.0003,0.0003,2.361591825261712,0.18166090963551632,0.6951296441257,0.5648485887795687,3.6218385379761457,1.2172131910920143,0.036139827221632004,0.323635071516037,0.759498730301857,0.023594509810209274,2.9906693847339874,1.875623702668134,0.6232271648925631,1000,3.8518449473311933,2.8847156078021357,0.19066182485706396,286
cnn_deep_wide,fold3_italy,36,0.18631874306058088,False,11,0.0003,0.0003,2.3618321269750595,0.1816793943826969,0.6951612941920757,0.5659956783056259,3.6232518702745438,1.2169717941433191,0.036320626735687256,0.3238161690533161,0.7596026323735714,0.023608822375535965,3.237809510156832,1.9849579820085135,0.5583834282535582,1000,4.585637253066348,3.4506508546169794,-0.1470750308035409,286
cnn_deep_wide,fold3_italy,37,0.19666437944337553,False,12,0.0003,0.0003,2.361542485654354,0.18165711428110415,0.6977959871292114,0.5647854879498482,3.6243849210441113,1.2152568381279707,0.03615802526473999,0.324121855199337,0.7607266325503588,0.023761512711644173,6.20191996469908,3.9816830667986123,-0.6202987169987848,1000,7.664582545382648,6.050291069913355,-2.2045676495734425,286
cnn_deep_wide,fold3_italy,38,0.19691142180650012,False,13,0.0003,0.0003,2.369426093995571,0.182263545691967,0.6984183769673109,0.5657045096158981,3.6338141690939665,1.2243250329047441,0.035964056849479675,0.3242590446025133,0.7597393225878477,0.023627828806638718,3.1112453064054137,1.9294781082543109,0.5922337453418793,1000,4.3169812716066955,3.2957247697015597,-0.016606217814872037,286
cnn_deep_wide,fold3_italy,39,0.1879393951883671,False,14,0.0003,0.0003,2.388438308611512,0.1837260237393471,0.7238138075917959,0.5648855976760387,3.677401293069124,1.2406375221908092,0.03616456687450409,0.3237856552004814,0.7623112220317125,0.023988960310816765,3.0872894407792697,2.0513502511754904,0.5984889810852188,1000,4.078456380650903,3.237873414720214,0.09263071043004334,286
cnn_deep_wide,fold3_italy,40,0.1947505881720544,False,15,0.0003,0.0003,2.3665301501750946,0.18204078078269958,0.6944802943617105,0.5661423001438379,3.627415956929326,1.221489556133747,0.03613460436463356,0.32400095649063587,0.7597755938768387,0.023613253608345985,3.4277151572237603,2.041689109992458,0.5050603770241953,1000,4.772549702263524,3.7200595041980407,-0.24249128823180577,286
cnn_deep_wide,fold3_italy,41,0.17866596105162996,False,16,0.0003,0.0003,2.363927060738206,0.18184054313370815,0.6935736127197742,0.5643766671419144,3.622155401855707,1.218723213300109,0.03630140796303749,0.3238368909806013,0.7599842343479395,0.02357281558215618,3.1804399946202793,1.9095599796380518,0.5738944551789094,1000,4.363448237903943,3.282653898421334,-0.03860901860253496,286
cnn_deep_wide,fold3_italy,42,0.1781516746547317,False,17,0.0003,0.0003,2.3690544441342354,0.18223495724109504,0.6978379171341658,0.5645090490579605,3.6316720321774483,1.2227019872516394,0.03615374118089676,0.3243452403694391,0.7607238721102476,0.02361450530588627,3.039263995549876,1.85456791683121,0.610883520671811,1000,4.219309093430522,3.1683626532902958,0.02887504188043466,286
cnn_deep_wide,fold3_italy,43,0.18101417125036537,False,18,0.0003,0.0003,2.3620615396648645,0.1816970415126819,0.697193956002593,0.5641637668013573,3.623680165037513,1.2166044972836971,0.035967178642749786,0.3241628650575876,0.7602926343679428,0.023529432713985443,3.0090894479474755,1.8159555724884127,0.6185716503957517,1000,4.41344096729209,3.320458655845999,-0.06254437489534159,286
cnn_deep_wide,fold3_italy,44,0.1747895388915389,False,19,0.0003,0.0003,2.3680945858359337,0.18216112198737952,0.6992024388164282,0.5659076888114214,3.6334658227860928,1.2287135105580091,0.03595772944390774,0.3239580672234297,0.7553626485168934,0.02257765457034111,3.337889810629036,2.2085284129531395,0.5306608689996647,1000,4.650571783046806,3.7438803214083216,-0.17979115794115041,286
cnn_deep_wide,fold3_italy,45,0.1703365256146687,False,20,0.0003,0.0003,2.3729815892875195,0.1825370453298092,0.7012410499155521,0.5660984199494123,3.640593970194459,1.2345669157803059,0.03596195951104164,0.3235803712159395,0.7549812160432339,0.022357219830155373,2.8387266438955803,1.8427452541789728,0.6605389725781801,1000,3.685241822822062,2.799802323397124,0.2591600138742606,286
cnn_deep_wide,fold3_italy,46,0.17812267776019153,False,21,0.0003,0.0003,2.3754554707556963,0.18272734390428433,0.7012997306883335,0.565473910421133,3.6424977611750364,1.2364152166992426,0.03620249778032303,0.32419898733496666,0.7547017186880112,0.022420069202780724,2.8522650384489436,1.777746427192998,0.6572933509340316,1000,4.2019494594023215,3.1876550091198945,0.03684966191006933,286
cnn_deep_wide,fold3_italy,47,0.18359276610253253,False,22,0.0003,0.0003,2.363310033455491,0.18179307949657625,0.6994994580745697,0.5649277698248625,3.628005690872669,1.2255670167505741,0.036260565742850304,0.3235757537186146,0.754002757370472,0.02241501584649086,3.09220700560364,1.8774016202423114,0.5972088750246247,1000,4.285071594613928,3.202534198196585,-0.00163293774928297,286
cnn_deep_wide,fold3_italy,48,0.16989581181700025,False,23,0.0003,0.0003,2.3709928896278143,0.1823840684329088,0.746969923377037,0.5699545536190271,3.6882029958069324,1.231679979711771,0.03612386994063854,0.3240929450839758,0.7551231998950243,0.022468440234661102,3.0534992205743268,1.9935197226044266,0.6072299172074245,1000,3.9929965030798864,3.1118181253347696,0.1302583014347084,286
cnn_deep_wide,fold3_italy,49,0.1730314666101654,False,24,0.0003,0.0003,2.376635253429413,0.18281809641764715,0.7017456796020269,0.5667491313070059,3.6454056445509195,1.2372703272849321,0.03613321669399738,0.324060657992959,0.7552438080310822,0.022430947050452232,2.897830863135426,1.8881353727255532,0.6462561970871089,1000,3.799319238739851,3.010971125360149,0.21258441547861617,286
cnn_deep_wide,fold3_italy,50,0.1715974386910572,False,25,0.0003,0.0003,2.3750573825091124,0.18269672173147017,0.6970094181597233,0.566152909770608,3.638483051210642,1.2359792739152908,0.03612581267952919,0.32421931996941566,0.7547571659088135,0.022443033754825592,2.8296617536588538,1.7757737021133322,0.6627035091274673,1000,3.963291358843635,2.971503661014991,0.14315072560509634,286
cnn_deep_wide,fold4_alpine,1,0.39419342921017625,True,0,0.0003,0.0003,2.2638409100472927,0.18865340917060772,0.6956158168613911,0.5040364041924477,3.463676132261753,1.1693576779216528,0.03399256616830826,0.3088161386549473,0.7282352689653635,0.022047245875000954,5.941841733770638,4.177244739094023,-0.1285684909007514,1000,1.9555837281433974,1.5105461805849076,-0.198841995227232,253
cnn_deep_wide,fold4_alpine,2,0.3359717863318377,False,1,0.0003,0.0003,2.2396908346563578,0.1866409028880298,0.7005680296570063,0.5002644024789333,3.4407421369105577,1.1679600980132818,0.03419632650911808,0.30482056736946106,0.7102839350700378,0.021018344908952713,5.384495874753542,3.73220323254317,0.07322169601373651,1000,2.225383707543951,1.8999775890006423,-0.5524546632377023,253
cnn_deep_wide,fold4_alpine,3,0.291578013200877,False,2,0.0003,0.0003,2.2262865751981735,0.18552388126651445,0.6965229976922274,0.501604612916708,3.4247266929596663,1.154697248712182,0.03392926789820194,0.3050878718495369,0.7100433353334665,0.021080251783132553,4.386775521132863,2.9461765977780625,0.38485629515804987,1000,3.061938929423463,2.5769987346557253,-1.939017463933033,253
cnn_deep_wide,fold4_alpine,4,0.2835454289047975,False,3,0.0003,0.0003,2.2421130556613207,0.18684275463844338,0.6983029302209616,0.5007501114159822,3.441479627043009,1.1722157709300518,0.03397178463637829,0.30450497567653656,0.7088714260607958,0.021097034215927124,3.9717263344811937,2.6387343583046685,0.4957517563875534,1000,2.7616614853499453,2.1803490572043622,-1.3908371986420862,253
cnn_deep_wide,fold4_alpine,5,0.2616749302996132,False,4,0.0003,0.0003,2.2423115577548742,0.18685929647957286,0.6994401197880507,0.5012628231197596,3.443327287212014,1.1693353243172169,0.034085480496287346,0.3051872104406357,0.7111308183521032,0.02110944874584675,3.8904097581539006,2.5945859909555757,0.5161882038713064,1000,2.8478410530255607,2.2136543756800595,-1.5423808607229788,253
cnn_deep_wide,fold4_alpine,6,0.25610748689626767,False,5,0.0003,0.0003,2.2287263963371515,0.18572719969476262,0.6995410490781069,0.5007682032883167,3.4293417911976576,1.157501332461834,0.034003499895334244,0.3049792628735304,0.7095634415745735,0.021230868995189667,3.9308916491997254,2.6491360947098683,0.5060671537547338,1000,3.238663123548756,2.5960983573741268,-2.2880670908667464,253
cnn_deep_wide,fold4_alpine,7,0.2513044730621666,False,6,0.0003,0.0003,2.22301634401083,0.1852513620009025,0.6999995317310095,0.5019082427024841,3.425230545923114,1.1529278196394444,0.033934395760297775,0.30436582677066326,0.7092532869428396,0.02107563056051731,3.847264626538828,2.4960743417142908,0.5268597662970067,1000,2.485302552630913,1.764627713892877,-0.9362777262681568,253
cnn_deep_wide,fold4_alpine,8,0.2461057888778463,False,7,0.0003,0.0003,2.264850353822112,0.188737529485176,0.7016487326472998,0.5016069319099188,3.46840718947351,1.1893338654190302,0.03403601050376892,0.3053642772138119,0.7122678589075804,0.022354429587721825,3.7269919542460093,2.5046852984382313,0.55597985775404,1000,2.886786028078841,2.187636230289686,-1.6123917717700502,253
cnn_deep_wide,fold4_alpine,9,0.23918346145875133,False,8,0.0003,0.0003,2.2163878176361322,0.18469898480301103,0.6981151588261127,0.5022669639438391,3.4170800913125277,1.146027971059084,0.03401909954845905,0.3044860512018204,0.7091905903071165,0.021186722442507744,3.9121046987718042,2.5060165566634485,0.5107771879852769,1000,2.188083416417904,1.600553750127582,-0.5008485399969302,253
cnn_deep_wide,fold4_alpine,10,0.24955252662687313,False,9,0.0003,0.0003,2.20871246419847,0.18405937201653919,0.7761540561914444,0.5013011638075113,3.4864733442664146,1.13802351616323,0.033912571147084236,0.30472030490636826,0.7094476297497749,0.021158160641789436,3.7572231819408994,2.4316524683993492,0.5487473683102042,1000,2.5065558844225273,1.9487295904322859,-0.9695359002455126,253
cnn_deep_wide,fold4_alpine,11,0.22897802697847844,False,10,0.0003,0.0003,2.22115514986217,0.18509626248851418,0.6980241294950247,0.4961467180401087,3.41562213934958,1.150548566132784,0.033961981534957886,0.3046084735542536,0.7095100544393063,0.02109582908451557,3.5484508847182616,2.3499551039034396,0.5975023417301925,1000,3.46724055828209,2.716780469262225,-2.768574162509753,253
cnn_deep_wide,fold4_alpine,12,0.22964138691129332,False,11,0.0003,0.0003,2.139698952436447,0.1783082460363706,0.6770804636180401,0.495205270126462,3.3122951351106167,1.0683396849781275,0.03447655588388443,0.3047226257622242,0.709603276103735,0.02111421711742878,3.656530605702536,2.4117652721755367,0.5726101667330321,1000,3.1789921743882177,2.437278602363113,-2.1680208816267084,253
cnn_deep_wide,fold4_alpine,13,0.21936591904696795,False,12,0.0003,0.0003,2.149943070486188,0.17916192254051566,0.6777815334498882,0.49594668857753277,3.3239807449281216,1.0783388428390026,0.03429790772497654,0.3047738056629896,0.7100142780691385,0.02107606641948223,3.787743080318684,2.342908886841682,0.5413865491772081,1000,2.1637769392146398,1.5992764881125658,-0.46768918387192504,253
cnn_deep_wide,fold4_alpine,14,0.22846159005555416,False,13,0.0003,0.0003,2.1573447566479445,0.17977872972066203,0.678869815543294,0.4960418790578842,3.3325683921575546,1.0855690278112888,0.0342895332723856,0.30474773421883583,0.7100156284868717,0.021261494606733322,3.761072744767594,2.340481659454071,0.5478222088606824,1000,2.5663511339117937,1.966265349662164,-1.064625430575504,253
cnn_deep_wide,fold4_alpine,15,0.22459598351142904,False,14,0.0003,0.0003,2.1444310378283262,0.17870258648569384,0.6745255030691624,0.4958492200821638,3.3151191901415586,1.0734660178422928,0.0343855544924736,0.3045371472835541,0.7095082309097052,0.02108563669025898,3.471317897282638,2.3209709717314153,0.614810414842185,1000,2.948355972329785,2.1528939570003467,-1.725015346371272,253
cnn_deep_wide,fold4_alpine,16,0.21956280497948438,False,15,0.0003,0.0003,2.135905411094427,0.17799211759120226,0.678510956466198,0.49553597904741764,3.310261907055974,1.0647647753357887,0.03433378413319588,0.30469983629882336,0.709600055590272,0.021055186167359352,4.264404107739223,2.6110671703694055,0.41869712988890995,1000,2.325073094492809,1.7102624070146142,-0.6946590648032813,253
cnn_deep_wide,fold4_alpine,17,0.2082649165863555,False,16,0.0003,0.0003,2.1388610135763884,0.17823841779803237,0.6740055214613676,0.5014790147542953,3.314653940498829,1.0671332851052284,0.0344176460057497,0.30464575439691544,0.7100950703024864,0.02109917625784874,3.5134952318773727,2.3798361498770584,0.6053932606007821,1000,3.3530623864033138,2.645479455225132,-2.5244583741317657,253
cnn_deep_wide,fold4_alpine,18,0.2107672610435772,False,17,0.0003,0.0003,2.167709255591035,0.18064243796591958,0.6746634226292372,0.4958450496196747,3.3385863788425922,1.0936918761581182,0.034522831439971924,0.30497708171606064,0.7115920670330524,0.021400215104222298,3.4486806402320496,2.281233120021863,0.6198178526750383,1000,2.6845592737343216,1.9241796301042733,-1.259202254131309,253
cnn_deep_wide,fold4_alpine,19,0.2117662237293886,False,18,0.0003,0.0003,2.1343889217823744,0.17786574348186454,0.6780569758266211,0.49591307900846004,3.308666206896305,1.0631818547844887,0.03440089710056782,0.3046852797269821,0.7095704320818186,0.021114211529493332,3.652795754172533,2.3044308721882776,0.5734828094267015,1000,2.5724670789617674,1.805866235944478,-1.0744776924580397,253
cnn_deep_wide,fold4_alpine,20,0.2104413137957962,False,19,0.0003,0.0003,2.1478981226682663,0.17899151022235552,0.676221264526248,0.4954018406569958,3.3198230247944593,1.076842350885272,0.03450307995080948,0.30470703542232513,0.709305739030242,0.021081069484353065,3.6953632763082847,2.3495956373556615,0.5634841292141831,1000,1.997949491736993,1.4123570643638994,-0.2513480695143715,253
cnn_deep_wide,fold4_alpine,21,0.20437286281894695,False,20,0.0003,0.0003,2.1431091483682394,0.17859242903068662,0.6889009941369295,0.5037316959351301,3.336060957983136,1.0711896102875471,0.03429488651454449,0.30482975393533707,0.71014697663486,0.02121790684759617,3.8175366356346014,2.8082562251637766,0.534143469139363,1000,4.2659713811748246,3.4091574803205047,-4.704860026044591,253
cnn_deep_wide,fold4_alpine,22,0.199665623443839,False,21,0.0003,0.0003,2.279904682189226,0.18999205684910217,0.7071602381765842,0.5041649956256151,3.4915374647825956,1.2083756048232317,0.033773601055145264,0.3052011262625456,0.7098333202302456,0.021256865933537483,3.4055201951970475,2.2425396338900074,0.6292743107377043,1000,2.7727208071817198,2.020010060595881,-1.4100241851176505,253
cnn_deep_wide,fold4_alpine,23,0.20427091647381673,False,22,0.0003,0.0003,2.278289869427681,0.1898574891189734,0.7068297378718853,0.5050203371793032,3.4904618337750435,1.2050589062273502,0.03382382169365883,0.305664150044322,0.7110889665782452,0.021197520196437836,3.4587645260103455,2.189333547086275,0.6175913094797407,1000,2.095879469107512,1.5796402309974693,-0.37702468196700356,253
cnn_deep_wide,fold4_alpine,24,0.20143606100043365,False,23,0.0003,0.0003,2.2720309048891068,0.1893359087407589,0.7061377577483654,0.5049898065626621,3.483463229611516,1.1995243150740862,0.03379933722317219,0.30534813553094864,0.7107766717672348,0.021119920536875725,3.6778968193394856,2.567376109654161,0.5676008378798585,1000,2.6989726017494213,2.002709590215727,-1.283526572386139,253
cnn_deep_wide,fold4_alpine,25,0.20593805548113658,True,0,0.0003,0.0003,2.261886077001691,0.18849050641680756,0.7099200896918774,0.5047862753272057,3.4769008848816156,1.190810615196824,0.03390243649482727,0.3044724278151989,0.7101314198225737,0.021110227331519127,4.172467648040688,2.586253282666391,0.4434916087604468,1000,1.8183469422558884,1.338113706206906,-0.036484039753787556,253
cnn_deep_wide,fold4_alpine,26,0.19049606359427818,False,1,0.0003,0.0003,2.2158479932695627,0.18465399943913022,0.699589841067791,0.5012873243540525,3.4169567618519068,1.144400093704462,0.03416428156197071,0.30491881631314754,0.7097587808966637,0.021151164546608925,4.174420295921296,2.702291290179772,0.4429706128926528,1000,3.1730440606884165,2.3442241204549457,-2.156176801240341,253
cnn_deep_wide,fold4_alpine,27,0.1977542523309934,False,2,0.0003,0.0003,2.2117687817662954,0.18431406514719129,0.7502662912011147,0.5068275090306997,3.469171119853854,1.1417596023529768,0.03380138613283634,0.3044572863727808,0.7091197185218334,0.02118712291121483,3.4934954785988377,2.4077356743402096,0.6098728885030287,1000,3.0530930891012944,2.2445453049174136,-1.9220605448090216,253
cnn_deep_wide,fold4_alpine,28,0.19011792081114703,False,3,0.0003,0.0003,2.2089427299797535,0.18407856083164612,0.6975853610783815,0.5019804947078228,3.4088204372674227,1.1372236087918282,0.034070296213030815,0.3050404582172632,0.7099579516798258,0.02114589512348175,3.604445919225937,2.247274082091471,0.5846991798314607,1000,2.5407567337297565,1.9462211655675263,-1.0236494736412607,253
cnn_deep_wide,fold4_alpine,29,0.18675473070160917,False,4,0.0003,0.0003,2.2088971696794033,0.18407476413995028,0.6978560108691454,0.5017073955386877,3.4087661374360323,1.1379344426095486,0.03400564193725586,0.30475284345448017,0.7095977906137705,0.021122485399246216,3.3567649412359186,2.10920640146196,0.6398133412851817,1000,2.2148787842798776,1.6794347370569804,-0.5378325330283698,253
cnn_deep_wide,fold4_alpine,30,0.18912199694576887,False,5,0.0003,0.0003,2.2056196983903646,0.1838016415325304,0.6954155396670103,0.5016898550093174,3.4030346926301718,1.1346581056714058,0.033925704658031464,0.30487027764320374,0.7095318548381329,0.02112375944852829,3.4057355183390006,2.204225718309295,0.6292274290049646,1000,2.8205622273058872,2.0485627044447123,-1.4939083483987936,253
cnn_deep_wide,fold4_alpine,31,0.18370226354911254,False,6,0.0003,0.0003,2.2091149799525738,0.18409291499604782,0.6966197695583105,0.5008441135287285,3.406895926222205,1.1383685432374477,0.0340040847659111,0.30457467772066593,0.7094700559973717,0.021222535520792007,3.272420514905243,2.1468730120312713,0.6576865414366484,1000,3.2079387355475677,2.4898605958564364,-2.225976869544881,253
cnn_deep_wide,fold4_alpine,32,0.17743683991620843,False,7,0.0003,0.0003,2.2070302590727806,0.18391918825606504,0.6935412902384996,0.5012366753071547,3.4021150320768356,1.1362445931881666,0.03411128744482994,0.30463349260389805,0.7092846967279911,0.021306026726961136,4.115543148487345,2.5162099765792556,0.4585727876189317,1000,1.9780991470261249,1.4983534649075883,-0.2266064081074184,253
cnn_deep_wide,fold4_alpine,33,0.18842242178373741,False,8,0.0003,0.0003,2.211834555491805,0.18431954629098377,0.6970146913081408,0.5008222945034504,3.4099862594157457,1.1411127001047134,0.03401217237114906,0.30457294173538685,0.7095607277005911,0.02110750414431095,3.401952031629901,2.233197223752942,0.6300507659217764,1000,2.622508281272353,1.895207603368297,-1.1559706999304509,253
cnn_deep_wide,fold4_alpine,34,0.18911066521238662,False,9,0.0003,0.0003,2.20533037930727,0.18377753160893917,0.6958287693560123,0.5018724352121353,3.4033388551324606,1.1348093785345554,0.034062301740050316,0.3045020680874586,0.7093410920351744,0.021144283935427666,3.373920051599598,2.1218074591358063,0.6361223880482318,1000,3.2432058297655493,2.5029488593766054,-2.2972975651280056,253
cnn_deep_wide,fold4_alpine,35,0.18135243209045873,False,10,0.0003,0.0003,2.2079818602651358,0.18399848835542798,0.6962544415146112,0.5004864949733019,3.4050261173397303,1.136893343180418,0.03420951031148434,0.30470434576272964,0.7097639739513397,0.020938172936439514,3.299279055984977,2.1411004733460803,0.6520443751568346,1000,3.139078013182156,2.4224471609096714,-2.0889674783720955,253
cnn_deep_wide,fold4_alpine,36,0.17662492510322658,False,11,0.0003,0.0003,2.2116165347397327,0.18430137789497772,0.696067851036787,0.5008422546088696,3.408834468573332,1.1405272278934717,0.033985286951065063,0.3047729693353176,0.7098252959549427,0.021076321601867676,3.6345632543237416,2.289381243519553,0.5777300038805075,1000,2.3416390469180333,1.6352479063788683,-0.7188937030101084,253
cnn_deep_wide,fold4_alpine,37,0.18096728130951423,False,12,0.0003,0.0003,2.250136584043503,0.18751138200362524,0.7034814450889826,0.5004705265164375,3.4544012751430273,1.1730762105435133,0.03425555303692818,0.304876945912838,0.7140021752566099,0.022360460832715034,3.294485137157454,2.0847068441579366,0.6530548135722711,1000,2.4406384354103903,1.8030792369508521,-0.8673082263118126,253
cnn_deep_wide,fold4_alpine,38,0.1711122350307311,False,13,0.0003,0.0003,2.206725960597396,0.183893830049783,0.6956610903143883,0.5020803958177567,3.4047708492726088,1.1352535281330347,0.0341761689633131,0.3049022424966097,0.7098491881042719,0.021091071888804436,3.4628680495287787,2.09916850141275,0.6166833818559985,1000,2.088482452022698,1.501552238843765,-0.3673219288535825,253
cnn_deep_wide,fold4_alpine,39,0.1719319395731123,False,14,0.0003,0.0003,2.2099815849214792,0.18416513207678994,0.697024742141366,0.5012846365571022,3.408597743138671,1.1394133996218443,0.03397371061146259,0.3046573679894209,0.7093999721109867,0.021093474701046944,3.357964469428418,2.304737637250748,0.6395558724091917,1000,3.101489132318538,2.196958932718826,-2.015432736231782,253
cnn_deep_wide,fold4_alpine,40,0.17400308083463334,False,15,0.0003,0.0003,2.214068867266178,0.18450573893884817,0.6963761411607265,0.5025161653757095,3.4132797550410032,1.1432846821844578,0.033967725932598114,0.30461154505610466,0.7096985038369894,0.02107110060751438,3.2760368654046883,2.2076866833528808,0.6569295424772302,1000,2.9154517107007987,2.076798626684775,-1.6645312793801161,253
cnn_deep_wide,fold4_alpine,41,0.1736992945815824,False,16,0.0003,0.0003,2.1219273284077644,0.1768272773673137,0.6665392983704805,0.49420714005827904,3.282981837168336,1.0497474297881126,0.03427010402083397,0.3049651086330414,0.7101969439536333,0.021220244467258453,3.4159208100617398,2.1562723990560353,0.6270064263910309,1000,2.067481057937912,1.5506495682077213,-0.339961117735595,253
cnn_deep_wide,fold4_alpine,42,0.1659079156866828,False,17,0.0003,0.0003,2.135123649612069,0.17792697080100575,0.6719615124166012,0.4944237507879734,3.3018160443753004,1.0580737255513668,0.034488286823034286,0.30466274358332157,0.714279655367136,0.02220127545297146,3.2656667426923596,2.1392749789630434,0.6590980479369943,1000,2.470481492344851,1.7627389159851843,-0.9132526665731904,253
cnn_deep_wide,fold4_alpine,43,0.16424344748380565,False,18,0.0003,0.0003,2.13861452229321,0.1782178768577675,0.6687936708331108,0.49459304101765156,3.3022991120815277,1.0612098965793848,0.034513337537646294,0.30471613071858883,0.7146206647157669,0.02210957556962967,3.248999891501886,2.0546080592142015,0.6625688633400673,1000,2.552932883966526,1.7559051845398452,-1.0430919506365015,253
cnn_deep_wide,fold4_alpine,44,0.16053452329534787,False,19,0.0003,0.0003,2.137761492282152,0.1781467910235127,0.6666864193975925,0.4934583492577076,3.2982117906212807,1.0604958944022655,0.03449713625013828,0.304650966078043,0.7145054154098034,0.02217869833111763,3.386137315208301,2.0927170027754256,0.6334823505999141,1000,2.588238344027835,1.87619494330095,-1.0999920547920627,253
cnn_deep_wide,fold4_alpine,45,0.16768934677315603,False,20,0.0003,0.0003,2.1336790695786476,0.17780658913155398,0.671516053378582,0.49408783949911594,3.2995952516794205,1.0567466095089912,0.03430728055536747,0.30460517667233944,0.7143775299191475,0.022206004709005356,3.45436488078789,2.382761618683012,0.6185635598228356,1000,2.7667571314245043,1.9801429167382356,-1.3996681866389484,253
cnn_deep_wide,fold4_alpine,46,0.1645947441072451,False,21,0.0003,0.0003,2.230361530557275,0.1858634608797729,0.6726702842861414,0.49346680007874966,3.3968112468719482,1.1530431117862463,0.03443608619272709,0.30480799078941345,0.7144463751465082,0.022172484546899796,3.283449546761011,2.1605341139703667,0.6553752564965432,1000,3.4154271697913803,2.6975596817151652,-2.656782885587945,253
cnn_deep_wide,fold4_alpine,47,0.1686488219408514,False,22,0.0003,0.0003,2.149834521114826,0.17915287675956884,0.6607572641223669,0.4921299684792757,3.3030301965773106,1.0683052223175764,0.034736692905426025,0.3047075867652893,0.7162637151777744,0.024269862100481987,3.9388813225058343,2.447643889496598,0.5040572420156488,1000,2.0087182277251023,1.4796725799839943,-0.2648736892902823,253
cnn_deep_wide,fold4_alpine,48,0.17137712087751572,False,23,0.0003,0.0003,2.116889476776123,0.17640745639801025,0.6595776434987783,0.49013600684702396,3.2669079285115004,1.0397694520652294,0.034845782443881035,0.304580457508564,0.714143767952919,0.022114235907793045,3.9578285155161774,2.5053433694525937,0.49927450148311636,1000,1.920582728438194,1.3846508688884067,-0.15631232788704108,253
cnn_deep_wide,fold4_alpine,49,0.17422577596458863,False,24,0.0003,0.0003,2.1140331141650677,0.1761694261804223,0.6591079644858837,0.49135712906718254,3.264805467799306,1.0368337109684944,0.03468945808708668,0.30464894510805607,0.7143115475773811,0.02211323194205761,3.2631310356296996,2.0946282122530158,0.6596272457717023,1000,2.491302324731682,1.8447752926297665,-0.945637751789496,253
cnn_deep_wide,fold4_alpine,50,0.17415239508448,False,25,0.0003,0.0003,2.1266037952154875,0.17721698293462396,0.6647594086825848,0.49233943969011307,3.284003173932433,1.049175277352333,0.03468743525445461,0.30461762845516205,0.7145400568842888,0.022148584946990013,3.3173679917979375,2.1074074083542635,0.6482184475552277,1000,2.4260146944723053,1.7907949162170984,-0.8449983071944802,253
cnn_deep_wide,fold5_north,1,0.38502616346167606,True,0,0.0003,0.0003,2.5441356394439936,0.18172397424599954,0.6887401342391968,0.38632412999868393,3.6193798147141933,1.2642749790102243,0.03904974274337292,0.3614813555032015,0.850714735686779,0.027022182941436768,5.357765507771533,3.7295594173828257,-0.1682894464743192,1000,3.4694110463322625,3.052722622203086,-1.6565397435782239,197
cnn_deep_wide,fold5_north,2,0.3239284810837376,False,1,0.0003,0.0003,2.534606071189046,0.18104329079921758,0.6915301587432623,0.38439536839723587,3.6107613388448954,1.3015708532184362,0.038815755397081375,0.34892070665955544,0.8180488552898169,0.025637179613113403,4.263084193747457,3.3011492469964114,0.26034215265436544,1000,5.334094463045667,4.8586382235976595,-5.2795165407173945,197
cnn_deep_wide,fold5_north,3,0.2981405186881289,False,2,0.0003,0.0003,2.7014549169689417,0.19296106549778155,0.7752039711922407,0.42073675617575645,3.897698163986206,1.4639728143811226,0.039249904453754425,0.34916256181895733,0.8204572480171919,0.026895014569163322,3.9148808682852274,2.8295329772214863,0.37623622266925294,1000,4.523949619244864,3.7607804246434453,-3.5168984146515827,197
cnn_deep_wide,fold5_north,4,0.28617097772479627,False,3,0.0003,0.0003,2.687625387683511,0.19197324197739363,0.7784544341266155,0.41762567311525345,3.884002124890685,1.4510927516967058,0.03905157744884491,0.34910973720252514,0.8201156929135323,0.026613418012857437,3.9545303582839,2.591889872289883,0.3635374164626439,1000,3.978902712443598,3.3663472904281173,-2.494068738864161,197
cnn_deep_wide,fold5_north,5,0.2802352277856124,False,4,0.0003,0.0003,2.533259740099311,0.18094712429280793,0.6658417414873838,0.3802364952862263,3.579649766907096,1.2990795839577913,0.03937586210668087,0.348971214145422,0.8182689175009727,0.025926779955625534,3.627781676494408,2.5629869224094675,0.46436945482292,1000,4.103551182609903,3.4853115692638776,-2.7164176425358644,197
cnn_deep_wide,fold5_north,6,0.2679580193387264,False,5,0.0003,0.0003,2.50382505916059,0.1788446470828993,0.7029019370675087,0.3807543758302927,3.5877840146422386,1.2597076743841171,0.03913254663348198,0.3502011988312006,0.8247381094843149,0.028177713975310326,3.6746891857169097,2.4388046166489277,0.45042841220134455,1000,4.016186495762518,3.3736128941448063,-2.559856952348066,197
cnn_deep_wide,fold5_north,7,0.2855687681852916,False,6,0.0003,0.0003,2.427571453154087,0.17339796093957766,0.6620148476213217,0.380257835611701,3.470145585015416,1.193809675052762,0.03913624957203865,0.34890959970653057,0.8183061927556992,0.02577798254787922,3.7145708544724254,2.4892756918348224,0.4384345978567272,1000,3.7043137512334297,3.0937216195440085,-2.0284494674796893,197
cnn_deep_wide,fold5_north,8,0.26348376701893417,False,7,0.0003,0.0003,2.437737239524722,0.17412408853748015,0.6620586477220058,0.38267346657812595,3.4827718567103148,1.2039678040891886,0.03926057927310467,0.3486210238188505,0.8182931300252676,0.02596248686313629,3.7098212047535046,2.696267541343119,0.4398697750663768,1000,4.1344383986224145,3.5275351439075635,-2.772574760014102,197
cnn_deep_wide,fold5_north,9,0.27033395758656226,False,8,0.0003,0.0003,2.4346667770296335,0.17390476978783095,0.6635947991162539,0.37969160452485085,3.4782574642449617,1.2015557084232569,0.03920399770140648,0.3486061878502369,0.8178131803870201,0.025821518152952194,3.599677328184724,2.424281022717373,0.4726363457147419,1000,4.411198337991205,3.7566138628484276,-3.294553071517644,197
cnn_deep_wide,fold5_north,10,0.24803788097281204,False,9,0.0003,0.0003,2.4285327158868313,0.17346662256334508,0.662508288398385,0.37957595475018024,3.470932738855481,1.1950182542204857,0.03918245993554592,0.34874734096229076,0.8181759528815746,0.0257949810475111,3.4794741144196,2.371760107861672,0.507268565736019,1000,4.363563742260905,3.723917156114737,-3.2023038654049962,197
cnn_deep_wide,fold5_north,11,0.23423900872326353,False,10,0.0003,0.0003,2.3865664824843407,0.1704690344631672,0.6627711374312639,0.3797735758125782,3.429416086524725,1.1591622047126293,0.03909336403012276,0.3490392081439495,0.8128490690141916,0.024704793468117714,3.5295075560011373,2.3583906475892844,0.4929961216284632,1000,4.200470070019099,3.5262092296782965,-2.894041654742465,197
cnn_deep_wide,fold5_north,12,0.2517638452814527,True,0,0.0003,0.0003,2.3609562627971172,0.16863973305693694,0.6622587684541941,0.3807447850704193,3.4042533580213785,1.1360442955046892,0.03901580348610878,0.3486998323351145,0.8110611699521542,0.02443929761648178,3.9277290837857035,2.557824038357581,0.3721352537479866,1000,3.4656780061136727,2.8689471964696756,-1.6508260161998116,197
cnn_deep_wide,fold5_north,13,0.23932874202728271,False,1,0.0003,0.0003,2.42272038012743,0.17305145572338784,0.6664853524416685,0.38041321747004986,3.469842966645956,1.1904455851763487,0.03930141031742096,0.34877503849565983,0.8168608844280243,0.02571718394756317,3.5751391336690794,2.2980510610702978,0.4798016798993109,1000,4.615249090106034,3.893776816566465,-3.701052426455065,197
cnn_deep_wide,fold5_north,14,0.24162277550788588,False,2,0.0003,0.0003,2.413458503782749,0.17238989312733924,0.6641819905489683,0.38000337593257427,3.457944128662348,1.1814707908779383,0.03921591117978096,0.34891995787620544,0.816595047712326,0.0256052203476429,3.7036216278834786,2.3771660154121674,0.44174030663364905,1000,4.064668294930398,3.382262028168388,-2.6463220496940374,197
cnn_deep_wide,fold5_north,15,0.24970166114243594,False,3,0.0003,0.0003,2.4248637538403273,0.17320455384573766,0.6681320015341043,0.3810896370559931,3.4744023513048887,1.1920832209289074,0.03921149857342243,0.34891450591385365,0.8170091807842255,0.025940746068954468,3.7504620054033264,2.4507684808461634,0.4275301882045154,1000,3.5850483530680957,2.9401576112933836,-1.836578709663622,197
cnn_deep_wide,fold5_north,16,0.23966254308178095,False,4,0.0003,0.0003,2.470720486715436,0.1764800347653883,0.6671643517911434,0.3796782959252596,3.517874054610729,1.2328454088419676,0.039471425116062164,0.3490342665463686,0.8200416918843985,0.02758968621492386,3.3639652097515906,2.3039799925916324,0.5394401861720717,1000,4.115892033422207,3.4064421973358714,-2.738804457284185,197
cnn_deep_wide,fold5_north,17,0.22922787797508057,False,5,0.0003,0.0003,2.4195871502161026,0.17282765358686447,0.6689676139503717,0.39159825444221497,3.480449566617608,1.1869724616408348,0.0391825158149004,0.34877683967351913,0.816803527995944,0.026072785258293152,3.2813979449046737,2.306319233828178,0.5617712630656005,1000,5.01868911330991,4.324767104698485,-4.558855583246829,197
cnn_deep_wide,fold5_north,18,0.21712002999474558,False,6,0.0003,0.0003,2.4103922322392464,0.17217087373137474,0.6654344312846661,0.37952945567667484,3.455662550404668,1.1785515807569027,0.03897087834775448,0.34879847057163715,0.8166248947381973,0.025797894224524498,3.7651972155470923,2.399819904713267,0.4230229920066617,1000,3.9005241657234593,3.251622206676079,-2.357768492761254,197
cnn_deep_wide,fold5_north,19,0.23634303756878136,False,7,0.0003,0.0003,2.452438374981284,0.1751741696415203,0.6887823697179556,0.38940897211432457,3.5309305544942617,1.219150859862566,0.03927375748753548,0.34899066016077995,0.8174517285078764,0.025906015187501907,3.3901326064635184,2.255061589446719,0.5322471720296797,1000,4.242153259477866,3.572348262584871,-2.971709840321489,197
cnn_deep_wide,fold5_north,20,0.22779962391944594,True,0,0.0003,0.0003,2.429067635908723,0.17350483113633736,0.6815229430794716,0.3975858185440302,3.508478010073304,1.197294507175684,0.039201170206069946,0.3486478924751282,0.8164830934256315,0.02578294835984707,3.826181546917407,2.4963363487960595,0.40418120991854367,1000,3.378271168776088,2.8566857796443985,-1.5188007700623283,197
cnn_deep_wide,fold5_north,21,0.2237648196767962,False,1,0.0003,0.0003,2.5553521625697613,0.18252515446926867,0.6664610020816326,0.3801228851079941,3.6021656915545464,1.3239066861569881,0.03932246193289757,0.34842285700142384,0.8162709102034569,0.025825509801506996,3.4166704903687006,2.2572629990327915,0.5248953916103262,1000,4.205199130917483,3.624233160519047,-2.902814733035598,197
cnn_deep_wide,fold5_north,22,0.2256174378417896,False,2,0.0003,0.0003,2.5313854552805424,0.18081324680575303,0.6925644818693399,0.39247144386172295,3.6167267113924026,1.2988257240504026,0.039035337045788765,0.3490610159933567,0.8170133735984564,0.025814032182097435,3.454215315580753,2.301714923170288,0.5143964416203153,1000,4.688636609668384,3.953734042657504,-3.851744836720858,197
cnn_deep_wide,fold5_north,23,0.22225584988103528,False,3,0.0003,0.0003,2.4593894612044096,0.17567067580031498,0.6768736988306046,0.3797174859791994,3.516284767538309,1.2272327058017254,0.039141545072197914,0.34874043613672256,0.8167280275374651,0.025904996320605278,3.484915141715065,2.2711586839045648,0.5057263433918078,1000,3.980132619428031,3.2945913618083567,-2.496229155457304,197
cnn_deep_wide,fold5_north,24,0.2212670434034612,False,4,0.0003,0.0003,2.424566015601158,0.17318328682865416,0.6673565432429314,0.3811366371810436,3.4733664747327566,1.1924931295216084,0.03940445929765701,0.3487272933125496,0.8166290577501059,0.025681421160697937,3.410698936572992,2.426135134042349,0.5265546873635945,1000,4.259441815414067,3.6026921234644247,-3.004148577511401,197
cnn_deep_wide,fold5_north,25,0.21722890757487723,False,5,0.0003,0.0003,2.4264971762895584,0.1733212268778256,0.7141354978084564,0.3821101877838373,3.5230405423790216,1.1929670441895723,0.03912968188524246,0.3488617092370987,0.8176739849150181,0.026212364435195923,3.3727119299161012,2.2129383920171057,0.53704204902791,1000,3.6862013114666814,3.1226577377705946,-1.9989063402703628,197
cnn_deep_wide,fold5_north,26,0.21501530207800523,False,6,0.0003,0.0003,2.427694048732519,0.17340671776660851,0.6676622144877911,0.3799091652035713,3.4755772054195404,1.195503355935216,0.03906158730387688,0.3488692119717598,0.8169095851480961,0.025686314329504967,3.3660344154153687,2.23596828106755,0.5388734228358452,1000,3.7668359539372385,3.154453775075237,-2.131541834856153,197
cnn_deep_wide,fold5_north,27,0.21475668957358912,False,7,0.0003,0.0003,2.43214413151145,0.17372458082224643,0.6695627346634865,0.39065374433994293,3.492674009874463,1.1994047854095697,0.03933683969080448,0.34861717745661736,0.8172390777617693,0.025890758261084557,3.6560969277789006,2.351331713224079,0.45597550886527416,1000,4.048594635106927,3.4702545108594784,-2.617540436833179,197
cnn_deep_wide,fold5_north,28,0.2092692561126782,False,8,0.0003,0.0003,2.5104703214019537,0.17931930867156812,0.6666735522449017,0.3803375381976366,3.5577903613448143,1.27845498919487,0.039103660732507706,0.34879390336573124,0.8168164882808924,0.025647586211562157,3.1616731582075355,2.140621791531539,0.5931662311294819,1000,3.980906081656101,3.390418056269027,-2.49758813728317,197
cnn_deep_wide,fold5_north,29,0.20887230030087192,False,9,0.0003,0.0003,2.422323914244771,0.17302313673176936,0.6673628427088261,0.38016905821859837,3.4701618757098913,1.1901942919939756,0.0391177199780941,0.3488456644117832,0.816893931478262,0.02561202459037304,3.9456376545035736,2.936681857947556,0.3663966735291826,1000,4.61714255181625,3.898492709015002,-3.7049105448442123,197
cnn_deep_wide,fold5_north,30,0.22356713702233785,False,10,0.0003,0.0003,2.4255803879350424,0.17325574199536017,0.6665612105280161,0.38006243482232094,3.472517415881157,1.1939010955393314,0.03919375687837601,0.34868857078254223,0.8165475092828274,0.025614045560359955,3.827946305430915,2.487331907406241,0.4036314614255253,1000,3.506167735934261,2.9357755809064496,-1.7131273654255401,197
cnn_deep_wide,fold5_north,31,0.20325416276614633,False,11,0.0003,0.0003,2.4201554842293262,0.1728682488735233,0.6670621111989021,0.38027662597596645,3.467799302190542,1.1884596049785614,0.03897842392325401,0.34874038957059383,0.8166493438184261,0.025675583630800247,3.180982256231296,2.121974119920002,0.5881817936332409,1000,4.101925188296304,3.472622656912752,-2.71347303360164,197
cnn_deep_wide,fold5_north,32,0.19382265424043937,False,12,0.0003,0.0003,2.423196405172348,0.17308545751231058,0.6677498333156109,0.389965383335948,3.4812256321310997,1.1911323890089989,0.03923496790230274,0.348687294870615,0.8168679270893335,0.025644054636359215,3.0800729169576484,2.111817672422115,0.6138953379321525,1000,4.562471763803357,3.852100021671791,-3.5941501303988055,197
cnn_deep_wide,fold5_north,33,0.20311578309707093,False,13,0.0003,0.0003,2.4211851339787245,0.1729417952841946,0.667803043499589,0.3805869873613119,3.4698753766715527,1.1895378436893225,0.03872649930417538,0.3488213177770376,0.8168050926178694,0.025651900097727776,3.2674339004678297,2.154499471201305,0.5654931065948318,1000,3.7007161085631917,3.0650351406054113,-2.0225698422679232,197
cnn_deep_wide,fold5_north,34,0.19680649070648484,False,14,0.0003,0.0003,2.4254947379231453,0.17324962413736752,0.6687931437045336,0.38017518632113934,3.4747780803591013,1.193779781460762,0.03899520821869373,0.3488603737205267,0.8165792655199766,0.02563132531940937,3.182008297905548,2.065161265609321,0.5879160827587226,1000,3.946771568993929,3.3320347100012073,-2.4378647414448014,197
cnn_deep_wide,fold5_north,35,0.20247947991464696,False,15,0.0003,0.0003,2.4728638753294945,0.17663313395210675,0.669956885278225,0.3800323773175478,3.523154556751251,1.2372623812407255,0.03912672959268093,0.3490083236247301,0.8185488283634186,0.027127599343657494,3.4080404835129112,2.1931342273875,0.5272924491221895,1000,3.9854528586999534,3.3895386377518477,-2.5055822143904214,197
cnn_deep_wide,fold5_north,36,0.1975059272569903,False,16,0.0003,0.0003,2.424871399998665,0.17320509999990463,0.6666437424719334,0.38014716655015945,3.471969708800316,1.192192628979683,0.03921978361904621,0.34893639758229256,0.8172000758349895,0.025692513212561607,3.050403159508696,2.0842894104338603,0.6212980566460857,1000,4.332987995137066,3.649550732878394,-3.1436186143675746,197
cnn_deep_wide,fold5_north,37,0.1874592409749921,False,17,0.0003,0.0003,2.423573698848486,0.17311240706060613,0.6675261631608009,0.38012419641017914,3.4715293385088444,1.1920736357569695,0.03901678882539272,0.3488015625625849,0.8163908254355192,0.0256329532712698,3.067841174143637,2.0856854896506043,0.6169558858306801,1000,4.540930031759551,3.8657326729657173,-3.550869942778588,197
cnn_deep_wide,fold5_north,38,0.20467226513835232,False,18,0.0003,0.0003,2.4155525732785463,0.17253946951989615,0.6713743656873703,0.3801795169711113,3.4674118664115667,1.1835587043315172,0.03912276774644852,0.34885141253471375,0.816795963793993,0.025581344962120056,3.321419282921363,2.18882471249179,0.5510164236673794,1000,3.821646261228685,3.1903583045582304,-2.2233374552555003,197
cnn_deep_wide,fold5_north,39,0.19858303345276407,False,19,0.0003,0.0003,2.4231862984597683,0.17308473560426915,0.6695923954248428,0.38054184801876545,3.4736266620457172,1.190869139507413,0.03917776234447956,0.34891150519251823,0.8169894739985466,0.025597376748919487,3.504718132497916,2.226935566071318,0.5000929740608382,1000,4.046481961605971,3.4163897523702085,-2.6137659479439583,197
cnn_deep_wide,fold5_north,40,0.19688227801231675,False,20,0.0003,0.0003,2.4220233783125877,0.17300166987947055,0.668629726395011,0.38083321787416935,3.4717927500605583,1.1906195599585772,0.03908216953277588,0.34861153177917004,0.8164407759904861,0.02560747042298317,3.050673258085146,2.0238093261678687,0.6212309891937162,1000,4.329682163492501,3.632955191895726,-3.1372983198719506,197
cnn_deep_wide,fold5_north,41,0.19591226746020704,False,21,0.0003,0.0003,2.4254953004419804,0.1732496643172843,0.6663428824394941,0.3803816568106413,3.4725201800465584,1.1940852664411068,0.03906549885869026,0.3486218545585871,0.8164119608700275,0.025655202567577362,3.244870499583242,2.0991227608568215,0.5714733973777402,1000,3.7303359582301896,3.1255074234788074,-2.0711476551896757,197
cnn_deep_wide,fold5_north,42,0.19730774947758498,False,22,0.0003,0.0003,2.42478384077549,0.17319884576967784,0.6668912153691053,0.38052561692893505,3.4725138507783413,1.1924901884049177,0.039090270176529884,0.3489389941096306,0.8169525694102049,0.025658056139945984,3.006815612934576,2.0712935664420655,0.632043361310008,1000,4.2902982231992155,3.612771075777482,-3.062372717044065,197
cnn_deep_wide,fold5_north,43,0.18764515078524083,False,23,0.0003,0.0003,2.431743334978819,0.17369595249848707,0.6646663025021553,0.3801264073699713,3.476839864626527,1.1994803231209517,0.03914109617471695,0.34876899793744087,0.8169396873563528,0.025748303160071373,3.0792126114795852,2.0131687241953795,0.6141109961813986,1000,4.082874596190691,3.397324636326168,-2.6790601280594335,197
cnn_deep_wide,fold5_north,44,0.18458006256505063,False,24,0.0003,0.0003,2.420719727873802,0.17290855199098587,0.7131023481488228,0.38593754917383194,3.5200612265616655,1.188791859894991,0.03879160434007645,0.34891587495803833,0.8169496711343527,0.0256340429186821,3.661517688724077,2.3147350984285984,0.4543611025844866,1000,5.145479259561359,4.297372793680568,-4.843276909544116,197
cnn_deep_wide,fold5_north,45,0.22682048216390838,False,25,0.0003,0.0003,2.425038231536746,0.173217016538339,0.6676142048090696,0.38055834732949734,3.4735095016658306,1.1936946269124746,0.038902195170521736,0.34872469678521156,0.8163795787841082,0.025706591084599495,3.612789545082849,2.314472698513415,0.4687873891900288,1000,4.1916849349583485,3.468365490435334,-2.8777701864888297,197
cnn_deep_wide,fold6_balkan_e,1,0.39382019987727535,True,0,0.0003,0.0003,2.419186756014824,0.18609128892421722,0.6647923216223717,0.3020744174718857,3.3862354680895805,1.1890131197869778,0.038674548268318176,0.34553758054971695,0.8188642598688602,0.025544090196490288,4.941137878254383,3.354909808625693,-0.12329575533444981,1000,9.470000914954905,7.3917952985949675,-1.3513513280752827,146
cnn_deep_wide,fold6_balkan_e,2,0.3114828523450651,True,0,0.0003,0.0003,2.3978103920817375,0.18444695323705673,0.6647529918700457,0.29087558947503567,3.3536553140729666,1.183175666257739,0.03845458664000034,0.3439660407602787,0.8062944766134024,0.024354830384254456,4.375625905850226,2.972185222500697,0.11911230739580425,1000,8.625470811188107,6.376854832082403,-0.9506668431188876,146
cnn_deep_wide,fold6_balkan_e,3,0.27698592922512094,True,0,0.0003,0.0003,2.39244500733912,0.18403423133377844,0.6640649903565645,0.29128790087997913,3.3480182494968176,1.1782198287546635,0.03873823024332523,0.3440421689301729,0.8055872898548841,0.024281520396471024,3.692738511335297,2.4464297331460476,0.3726104455476251,1000,8.038542145605286,5.659430988432263,-0.6942288331909869,146
cnn_deep_wide,fold6_balkan_e,4,0.2783476235423646,True,0,0.0003,0.0003,2.3941426891833544,0.1841648222448734,0.665222791954875,0.2915370799601078,3.351131981238723,1.1790168192237616,0.038733916357159615,0.34406767040491104,0.8062036447227001,0.024555981159210205,3.3179484771786347,2.3370941189888126,0.4935000019544443,1000,6.874813959964711,4.501836026613044,-0.2391942302957748,146
cnn_deep_wide,fold6_balkan_e,5,0.2637984482672591,False,1,0.0003,0.0003,2.3937971889972687,0.1841382453074822,0.6655867025256157,0.29149994999170303,3.3511180318892,1.1785274110734463,0.03868510387837887,0.34416638687253,0.8063806630671024,0.024460097774863243,3.196785788562108,2.1754464633316157,0.5298166519009804,1000,7.990417181843115,5.527145614348136,-0.6740036145705499,146
cnn_deep_wide,fold6_balkan_e,6,0.2565108796871471,False,2,0.0003,0.0003,2.395916311070323,0.18430125469771716,0.6666121128946543,0.2912400122731924,3.354024574160576,1.181254968047142,0.03860029950737953,0.3441988620907068,0.80599420145154,0.02426396869122982,3.1466124051920823,2.2235686524615326,0.5444598364102048,1000,7.2265372362273705,4.741405561959633,-0.36923493703892407,146
cnn_deep_wide,fold6_balkan_e,7,0.2505771483421613,False,3,0.0003,0.0003,2.3945250306278467,0.184194233125219,0.6651988420635462,0.2907319702208042,3.3507225029170513,1.1805924233049154,0.03859439492225647,0.34387138672173023,0.8055616579949856,0.02433224953711033,3.3622327223176134,2.190207381893313,0.47988938970995376,1000,7.743721351778505,5.145638347183177,-0.5722330319956086,146
cnn_deep_wide,fold6_balkan_e,8,0.24748366950720152,False,4,0.0003,0.0003,2.389550566673279,0.18381158205179068,0.6630501206964254,0.2926024328917265,3.3454720992594957,1.1753763686865568,0.03850576467812061,0.34415593929588795,0.8056628089398146,0.024262558668851852,3.1515732016065288,2.2198993150115713,0.5430223391289617,1000,7.596353568088331,5.105788469284115,-0.5129613140538665,146
cnn_deep_wide,fold6_balkan_e,9,0.2425937401658807,False,5,0.0003,0.0003,2.4392884243279696,0.1876375711021515,0.6702548675239086,0.29134645126760006,3.401143431663513,1.2210114933550358,0.03883465193212032,0.3438639249652624,0.8082339409738779,0.025692570954561234,3.1146843704834772,2.048370661479511,0.5536574815227633,1000,7.3483465649899005,4.945399834001899,-0.4157831629433417,146
cnn_deep_wide,fold6_balkan_e,10,0.240488653106051,False,6,0.0003,0.0003,2.392248798161745,0.18401913832013422,0.6663624122738838,0.2911360301077366,3.349991261959076,1.1774926576763391,0.038660185411572456,0.3439989425241947,0.8061447069048882,0.024395285174250603,3.092510360889691,2.006425129418351,0.5599900482361638,1000,7.719326399732783,5.185764125704519,-0.562342661786446,146
cnn_deep_wide,fold6_balkan_e,11,0.22676559472040905,True,0,0.0003,0.0003,2.396728701889515,0.18436374629919344,0.6691435948014259,0.29136968962848186,3.357497086748481,1.1822688840329647,0.03865598887205124,0.34418648667633533,0.8057222049683332,0.024340806528925896,3.0736211114767613,2.1990932791230424,0.5653488495338963,1000,6.817410807072803,4.467396821264819,-0.2185866382213093,146
cnn_deep_wide,fold6_balkan_e,12,0.22086228985694406,False,1,0.0003,0.0003,2.398812882602215,0.18452406789247805,0.667479895055294,0.29141467064619064,3.3579210974276066,1.1843962874263525,0.03887082822620869,0.3439170103520155,0.8056564889848232,0.02437046356499195,2.985722283892668,1.9408636585453838,0.5898535173927546,1000,7.482503987807084,5.042032457716338,-0.46795044949780173,146
cnn_deep_wide,fold6_balkan_e,13,0.22525592446686707,False,2,0.0003,0.0003,2.4862566888332367,0.1912505145256336,0.6664189044386148,0.2916611600667238,3.444581165909767,1.2713258098810911,0.03875356912612915,0.34418114088475704,0.8060740418732166,0.0243546012789011,2.9749551688675533,2.0148784434837244,0.5928063249709867,1000,7.7543686246831784,5.306552748481039,-0.5765595054764157,146
cnn_deep_wide,fold6_balkan_e,14,0.22475438384368424,False,3,0.0003,0.0003,2.3842193633317947,0.18340148948706114,0.664764354005456,0.2924355212599039,3.341663707047701,1.1686269287019968,0.038714272901415825,0.3441957179456949,0.8067174591124058,0.024378368631005287,2.9122100783534433,1.9608965715217972,0.60980151984687,1000,7.866517762711843,5.405334933924099,-0.6224919010160508,146
cnn_deep_wide,fold6_balkan_e,15,0.21122081340509674,False,4,0.0003,0.0003,2.38890359736979,0.18376181518229154,0.6689818855375051,0.29196109995245934,3.350101312622428,1.1740746423602104,0.03874964453279972,0.34415967762470245,0.8058963026851416,0.02445877157151699,2.871512947760522,1.893674319531107,0.6206310957431149,1000,7.104719070301154,4.608228802165406,-0.32346147069128794,146
cnn_deep_wide,fold6_balkan_e,16,0.2142477109758644,False,5,0.0003,0.0003,2.3926133792847395,0.18404718302190304,0.6659075729548931,0.2913844007998705,3.350148992612958,1.177812971174717,0.03867964819073677,0.3441425058990717,0.8059724979102612,0.024437610059976578,2.920994123350132,2.0151710990762073,0.6074440730289394,1000,7.478165653029824,5.009153468332908,-0.4662487158832309,146
cnn_deep_wide,fold6_balkan_e,17,0.21335963667589447,True,0,0.0003,0.0003,2.391106368973851,0.1839312591518347,0.6655740831047297,0.29138049110770226,3.3483109418302774,1.1765059027820826,0.03858962655067444,0.3441630434244871,0.8060534484684467,0.02423846535384655,3.0087861443446435,2.135019072201785,0.5834925122122467,1000,6.487865872308176,4.218828557382808,-0.10362418227100423,146
cnn_deep_wide,fold6_balkan_e,18,0.2126115089050967,False,1,0.0003,0.0003,2.400564506649971,0.18465880820384392,0.6658878922462463,0.2915333900600672,3.358199240639806,1.1855028085410595,0.03882131911814213,0.34410702995955944,0.8061236962676048,0.024431144818663597,3.2148595296048503,2.0381448244334894,0.5244850499548386,1000,8.13670117657393,5.600201290297291,-0.735858081320371,146
cnn_deep_wide,fold6_balkan_e,19,0.2106872445064517,False,2,0.0003,0.0003,2.449761312454939,0.18844317788114914,0.6662804335355759,0.2915787808597088,3.407866569235921,1.2315594106912613,0.03861292637884617,0.34400930255651474,0.8079074081033468,0.02603260613977909,3.1132773758320256,2.1247219205543697,0.5540606425613387,1000,8.132304366552026,5.751724447237298,-0.7339825851123405,146
cnn_deep_wide,fold6_balkan_e,20,0.2074114427204155,False,3,0.0003,0.0003,2.402103468775749,0.18477718990582687,0.6643182523548603,0.2906156498938799,3.357296511530876,1.1873088479042053,0.038680559024214745,0.3440742939710617,0.8060899283736944,0.024383289739489555,2.9569694183033777,2.1040583103672876,0.5977150008865798,1000,6.655347136529835,4.303383234948067,-0.16133872502102653,146
cnn_deep_wide,fold6_balkan_e,21,0.20567245962967776,False,4,0.0003,0.0003,2.3933378122746944,0.18410290863651496,0.667548555880785,0.2912737000733614,3.352416066452861,1.1782131101936102,0.038775334134697914,0.3442847318947315,0.8061086218804121,0.02437671460211277,3.5611004531815342,2.2746363902917937,0.41654331295093117,1000,7.707223528604932,5.255776175450456,-0.5574474137672987,146
cnn_deep_wide,fold6_balkan_e,22,0.2031530028588809,False,5,0.0003,0.0003,2.4795442558825016,0.1907341735294232,0.6900404430925846,0.29494677297770977,3.4647767916321754,1.263295704498887,0.0385905634611845,0.34421609342098236,0.8072986602783203,0.024564700201153755,4.652112257669886,3.0898849675899474,0.004272402263675423,1000,6.807187384235937,4.626421096361658,-0.21493458154341072,146
cnn_deep_wide,fold6_balkan_e,23,0.19799863601910048,False,6,0.0003,0.0003,2.5161614045500755,0.19355087727308273,0.6899866219609976,0.2945369817316532,3.5009308103471994,1.3003129810094833,0.038512641564011574,0.3443064335733652,0.806984843686223,0.024477317929267883,2.7987549667957534,1.8621400620531232,0.6396123274485968,1000,7.415981776432033,4.905787007575404,-0.44196523593185244,146
cnn_deep_wide,fold6_balkan_e,24,0.20173409099458067,False,7,0.0003,0.0003,2.5104965306818485,0.1931151177447576,0.6929443161934614,0.2956005930900574,3.4992937110364437,1.2944423910230398,0.03849667124450207,0.3442295119166374,0.8072477765381336,0.02451101318001747,2.903672662257647,1.8434237393567436,0.6120859730327306,1000,7.3828822258513425,4.938091675157899,-0.42912219228430315,146
cnn_deep_wide,fold6_balkan_e,25,0.19997914787943602,False,8,0.0003,0.0003,2.5088061206042767,0.19298508620032898,0.6910262629389763,0.29478527419269085,3.494878336787224,1.2925389539450407,0.038481926545500755,0.3443344198167324,0.8073398731648922,0.024514060467481613,3.037841096183179,2.0499070799223027,0.5754094945349407,1000,8.182910750642673,5.6866217691394025,-0.7556304761882682,146
cnn_deep_wide,fold6_balkan_e,26,0.19309571302699238,False,9,0.0003,0.0003,2.520783370360732,0.1939064131046717,0.694550184533,0.2945896629244089,3.510172737762332,1.3044077474623919,0.0385105162858963,0.344392953440547,0.8074059542268515,0.024493498727679253,3.3262733108009277,2.0540021927415855,0.49095516562487995,1000,7.96531056298513,5.566353460536476,-0.6635003977888578,146
cnn_deep_wide,fold6_balkan_e,27,0.1907670241033499,False,10,0.0003,0.0003,2.5152566358447075,0.1934812796803621,0.6880819797515869,0.2946193050593138,3.49820277094841,1.299435893073678,0.03853845037519932,0.3442743867635727,0.8067744001746178,0.02464139647781849,2.828025807168937,1.796525987328637,0.6320346632003364,1000,7.045451435669296,4.576365766472952,-0.3014729126498181,146
cnn_deep_wide,fold6_balkan_e,28,0.19250341331354814,False,11,0.0003,0.0003,2.5081142894923687,0.1929318684224899,0.6874107699841261,0.2950258944183588,3.4907998628914356,1.2928649559617043,0.038368161767721176,0.34407487511634827,0.8067750502377748,0.024459918960928917,3.137813678747012,2.3183519201466978,0.5470038862226081,1000,6.608263223989952,4.324810895118058,-0.1449648382830253,146
cnn_deep_wide,fold6_balkan_e,29,0.19716313161378315,False,12,0.0003,0.0003,2.5508286021649837,0.19621758478192183,0.6889315508306026,0.294769112020731,3.534793857485056,1.3316255081444979,0.03855600953102112,0.34409188851714134,0.8098027091473341,0.02517474815249443,3.0265682162003267,1.9239350163655784,0.5785548053025229,1000,7.981065647929177,5.5071187272879545,-0.6700875884996962,146
cnn_deep_wide,fold6_balkan_e,30,0.18228331772639755,False,13,0.0003,0.0003,2.5125277638435364,0.1932713664495028,0.6888380106538534,0.2949916422367096,3.496612310409546,1.2972178496420383,0.0384092815220356,0.344030125066638,0.806880222633481,0.02441541850566864,2.8409129230559236,2.0108640556674864,0.6286734375466534,1000,6.728283993173529,4.403958157549557,-0.1869327437452477,146
cnn_deep_wide,fold6_balkan_e,31,0.18376282391343962,False,14,0.0003,0.0003,2.507911879569292,0.19291629842840707,0.6878103706985712,0.29423714242875576,3.490215964615345,1.2925786077976227,0.03849220834672451,0.34409378468990326,0.8066841531544924,0.024473490193486214,2.8367918154524534,1.820154687304996,0.6297499695138385,1000,6.922362758169384,4.416006037520435,-0.25639497515061316,146
cnn_deep_wide,fold6_balkan_e,32,0.18742837703846332,False,15,0.0003,0.0003,2.5131142549216747,0.19331648114782113,0.6917021237313747,0.2946638632565737,3.4997299015522003,1.2978233117610216,0.03849654272198677,0.34410594031214714,0.8065746799111366,0.02454461343586445,3.282919345742524,2.053261354385609,0.5041382614028846,1000,7.950485074897298,5.440153514265676,-0.6573137579112127,146
cnn_deep_wide,fold6_balkan_e,33,0.1871245974007504,False,16,0.0003,0.0003,2.5142925046384335,0.19340711574141795,0.693412285298109,0.29494227282702923,3.5029010344296694,1.2989312075078487,0.038486406207084656,0.3441846128553152,0.8066439386457205,0.024486737325787544,3.6244890360392867,2.4306675487875764,0.39558706069633187,1000,6.925345445718446,4.638027043287162,-0.25747791203840453,146
cnn_deep_wide,fold6_balkan_e,34,0.18673761424454619,False,17,0.0003,0.0003,2.5180731173604727,0.19369793210465175,0.6903254631906748,0.2945916745811701,3.503237696364522,1.302492007613182,0.03830132633447647,0.34410078823566437,0.8071013279259205,0.024494143202900887,2.6856910228369375,1.7541952941104053,0.6681420183929934,1000,7.440474430279212,4.936669094042237,-0.45150567921635676,146
cnn_deep_wide,fold6_balkan_e,35,0.17716134468091269,False,18,0.0003,0.0003,2.510696282610297,0.19313048327771518,0.6922507062554359,0.2949084136635065,3.4981027711182833,1.295072641223669,0.038454754278063774,0.344143059104681,0.8070388659834862,0.02442535199224949,2.5918264988688904,1.7288183492592302,0.6909334359743932,1000,6.881799650764842,4.503946394824602,-0.24171386963595265,146
cnn_deep_wide,fold6_balkan_e,36,0.17848511680115836,False,19,0.0003,0.0003,2.513779966160655,0.19336768970466578,0.6944796852767467,0.2953659947961569,3.503871874883771,1.2978744879364967,0.038454145193099976,0.34401195123791695,0.8072300311177969,0.024638157337903976,3.498364735151116,2.2393782891260416,0.43691968428045125,1000,8.336827632216895,5.877846756322983,-0.8222968607789565,146
cnn_deep_wide,fold6_balkan_e,37,0.17564032141420322,False,20,0.0003,0.0003,2.517657458782196,0.19366595836786124,0.6953950487077236,0.29531687311828136,3.508617641404271,1.3025643676519394,0.038467612117528915,0.34380161203444004,0.8067590687423944,0.024489250034093857,2.653303915802725,1.7718783418338977,0.6760975982253994,1000,7.2013437888845,4.769068926651395,-0.35970461375352647,146
cnn_deep_wide,fold6_balkan_e,38,0.17258563715025368,False,21,0.0003,0.0003,2.5676845367997885,0.19751419513844526,0.6977089401334524,0.29484294168651104,3.5604780297726393,1.348184349015355,0.03835750371217728,0.34385346435010433,0.8102327082306147,0.025458330288529396,2.6025474649648084,1.7415964504211712,0.6883712697132675,1000,6.8597537065881085,4.3802500505229816,-0.23377091624286095,146
cnn_deep_wide,fold6_balkan_e,39,0.17014602378496071,False,22,0.0003,0.0003,2.5197184812277555,0.1938244985559812,0.6944184377789497,0.29505173303186893,3.5094419922679663,1.303043445572257,0.038314955309033394,0.34451943077147007,0.8077572006732225,0.0245065838098526,2.7396566288236324,1.8080896918634917,0.654671484677041,1000,7.10094337657092,4.563033080253583,-0.32205517796044636,146
cnn_deep_wide,fold6_balkan_e,40,0.1745562281446089,False,23,0.0003,0.0003,2.518502289429307,0.19373094534071592,0.6944685261696577,0.295068034902215,3.5082803517580032,1.302911326289177,0.0382247269153595,0.3442514296621084,0.8070758823305368,0.02447615936398506,2.816264055782488,1.8233627003595034,0.6350890320129499,1000,7.819531682695332,5.493574518007429,-0.6031677565346405,146
cnn_deep_wide,fold6_balkan_e,41,0.17647433352844275,False,24,0.0003,0.0003,2.5167702697217464,0.19359771305551896,0.6938358172774315,0.2956149931997061,3.5064683090895414,1.3009907845407724,0.03838134743273258,0.34435655549168587,0.8070290219038725,0.02444460056722164,2.6539459049256697,1.8444482997559444,0.6759408374606567,1000,6.840752032783127,4.494314505606816,-0.2269452359944324,146
cnn_deep_wide,fold6_balkan_e,42,0.17497343942972374,True,0,0.0003,0.0003,2.5160170793533325,0.19353977533487174,0.690404063090682,0.29519656486809254,3.501869335770607,1.3006594255566597,0.03822164796292782,0.34413634054362774,0.8069116156548262,0.024482499808073044,3.02904835208887,2.1756518558944697,0.5778638117139071,1000,6.318454634750708,4.246993123670474,-0.04674097647604514,146
cnn_deep_wide,fold6_balkan_e,43,0.17310556203162858,False,1,0.0003,0.0003,2.512221895158291,0.1932478380890993,0.6928265150636435,0.2951177842915058,3.5003937240689993,1.2968876976519823,0.03786611557006836,0.34412704035639763,0.8071464970707893,0.02458067610859871,3.1269291356562183,1.977402046270479,0.550141168687649,1000,7.919826986589753,5.379924969497064,-0.6445567736529665,146
cnn_deep_wide,fold6_balkan_e,44,0.16559983939112166,False,2,0.0003,0.0003,2.5110984146595,0.19316141651226923,0.6928188744932413,0.29537269473075867,3.4995518438518047,1.2953946515917778,0.038242146372795105,0.34409009851515293,0.8072388246655464,0.024545110762119293,2.5736004032667283,1.6819799322898794,0.6952649531064985,1000,7.204940228339812,4.693140580346625,-0.36106305921889237,146
cnn_deep_wide,fold6_balkan_e,45,0.17630866639073423,False,3,0.0003,0.0003,2.5107928551733494,0.1931379119364115,0.6970376279205084,0.29558433406054974,3.5036756563931704,1.2958265338093042,0.03808034025132656,0.3440009690821171,0.8066684138029814,0.024609291926026344,3.3085770014663582,2.022389612434871,0.4963571584489229,1000,8.271580748157483,5.820694845971271,-0.7938846339198915,146
cnn_deep_wide,fold6_balkan_e,46,0.17044408770392686,False,4,0.0003,0.0003,2.5135296769440174,0.19334843668800133,0.6913430839776993,0.2951421644538641,3.5002612471580505,1.2984440345317125,0.03821302577853203,0.34388353303074837,0.8068119827657938,0.024613255634903908,2.673156608188882,1.7923651433234367,0.6712324251072319,1000,7.248089284433931,4.90463936813791,-0.3774141854601618,146
cnn_deep_wide,fold6_balkan_e,47,0.17128022565125556,False,5,0.0003,0.0003,2.516327830031514,0.1935636792331934,0.6931299157440662,0.29569082520902157,3.50539737008512,1.3008847013115883,0.03807876445353031,0.3440671283751726,0.8071177136152983,0.024599842727184296,4.6216402230455085,3.0240785114595674,0.01727401199873957,1000,6.789214144258366,4.723646632800716,-0.20852738808842664,146
cnn_deep_wide,fold6_balkan_e,48,0.16918461639501506,False,6,0.0003,0.0003,2.553145317360759,0.19639579364313528,0.6911965850740671,0.2955751530826092,3.5401752777397633,1.3329329043626785,0.03824090212583542,0.3445133902132511,0.8103260435163975,0.025516953319311142,2.911191294103401,1.9602179434511282,0.610074479915862,1000,6.8367488369108536,4.395852854047858,-0.22550964384869854,146
cnn_deep_wide,fold6_balkan_e,49,0.16853111574316199,False,7,0.0003,0.0003,2.5021977182477713,0.19247674755752087,0.7482821680605412,0.2923449631780386,3.5430726781487465,1.2850707285106182,0.038301413878798485,0.3442683722823858,0.8084628563374281,0.02452669106423855,3.236035516904603,1.959870280277445,0.5182000711646554,1000,7.456800508366527,4.977482171819135,-0.45788252897200454,146
cnn_deep_wide,fold6_balkan_e,50,0.16930785054392636,False,8,0.0003,0.0003,2.4004027117043734,0.18464636243879795,0.6673487965017557,0.29116233065724373,3.3591593895107508,1.1845322474837303,0.03856968693435192,0.3440091274678707,0.8072005044668913,0.02454410307109356,2.6907981181535465,1.8409413679770958,0.666878699739238,1000,7.2622018775257295,4.8127231967796,-0.382783272309245,146
cnn_deep_wide,fold6_balkan_e,51,0.16861141186355824,False,9,0.0003,0.0003,2.3995725512504578,0.1845825039423429,0.6707195192575455,0.2912815101444721,3.3618248011916876,1.1839964482933283,0.038510918617248535,0.3440961092710495,0.8067922126501799,0.024587424471974373,2.6020929925823237,1.7594866543548149,0.6884800971506646,1000,7.174152126382584,4.766823075413577,-0.3494557415185686,146
cnn_deep_wide,fold6_balkan_e,52,0.15942220208296873,False,10,0.0003,0.0003,2.3999458011239767,0.18461121547107512,0.6652506049722433,0.2915645223110914,3.3570135682821274,1.184748338535428,0.038661107420921326,0.3436646368354559,0.8067649640142918,0.02454148605465889,2.477397202705722,1.6124717134401991,0.7176216096938853,1000,6.989803316264158,4.514362459791778,-0.28099487795883094,146
cnn_deep_wide,fold6_balkan_e,53,0.15587843832334075,False,11,0.0003,0.0003,2.399349531158805,0.1845653485506773,0.6665863264352083,0.291615080088377,3.357801418751478,1.1835586782544851,0.03845132142305374,0.3441156540066004,0.8070525210350752,0.024608470499515533,2.7897342891478387,1.9348983836233888,0.6419317173207106,1000,7.101021083874016,4.653857063382984,-0.3220841132438568,146
cnn_deep_wide,fold6_balkan_e,54,0.16752364196161884,False,12,0.0003,0.0003,2.4019901249557734,0.1847684711504441,0.66920305788517,0.29131202958524227,3.362753354012966,1.186060581356287,0.03843579441308975,0.343874903395772,0.8074719421565533,0.0245782732963562,2.895312336570888,1.9305237081533129,0.6143165404498077,1000,7.531326254499588,5.16655227982354,-0.4871692784757229,146
cnn_deep_wide,fold6_balkan_e,55,0.1565212994562271,False,13,0.0003,0.0003,2.4031210839748383,0.1848554679980645,0.6671355273574591,0.29140155017375946,3.361903563141823,1.187082638964057,0.03833760507404804,0.3442049026489258,0.807383980602026,0.02453743666410446,2.47717632556142,1.6703848326524429,0.717671959433519,1000,6.89384155619422,4.4072328441231035,-0.24606322123652768,146
cnn_deep_wide,fold6_balkan_e,56,0.15609485514920354,False,14,0.0003,0.0003,2.4008222725242376,0.1846786363480183,0.6650645658373833,0.29105441085994244,3.3571851886808872,1.1848028115928173,0.03859591670334339,0.34415633603930473,0.8071723859757185,0.024492939934134483,2.535864777989915,1.6988550663908273,0.7041358425559956,1000,7.218466480579617,4.789127521576864,-0.36617826151813526,146
cnn_deep_wide,fold6_balkan_e,57,0.16006862854785023,False,15,0.0003,0.0003,2.394762387499213,0.18421249134609333,0.7132314816117287,0.30199657939374447,3.4102394599467516,1.179564917460084,0.038705967366695404,0.343907255679369,0.8065094910562038,0.02449498139321804,2.7531529312929552,1.7280837015587223,0.6512607375877262,1000,7.3310732219476336,4.952430370760712,-0.40913498292751216,146
cnn_deep_wide,fold6_balkan_e,58,0.1570670123698484,False,16,0.0003,0.0003,2.4018968045711517,0.18476129265931937,0.6670528966933489,0.29151822067797184,3.360836572945118,1.1860488932579756,0.0386236198246479,0.3438383471220732,0.8072252310812473,0.02456844225525856,2.458019645669902,1.5895524660017328,0.7220217146475849,1000,7.105304420630613,4.612363640212073,-0.3236795568712254,146
cnn_deep_wide,fold6_balkan_e,59,0.16309413383967628,False,17,0.0003,0.0003,2.3973168917000294,0.18440899166923302,0.6658146362751722,0.290528129786253,3.353904228657484,1.181678406894207,0.038465388119220734,0.3441376630216837,0.8068366441875696,0.02462882362306118,2.4193970420230646,1.6151956215394532,0.7306887701873324,1000,6.837574115853482,4.4361400786579175,-0.22580552961855016,146
cnn_deep_wide,fold6_balkan_e,60,0.15957563164654054,False,18,0.0003,0.0003,2.395790420472622,0.1842915708055863,0.6671795081347227,0.29187449254095554,3.35509249009192,1.1796989385038614,0.0385669581592083,0.34423515759408474,0.8071712870150805,0.02455776184797287,3.0203051111393786,1.8697664833307663,0.5802972569693273,1000,7.723591174282994,5.102848418169621,-0.5640694652602201,146
cnn_deep_wide,fold6_balkan_e,61,0.16139453962283484,False,19,0.0003,0.0003,2.397355670109391,0.18441197462379932,0.6675631087273359,0.291368929669261,3.356535339727998,1.182019367814064,0.038460055366158485,0.34393905848264694,0.8067614920437336,0.024607369676232338,3.047284087235959,2.1041673102960012,0.5727657513352815,1000,6.744142149717264,4.575148531354018,-0.19253439406132133,146
cnn_deep_wide,fold6_balkan_e,62,0.16036992839147732,False,20,0.0003,0.0003,2.3978837225586176,0.1844525940429706,0.6661198548972607,0.29161470010876656,3.3558620009571314,1.1822639182209969,0.03857757896184921,0.3442128375172615,0.8067262284457684,0.02454575151205063,2.6128767902078516,1.8211594289261925,0.6858926964117878,1000,6.690293789782658,4.383606019194927,-0.17356692433362864,146
cnn_deep_wide,fold6_balkan_e,63,0.15553485498784966,False,21,0.0003,0.0003,2.401833515614271,0.18475642427802086,0.6655044462531805,0.2913435213267803,3.358929242938757,1.186359966173768,0.03831901587545872,0.3440664205700159,0.8069450277835131,0.02456987090408802,2.583949421512291,1.7923808426210366,0.6928092109972874,1000,6.748425811025286,4.363858849341626,-0.19404979384931909,146
cnn_deep_wide,fold6_balkan_e,64,0.1579550698093971,False,22,0.0003,0.0003,2.4036889355629683,0.1848991488894591,0.6664533074945211,0.29183431155979633,3.362240746617317,1.1879124008119106,0.03871387802064419,0.3440476320683956,0.8068120796233416,0.02464328519999981,2.8820050735025013,1.9206121823716475,0.6178537040202673,1000,7.360789894799642,5.082155954598604,-0.4205820582076887,146
cnn_deep_wide,fold6_balkan_e,65,0.15568971198919454,False,23,0.0003,0.0003,2.401843985542655,0.18475722965712732,0.667736416682601,0.29108730144798756,3.3609138131141663,1.1857535410672426,0.03855016827583313,0.3440898507833481,0.807074036449194,0.024792155250906944,2.664231865583487,1.7378481753607569,0.6734240422334132,1000,7.173432329444267,4.776218966211153,-0.3491849679508805,146
cnn_deep_wide,fold6_balkan_e,66,0.15968294066025351,False,24,0.0003,0.0003,2.3997081741690636,0.18459293647454336,0.6635561436414719,0.29186785221099854,3.355384700000286,1.1835459265857935,0.038590556010603905,0.3442466929554939,0.8071875739842653,0.02456636168062687,2.6343809435511614,1.6634211099204073,0.6807011718025078,1000,7.254280633452837,4.697356857234199,-0.37976837674569697,146
cnn_deep_wide,fold6_balkan_e,67,0.15105290888877196,False,25,0.0003,0.0003,2.4136658050119877,0.1856666003855375,0.7133861631155014,0.29124858044087887,3.4185447487980127,1.1963379066437483,0.03875452093780041,0.3441994022578001,0.8078777324408293,0.024937020614743233,2.506598055560873,1.6190463255400784,0.7109256423218888,1000,7.427384143209458,4.972645505804493,-0.44640280251970754,146
cnn_deep_wide,fold7_balkan_s,1,0.4052340955290263,True,0,0.0003,0.0003,2.496872467920184,0.17834803342287028,0.6648850161582232,0.29981994815170765,3.4617608413100243,1.2112781573086977,0.04032658040523529,0.36154191195964813,0.8547170702368021,0.02738312818109989,4.488618164767873,3.2915075098169075,-0.013629654657398627,1000,10.240819223127342,8.263548881831959,-1.3964520588490452,144
cnn_deep_wide,fold7_balkan_s,2,0.32115127333269716,True,0,0.0003,0.0003,2.464774815365672,0.17605534395469086,0.6628497745841742,0.28669120743870735,3.4145343359559774,1.2050053775310516,0.04013902507722378,0.3559658620506525,0.8358674068003893,0.026159368455410004,4.1494942612737775,2.8790640044318243,0.13374786295849217,1000,10.010269791873984,8.083567812933804,-1.2897649899475612,144
cnn_deep_wide,fold7_balkan_s,3,0.2757925578048893,True,0,0.0003,0.0003,2.4650407023727894,0.17607433588377067,0.6660956759005785,0.28736372850835323,3.4187156297266483,1.2051120717078447,0.040309568867087364,0.3561361990869045,0.8357571046799421,0.02609368786215782,3.3021680925030124,2.250754819549436,0.45140438010444794,1000,7.611137092375771,5.706083896929534,-0.3237270232578904,144
cnn_deep_wide,fold7_balkan_s,4,0.27605470312107955,False,1,0.0003,0.0003,2.460651259869337,0.17576080427638122,0.6667192168533802,0.28690327890217304,3.4144894257187843,1.2006895281374454,0.04012325219810009,0.35602329671382904,0.8359223939478397,0.026264183223247528,3.0344924427204907,2.1308349864633387,0.5367386132270202,1000,8.215832558655602,6.215971592150131,-0.5424194923061436,144
cnn_deep_wide,fold7_balkan_s,5,0.25700975107262863,False,2,0.0003,0.0003,2.4602352418005466,0.17573108870003903,0.669688880443573,0.28761085867881775,3.417778380215168,1.2002951446920633,0.04017607867717743,0.35615172050893307,0.8357652630656958,0.02619778923690319,3.14929866848822,2.1370110012291383,0.5010216741558646,1000,8.380676665343648,6.43061851577358,-0.6049352533904375,144
cnn_deep_wide,fold7_balkan_s,6,0.25590575632127627,False,3,0.0003,0.0003,2.4657385163009167,0.17612417973577976,0.6678707674145699,0.2877274602651596,3.4215760808438063,1.205753080546856,0.04031156003475189,0.35588688403367996,0.8357809409499168,0.0263141430914402,3.3170885587892944,2.1898857489632317,0.4464356478080034,1000,8.455811261791927,6.543702210322071,-0.633841440340807,144
cnn_deep_wide,fold7_balkan_s,7,0.25108138293949955,True,0,0.0003,0.0003,2.4652459546923637,0.17608899676374026,0.6670457478612661,0.2874698396772146,3.4200184512883425,1.2051954288035631,0.04025479219853878,0.35606932640075684,0.8357288409024477,0.026341542601585388,2.884222861623069,2.007267865705312,0.5814844370828179,1000,7.468509854955103,5.560444253799931,-0.27458047854596,144
cnn_deep_wide,fold7_balkan_s,8,0.23748924834158988,False,1,0.0003,0.0003,2.504383774474263,0.17888455531959022,0.7126209326088428,0.3011643383651972,3.5183944050222635,1.243737941607833,0.04027368500828743,0.35580567456781864,0.8359568063169718,0.026910388842225075,3.094262233211334,2.1355193088762645,0.5183093508320716,1000,8.213666867181194,6.262352467968527,-0.5416064366710243,144
cnn_deep_wide,fold7_balkan_s,9,0.2425760600696303,False,2,0.0003,0.0003,2.781276473775506,0.198662605269679,0.69039804674685,0.3010529298335314,3.7729813493788242,1.5191191099584103,0.040194474160671234,0.3564537987112999,0.8367691431194544,0.027062028646469116,3.3738806139950808,2.1976824554228065,0.4273181699118328,1000,8.865568282947653,6.873426316945245,-0.7960255226177064,144
cnn_deep_wide,fold7_balkan_s,10,0.23487441562729416,True,0,0.0003,0.0003,2.5298392456024885,0.1807028032573206,0.6674030888825655,0.287689957767725,3.4851770009845495,1.2663630470633507,0.04036449268460274,0.3559567332267761,0.8384689781814814,0.02696326933801174,3.004868249127551,2.2112931088937446,0.5457396282707485,1000,6.766246129623863,5.07371160109631,-0.04615233590422396,144
cnn_deep_wide,fold7_balkan_s,11,0.22981914557773192,False,1,0.0003,0.0003,2.469250688329339,0.17637504916638136,0.6675613466650248,0.2875738199800253,3.424604095518589,1.2096438091248274,0.0403621569275856,0.35583301074802876,0.8353324718773365,0.026448039337992668,2.846631324875919,1.941651477945677,0.5923227933131812,1000,7.622912744249518,5.765331676113017,-0.3278262286165947,144
cnn_deep_wide,fold7_balkan_s,12,0.22530993316442174,False,2,0.0003,0.0003,2.467862717807293,0.17627590841480664,0.6673010885715485,0.2869558185338974,3.422364404425025,1.2083520628511906,0.04016939364373684,0.35591478087008,0.8353011980652809,0.02649565041065216,2.8610029742404395,1.9418263342472812,0.5881959618362532,1000,7.655786863207694,5.710689734838921,-0.3393035319692643,144
cnn_deep_wide,fold7_balkan_s,13,0.22506051142175365,False,3,0.0003,0.0003,2.465360105037689,0.17609715035983495,0.664381355047226,0.2868409175425768,3.4168507512658834,1.2053087949752808,0.04013992100954056,0.35618852637708187,0.8355778977274895,0.026479529216885567,3.2891986237231645,2.177032949585342,0.4557052038528049,1000,8.664897769754639,6.704023730363304,-0.7156402721706612,144
cnn_deep_wide,fold7_balkan_s,14,0.2174201862059068,False,4,0.0003,0.0003,2.490635745227337,0.17790255323052406,0.6673279665410519,0.2895919494330883,3.4478026423603296,1.2296058665961027,0.040303198620676994,0.3562338352203369,0.8360507972538471,0.026717543601989746,3.100481761396919,2.0514496768062283,0.5163709892836323,1000,9.50874363491962,7.526689540419018,-1.0660728124981453,144
cnn_deep_wide,fold7_balkan_s,15,0.21542231983005547,False,5,0.0003,0.0003,2.506465446203947,0.1790332461574248,0.717942638322711,0.2991119083017111,3.5237652007490396,1.2465814296156168,0.04016638733446598,0.3558776918798685,0.8356131315231323,0.026601562276482582,2.706178412878286,1.8827693020579273,0.6315599495004284,1000,8.015761828958544,6.006823697787285,-0.4682126274842797,144
cnn_deep_wide,fold7_balkan_s,16,0.2038906733334169,False,6,0.0003,0.0003,2.7279610354453325,0.1948543596746666,0.6864481531083584,0.30115558952093124,3.7158069871366024,1.4676741175353527,0.04035319946706295,0.35614367201924324,0.8353888839483261,0.02675749361515045,2.6958438754585083,1.8418588734397068,0.6343686239031112,1000,8.31170487638406,6.267587483655502,-0.578627174267736,144
cnn_deep_wide,fold7_balkan_s,17,0.20456942082564872,False,7,0.0003,0.0003,2.6071503832936287,0.18622502737811633,0.6691412702202797,0.28682285733520985,3.5633710604161024,1.3458552416414022,0.04009915515780449,0.35629249177873135,0.8365711588412523,0.026656480506062508,2.775603493754257,1.9937792360238682,0.6124133289770728,1000,7.503020338151206,5.618262945725522,-0.2863868536257028,144
cnn_deep_wide,fold7_balkan_s,18,0.20585816193065376,False,8,0.0003,0.0003,2.4701182805001736,0.17643702003572667,0.6686125788837671,0.2871090080589056,3.4260827880352736,1.2100054658949375,0.04023037105798721,0.35595590993762016,0.835871297866106,0.026402315124869347,3.295371665989228,2.1394059442588698,0.4536602633770802,1000,9.176713730093239,7.21306855212956,-0.9243041378673813,144
cnn_deep_wide,fold7_balkan_s,19,0.2023927229872518,False,9,0.0003,0.0003,2.483112810179591,0.17736520072711365,0.7156093157827854,0.2873097788542509,3.486277423799038,1.2219206150621176,0.04021102376282215,0.3560404796153307,0.8367071934044361,0.026582732796669006,2.911746366964204,1.8695541420395083,0.5734587208997435,1000,8.953868260210687,6.918853344679936,-0.8319800765330698,144
cnn_deep_wide,fold7_balkan_s,20,0.202508169842337,False,10,0.0003,0.0003,2.4703074116259813,0.17645052940185582,0.6677326764911413,0.28666457906365395,3.4249656852334738,1.2109605129808187,0.04011562094092369,0.3557247705757618,0.8355637118220329,0.02625948004424572,2.7719216984752193,1.8189914172472454,0.6134409024919787,1000,7.774028046391146,5.8613620568522675,-0.3809932376439682,144
cnn_deep_wide,fold7_balkan_s,21,0.2032094357031796,False,11,0.0003,0.0003,2.4688580688089132,0.17634700491492236,0.6674608383327723,0.28703317791223526,3.423596976324916,1.208795940503478,0.040293097496032715,0.3560749404132366,0.8357594758272171,0.026292866095900536,2.8041134955412796,1.800532980687677,0.6044101339819328,1000,8.684069558329206,6.711200099172524,-0.7232406574105301,144
cnn_deep_wide,fold7_balkan_s,22,0.19435272875127219,False,12,0.0003,0.0003,2.464307865127921,0.17602199036628008,0.6679590083658695,0.28770253993570805,3.4202163629233837,1.2043543383479118,0.040139731019735336,0.35621242970228195,0.8358080647885799,0.026159847155213356,2.730421874272541,1.969021639317496,0.6249289955320052,1000,7.086096167446544,5.162695571970041,-0.147396259349315,144
cnn_deep_wide,fold7_balkan_s,23,0.19082910384410873,False,13,0.0003,0.0003,2.468151669949293,0.17629654785352095,0.6684192679822445,0.28750476986169815,3.424328727647662,1.2087814193218946,0.04024551995098591,0.35574962943792343,0.835217485204339,0.026526128873229027,2.902256884519853,1.8577457488200775,0.5762344161320055,1000,8.61398034328502,6.7113555680767645,-0.6955363251207032,144
cnn_deep_wide,fold7_balkan_s,24,0.20102320686287165,False,14,0.0003,0.0003,2.47050791233778,0.17646485088127,0.6692726816982031,0.287249518558383,3.4272761195898056,1.2112450450658798,0.0401680413633585,0.35581714287400246,0.8353422693908215,0.026306213811039925,2.6577253165546115,1.9041589552759843,0.6446353949219362,1000,7.313020330669358,5.360265278919346,-0.22206106412016458,144
cnn_deep_wide,fold7_balkan_s,25,0.19273970163466983,False,15,0.0003,0.0003,2.471019461750984,0.1765013901250703,0.6663719080388546,0.2859714590013027,3.4236099272966385,1.2111483979970217,0.040235454216599464,0.355977326631546,0.8357296157628298,0.026290882378816605,2.8726181913023647,1.8600148745788387,0.5848454565516219,1000,7.839705356689798,5.879920974396703,-0.4044258907950027,144
cnn_deep_wide,fold7_balkan_s,26,0.187435337520105,False,16,0.0003,0.0003,2.4719138015061617,0.1765652715361544,0.6674239486455917,0.28682741709053516,3.426411420106888,1.2126874476671219,0.03987410478293896,0.35602933913469315,0.8354512471705675,0.02622360549867153,2.608781501557301,1.7707301091772587,0.6576034382013028,1000,8.551430549800815,6.535286915179558,-0.6710016998250568,144
cnn_deep_wide,fold7_balkan_s,27,0.188691555583818,False,17,0.0003,0.0003,2.4672771990299225,0.17623408564499446,0.6693595796823502,0.28672947734594345,3.4236081391572952,1.2083518281579018,0.04022732935845852,0.3556847367435694,0.8351537771522999,0.026225266978144646,2.9318880208567353,1.9110460826770888,0.567537215257262,1000,8.254627489231032,6.265611405680832,-0.5570204067007569,144
cnn_deep_wide,fold7_balkan_s,28,0.18432477336666142,False,18,0.0003,0.0003,2.4736163150519133,0.17668687964656524,0.66728400811553,0.28759399987757206,3.428746812045574,1.214173223823309,0.040198901668190956,0.3560458943247795,0.8352932203561068,0.026276007294654846,2.5391492925453627,1.784364868231757,0.6756376371022076,1000,8.275997495020881,6.263270190770221,-0.5650926317096479,144
cnn_deep_wide,fold7_balkan_s,29,0.18597643227863925,False,19,0.0003,0.0003,2.518937138840556,0.17992408134575402,0.66525449603796,0.2866078391671181,3.4710441045463085,1.253793166950345,0.040387241169810295,0.3562411330640316,0.8391796518117189,0.02761450782418251,3.1665211836633893,2.0838458439456664,0.49554924317942384,1000,9.740865680448238,7.7625435131047915,-1.1681756130512864,144
cnn_deep_wide,fold7_balkan_s,30,0.18987905160593,False,20,0.0003,0.0003,2.468291809782386,0.176306557841599,0.6666710376739502,0.2870615590363741,3.4222753774374723,1.2085363026708364,0.040186380967497826,0.3559441100805998,0.8357335515320301,0.02624470181763172,2.5544631538747913,1.738357283729204,0.6717133155036883,1000,8.593463825168667,6.539143030406984,-0.6874691892259783,144
cnn_deep_wide,fold7_balkan_s,31,0.17820624346038574,False,21,0.0003,0.0003,2.4720546323806047,0.17657533088432892,0.669802950695157,0.2873225584626198,3.4294283036142588,1.2121485527604818,0.04024990648031235,0.3560889046639204,0.8356714881956577,0.02625255286693573,2.680609168107259,1.7764981253837313,0.638489446854261,1000,7.68052059266504,5.748033409513498,-0.3479713494616692,144
cnn_deep_wide,fold7_balkan_s,32,0.17209943010315726,False,22,0.0003,0.0003,2.4685338214039803,0.1763238443859986,0.6661664787679911,0.2873519379645586,3.4222970977425575,1.2093069553375244,0.04028076305985451,0.3561452738940716,0.8347372319549322,0.02641483023762703,2.5374403989141814,1.7117591125752825,0.6760740937142931,1000,8.763037939594247,6.726960443538265,-0.7547236508145487,144
cnn_deep_wide,fold7_balkan_s,33,0.17578219541909051,False,23,0.0003,0.0003,2.4669914301484823,0.17621367358203446,0.6686600986868143,0.2874447386711836,3.4233444184064865,1.2079304233193398,0.04016823507845402,0.3558508586138487,0.8350844494998455,0.026307417079806328,2.484065720786274,1.698585029360449,0.6895582335537289,1000,7.070311236553341,5.172996446396335,-0.14229009154159789,144
cnn_deep_wide,fold7_balkan_s,34,0.17428115855791523,True,0,0.0003,0.0003,2.4707289338111877,0.17648063812937057,0.6668493282049894,0.28718954883515835,3.425022419542074,1.211450843140483,0.04009617865085602,0.3558727465569973,0.835394024848938,0.02627723291516304,2.702167021656214,1.875333441220691,0.6326514235755806,1000,6.575727886825703,5.040481766428956,0.011931595454643174,144
cnn_deep_wide,fold7_balkan_s,35,0.18031339391726747,False,1,0.0003,0.0003,2.4691542107611895,0.17636815791151353,0.6668623983860016,0.2874323185533285,3.4236604180186987,1.2097226735204458,0.04009042866528034,0.35601804591715336,0.8353723902255297,0.02632981166243553,2.4843271428110603,1.6776384612700435,0.6894928885953313,1000,8.133167651508987,6.1055168763626195,-0.5115370436946549,144
cnn_deep_wide,fold7_balkan_s,36,0.16520132451501424,False,2,0.0003,0.0003,2.471191104501486,0.1765136503215347,0.6680231187492609,0.28740238957107067,3.4268596824258566,1.2115219216793776,0.04015142470598221,0.35601339489221573,0.8356208298355341,0.026219138875603676,2.502764243848914,1.6997603630974436,0.6848670130460075,1000,8.111263438876874,6.049462069465018,-0.5034062770179648,144
cnn_deep_wide,fold7_balkan_s,37,0.17405241062365565,False,3,0.0003,0.0003,2.4613261558115482,0.17580901112939631,0.6689249910414219,0.28714150935411453,3.4176401756703854,1.2014558054506779,0.04014069400727749,0.3559759147465229,0.8358250129967928,0.026267442852258682,2.364151189627059,1.6206097961448014,0.7188070191016687,1000,8.15567502270215,6.121022831321869,-0.5199145419844784,144
cnn_deep_wide,fold7_balkan_s,38,0.17464566771843526,False,4,0.0003,0.0003,2.4675718918442726,0.17625513513173377,0.6679954193532467,0.28693418949842453,3.4227469991892576,1.208347300067544,0.04019143059849739,0.355908764526248,0.8352988418191671,0.026191454380750656,2.7943570605352455,1.8729728676254658,0.6071581201139432,1000,8.17206956894941,6.202178195187332,-0.5260313513439363,144
cnn_deep_wide,fold7_balkan_s,39,0.17303869346568826,False,5,0.0003,0.0003,2.512466635555029,0.17946190253964492,0.6668483875691891,0.28702034056186676,3.466594334691763,1.2467205096036196,0.04013680852949619,0.3565176259726286,0.8399050980806351,0.027515951544046402,2.9115373240346485,1.9391104578105844,0.5735199640346849,1000,7.55689911357106,5.642277871296972,-0.3049281335698921,144
cnn_deep_wide,fold7_balkan_s,40,0.17483360386006122,False,6,0.0003,0.0003,2.461199125275016,0.17579993751964398,0.6681287102401257,0.2875115294009447,3.417087223380804,1.2017720751464367,0.04007715359330177,0.3559340853244066,0.8355201110243797,0.026253068819642067,2.7352965255526076,1.859898059498731,0.6235885635298669,1000,9.164621265327654,7.158750975379576,-0.9192360385205474,144
cnn_deep_wide,fold7_balkan_s,41,0.1658686116877106,False,7,0.0003,0.0003,2.4637558571994305,0.17598256122853076,0.6703610308468342,0.28774656914174557,3.4221131298691034,1.2039656024426222,0.04013478010892868,0.3560655489563942,0.835692934691906,0.02626274712383747,2.4513028686620975,1.671915111422316,0.6976931908372699,1000,8.515082496619922,6.46826358212016,-0.6568266270377026,144
cnn_deep_wide,fold7_balkan_s,42,0.16550970942182144,False,8,0.0003,0.0003,2.4681121818721294,0.1762937272765807,0.6657888870686293,0.2874561883509159,3.4216012489050627,1.2083996310830116,0.04010484181344509,0.3560262005776167,0.8357134461402893,0.026206130161881447,2.6368779831177314,1.8874032809490173,0.6501885259517135,1000,6.839355106734245,5.207037299620085,-0.06888172648088076,144
cnn_deep_wide,fold7_balkan_s,43,0.18389669557412466,False,9,0.0003,0.0003,2.464500568807125,0.17603575491479465,0.6675571389496326,0.28718151897192,3.4194967467337847,1.204965427517891,0.040103375911712646,0.3560369797050953,0.8355132210999727,0.02624020352959633,3.310591104148911,2.1986426296202946,0.4486021480812802,1000,9.428533744234326,7.4854010793557615,-1.031363595973252,144
cnn_deep_wide,fold7_balkan_s,44,0.1654488428496368,False,10,0.0003,0.0003,2.463006606325507,0.1759290433089648,0.6678383592516184,0.2876604776829481,3.4187523368746042,1.2034345734864473,0.0402442067861557,0.35594859533011913,0.8355186432600021,0.026223449036478996,2.427818873819835,1.6422002752982017,0.7034577700774647,1000,7.723237143443375,5.765528006721841,-0.36300699929835667,144
cnn_deep_wide,fold7_balkan_s,45,0.1583576062775744,False,11,0.0003,0.0003,2.463840577751398,0.17598861269652843,0.6688715200871229,0.2877357602119446,3.4206903986632824,1.2046708725392818,0.04014843888580799,0.3557473849505186,0.835380407050252,0.026250606402754784,2.678139159057433,1.888557970257001,0.6391553573925799,1000,6.863905266286832,5.2041569190158095,-0.07656909276221846,144
cnn_deep_wide,fold7_balkan_s,46,0.16065667122515473,False,12,0.0003,0.0003,2.4645395800471306,0.1760385414319379,0.6670150272548199,0.2868323400616646,3.418633436784148,1.2044373787939548,0.040186986327171326,0.35591511987149715,0.8360889591276646,0.026266222819685936,2.46187350548803,1.649862840386168,0.6950803227215099,1000,7.570291159246654,5.678586698552469,-0.3095573185698992,144
cnn_deep_wide,fold7_balkan_s,47,0.15894418191088616,False,13,0.0003,0.0003,2.461854089051485,0.17584672064653464,0.6663631796836853,0.2876875977963209,3.4161570463329554,1.2016019523143768,0.03999873995780945,0.35617770068347454,0.8360876515507698,0.02633936144411564,2.541356815759355,1.8364917213199192,0.6750733940247606,1000,7.998188873932624,5.978678543059103,-0.46178215875631357,144
cnn_deep_wide,fold7_balkan_s,48,0.16869987575668935,False,14,0.0003,0.0003,2.46303740888834,0.1759312434920243,0.7070837486535311,0.29379850439727306,3.464172152802348,1.2033260501921177,0.040236810222268105,0.3558933697640896,0.8356013912707567,0.026346402242779732,2.8168353220387132,1.8469153922383352,0.6008125322676867,1000,7.529087477742878,5.5330384847604694,-0.29534076116483043,144
cnn_deep_wide,fold7_balkan_s,49,0.16517197106292356,False,15,0.0003,0.0003,2.470409754663706,0.17645783961883613,0.6659122575074434,0.28736186027526855,3.4241004902869463,1.21042937412858,0.04012925922870636,0.35592872090637684,0.835985004901886,0.026277601718902588,2.8580071617821607,1.8449373462568923,0.5890579265176586,1000,9.17447662585602,7.160396653598067,-0.9233660364194163,144
cnn_deep_wide,fold7_balkan_s,50,0.16263931048452263,False,16,0.0003,0.0003,2.5589067824184895,0.18277905588703497,0.6670098397880793,0.28719343803822994,3.5133541487157345,1.2996913380920887,0.04005467891693115,0.3559474553912878,0.8352807741612196,0.026275290176272392,2.449238352101724,1.6730570177499662,0.6982021892170578,1000,7.650296492392445,5.679677706692057,-0.3373832495881126,144
cnn_deep_wide,fold7_balkan_s,51,0.15818876241183183,False,17,0.0003,0.0003,2.4648522194474936,0.1760608728176781,0.6701164599508047,0.2874948810786009,3.422721030190587,1.2051845602691174,0.040218841284513474,0.3559947069734335,0.8355166371911764,0.026292763650417328,2.3245531659892937,1.5730134469372725,0.7281477388560398,1000,8.283836733584609,6.201395208745477,-0.5680590282901754,144
cnn_deep_wide,fold7_balkan_s,52,0.15941617601772393,False,18,0.0003,0.0003,2.464846059679985,0.17606043283428466,0.6679826807230711,0.2873468492180109,3.4204273093491793,1.20567087829113,0.03995219059288502,0.35598618537187576,0.8354160152375698,0.026179661974310875,3.099009281654755,1.9872438778955783,0.5168302500518572,1000,9.248106373054934,7.2806893364952225,-0.9543618597566637,144
cnn_deep_wide,fold7_balkan_s,53,0.15034067781258242,False,19,0.0003,0.0003,2.4638064596801996,0.17598617569144284,0.6694088112562895,0.2879315987229347,3.421399289742112,1.2035979852080345,0.040008336305618286,0.3559988737106323,0.8361900616437197,0.026350215077400208,2.4060146602548333,1.7291255525891132,0.7087603362852529,1000,7.540500225931188,5.5328427274624765,-0.2992707466938256,144
cnn_deep_wide,fold7_balkan_s,54,0.16027944093549454,False,20,0.0003,0.0003,2.4636401291936636,0.17597429494240455,0.6668089590966702,0.2870469503104687,3.4177481569349766,1.2041134163737297,0.04014492221176624,0.3560821432620287,0.8353462591767311,0.026322148740291595,2.7568425884456973,1.9914196486012634,0.6176351858501008,1000,7.171636557192106,5.407687816971311,-0.17526523714922226,144
cnn_deep_wide,fold7_balkan_s,55,0.1575207461565472,False,21,0.0003,0.0003,2.464843939989805,0.17606028142784322,0.6715563237667084,0.28724242746829987,3.4239028431475163,1.2051135059446096,0.04015367291867733,0.3558930605649948,0.8356971051543951,0.026331594213843346,2.4414959918941044,1.5913933999767917,0.7001072175029521,1000,8.020005673955463,5.967067725933782,-0.46976769271048346,144
cnn_deep_wide,fold7_balkan_s,56,0.15867111694896283,False,22,0.0003,0.0003,2.46731330268085,0.17623666447720357,0.6715617012232542,0.2877193707972765,3.426842276006937,1.2076577208936214,0.040147922933101654,0.3558802790939808,0.8356846775859594,0.026279544457793236,2.3838277849913285,1.7180172747033675,0.7141068582130666,1000,7.750086682827623,5.884623753573274,-0.37250035601351206,144
cnn_deep_wide,fold7_balkan_s,57,0.15662066469711652,False,23,0.0003,0.0003,2.467527663335204,0.17625197595251457,0.6666621379554272,0.287065839394927,3.421503299847245,1.2080049458891153,0.039851587265729904,0.35594957135617733,0.8358636368066072,0.02622278593480587,2.3949222760732796,1.6400820514738614,0.7114395347551605,1000,7.367136133002494,5.4619242521513565,-0.2402143033894928,144
cnn_deep_wide,fold7_balkan_s,58,0.15527387604474047,False,24,0.0003,0.0003,2.5104827154427767,0.17932019396019833,0.6669678781181574,0.2869354672729969,3.464633444324136,1.2449529115110636,0.04009587876498699,0.35602168925106525,0.8403963204473257,0.027321450412273407,2.334946215126783,1.579836133765036,0.7257114082476874,1000,8.03115229188287,6.106181569178709,-0.47385604987787944,144
cnn_deep_wide,fold7_balkan_s,59,0.14734349694261756,False,25,0.0003,0.0003,2.4661365523934364,0.17615261088524545,0.6694109309464693,0.28788322024047375,3.4236760437488556,1.2070444598793983,0.03997122123837471,0.3559745382517576,0.8351363707333803,0.026366576552391052,2.288484393802271,1.5603144630585417,0.7365186422889951,1000,7.935391652013134,6.016588447404221,-0.4389181089888381,144
cnn_deep_wide,fold8_poland,1,0.36133644554487904,True,0,0.0003,0.0003,2.285986963659525,0.17584515105073267,0.6661077383905649,0.5527785308659077,3.505052814260125,1.0962117835879326,0.035898685455322266,0.33703000470995903,0.7898693606257439,0.02546708844602108,5.802120642025917,3.653788240329517,-0.18626135618336614,1000,6.68519364647814,6.046668171455368,-4.035935644039041,277
cnn_deep_wide,fold8_poland,2,0.3016427425941348,True,0,0.0003,0.0003,2.223644917830825,0.1710496090639096,0.6652449686080217,0.5426189340651035,3.4317428693175316,1.0860308483242989,0.03605174832046032,0.3222134318202734,0.753802478313446,0.024065561592578888,4.566398710401498,2.8207192069387013,0.2652247298865188,1000,6.650683215127676,5.960816519041744,-3.9840766423287413,277
cnn_deep_wide,fold8_poland,3,0.2766747028216894,True,0,0.0003,0.0003,2.2368832156062126,0.17206793966201636,0.6670175492763519,0.5436528958380222,3.447779631242156,1.098642846569419,0.036094360053539276,0.32234506122767925,0.7542245667427778,0.024089831858873367,4.006174411915844,2.6378008041644434,0.43445576592711543,1000,5.487066482990044,4.602860027284839,-2.392599802768928,277
cnn_deep_wide,fold8_poland,4,0.27885874489658985,False,1,0.0003,0.0003,2.2410700507462025,0.17239000390355402,0.6690426021814346,0.5428253337740898,3.4531623646616936,1.1027594935148954,0.03609056584537029,0.32243482768535614,0.7542603965848684,0.02402956597507,3.7910618245725414,2.343602753460328,0.49355929180329006,1000,5.652852798779965,4.8621621974147455,-2.600704993295819,277
cnn_deep_wide,fold8_poland,5,0.2957333240304409,False,2,0.0003,0.0003,2.239431468769908,0.17226395913614675,0.6664615087211132,0.5424342751502991,3.448580503463745,1.1014361195266247,0.036026354879140854,0.3221888728439808,0.7541359513998032,0.024124551564455032,4.222741245193115,2.5107967743091195,0.3716583995203768,1000,6.0211907313469135,5.303235719830486,-3.0852341795309473,277
cnn_deep_wide,fold8_poland,6,0.26393644611977324,False,3,0.0003,0.0003,2.2392267789691687,0.17224821376685912,0.6665472276508808,0.5435481946915388,3.449582142755389,1.1008187495172024,0.03600277565419674,0.32246620021760464,0.7543005105108023,0.024136003106832504,4.0924600876027855,2.529684308157146,0.4098318354071462,1000,5.548361637559479,4.8154593179953595,-2.4688195525708423,277
cnn_deep_wide,fold8_poland,7,0.2519819126046603,False,4,0.0003,0.0003,2.243292571976781,0.172560967075137,0.6665853392332792,0.542291484773159,3.4524297546595335,1.1049641221761703,0.035999396815896034,0.3221598695963621,0.7546167653053999,0.024018358439207077,4.553249599167301,2.907021937984002,0.2694502615784372,1000,5.895617771106306,5.068995718722696,-2.916614491749944,277
cnn_deep_wide,fold8_poland,8,0.24684718032264585,False,5,0.0003,0.0003,2.2365073077380657,0.1720390236721589,0.6662994790822268,0.5432622954249382,3.446328692138195,1.099237760528922,0.03601325303316116,0.3221231549978256,0.7537609860301018,0.02388886921107769,3.6982165577302313,2.3283231374090154,0.518061578447128,1000,6.319759736013628,5.607615683323929,-3.5004228723366255,277
cnn_deep_wide,fold8_poland,9,0.24828807170586406,False,6,0.0003,0.0003,2.2906563691794872,0.17620433609072977,0.6729214545339346,0.5442151445895433,3.5080720987170935,1.156838372349739,0.03617643751204014,0.32267426513135433,0.7502596098929644,0.0232098288834095,4.155487890133142,2.4463596911012906,0.39151354447368925,1000,6.284976974978661,5.600450777215196,-3.451020248036441,277
cnn_deep_wide,fold8_poland,10,0.23633062134173508,True,0,0.0003,0.0003,2.243722703307867,0.17259405410060516,0.6720163524150848,0.5442114360630512,3.4602119494229555,1.1137008648365736,0.03600770980119705,0.3221108056604862,0.7479885760694742,0.022450922057032585,3.9373329805443813,2.5593124033777825,0.4537252048504615,1000,5.38631114440931,4.614389596964915,-2.26915161300042,277
cnn_deep_wide,fold8_poland,11,0.24914260919754466,True,0,0.0003,0.0003,2.238154459744692,0.1721657276726686,0.6708233132958412,0.5443045552819967,3.4535028766840696,1.1080692447721958,0.03631378710269928,0.3221915401518345,0.7474610637873411,0.022633753716945648,3.946414540116675,2.278703780382158,0.4512023049648305,1000,5.324077044420806,4.577771835534965,-2.1940436795158855,277
cnn_deep_wide,fold8_poland,12,0.22290224208943402,False,1,0.0003,0.0003,2.229002371430397,0.17146172087926131,0.6687254998832941,0.5438501555472612,3.4417982883751392,1.0987876933068037,0.03598202206194401,0.32219173386693,0.7481761164963245,0.022399581968784332,3.9412296179266346,2.3526406909121307,0.45264341262456753,1000,5.92907502701963,5.244821438570884,-2.9611937022598176,277
cnn_deep_wide,fold8_poland,13,0.22976620515665555,True,0,0.0003,0.0003,2.2327395658940077,0.17174919737646213,0.6690899915993214,0.5465703774243593,3.4486588425934315,1.103129144757986,0.03587275370955467,0.3220238797366619,0.7476646825671196,0.02254394441843033,3.5949961036163676,2.381872390731606,0.5445887848264891,1000,4.967391595275268,4.087863654010107,-1.7804109119999527,277
cnn_deep_wide,fold8_poland,14,0.22427669148141294,False,1,0.0003,0.0003,2.238123368471861,0.172163336036297,0.6689307410269976,0.5432719960808754,3.4505549147725105,1.1077551078051329,0.03594834730029106,0.3221399784088135,0.7480836734175682,0.022717386484146118,3.777146432460809,2.2163351932373407,0.49727032975884555,1000,5.409567472773596,4.651536977504,-2.29744281057541,277
cnn_deep_wide,fold8_poland,15,0.2219282540605344,True,0,0.0003,0.0003,2.2351538874208927,0.17193491441699174,0.6719045732170343,0.5445780269801617,3.4519015569239855,1.1054053790867329,0.036191295832395554,0.32202745229005814,0.7475379928946495,0.02249763533473015,4.488325906006074,2.6427470536008317,0.29013519862395964,1000,4.828820472450691,3.988081433505201,-1.6274490709626224,277
cnn_deep_wide,fold8_poland,16,0.22979927419773236,False,1,0.0003,0.0003,2.2381106577813625,0.17216235829087403,0.6744409054517746,0.5443730745464563,3.4571454990655184,1.108064329251647,0.035954346880316734,0.32228206284344196,0.7479136660695076,0.022415436804294586,3.9925585040015346,2.6381519347041746,0.4382934982035155,1000,5.733775649858758,4.8886858958190675,-2.704533955473879,277
cnn_deep_wide,fold8_poland,17,0.22994121757998423,False,2,0.0003,0.0003,2.2341116070747375,0.17185473900574905,0.6724425032734871,0.5439030341804028,3.4507097955793142,1.1041805744171143,0.036073971539735794,0.3221939839422703,0.7477718628942966,0.02242940664291382,3.8591219592987716,2.3423257212613846,0.4752120178157426,1000,6.0709628733376935,5.376721074223872,-3.153051741778076,277
cnn_deep_wide,fold8_poland,18,0.22162258656034234,False,3,0.0003,0.0003,2.2496248967945576,0.17304806898419672,0.7202364094555378,0.5459265764802694,3.5160384848713875,1.117868771776557,0.03598247468471527,0.32247273810207844,0.7489755786955357,0.02284933254122734,4.192382672252782,2.7627951457064737,0.38066060127561696,1000,5.689812435506401,4.877611779764129,-2.64794337340519,277
cnn_deep_wide,fold8_poland,19,0.2128760001012966,False,4,0.0003,0.0003,2.2412313129752874,0.17240240869040674,0.6738028340041637,0.544782554730773,3.460082871839404,1.1117025278508663,0.03587784990668297,0.3222266249358654,0.7475003805011511,0.02245572954416275,3.7535312496148343,2.4322763754297982,0.503536933678145,1000,5.521771007464557,4.714233531914425,-2.4356504561171337,277
cnn_deep_wide,fold8_poland,20,0.22143022227736847,False,5,0.0003,0.0003,2.2358264084905386,0.17198664680696452,0.6670299489051104,0.5438071750104427,3.4469153620302677,1.1057373993098736,0.03580445609986782,0.3222010098397732,0.7479549311101437,0.02266528829932213,3.7816958528545226,2.1677324790530776,0.4960585652523416,1000,5.075467794547265,4.2280764301144,-1.902714622636858,277
cnn_deep_wide,fold8_poland,21,0.21938268338440298,False,6,0.0003,0.0003,2.3082375023514032,0.17755673095010793,0.6664377488195896,0.5431166049093008,3.518047707155347,1.1784122847020626,0.0360418614000082,0.32207871973514557,0.7476619817316532,0.02256600931286812,3.8096142920852767,2.2538506111208236,0.48859038581615233,1000,5.880560272901068,5.199337511887532,-2.8966338528463376,277
cnn_deep_wide,fold8_poland,22,0.21585252400492505,True,0,0.0003,0.0003,2.2307437732815742,0.1715956748678134,0.6677636709064245,0.5449231285601854,3.443683771416545,1.1008305046707392,0.03596658818423748,0.3220272269099951,0.7479254398494959,0.022520368918776512,4.044213527408905,2.8789724055399657,0.42366495476534205,1000,4.220945264872737,3.3931693677981194,-1.0075743068742957,277
cnn_deep_wide,fold8_poland,23,0.25471314070903744,False,1,0.0003,0.0003,2.2294977828860283,0.1714998294527714,0.6675530914217234,0.543560616672039,3.4408368095755577,1.0989718362689018,0.036072758957743645,0.3223130777478218,0.7481624837964773,0.022490594536066055,5.51571547461337,3.8713689560402638,-0.07203899753799403,1000,8.23034722565818,7.6922574619713115,-6.632881210712619,277
cnn_deep_wide,fold8_poland,24,0.2416349034550538,False,2,0.0003,0.0003,2.2325997967272997,0.17173844590209997,0.6699020713567734,0.5435729455202818,3.4463269524276257,1.1027260571718216,0.03610563278198242,0.3220803663134575,0.7476458698511124,0.022540701553225517,3.9575939110535514,2.339252092729078,0.4480886417496086,1000,5.622175800348594,4.877565307780149,-2.561730300184227,277
cnn_deep_wide,fold8_poland,25,0.2266800538461137,False,3,0.0003,0.0003,2.227718463167548,0.17136295870519602,0.6680713705718517,0.5429783165454865,3.4390281587839127,1.0977050308138132,0.035954322665929794,0.32219147868454456,0.7479241695255041,0.02246025763452053,3.638520645690405,2.2502688713995207,0.5334947231621707,1000,5.411752292482694,4.640519875621974,-2.300106895244218,277
cnn_deep_wide,fold8_poland,26,0.22209074050769384,False,4,0.0003,0.0003,2.2294752039015293,0.17149809260780996,0.6677765492349863,0.5426504146307707,3.440171469002962,1.0997437816113234,0.03609584830701351,0.32202367670834064,0.747442590072751,0.022674638777971268,3.5416200701381113,2.123959682324964,0.5580116587309567,1000,5.65951832210572,4.90742689088099,-2.6092014937495973,277
cnn_deep_wide,fold8_poland,27,0.21071468442872224,False,5,0.0003,0.0003,2.2292363941669464,0.17147972262822664,0.6676182709634304,0.5435686446726322,3.440684260800481,1.0996486712247133,0.03612365946173668,0.3219323083758354,0.7476309593766928,0.022421207278966904,3.730834480501157,2.2092115559769705,0.5095227848522867,1000,5.3529870239023545,4.635856786702545,-2.2288254608248774,277
cnn_deep_wide,fold8_poland,28,0.2233691524002115,False,6,0.0003,0.0003,2.2752765584737062,0.17502127372874662,0.6708594411611557,0.5443165954202414,3.490720497444272,1.1417698878794909,0.03616939298808575,0.32218387350440025,0.7505937330424786,0.0230735931545496,3.8430887374614757,2.242715641786387,0.47956355871584133,1000,5.898519484441966,5.19735468499468,-2.9204708100314116,277
cnn_deep_wide,fold8_poland,29,0.213291636834064,False,7,0.0003,0.0003,2.22771830111742,0.17136294623980156,0.6683631800115108,0.5431057754904032,3.4394466690719128,1.0973462034016848,0.036131059750914574,0.3221305161714554,0.748204592615366,0.02242514118552208,3.4748302282071233,2.094774366838601,0.5745249918674462,1000,4.750985673621282,3.9934152215147964,-1.5434290634263776,277
cnn_deep_wide,fold8_poland,30,0.2155930594443035,False,8,0.0003,0.0003,2.22339097969234,0.17103007536094922,0.66902045160532,0.5436942353844643,3.4363636560738087,1.09395788051188,0.035920945927500725,0.3219409678131342,0.7476081121712923,0.02248433791100979,3.956525547955529,2.276368121826082,0.4483865814342255,1000,4.87236354049661,4.093716919365941,-1.6750478657629886,277
cnn_deep_wide,fold8_poland,31,0.22197438766804412,False,9,0.0003,0.0003,2.2258215919137,0.1712170455318231,0.6697218511253595,0.5435224547982216,3.4393255673348904,1.0956229344010353,0.03604202717542648,0.322168106213212,0.7480341326445341,0.022423304617404938,6.998656290230425,4.38004292137667,-0.7259817705503211,1000,4.319264522608477,3.4265882992150116,-1.1021891597200333,277
cnn_deep_wide,fold8_poland,32,0.208532949882924,False,10,0.0003,0.0003,2.2242032289505005,0.1710925560731154,0.6700727920979261,0.5436553955078125,3.438187837600708,1.094425953924656,0.035970086231827736,0.32211294770240784,0.7477624341845512,0.022461358457803726,4.022501044013006,2.4258490463000326,0.4298367720902633,1000,5.686715972873462,4.988106077087861,-2.6439739467011973,277
cnn_deep_wide,fold8_poland,33,0.2751552274230243,False,11,0.0003,0.0003,2.225557591766119,0.171196737828163,0.668384350836277,0.5430320557206869,3.4372377078980207,1.095775643363595,0.03612328879535198,0.3220588434487581,0.7477264124900103,0.02240399643778801,6.676045279441289,4.599825721120527,-0.5705270491879184,1000,7.944673349645931,7.4218800814870445,-6.112205214005413,277
cnn_deep_wide,fold8_poland,34,0.2503727599833117,False,12,0.0003,0.0003,2.224009681493044,0.17107766780715722,0.6670666001737118,0.5436153039336205,3.4349435940384865,1.093827996402979,0.0360927265137434,0.32222636975347996,0.7478869911283255,0.02250351943075657,4.770369385506381,2.884893446531432,0.19811721152216377,1000,6.379430955322065,5.737176771553722,-3.585810145533327,277
cnn_deep_wide,fold8_poland,35,0.2524139633104302,False,13,0.0003,0.0003,2.2269831132143736,0.17130639332418257,0.6700593028217554,0.5438088271766901,3.4411119297146797,1.0976826846599579,0.03604508936405182,0.322095338255167,0.7471256535500288,0.022538073360919952,4.188516431783589,2.504511938133464,0.38180239157318585,1000,5.896526427667685,5.225869409955234,-2.917821873858923,277
cnn_deep_wide,fold8_poland,36,0.24241955785664532,False,14,0.0003,0.0003,2.231759335845709,0.17167379506505454,0.6701302714645863,0.5442822761833668,3.4464261140674353,1.1015430893748999,0.03596985712647438,0.3221174627542496,0.748107522726059,0.02254410833120346,3.9803363475511047,2.4047127768359804,0.44172726461964085,1000,5.753182127947131,5.039005169127909,-2.7296530476118726,277
cnn_deep_wide,fold8_poland,37,0.24074674567258558,False,15,0.0003,0.0003,2.2308231461793184,0.1716017804753322,0.6716431025415659,0.549493070691824,3.4522173888981342,1.1007429994642735,0.03610180877149105,0.32227641716599464,0.7476983591914177,0.022517913952469826,4.031985660733541,2.4028342009947377,0.4271448373453802,1000,5.941870604684155,5.23467724153432,-2.978309510063221,277
cnn_deep_wide,fold8_poland,38,0.23287324969728218,False,16,0.0003,0.0003,2.2513306215405464,0.17317927858004203,0.6719762124121189,0.5437414161860943,3.4673142693936825,1.11911616101861,0.036026982590556145,0.3220709078013897,0.7494632564485073,0.02311209961771965,3.7780821723684186,2.2739637521182656,0.49702120916243775,1000,5.41731223284064,4.645798324954382,-2.3068913236262945,277
cnn_deep_wide,fold8_poland,39,0.22956742262964286,False,17,0.0003,0.0003,2.2309732753783464,0.17161332887525743,0.6723711043596268,0.5441485866904259,3.44774510525167,1.1011281479150057,0.035842034965753555,0.3222076743841171,0.747898394241929,0.022425943985581398,3.7313435987757826,2.229010363114988,0.5093889124154967,1000,5.626322009010846,4.8853356151381275,-2.5669856045137296,277
cnn_deep_wide,fold8_poland,40,0.22063115382535559,False,18,0.0003,0.0003,2.229793544858694,0.1715225803737457,0.6729292739182711,0.5435355454683304,3.4465110041201115,1.1000269539654255,0.036064689978957176,0.32220500335097313,0.7474599797278643,0.022536614909768105,3.6645350047920404,2.2063611535698486,0.5268001234499241,1000,5.491136348304733,4.737148412166275,-2.3976343854283617,277
cnn_deep_wide,fold8_poland,41,0.21626534775112632,False,19,0.0003,0.0003,2.235282188281417,0.17194478371395513,0.6682490613311529,0.5429431740194559,3.446727614849806,1.1051332596689463,0.036031631752848625,0.3223012797534466,0.7479132749140263,0.02243679016828537,4.235176842699478,2.693262073487535,0.36795212993690707,1000,5.666334213503814,4.9425621918175,-2.617900021486236,277
cnn_deep_wide,fold8_poland,42,0.27042064950432054,False,20,0.0003,0.0003,2.2267839815467596,0.1712910755035969,0.6674785297363997,0.5431279242038727,3.437649168074131,1.0968868378549814,0.036156026646494865,0.3221801444888115,0.7476799581199884,0.022412709891796112,10.183161955214048,4.133132248145544,-2.654030561672106,1000,5.769352185594905,5.155481852396183,-2.7506478487932604,277
cnn_deep_wide,fold8_poland,43,0.26450416248083425,False,21,0.0003,0.0003,2.228107213973999,0.17139286261338454,0.6676417905837297,0.5441181659698486,3.4401295203715563,1.0984899587929249,0.03589393384754658,0.3222398366779089,0.747602816671133,0.022405527532100677,4.023904087413591,2.4766912722877503,0.4294389582631911,1000,5.403165054179907,4.722159391934143,-2.2896421440370727,277
cnn_deep_wide,fold8_poland,44,0.24613941781542545,False,22,0.0003,0.0003,2.230053223669529,0.17154255566688684,0.6703045535832644,0.5444615371525288,3.445068035274744,1.099991537630558,0.03605419769883156,0.3220364674925804,0.7480229549109936,0.02248109132051468,4.131321561710534,2.4598165406952206,0.3985702971972108,1000,5.525966386783816,4.834932701810655,-2.440873176362223,277
cnn_deep_wide,fold8_poland,45,0.2469003556056435,False,23,0.0003,0.0003,2.2259361911565065,0.1712258608581928,0.6710417028516531,0.5439061149954796,3.4411424715071917,1.0961424373090267,0.035788048058748245,0.32222479954361916,0.7478680033236742,0.022423289716243744,3.9993494151391693,2.4027658695310894,0.43638106888741546,1000,5.495027924907144,4.789161614390257,-2.402451909131762,277
cnn_deep_wide,fold8_poland,46,0.24455359405674457,False,24,0.0003,0.0003,2.251343000680208,0.17318023082155448,0.6711920239031315,0.5474906880408525,3.470275454223156,1.1206355467438698,0.03608996793627739,0.3220089003443718,0.7481784801930189,0.022864386439323425,3.9104804941302893,2.369960612404784,0.4611509501896418,1000,5.304732504606559,4.563893664024761,-2.170875323613856,277
cnn_deep_wide,fold8_poland,47,0.23853942728631672,False,25,0.0003,0.0003,2.268896294757724,0.1745304842121326,0.7097624633461237,0.549098601564765,3.528020318597555,1.1326644960790873,0.03599214926362038,0.32285534404218197,0.752278845757246,0.023613374680280685,3.905713521871433,2.3640129243007673,0.462463890036689,1000,5.439015084677614,4.706327845213067,-2.333440553162488,277
