station_code,country,land,lat,lon,fold,pollutant,true,pred
AD0942A,AD,,42.50969,1.53914,fold1_iberia,pm25,6.530256516739194,8.799789381661572
ES0001R,ES,,39.54694,-4.35056,fold1_iberia,pm25,8.071823233153939,4.734941976030316
ES0006R,ES,,39.87528,4.31639,fold1_iberia,pm25,4.417391409032867,3.8254494610310568
ES0010R,ES,,42.31917,3.31583,fold1_iberia,pm25,7.158415910931605,5.8101222944907445
ES0011R,ES,,38.47278,-6.92361,fold1_iberia,pm25,10.03999999490177,5.528145338114706
ES0012R,ES,,39.08278,-1.10111,fold1_iberia,pm25,5.696531888102402,6.972285136525089
ES0013R,ES,,41.23889,-5.8975,fold1_iberia,pm25,4.367231749677824,4.824301360018921
ES0014R,ES,,41.39389,0.73472,fold1_iberia,pm25,5.871257602138668,5.4159303134938055
ES0016R,ES,,42.63472,-7.70472,fold1_iberia,pm25,4.023121317928194,5.6939736387215225
ES0041A,ES,,43.25883,-2.94565,fold1_iberia,pm25,10.13084094422823,12.380294626055434
ES0094A,ES,,43.40556,-7.98889,fold1_iberia,pm25,5.256614538240563,5.411933829564421
ES0110A,ES,,43.30278,-2.97722,fold1_iberia,pm25,8.29836310403051,8.94789965606277
ES0118A,ES,,40.42167,-3.68222,fold1_iberia,pm25,10.008487275313685,11.204656339695338
ES0126A,ES,,40.39472,-3.73194,fold1_iberia,pm25,12.948717849169926,8.423091319422277
ES0201A,ES,,43.45,-7.84722,fold1_iberia,pm25,5.398169772827739,7.2461667906206175
ES0339A,ES,,43.687165,-7.506945,fold1_iberia,pm25,5.9164816307934975,6.603032676446509
ES0343A,ES,,43.6844,-7.4319,fold1_iberia,pm25,6.5210252990860464,5.803213032278709
ES0392A,ES,,41.39417,1.84028,fold1_iberia,pm25,10.512157537693874,6.044220729198102
ES0559A,ES,,41.38917,2.16528,fold1_iberia,pm25,15.405521531144366,13.935187717204077
ES0567A,ES,,41.38611,2.12167,fold1_iberia,pm25,11.892463707025433,15.080623747341724
ES0587A,ES,,43.32074,-3.11272,fold1_iberia,pm25,5.959809601855411,7.921488817845468
ES0691A,ES,,41.40417,2.20528,fold1_iberia,pm25,13.150285651798727,11.606997533440122
ES0692A,ES,,41.37194,2.11583,fold1_iberia,pm25,9.175135980014614,11.731277456043134
ES0805A,ES,,43.241105000000005,-2.883935,fold1_iberia,pm25,8.109898915139464,10.269306541056501
ES0825A,ES,,43.30639,-5.68972,fold1_iberia,pm25,8.192191924438703,11.500132241405483
ES0880A,ES,,43.5512,-5.9197,fold1_iberia,pm25,8.940944531247792,9.234097480559436
ES1037A,ES,,43.36764,-4.043195,fold1_iberia,pm25,8.203125063267965,8.867474369297375
ES1044A,ES,,41.67028,-0.87111,fold1_iberia,pm25,7.303960274255252,9.38900006702754
ES1096A,ES,,42.35194,-7.87694,fold1_iberia,pm25,19.329134923485245,11.704938190643205
ES1137A,ES,,42.21917,-8.74194,fold1_iberia,pm25,8.576424046934854,9.806349453860124
ES1138A,ES,,43.36778,-8.41889,fold1_iberia,pm25,8.785918066359452,7.92462517091282
ES1148A,ES,,41.43333,2.22,fold1_iberia,pm25,10.665358257363602,12.173716527601108
ES1161A,ES,,42.6039,-5.5872,fold1_iberia,pm25,8.68306849267215,6.804600269177908
ES1162A,ES,,41.31639,-4.90917,fold1_iberia,pm25,6.784844669995919,8.010497857240702
ES1181A,ES,,39.48111,-0.44722,fold1_iberia,pm25,12.097776637255325,10.23456040310419
ES1185A,ES,,39.66722,-0.23472,fold1_iberia,pm25,5.5673154343374645,7.902861877243691
ES1193A,ES,,40.42,-3.74917,fold1_iberia,pm25,6.017180281639929,5.82901729150007
ES1222A,ES,,41.69306,2.44194,fold1_iberia,pm25,7.801763018284594,9.281414716257242
ES1239A,ES,,39.45611,-0.37583,fold1_iberia,pm25,6.065852451608064,9.255542048623594
ES1244A,ES,,43.2675,-2.9352,fold1_iberia,pm25,8.09392414947538,10.039820194481491
ES1248A,ES,,42.4054,1.13,fold1_iberia,pm25,5.2158001854138005,9.927901878338533
ES1253A,ES,,38.09293,-3.78392,fold1_iberia,pm25,13.570283459497814,7.918067411883246
ES1262A,ES,,41.56199,2.10209,fold1_iberia,pm25,11.435747777164128,11.527260924017883
ES1269A,ES,,43.36686,-5.8321950000000005,fold1_iberia,pm25,11.984618218501852,10.603869976139892
ES1271A,ES,,43.539955000000006,-5.697505,fold1_iberia,pm25,11.409027206429117,10.606430475060549
ES1272A,ES,,43.53111,-5.70583,fold1_iberia,pm25,10.805862508974768,9.750635907751432
ES1349A,ES,,43.14407,-2.96337,fold1_iberia,pm25,8.4748365673995,8.424018497419004
ES1353A,ES,,43.29552,-5.681464999999999,fold1_iberia,pm25,9.898928333202406,11.950593068555458
ES1386A,ES,,40.01278,-0.05722,fold1_iberia,pm25,3.0341173559053014,6.5316492502981145
ES1418A,ES,,41.76278,-1.14333,fold1_iberia,pm25,10.114006512437863,6.2372743817204235
ES1421A,ES,,40.33639,-1.10667,fold1_iberia,pm25,8.87362633815193,9.832271679177005
ES1432A,ES,,43.17829,-6.54996,fold1_iberia,pm25,8.167237787555914,8.975394730875697
ES1438A,ES,,41.385705,2.15454,fold1_iberia,pm25,10.492013798640924,12.879093436254609
ES1440A,ES,,42.21028,-8.73694,fold1_iberia,pm25,10.756183423343652,9.62788685504606
ES1443A,ES,,42.33611,-3.63611,fold1_iberia,pm25,5.794428798778728,6.923960138082493
ES1445A,ES,,39.98194,0.01056,fold1_iberia,pm25,4.85521818676705,6.338919866845747
ES1472A,ES,,42.80661,-1.652195,fold1_iberia,pm25,12.256198421599471,10.886155344053847
ES1489A,ES,,42.87524,-3.231545,fold1_iberia,pm25,4.402880588396515,5.680237810003746
ES1490A,ES,,43.17222,-2.63583,fold1_iberia,pm25,9.151101320833764,8.326407521978847
ES1491A,ES,,43.406015,-2.703535,fold1_iberia,pm25,4.708046632302561,6.233548386533098
ES1492A,ES,,42.85556,-2.66806,fold1_iberia,pm25,7.874765815978056,10.60480186841662
ES1494A,ES,,43.32278,-1.96028,fold1_iberia,pm25,6.911456641516087,7.656874797213316
ES1497A,ES,,43.2675,-1.9777,fold1_iberia,pm25,7.607375107035047,8.378867062678735
ES1498A,ES,,43.13083,-2.07778,fold1_iberia,pm25,7.754153599767893,8.226980389965897
ES1499A,ES,,43.04822,-2.1912450000000003,fold1_iberia,pm25,9.859648461352865,9.457977694164185
ES1501A,ES,,43.18,-2.26806,fold1_iberia,pm25,7.631824707453818,8.230728121092744
ES1502A,ES,,42.85476,-2.68063,fold1_iberia,pm25,7.2187517480652446,9.053521090451428
ES1525A,ES,,40.44528,-3.70639,fold1_iberia,pm25,9.227409459893831,10.274317291558948
ES1529A,ES,,43.46778,-3.79028,fold1_iberia,pm25,7.380952401021734,8.132298577730113
ES1530A,ES,,43.006525,-4.13556,fold1_iberia,pm25,5.4531249735801595,8.912729237587682
ES1543A,ES,,40.735,-0.16944,fold1_iberia,pm25,2.8609026297931694,5.798522136015355
ES1544A,ES,,42.849085,-2.43546,fold1_iberia,pm25,7.750161448211639,6.7802604485076605
ES1559A,ES,,41.96028,3.03917,fold1_iberia,pm25,9.90902139374749,12.229396283590066
ES1563A,ES,,40.47925,-3.377865,fold1_iberia,pm25,10.757897655155276,10.565469962522787
ES1567A,ES,,40.33971,-3.745165,fold1_iberia,pm25,9.902090237795619,10.042296935301323
ES1572A,ES,,43.37278,-5.87278,fold1_iberia,pm25,5.96013863822533,7.071661597195284
ES1578A,ES,,43.38264,-3.220975,fold1_iberia,pm25,6.156249996670403,8.097352497114885
ES1595A,ES,,43.29846,-2.93038,fold1_iberia,pm25,8.061870775244696,8.444179427401098
ES1598A,ES,,43.212985,-3.13442,fold1_iberia,pm25,8.119774891829241,8.282747730502278
ES1599A,ES,,43.25056,-2.155,fold1_iberia,pm25,4.899206865976101,6.454607245880341
ES1601A,ES,,38.88763,-7.01145,fold1_iberia,pm25,8.417333281602042,5.381858080709956
ES1602A,ES,,42.46389,-2.42778,fold1_iberia,pm25,10.716965587529643,10.767987947432173
ES1616A,ES,,39.84917,-5.93972,fold1_iberia,pm25,6.721333388447889,5.651902392964398
ES1619A,ES,,39.47806,-0.36833,fold1_iberia,pm25,12.210210251179035,9.195220218466307
ES1631A,ES,,41.64556,-4.73028,fold1_iberia,pm25,9.299984435567517,7.984173098493998
ES1632A,ES,,41.62056,-4.74667,fold1_iberia,pm25,7.105269025326786,6.069866145918994
ES1636A,ES,,41.65611,-4.73389,fold1_iberia,pm25,9.098077960515557,8.872805760944285
ES1641A,ES,,41.63528,-0.89361,fold1_iberia,pm25,10.23529411524026,7.146412176362611
ES1642A,ES,,41.936185,2.2393,fold1_iberia,pm25,9.948967726220504,10.397494812272422
ES1649A,ES,,42.17583,-1.74333,fold1_iberia,pm25,7.322373267537539,6.261980620305256
ES1654A,ES,,37.99435,-5.66687,fold1_iberia,pm25,5.325514606177968,5.460706309105234
ES1670A,ES,,39.55861,-1.28139,fold1_iberia,pm25,4.788252238835744,7.853001301635034
ES1671A,ES,,39.70806,-0.83194,fold1_iberia,pm25,4.367222355996292,6.695270825269099
ES1673A,ES,,42.84361,-2.66139,fold1_iberia,pm25,9.344019121391998,10.653566532995598
ES1684A,ES,,41.49333,2.04361,fold1_iberia,pm25,9.265213356900093,8.031982281225812
ES1685A,ES,,40.05194,-0.18972,fold1_iberia,pm25,6.271420015576102,6.621682196211323
ES1687A,ES,,40.06222,0.07278,fold1_iberia,pm25,3.9615454319617394,5.790635196267715
ES1691A,ES,,39.93056,-0.60333,fold1_iberia,pm25,4.6809595597364,6.582144407270403
ES1697A,ES,,43.30944,-2.01111,fold1_iberia,pm25,6.434141061091997,7.9200850737105215
ES1712A,ES,,43.2984,-2.9871,fold1_iberia,pm25,8.21899376684197,8.541970464645331
ES1713A,ES,,43.255,-2.90222,fold1_iberia,pm25,7.980431368955702,8.167303874369827
ES1718A,ES,,38.1744,-3.01022,fold1_iberia,pm25,12.964912317114736,6.662133341405006
ES1746A,ES,,42.34167,-2.23167,fold1_iberia,pm25,5.832287918467989,5.704806882112574
ES1752A,ES,,40.455,-3.48417,fold1_iberia,pm25,10.157492103676864,10.379265573376026
ES1753A,ES,,42.34,-2.05972,fold1_iberia,pm25,6.929201117282425,6.593480104274644
ES1779A,ES,,42.43889,-2.25028,fold1_iberia,pm25,5.700964511199629,6.586080793429316
ES1798A,ES,,43.35417,-8.42472,fold1_iberia,pm25,10.084868765987869,7.941430716677348
ES1799A,ES,,37.89261,-4.76234,fold1_iberia,pm25,10.589062496780034,5.46076503791785
ES1802A,ES,,40.91028,-3.46667,fold1_iberia,pm25,5.829406278440019,4.841201138148331
ES1803A,ES,,40.63389,-4.01333,fold1_iberia,pm25,12.293874493265223,8.739817484687102
ES1809A,ES,,40.18528,-3.67972,fold1_iberia,pm25,11.418997889700853,9.281948526857876
ES1810A,ES,,40.25194,-4.27472,fold1_iberia,pm25,6.9588815882624315,6.6726601424900736
ES1811A,ES,,40.16722,-3.27667,fold1_iberia,pm25,9.28655897100438,7.700121385155997
ES1818A,ES,,39.86806,-4.02083,fold1_iberia,pm25,9.853750600377694,7.700582784757535
ES1828A,ES,,40.01061,3.85758,fold1_iberia,pm25,9.398244967810491,6.578949552703972
ES1836A,ES,,41.64222,-0.86194,fold1_iberia,pm25,8.535911708640606,7.262713077713595
ES1838A,ES,,40.59333,-3.50306,fold1_iberia,pm25,8.390527796972624,6.735597148294957
ES1851A,ES,,42.09778,1.84833,fold1_iberia,pm25,7.662378190350341,9.12738904785055
ES1856A,ES,,41.426105,2.1480300000000003,fold1_iberia,pm25,10.10068260540268,13.414315698548545
ES1857A,ES,,38.993895,-3.93779,fold1_iberia,pm25,7.150181765869786,5.91011234123692
ES1858A,ES,,40.06192,-2.12957,fold1_iberia,pm25,11.143809301665202,10.201055736341699
ES1867A,ES,,43.48056,-8.24139,fold1_iberia,pm25,6.163654077282503,7.061794155476716
ES1868A,ES,,42.87583,-8.55917,fold1_iberia,pm25,5.861956067929899,7.619120774836639
ES1869A,ES,,40.4303,-3.544115,fold1_iberia,pm25,9.824067074991591,10.438056755494118
ES1877A,ES,,39.94528,-0.05639,fold1_iberia,pm25,11.614986596216305,9.794719698578488
ES1884A,ES,,39.63417,-0.26583,fold1_iberia,pm25,7.2754477512594615,6.276783421601145
ES1885A,ES,,39.48028,-0.33639,fold1_iberia,pm25,10.732161964666908,8.83570266287453
ES1889A,ES,,40.96083,-5.63972,fold1_iberia,pm25,4.484416979069874,6.61922812481884
ES1890A,ES,,40.34194,-3.83389,fold1_iberia,pm25,11.09460531376186,9.451725549910355
ES1891A,ES,,41.599765000000005,2.2877150000000004,fold1_iberia,pm25,12.002623909780638,13.052341943450775
ES1901A,ES,,42.88778,-8.53083,fold1_iberia,pm25,7.182155982267047,10.641703166856589
ES1905A,ES,,42.99806,-7.55,fold1_iberia,pm25,7.572048666763301,9.44862304491237
ES1907A,ES,,43.30222,-8.50556,fold1_iberia,pm25,6.530567213737168,8.670612648730346
ES1911A,ES,,39.70528,-0.33667,fold1_iberia,pm25,3.416148805367857,6.9586811242178195
ES1912A,ES,,39.4575,-0.34278,fold1_iberia,pm25,10.48757842895225,9.935596799289476
ES1916A,ES,,39.99583,-0.065,fold1_iberia,pm25,14.691642531129661,9.198255769246204
ES1922A,ES,,42.0194,-4.5383,fold1_iberia,pm25,7.014921726842139,7.965145641204758
ES1926A,ES,,39.48111,-0.40833,fold1_iberia,pm25,9.670808212870888,9.627847101069303
ES1937A,ES,,40.39806,-3.68667,fold1_iberia,pm25,8.165796349690789,11.179854932270981
ES1938A,ES,,40.43972,-3.69028,fold1_iberia,pm25,9.617839994191604,12.079847820314972
ES1940A,ES,,40.46583,-3.68833,fold1_iberia,pm25,8.727459463532684,11.395581610256167
ES1943A,ES,,40.3847,-3.7186,fold1_iberia,pm25,9.778761834268295,10.861806874610098
ES1944A,ES,,40.49417,-3.66028,fold1_iberia,pm25,7.740149527358237,8.90524731420446
ES1957A,ES,,43.3825,-8.40889,fold1_iberia,pm25,11.850600847717146,6.888937858316345
ES1974A,ES,,43.51667,-5.67056,fold1_iberia,pm25,6.917122449638442,8.706914809388424
ES2005A,ES,,42.953605,-9.186105,fold1_iberia,pm25,9.912051809942007,7.662753739631036
ES2010A,ES,,41.63,-4.74056,fold1_iberia,pm25,8.91564082546572,7.003336507655398
ES2014A,ES,,42.061635,-7.408720000000001,fold1_iberia,pm25,4.252388511721705,6.2686417935147425
ES2018A,ES,,39.78222,-0.35917,fold1_iberia,pm25,5.993628045583251,6.552516536287585
ES2028A,ES,,40.31455,-3.716865,fold1_iberia,pm25,8.339673584245451,9.44277023759183
ES2039A,ES,,43.5197,-8.1502,fold1_iberia,pm25,5.992546751009247,6.854280874558832
ES2041A,ES,,41.91614,0.1911,fold1_iberia,pm25,10.010989002757078,8.306217134170625
ES2051A,ES,,43.4015,-5.8028,fold1_iberia,pm25,9.07336490510514,8.814778605511615
ES2054A,ES,,43.5705,-5.9583,fold1_iberia,pm25,6.015344554886891,8.272301770899219
ES2061A,ES,,42.425915,-8.644,fold1_iberia,pm25,5.045021025021774,11.034969275239892
ES2069A,ES,,43.5229,-5.6895,fold1_iberia,pm25,6.949857878732222,8.099047513517533
ES2070A,ES,,40.94667,-0.29083,fold1_iberia,pm25,7.176829346918053,7.5202429656503975
ES2084A,ES,,42.6563,-8.1071,fold1_iberia,pm25,4.686879745097407,8.573556277677252
ES2085A,ES,,42.0607,-7.7299,fold1_iberia,pm25,4.935266281450181,8.203486993587035
ES2089A,ES,,41.6752,-0.8869,fold1_iberia,pm25,7.061112466585612,9.036252157851967
ES2093A,ES,,40.8251,-3.9612,fold1_iberia,pm25,6.877799160579781,5.015289092751569
ES2094A,ES,,42.06,-1.601,fold1_iberia,pm25,6.764554345804186,10.48835137100517
ES2095A,ES,,39.44833,-0.37647,fold1_iberia,pm25,12.123422608026242,9.766873367851368
ES2101A,ES,,43.31217,-1.98083,fold1_iberia,pm25,7.744261055423611,8.188720906404646
ES2102A,ES,,43.1407,-8.0331,fold1_iberia,pm25,5.884557210956824,7.477512812504488
ES2103A,ES,,43.12518,-2.31811,fold1_iberia,pm25,9.46048786142161,5.2067575709586675
ES2118A,ES,,43.27379,-2.05051,fold1_iberia,pm25,7.284057806045916,7.842201253210309
ES2119A,ES,,43.26874,-2.01913,fold1_iberia,pm25,6.830729489750854,9.987733525521756
ES2120A,ES,,43.27209,-2.03131,fold1_iberia,pm25,7.720495009301444,7.944630909612624
ES2121A,ES,,43.2213,-2.02328,fold1_iberia,pm25,8.054469295614975,8.30152601714042
ES2125A,ES,,43.21901,-2.73453,fold1_iberia,pm25,9.276360367475426,8.63330911312706
ES2127A,ES,,43.33306,-3.04256,fold1_iberia,pm25,7.758425538327318,6.901056725834793
ES2129A,ES,,43.3621,-3.0228,fold1_iberia,pm25,8.014237882132393,6.399771821851171
ES2132A,ES,,43.5427,-5.7093,fold1_iberia,pm25,10.58925886144344,8.630234920856088
ES2133A,ES,,40.5684,-3.2702,fold1_iberia,pm25,7.544022496182377,7.400120361750271
ES2135A,ES,,38.6791,-4.1078,fold1_iberia,pm25,11.063039690610086,5.465308366485392
ES2137A,ES,,39.5769,-3.8652,fold1_iberia,pm25,6.206057253633547,5.84385656352487
ES2138A,ES,,38.9808,-1.8452,fold1_iberia,pm25,7.916577105647165,8.280332773807505
ES2140A,ES,,43.34305,-8.44914,fold1_iberia,pm25,7.5894063308465975,7.4262158403616585
ES2143A,ES,,43.6591,-7.3632,fold1_iberia,pm25,3.7396505211898208,6.375962762542629
ES2146A,ES,,39.9694,0.0089,fold1_iberia,pm25,6.321818129613786,7.365051922121247
ES2159A,ES,,40.4491,-3.8037,fold1_iberia,pm25,10.091323178239522,9.140933273514642
ES2160A,ES,,40.23356,-3.7694,fold1_iberia,pm25,11.240044291561944,11.558750426674157
ES2162A,ES,,41.35457,-1.65257,fold1_iberia,pm25,7.199413473807467,7.086130968437661
ES2163A,ES,,39.46922,-0.40605,fold1_iberia,pm25,13.265648091244723,10.564075361013886
ES2172A,ES,,42.9573,-7.5047,fold1_iberia,pm25,10.027908196312143,6.505818078861926
ES2176A,ES,,43.20364,-8.41414,fold1_iberia,pm25,6.096600060381195,5.764457922331316
ES2182A,ES,,42.71528,-7.44944,fold1_iberia,pm25,6.92765957505613,8.199395569620904
PT01048,PT,,41.37139,-7.79083,fold1_iberia,pm25,3.5767952477544993,6.409368047538173
PT02019,PT,,40.256665,-8.781255,fold1_iberia,pm25,7.5572895167925855,11.680330320059767
PT03063,PT,,38.61944,-9.08111,fold1_iberia,pm25,7.866525050159791,6.845251698295788
PT03071,PT,,38.769445000000005,-9.107645,fold1_iberia,pm25,8.393114480458351,9.874971769033747
PT03072,PT,,38.74861,-9.148895,fold1_iberia,pm25,7.837558860004074,10.815286682982004
PT03083,PT,,38.66361,-9.15778,fold1_iberia,pm25,4.812158980654047,9.282211997234185
PT03089,PT,,38.785,-9.34722,fold1_iberia,pm25,7.361763775298798,11.041922832698214
PT03092,PT,,38.48889,-8.960285,fold1_iberia,pm25,4.9937588953033245,5.764578371538102
PT03096,PT,,39.281945,-8.374035,fold1_iberia,pm25,5.204915850821832,5.146637161994866
PT03099,PT,,38.63556,-8.69056,fold1_iberia,pm25,5.331863316027568,11.473751945016353
PT03102,PT,,39.27833,-9.24583,fold1_iberia,pm25,6.422683594923441,6.110362863646277
PT04001,PT,,37.96042,-8.835695000000001,fold1_iberia,pm25,4.359435243407346,6.257046104000948
PT04003,PT,,37.86889,-8.72028,fold1_iberia,pm25,11.807548886220976,5.551131113049256
PT04006,PT,,38.615,-7.397505,fold1_iberia,pm25,5.242150312177212,5.204713269395951
PT05007,PT,,37.015,-7.926674999999999,fold1_iberia,pm25,2.9053246587877393,8.246001961326801
PT07002,PT,,37.75029,-25.66402,fold1_iberia,pm25,7.417541833988338,7.745110833283959
BELAL02,BE,,51.30505,4.23356,fold2_france,pm25,8.681218949154507,13.485224119879017
BELAL03,BE,,51.254235,4.20087,fold2_france,pm25,9.238707010028772,11.280987223507372
BELAL04,BE,,51.290945,4.292675,fold2_france,pm25,9.544191877259173,11.01436692526475
BELAL05,BE,,51.26365,4.27762,fold2_france,pm25,9.093057376347515,11.799090757004151
BELAT83,BE,,51.3398,4.30499,fold2_france,pm25,8.540394538538406,11.200745844943416
BELEG05,BE,,51.17405,3.78608,fold2_france,pm25,10.08962629347626,12.20948949021321
BELGK37,BE,,50.93175,5.52109,fold2_france,pm25,9.12164825856828,9.613465935787694
BELHB23,BE,,51.17029,4.34093,fold2_france,pm25,7.925452726055046,10.124328812187375
BELHH08,BE,,51.03158,5.37637,fold2_france,pm25,8.550181002499839,8.994547942521773
BELMN01,BE,,50.79355,3.10965,fold2_france,pm25,9.716976184977607,9.735847286364008
BELOB01,BE,,50.91714,3.3074,fold2_france,pm25,10.36288367777019,8.830176943132152
BELRL01,BE,,50.95337,3.12108,fold2_france,pm25,9.441992194751958,8.858520306028833
BELSA04,BE,,51.31474,4.40514,fold2_france,pm25,8.832178251904523,10.051205889429145
BELSZ05,BE,,50.91665,4.51518,fold2_france,pm25,8.387775166811306,12.885819482687559
BETAL09,BE,,51.21989,4.36846,fold2_france,pm25,8.718736639508565,12.379305744263478
BETAL10,BE,,51.21989,4.36846,fold2_france,pm25,9.297160705971041,12.379305744263478
BETB011,BE,,50.85781,4.28871,fold2_france,pm25,7.39546297245242,9.236883222239253
BETDU07,BE,,51.22635,4.44879,fold2_france,pm25,10.08139789113105,11.529204581355536
BETH201,BE,,50.62499,5.54746,fold2_france,pm25,6.07839569223688,7.621462626002146
BETM204,BE,,50.61192,5.61115,fold2_france,pm25,5.472364580135345,9.327263832300664
BETM705,BE,,50.94536,3.1524,fold2_france,pm25,9.874458271047748,9.515424848591833
BETM802,BE,,51.26099,4.4244,fold2_france,pm25,9.776273121463404,10.933066210165352
BETMEU1,BE,,50.895,4.39572,fold2_france,pm25,7.751953020144132,9.25054094657002
BETMK02,BE,,51.25051,4.42752,fold2_france,pm25,9.354446864858186,10.960717536679383
BETN012,BE,,51.25457,3.36254,fold2_france,pm25,8.98779207395998,9.473018472370963
BETN016,BE,,51.23365,5.16398,fold2_france,pm25,8.976011418348504,12.445315945566696
BETN029,BE,,51.01628,2.58232,fold2_france,pm25,8.190187599578195,12.416519814461369
BETN035,BE,,50.97758,4.83762,fold2_france,pm25,8.429980626778136,8.979602996537773
BETN043,BE,,50.88369,4.38298,fold2_france,pm25,6.942298047473933,10.759167982473807
BETN047,BE,,50.93554,5.35321,fold2_france,pm25,8.69070655994754,10.773551679373906
BETN052,BE,,50.81487,3.32249,fold2_france,pm25,9.092285143940522,9.28643982882045
BETN054,BE,,50.71171,5.10316,fold2_france,pm25,7.3277754634738645,8.814690555037679
BETN060,BE,,50.61671,3.45763,fold2_france,pm25,7.933713495928668,9.229634728974286
BETN064,BE,,50.72089,4.49436,fold2_france,pm25,7.838308050914827,8.784999651590901
BETN067,BE,,50.61284,5.99144,fold2_france,pm25,4.923455409253611,7.643824898619094
BETN070,BE,,50.46519,3.93971,fold2_france,pm25,8.123414946568925,8.901249978911252
BETN073,BE,,50.50272,4.98842,fold2_france,pm25,6.631973282839757,7.801273128598742
BETN085,BE,,50.30321,6.00174,fold2_france,pm25,3.3652250195964903,7.213476729474606
BETN093,BE,,50.27448,5.23517,fold2_france,pm25,4.924294725167713,7.8843213826514456
BETN100,BE,,50.09568,4.59476,fold2_france,pm25,4.143970770645696,6.76044765749856
BETN113,BE,,50.02703,5.59302,fold2_france,pm25,2.6093013133891456,5.310065159335561
BETN121,BE,,49.87713,5.20239,fold2_france,pm25,3.65486567561004,6.439769151478051
BETN132,BE,,49.71928,5.6304,fold2_france,pm25,4.01644621803198,6.021750979305712
BETR001,BE,,50.84971,4.3341,fold2_france,pm25,8.451866296979752,8.851618353046991
BETR012,BE,,50.79665,4.35862,fold2_france,pm25,6.980590916661752,9.190276371986068
BETR020,BE,,50.94139,4.43672,fold2_france,pm25,9.426401519820176,13.483877471206698
BETR215,BE,,50.72797,5.69015,fold2_france,pm25,6.957012977851402,10.331504971243481
BETR221,BE,,50.65844,5.62784,fold2_france,pm25,6.585254993256254,9.480227267788901
BETR222,BE,,50.61341,5.57022,fold2_france,pm25,6.280439393051234,8.915466756524781
BETR223,BE,,50.62067,5.5164,fold2_france,pm25,6.704483116840218,9.206836935529267
BETR237,BE,,50.65381,5.47038,fold2_france,pm25,6.3449236222935825,8.703003934803274
BETR240,BE,,50.58361,5.39745,fold2_france,pm25,6.461000401765379,8.819749364808718
BETR401,BE,,50.46243,4.86526,fold2_france,pm25,5.629607637318141,9.039111959350416
BETR501,BE,,50.40931,4.45217,fold2_france,pm25,6.3276207177528025,8.20378233435978
BETR502,BE,,50.429,4.45868,fold2_france,pm25,6.5510925623727605,8.284441918310549
BETR503,BE,,50.40919,4.44849,fold2_france,pm25,7.373234859576634,8.390092679425816
BETR510,BE,,50.41643,4.52113,fold2_france,pm25,6.4265052135502545,8.317251348028352
BETR511,BE,,50.37759,4.4247,fold2_france,pm25,6.1802059477415225,8.28632462591265
BETR512,BE,,50.40781,4.3959,fold2_france,pm25,7.08784356040778,8.54040548953095
BETR515,BE,,50.4516,4.42546,fold2_france,pm25,6.98930711817636,8.31547754010604
BETR516,BE,,50.46913,4.48496,fold2_france,pm25,6.067437171774892,8.734173232663029
BETR701,BE,,51.05845,3.72925,fold2_france,pm25,8.944574121089067,8.972111872164426
BETR702,BE,,51.0408,3.7348,fold2_france,pm25,8.758883270789456,9.38085338048506
BETR710,BE,,51.06128,3.77526,fold2_france,pm25,8.980095179286767,8.954888965645834
BETR740,BE,,51.15014,3.80874,fold2_france,pm25,10.761876114112965,11.525610571283371
BETR750,BE,,51.19606,3.82292,fold2_france,pm25,9.29615099669912,9.99260443230988
BETR801,BE,,51.20966,4.43182,fold2_france,pm25,9.290511476219999,9.989494469965745
BETR802,BE,,51.20944,4.43166,fold2_france,pm25,9.687418985018303,9.991140234829544
BETR803,BE,,51.22864,4.42848,fold2_france,pm25,9.696551302862344,10.201865505819995
BETR804,BE,,51.2062,4.442,fold2_france,pm25,9.166773476853454,11.628292360848901
BETR805,BE,,51.20825,4.42154,fold2_france,pm25,10.321517761212904,10.152582530924445
BETR817,BE,,51.17719,4.41796,fold2_france,pm25,9.05435319193841,10.842718858933978
BETR818,BE,,51.21223,4.35048,fold2_france,pm25,8.686574643405377,11.467350215641282
BETR823,BE,,51.21324,4.24049,fold2_france,pm25,8.699221570230032,9.39055721517715
BETR834,BE,,51.09282,4.38137,fold2_france,pm25,8.13466214591716,11.32055375895608
BETR842,BE,,51.02037,4.48326,fold2_france,pm25,8.775122650356382,10.057958986986467
BETREG1,BE,,50.84357,4.36701,fold2_france,pm25,7.967311392668529,9.078611032547252
BETZD01,BE,,51.2155,4.32592,fold2_france,pm25,9.29427035366387,9.688329054291188
BETZD08,BE,,51.22731,4.33152,fold2_france,pm25,8.814964709985693,11.278684925043901
FR01011,FR,,49.11944,6.18083,fold2_france,pm25,8.01300090876752,7.467766454883968
FR01020,FR,,49.35834,6.15694,fold2_france,pm25,7.0054319040831645,7.655879421638969
FR01065,FR,,49.16778,5.38746,fold2_france,pm25,7.564222585542412,8.899595996757384
FR02008,FR,,43.40195,4.98192,fold2_france,pm25,8.056584839269393,8.130210773259066
FR02009,FR,,43.39378,4.80102,fold2_france,pm25,7.42436442969478,7.264494100324916
FR02013,FR,,43.45893,4.93457,fold2_france,pm25,9.086471940613583,7.803302986483831
FR02020,FR,,43.5108,5.22005,fold2_france,pm25,9.129427250687897,7.822100813494894
FR02022,FR,,43.67511,4.62921,fold2_france,pm25,10.323604396023525,8.232284143046563
FR02041,FR,,43.639,5.1011,fold2_france,pm25,7.959308565055991,7.995831453419403
FR02043,FR,,43.41653,5.22228,fold2_france,pm25,9.832107402825015,8.573438708149776
FR03006,FR,,43.27645,5.39736,fold2_france,pm25,10.527139495978277,9.637751649014168
FR03014,FR,,43.34805,5.36012,fold2_france,pm25,8.975504522316486,9.065075330376532
FR03021,FR,,43.52407,5.44816,fold2_france,pm25,17.13611121955853,7.937599475576982
FR03027,FR,,43.3352,5.72737,fold2_france,pm25,7.138020490304764,5.5419138189015875
FR03029,FR,,43.53029,5.44091,fold2_france,pm25,7.574232257460881,7.789339884269355
FR03030,FR,,43.45358,5.46667,fold2_france,pm25,10.736700385623577,7.960821568232451
FR03043,FR,,43.30529,5.39472,fold2_france,pm25,8.58551838350195,9.403276625451404
FR03064,FR,,43.1359,6.01151,fold2_france,pm25,8.270200425579223,9.014928055249733
FR03070,FR,,43.43787,6.76839,fold2_france,pm25,7.821898936721905,8.111906656112975
FR03071,FR,,43.13111,5.92418,fold2_france,pm25,7.588164585130043,8.747379744915861
FR03080,FR,,43.94967,4.80434,fold2_france,pm25,9.330763793397143,8.733020836631196
FR03091,FR,,43.9314,4.82688,fold2_france,pm25,12.858914515421821,9.548164491996749
FR04002,FR,,48.93032,2.29435,fold2_france,pm25,9.257534726286499,13.745636655437282
FR04004,FR,,48.89167,2.34667,fold2_france,pm25,7.560457725082367,8.530289499789577
FR04024,FR,,48.99083,2.44472,fold2_france,pm25,7.761727871816318,9.73236703544765
FR04031,FR,,48.86883,2.311585,fold2_france,pm25,9.161509248261106,9.501123309736533
FR04034,FR,,48.7759,2.37579,fold2_france,pm25,8.52469013696496,10.108532321132142
FR04048,FR,,49.10028,2.34389,fold2_france,pm25,6.430594120183681,8.052028347996508
FR04055,FR,,48.86212,2.34462,fold2_france,pm25,9.69521697844894,8.808231143190083
FR04058,FR,,48.92528,2.35667,fold2_france,pm25,13.713617818213134,10.32190383165597
FR04066,FR,,48.36417,2.23694,fold2_france,pm25,6.843961652117269,9.288904017092634
FR04122,FR,,48.52806,2.65361,fold2_france,pm25,9.579883200939298,7.7569195349022335
FR04131,FR,,48.87333,2.33028,fold2_france,pm25,7.963950120628499,8.536319880253078
FR04150,FR,,48.89139,2.24056,fold2_france,pm25,8.234287763536743,10.902627815888556
FR04156,FR,,48.9025,2.4525,fold2_france,pm25,7.812827972092572,10.75083532990811
FR04173,FR,,48.8059,3.08416,fold2_france,pm25,8.899413534838564,8.462592046031354
FR04180,FR,,48.64093,2.26872,fold2_france,pm25,11.75976227629491,9.935625606955865
FR04181,FR,,48.63373,1.83053,fold2_france,pm25,7.392428263935373,10.95942904056726
FR04328,FR,,48.3547,2.6453,fold2_france,pm25,5.6765301456065105,7.791052472947863
FR04329,FR,,48.83862,2.41278,fold2_france,pm25,10.549255384144173,11.548242126772992
FR05087,FR,,49.49842,0.7587,fold2_france,pm25,9.133703907541449,7.465079861899907
FR05089,FR,,49.50019,0.1109,fold2_france,pm25,8.456207933559023,8.733954965068937
FR05090,FR,,49.51469,0.10065,fold2_france,pm25,8.83306358389256,9.330000773185139
FR06003,FR,,50.37822,3.06586,fold2_france,pm25,9.616519567517143,10.423166693226465
FR06006,FR,,50.36425,3.52273,fold2_france,pm25,9.485899264058993,9.107077108487386
FR06011,FR,,50.32276,3.39593,fold2_france,pm25,9.34472591458994,9.726167942962272
FR06133,FR,,50.09225,3.85003,fold2_france,pm25,8.230834517709656,7.8168861259293765
FR07004,FR,,45.79728,3.11383,fold2_france,pm25,6.535997149134305,10.545796761927987
FR07022,FR,,46.65267,3.60067,fold2_france,pm25,5.815687458847706,6.375770482229873
FR07031,FR,,45.10472,3.27736,fold2_france,pm25,3.647047430050857,5.5458139026247375
FR07051,FR,,45.769,3.155,fold2_france,pm25,6.326298505300245,7.5023056114870394
FR07052,FR,,44.92008,2.44108,fold2_france,pm25,5.198422934346482,6.549421316897161
FR07057,FR,,46.56197,3.34064,fold2_france,pm25,7.757608192788767,6.895408375563937
FR07058,FR,,46.34072,2.59395,fold2_france,pm25,7.281395794993349,6.914940377654944
FR07059,FR,,46.13043,3.42569,fold2_france,pm25,7.106229885230177,11.380744692684079
FR08016,FR,,43.5915,3.88681,fold2_france,pm25,9.295299258670003,10.309670052847041
FR08020,FR,,43.6758,4.08838,fold2_france,pm25,7.427470607686081,8.62204309984533
FR08030,FR,,43.6096,3.89878,fold2_france,pm25,8.666280948490211,9.687371478486007
FR08614,FR,,43.8344,4.3744,fold2_france,pm25,8.11350821084152,8.435539643728376
FR08714,FR,,42.6955,2.90053,fold2_france,pm25,7.631736470557328,8.784031665566971
FR09003,FR,,46.16265,-1.15368,fold2_france,pm25,6.069542445424238,6.387741068900091
FR09103,FR,,45.64743,0.16716,fold2_france,pm25,7.080836744069239,6.784309604637428
FR09203,FR,,46.16163,-1.21123,fold2_france,pm25,7.448560537403216,6.9425099896473
FR09302,FR,,46.14323,-0.39591,fold2_france,pm25,6.346574544269101,7.182411845462694
FR09303,FR,,46.32003,-0.48286,fold2_france,pm25,7.1262323004874215,6.737412927316549
FR09404,FR,,46.584,0.34558,fold2_france,pm25,7.609638965050875,6.964089346938901
FR10004,FR,,51.04858,2.42004,fold2_france,pm25,10.145759327449875,10.1696532349476
FR10016,FR,,50.94729,1.84308,fold2_france,pm25,9.359292491549398,10.224338354241619
FR10017,FR,,51.03276,2.33236,fold2_france,pm25,9.946705035381058,11.234804673994859
FR10030,FR,,50.71703,1.60591,fold2_france,pm25,9.799518162938357,8.797502695401745
FR10132,FR,,50.61048,1.99145,fold2_france,pm25,8.011841041167564,7.680977563854555
FR11038,FR,,50.73333,3.17361,fold2_france,pm25,9.970275069548975,8.811582018086321
FR12004,FR,,43.57569,1.41806,fold2_france,pm25,8.204649668028136,12.60179883152008
FR12020,FR,,43.6287,0.17907,fold2_france,pm25,5.165671927670784,6.727419578315373
FR12021,FR,,43.62361,1.43853,fold2_france,pm25,7.623981274093367,8.256832389484888
FR12030,FR,,43.58735,1.444,fold2_france,pm25,7.650222852819198,7.129062816857992
FR12042,FR,,43.09625,-0.0405,fold2_france,pm25,7.267641253890823,7.535280956739721
FR12052,FR,,43.2303,0.06234,fold2_france,pm25,8.956675034930454,6.932679393665877
FR12053,FR,,43.6105,2.23015,fold2_france,pm25,8.54142352716222,9.248179910968503
FR12054,FR,,43.64394,1.46824,fold2_france,pm25,8.525019464206691,9.814042275906237
FR12085,FR,,43.61039,1.4152,fold2_france,pm25,10.263554535867494,10.182192231667136
FR12095,FR,,44.35699,2.5707,fold2_france,pm25,6.23762573828208,6.84531772879634
FR14008,FR,,49.90778,4.63,fold2_france,pm25,6.253947815386156,6.318806128366966
FR14011,FR,,49.25073,4.02306,fold2_france,pm25,7.615330763174219,8.694481189789709
FR14012,FR,,49.22417,4.02056,fold2_france,pm25,9.139415300549933,9.21693632987687
FR14028,FR,,49.0461,3.95591,fold2_france,pm25,6.559738660539771,7.972384997532066
FR14033,FR,,48.295,4.05028,fold2_france,pm25,5.932301338700868,15.338615828786882
FR14042,FR,,48.64584,4.96611,fold2_france,pm25,6.945662232907718,7.183119851699065
FR15038,FR,,45.1828,5.7531,fold2_france,pm25,9.96406029128114,10.662022596226107
FR15043,FR,,45.1619,5.7356,fold2_france,pm25,9.050380598521272,9.880170977474018
FR15048,FR,,45.2797,5.8822,fold2_france,pm25,9.475824810233853,10.48545174564261
FR15053,FR,,45.15467,5.74523,fold2_france,pm25,9.608914045569978,11.153916669416546
FR16066,FR,,47.73742,7.30908,fold2_france,pm25,8.626749869684271,8.062562328399217
FR16302,FR,,48.49299,7.1298,fold2_france,pm25,4.233481104231003,6.270631822100286
FR18039,FR,,50.12945,1.61083,fold2_france,pm25,8.79330129143679,8.125298300782026
FR18042,FR,,49.85133,3.284,fold2_france,pm25,9.086063290251488,7.6763966346963235
FR18043,FR,,49.25955,2.4744,fold2_france,pm25,8.854467433685306,8.114290511281318
FR18053,FR,,49.90167,2.3046,fold2_france,pm25,8.147181991125166,7.488277799341075
FR18057,FR,,49.17493,3.26082,fold2_france,pm25,8.020096892465064,8.184336986989447
FR18058,FR,,49.61563,1.96326,fold2_france,pm25,8.300293607797796,7.2113209260012585
FR18080,FR,,49.84282,3.28144,fold2_france,pm25,10.100717206984452,8.258544795106413
FR18089,FR,,49.43593,2.08429,fold2_france,pm25,10.07299578345419,7.675324438040092
FR19002,FR,,48.10861,-1.66586,fold2_france,pm25,7.6840856541540346,7.591229319938324
FR19012,FR,,48.38618,-4.4866,fold2_france,pm25,7.962562735526068,6.664197862850825
FR19014,FR,,48.39746,-4.48871,fold2_france,pm25,7.838276829560991,6.319084716987921
FR19020,FR,,48.26196,-2.94363,fold2_france,pm25,5.374295713307319,6.353121171098825
FR19032,FR,,47.7425,-3.39501,fold2_france,pm25,7.685838006734979,5.751913417415385
FR19033,FR,,47.64892,-2.76399,fold2_france,pm25,7.826339507838599,6.534417464109114
FR19037,FR,,47.75895,-3.36938,fold2_france,pm25,8.138652102380266,6.884365867434607
FR19039,FR,,48.11521,-1.67309,fold2_france,pm25,8.185233081567757,7.052735905331603
FR19053,FR,,47.98661,-4.09766,fold2_france,pm25,6.874093035471842,7.742518092430332
FR19061,FR,,48.51351,-2.74953,fold2_france,pm25,6.58738933372965,7.052144836516111
FR19082,FR,,48.65306,-2.00268,fold2_france,pm25,7.9799907955473675,9.3593116421386
FR20013,FR,,45.72002,4.81816,fold2_france,pm25,11.031941509150359,10.672698930007906
FR20017,FR,,45.73529,4.82979,fold2_france,pm25,10.001421887841728,9.593132545352995
FR20048,FR,,45.7533,5.0722,fold2_france,pm25,8.64506854621914,8.768963762027173
FR20062,FR,,45.75773,4.85421,fold2_france,pm25,9.518655087113501,9.891731794565983
FR20077,FR,,45.99011,4.71557,fold2_france,pm25,9.03593093527524,6.965181522764448
FR21001,FR,,49.19222,-0.39111,fold2_france,pm25,6.888485799946503,8.116917547138804
FR21031,FR,,48.44555,0.11083,fold2_france,pm25,6.821870613512295,7.003915700485177
FR21038,FR,,49.64225,-1.62436,fold2_france,pm25,7.901841840192518,7.711145860191186
FR21039,FR,,49.63389,-1.62472,fold2_france,pm25,6.474146187638705,8.995328193675258
FR21050,FR,,48.645,-0.45833,fold2_france,pm25,5.691962261682984,6.411945279278086
FR22054,FR,,49.18742,6.91087,fold2_france,pm25,6.7417500473884555,7.395914734910547
FR23003,FR,,47.3227,-2.03924,fold2_france,pm25,7.252752687515683,7.190601192351113
FR23068,FR,,47.24735,-1.93652,fold2_france,pm25,7.218863543662484,7.0789836183970865
FR23070,FR,,47.28313,-1.78308,fold2_france,pm25,6.83122966810033,6.924132796626602
FR23107,FR,,47.25278,-1.57333,fold2_france,pm25,7.488143578227509,7.626039068323793
FR23110,FR,,47.26411,-2.25015,fold2_france,pm25,7.521424796163133,9.559391595177509
FR23120,FR,,47.4685,-0.55593,fold2_france,pm25,7.4277409301188575,7.163128364423852
FR23123,FR,,48.0693,-0.76813,fold2_france,pm25,7.6736933948404245,7.323996608839118
FR23124,FR,,46.65662,-0.74338,fold2_france,pm25,6.6569895999267406,6.722005919247775
FR23152,FR,,46.66065,-1.43686,fold2_france,pm25,7.465773977247265,7.980410770566725
FR23177,FR,,47.78833,-0.44476,fold2_france,pm25,6.985586361867145,7.907324181563533
FR23178,FR,,47.31889,-2.06688,fold2_france,pm25,6.410487918350521,7.241116779611049
FR23182,FR,,47.97115,0.22136,fold2_france,pm25,7.269209987301634,6.580024311269987
FR23188,FR,,47.22219,-1.53743,fold2_france,pm25,7.59298825505218,6.803870673686617
FR23238,FR,,47.19416,-1.58169,fold2_france,pm25,8.009822056745875,8.814109446886606
FR23239,FR,,47.18594,-1.5915,fold2_france,pm25,8.419172634965225,8.829889065683568
FR23249,FR,,47.32113,-2.12734,fold2_france,pm25,7.401277258587618,6.442888408984296
FR23251,FR,,47.23356,-1.56481,fold2_france,pm25,8.60112857876029,6.8014676422684
FR23252,FR,,48.07104,-0.76699,fold2_france,pm25,6.902154873018684,7.2923931002244045
FR24009,FR,,43.55839,7.00592,fold2_france,pm25,8.911877976277738,9.316320918072702
FR24018,FR,,43.83578,5.78613,fold2_france,pm25,7.581698973793935,7.376214598951354
FR24021,FR,,43.78658,7.37328,fold2_france,pm25,10.832026620019024,11.020078821072005
FR24033,FR,,44.5552,6.07302,fold2_france,pm25,10.468571535303541,14.39769377393529
FR24035,FR,,43.68929,7.24207,fold2_france,pm25,9.352591808959906,10.296101983872873
FR24036,FR,,43.70208,7.28626,fold2_france,pm25,9.203582322659646,9.734324506881485
FR24038,FR,,44.54865,6.06724,fold2_france,pm25,9.071532278886888,14.964570017887235
FR24039,FR,,43.93348,5.71181,fold2_france,pm25,4.267820942269669,5.3353632538067215
FR25036,FR,,49.44236,1.09379,fold2_france,pm25,9.02431762438911,8.41588844314811
FR25039,FR,,49.02134,1.14832,fold2_france,pm25,7.283720190899369,8.927668462411289
FR25043,FR,,49.4005,1.09904,fold2_france,pm25,8.172874388352847,8.10669029502197
FR25049,FR,,49.30487,1.21437,fold2_france,pm25,7.7891989918366225,8.112420996052082
FR25051,FR,,49.91801,1.07397,fold2_france,pm25,10.12221179410154,9.368984886235893
FR25053,FR,,49.4367,1.09884,fold2_france,pm25,8.49665267018441,9.010678004601337
FR25055,FR,,49.92049,1.04789,fold2_france,pm25,8.022668699820747,7.074426074260954
FR26005,FR,,47.30737,5.06588,fold2_france,pm25,6.223207471577141,8.384932133616408
FR26012,FR,,47.27476,4.09948,fold2_france,pm25,4.310619993245144,5.390570709729937
FR26017,FR,,46.99683,3.17109,fold2_france,pm25,5.71319149603155,7.01186919754546
FR26019,FR,,47.80058,3.57619,fold2_france,pm25,7.3097493715087545,10.551673839831798
FR26094,FR,,47.35137,5.07071,fold2_france,pm25,6.769093412756423,8.533596683391067
FR27007,FR,,45.60822,5.27087,fold2_france,pm25,8.044117089313799,11.7494130638813
FR27011,FR,,45.34408,4.80748,fold2_france,pm25,9.63457680284305,8.963052692650686
FR28010,FR,,50.44914,2.9,fold2_france,pm25,7.54891920644285,9.278690830994124
FR28022,FR,,50.30886,2.80737,fold2_france,pm25,7.489748260306607,9.106253128278325
FR28028,FR,,50.53539,2.63569,fold2_france,pm25,8.526686994928667,8.74738905214126
FR29424,FR,,45.42009,4.39542,fold2_france,pm25,8.148365231095033,10.636989662998223
FR29426,FR,,45.47533,4.515,fold2_france,pm25,8.86627216052768,13.653183252685814
FR30019,FR,,48.17265,6.45282,fold2_france,pm25,8.308861204530007,6.37989255354184
FR30026,FR,,48.58482,6.4839,fold2_france,pm25,8.241098550365395,7.8880336029911176
FR30033,FR,,49.06583,5.78556,fold2_france,pm25,8.144190980940259,6.846066281668639
FR30034,FR,,48.68817,6.19043,fold2_france,pm25,8.1412821389607,11.608471690707661
FR30036,FR,,48.69708,6.15419,fold2_france,pm25,8.63796903087585,8.029689561038719
FR31002,FR,,44.80046,-0.5894,fold2_france,pm25,8.158656856550069,6.449628699090657
FR31007,FR,,44.90029,-0.51584,fold2_france,pm25,8.590347237017228,6.265394641260488
FR31013,FR,,43.3108,-0.39154,fold2_france,pm25,7.53296259798551,7.313075342682981
FR31017,FR,,43.49404,-1.52875,fold2_france,pm25,13.424702384683686,5.894918723779295
FR31033,FR,,45.18982,0.72718,fold2_france,pm25,7.772313993088751,6.643996376167821
FR31043,FR,,43.47024,-1.55388,fold2_france,pm25,5.501036164113646,5.94352686795794
FR31045,FR,,44.83382,-0.59853,fold2_france,pm25,7.765772618848254,7.555921050891169
FR31055,FR,,43.88897,-0.50703,fold2_france,pm25,8.761931623054537,6.448498083997374
FR32001,FR,,46.78231,4.84732,fold2_france,pm25,8.402649401887524,6.77103758010819
FR32002,FR,,46.82106,4.83508,fold2_france,pm25,7.272356207827985,8.552336891708288
FR32005,FR,,46.67878,4.36689,fold2_france,pm25,7.072099395314754,6.941894447162208
FR32006,FR,,46.31617,4.83999,fold2_france,pm25,6.179472879951512,8.435627327155593
FR33101,FR,,45.56472,5.92833,fold2_france,pm25,7.636141374613624,9.19300208386252
FR33121,FR,,45.675,6.38972,fold2_france,pm25,8.422609536188224,10.315583569704362
FR33201,FR,,45.89528,6.11833,fold2_france,pm25,7.942851352066538,8.589684485419328
FR33211,FR,,46.19583,6.24056,fold2_france,pm25,8.109985251985089,9.686687780234125
FR33212,FR,,46.19364,6.21453,fold2_france,pm25,8.403892442421743,12.631049469083115
FR33220,FR,,45.92361,6.71361,fold2_france,pm25,12.790952757690036,14.049613668804145
FR33305,FR,,46.21167,5.22639,fold2_france,pm25,7.551971799289996,7.862983500540201
FR34024,FR,,47.34414,0.65378,fold2_france,pm25,7.106089716648248,11.75504388334678
FR34028,FR,,47.39464,0.70486,fold2_france,pm25,6.8608422776606455,10.595400033039494
FR34029,FR,,47.83775,1.94467,fold2_france,pm25,6.940729990086507,8.091903279190312
FR34032,FR,,47.08278,2.40533,fold2_france,pm25,7.113431055559308,6.589378030001137
FR34038,FR,,46.81469,2.61007,fold2_france,pm25,5.477569174429958,6.066431811999437
FR34041,FR,,48.44442,1.51014,fold2_france,pm25,7.263272358766912,8.9989265190627
FR34046,FR,,48.72969,1.35847,fold2_france,pm25,7.0262745842320005,7.504672886733267
FR34048,FR,,48.44916,1.49247,fold2_france,pm25,6.3352192978714585,7.681875551002788
FR34051,FR,,46.79828,1.69314,fold2_france,pm25,6.967611981437969,6.5731438038540855
FR34061,FR,,47.59426,1.30267,fold2_france,pm25,7.016916698616246,8.936309589941766
FR34063,FR,,47.58654,1.32653,fold2_france,pm25,6.6420165649688165,7.484885215454509
FR34064,FR,,48.00694,2.74011,fold2_france,pm25,6.916817361630204,7.002454080614211
FR34066,FR,,48.00145,2.72618,fold2_france,pm25,6.871569779260313,10.3081359489826
FR34067,FR,,47.9103,1.87343,fold2_france,pm25,8.717967892962685,7.680163074480641
FR35007,FR,,45.87331,1.30792,fold2_france,pm25,9.756946996437089,6.312975137818722
FR35027,FR,,45.8422,1.25969,fold2_france,pm25,6.717573004696016,6.39658690208788
FR36002,FR,,44.93351,4.89348,fold2_france,pm25,9.726118388966286,11.073679581497691
FR36019,FR,,45.0425,5.0443,fold2_france,pm25,11.075164188597531,13.494079738155149
FR36021,FR,,44.56944,5.27897,fold2_france,pm25,4.823279565149778,8.163488605883389
FR41001,FR,,41.92469,8.73569,fold2_france,pm25,9.140261607232576,8.1626574686663
FR41002,FR,,42.69792,9.44642,fold2_france,pm25,7.387016931420275,8.75358269983906
FR41017,FR,,42.67133,9.43464,fold2_france,pm25,8.136610706854096,8.174754043711236
FR41024,FR,,42.23603,9.19003,fold2_france,pm25,4.116580012160043,5.586792919050386
FR42010,FR,,48.57281,7.76783,fold2_france,pm25,9.351613583891146,6.964451866479544
FR42011,FR,,48.81835,7.78641,fold2_france,pm25,7.943177271753184,7.756984080755366
FR50060,FR,,44.01286,1.37531,fold2_france,pm25,8.27591214517193,9.622370369645282
FR50225,FR,,43.61161,3.82787,fold2_france,pm25,13.472348080628665,9.48102740525888
FR82006,FR,,47.2474,6.01542,fold2_france,pm25,6.279723561022523,6.185887978575683
FR82010,FR,,47.51031,6.794,fold2_france,pm25,9.000102094831345,6.7864443988926535
FR82040,FR,,47.09672,5.49639,fold2_france,pm25,7.769587574491982,6.822019879208349
FR82050,FR,,46.67132,5.55662,fold2_france,pm25,5.541840338660793,7.309912303661651
FR82060,FR,,47.62002,6.15764,fold2_france,pm25,7.090162265543673,6.983023132634726
FR82070,FR,,47.35129,6.35972,fold2_france,pm25,7.395095771849378,7.654206360656082
LU0101A,LU,,49.59801,6.137825,fold2_france,pm25,7.424579137997662,7.757939422180776
LU0102A,LU,,49.50528,5.97668,fold2_france,pm25,7.6015397640530775,11.477297821142727
LU0105A,LU,,49.72226,6.30533,fold2_france,pm25,7.116976806356449,7.098182717787769
LU0109A,LU,,49.61157,6.11847,fold2_france,pm25,7.782848092357698,7.8097074375705775
NL00007,NL,,52.38111,4.84501,fold2_france,pm25,8.874215282095076,8.973977150760549
NL00012,NL,,52.39,4.88806,fold2_france,pm25,8.465266486868787,10.318525993717994
NL00014,NL,,52.36,4.8089,fold2_france,pm25,8.727544715883909,11.398625075606931
NL00016,NL,,52.393515,4.87008,fold2_france,pm25,8.557732612095212,9.299550230020035
NL00017,NL,,52.35806,4.9,fold2_france,pm25,10.081590353231512,9.619422347733972
NL00131,NL,,51.54052,5.85309,fold2_france,pm25,8.785189954035724,9.874394693862493
NL00136,NL,,50.88796,5.97053,fold2_france,pm25,7.444362544062571,9.830539596221723
NL00138,NL,,50.90032,5.98685,fold2_france,pm25,7.717752603941532,10.174282488578022
NL00230,NL,,51.51894,5.148675000000001,fold2_france,pm25,10.815766853345748,10.346733435382909
NL00240,NL,,51.59354,4.82499,fold2_france,pm25,8.414217559078883,9.900243955967722
NL00241,NL,,51.603205,4.780935,fold2_france,pm25,9.877986233996198,10.897885410731732
NL00247,NL,,51.40737,5.39333,fold2_france,pm25,9.803150668377844,9.321996959880925
NL00404,NL,,52.07715,4.28919,fold2_france,pm25,7.860677979116891,10.560611086961257
NL00418,NL,,51.91423,4.48,fold2_france,pm25,7.980246827454914,9.598627633355227
NL00444,NL,,52.29656,4.51082,fold2_france,pm25,7.587770220597638,9.73481868360317
NL00449,NL,,51.91488,4.32943,fold2_france,pm25,9.284814202635905,12.45081319704763
NL00450,NL,,52.06254,4.31855,fold2_france,pm25,9.699842698300658,10.418361737654868
NL00485,NL,,51.86676,4.35526,fold2_france,pm25,8.530045143083663,10.22503057019884
NL00487,NL,,51.89115,4.48069,fold2_france,pm25,9.474510455583776,9.286193952643275
NL00488,NL,,51.89363,4.48753,fold2_france,pm25,8.63105736464155,10.459282913710618
NL00489,NL,,51.86943,4.58006,fold2_france,pm25,8.690705137344558,10.507648238935115
NL00491,NL,,51.93859,4.43071,fold2_france,pm25,8.796633647140935,12.694341391753149
NL00493,NL,,51.92711,4.46134,fold2_france,pm25,8.369808619727447,9.75318632684626
NL00494,NL,,51.92125,4.40139,fold2_france,pm25,8.790007008803718,11.428938802850334
NL00495,NL,,51.93204,4.22803,fold2_france,pm25,7.974487878378755,10.582721883787373
NL00496,NL,,51.97783,4.1219,fold2_france,pm25,8.988457341442095,10.139839252248011
NL00538,NL,,52.80366,5.05051,fold2_france,pm25,7.34652182176204,9.652406973608281
NL00551,NL,,52.46302,4.60192,fold2_france,pm25,8.151879063663623,10.952165211280867
NL00553,NL,,52.494,4.60238,fold2_france,pm25,8.554342326181557,9.895077496371428
NL00556,NL,,52.56359,4.8617,fold2_france,pm25,6.5072011085113814,8.938262406103027
NL00561,NL,,52.33362,4.77347,fold2_france,pm25,8.561081499325988,12.36026718316035
NL00570,NL,,52.48927,4.64054,fold2_france,pm25,9.61584913344343,10.813480689566285
NL00572,NL,,52.4744,4.62853,fold2_france,pm25,11.078642426683421,9.861960298872035
NL00573,NL,,52.478,4.57877,fold2_france,pm25,12.613149619000712,10.0978658885388
NL00636,NL,,52.10506,5.12446,fold2_france,pm25,9.366706058257925,9.606804484940069
NL00641,NL,,52.20153,4.98744,fold2_france,pm25,10.24516513197722,9.02245480524932
NL00643,NL,,52.10133,5.12821,fold2_france,pm25,9.55061344723732,10.023620076270014
NL00644,NL,,51.97449,4.9233,fold2_france,pm25,9.443185588950264,10.958152121840383
NL00701,NL,,52.45,4.81667,fold2_france,pm25,8.196569224936132,10.753170658785919
NL00703,NL,,52.399285,4.7292950000000005,fold2_france,pm25,8.153389300786433,9.59539957503953
NL00704,NL,,52.43,4.77,fold2_france,pm25,7.5012004291544585,11.520929629254749
NL00738,NL,,52.11162,5.70842,fold2_france,pm25,8.0045370360857,8.910873157910705
NL00741,NL,,51.84138,5.85778,fold2_france,pm25,10.652229823119047,10.150537352090188
NL00742,NL,,51.83822,5.85694,fold2_france,pm25,8.551209303886697,9.553147474244502
NL00821,NL,,52.2345,6.91949,fold2_france,pm25,7.005647684962775,8.94827481698653
NL00934,NL,,53.33043,6.27694,fold2_france,pm25,6.532215100656203,9.04856066109527
NL00937,NL,,53.21783,6.5789,fold2_france,pm25,8.0258802395294,8.826948314980328
NL00938,NL,,53.24653,6.60894,fold2_france,pm25,7.169024221565132,8.767217875300187
NL01497,NL,,51.93352,3.99972,fold2_france,pm25,7.656129649931768,9.291956969624009
NL01912,NL,,51.86169,4.56377,fold2_france,pm25,8.504342613865905,10.314910480185295
NL01913,NL,,51.27938,3.83859,fold2_france,pm25,9.84580228348296,13.773141834143235
NL10248,NL,,51.69816,5.54332,fold2_france,pm25,10.147642208696245,11.362912740448335
NL49557,NL,,52.49005,4.59931,fold2_france,pm25,10.206921126236146,9.592495015228993
IT0459A,IT,,43.59889,13.34194,fold3_italy,pm25,20.76945117130578,11.121694479810483
IT0460A,IT,,43.52694,13.245,fold3_italy,pm25,13.25414484662915,12.385242751597213
IT0461A,IT,,43.63334,13.3875,fold3_italy,pm25,16.80405476039665,10.832047349278502
IT0470A,IT,,45.10361,7.695,fold3_italy,pm25,20.06818192654986,14.327276713108578
IT0477A,IT,,45.49556,9.19139,fold3_italy,pm25,20.40608652402196,16.366653820467743
IT0480A,IT,,45.53389,9.23639,fold3_italy,pm25,20.636416151837132,17.176667117717717
IT0499A,IT,,46.61944,10.85917,fold3_italy,pm25,10.814289813695382,9.052685063040217
IT0591A,IT,,45.89306,11.03639,fold3_italy,pm25,13.08090345868178,15.543518766413257
IT0594A,IT,,45.54083,10.22361,fold3_italy,pm25,15.202752124197056,12.615414756885619
IT0663A,IT,,45.71444,11.36861,fold3_italy,pm25,16.59609998460679,14.16885437045093
IT0692A,IT,,45.10167,8.90556,fold3_italy,pm25,18.655501888414125,13.348739517382347
IT0703A,IT,,46.05111,11.45444,fold3_italy,pm25,14.049648950822181,10.407672528700637
IT0707A,IT,,45.69028,9.64389,fold3_italy,pm25,17.526404100691824,14.502779462187092
IT0771A,IT,,45.80444,9.08361,fold3_italy,pm25,14.776433576609026,15.008138886067915
IT0777A,IT,,45.697590000000005,9.40629,fold3_italy,pm25,16.70082867661361,13.635602913613097
IT0778A,IT,,45.51833,9.59139,fold3_italy,pm25,20.51810600193684,17.224349508128444
IT0804A,IT,,44.79361,10.33167,fold3_italy,pm25,16.561452827409365,16.390538904111697
IT0825A,IT,,41.947475,12.46964,fold3_italy,pm25,13.16638436721075,14.831848169763273
IT0840A,IT,,45.28472,9.86417,fold3_italy,pm25,24.716712817856383,17.276291141086
IT0854A,IT,,44.41816,8.92737,fold3_italy,pm25,10.097513309138971,9.58097053018991
IT0858A,IT,,44.39489,8.99154,fold3_italy,pm25,5.804062401161301,10.763899055036475
IT0861A,IT,,43.77306,11.27222,fold3_italy,pm25,13.925501572796744,15.17048865015759
IT0862A,IT,,43.78667,11.2875,fold3_italy,pm25,11.396396427847467,11.163240028888207
IT0863A,IT,,42.42195,12.10917,fold3_italy,pm25,8.55766034786819,13.582465108275205
IT0867A,IT,,42.40417,12.85833,fold3_italy,pm25,9.546723843720093,12.236819013900247
IT0871A,IT,,41.68895,13.257925,fold3_italy,pm25,16.42885238517685,11.507904763194396
IT0885A,IT,,42.09159,11.80249,fold3_italy,pm25,8.847262224808928,9.733762261861086
IT0887A,IT,,41.99556,12.72639,fold3_italy,pm25,9.30311623462374,14.210824095114585
IT0889A,IT,,41.725,13.00944,fold3_italy,pm25,17.285754409760898,13.08484373227587
IT0892A,IT,,44.48333,11.355,fold3_italy,pm25,14.191549475934503,14.362146110778967
IT0898A,IT,,40.85278,14.25139,fold3_italy,pm25,14.704863039611576,12.096397149366593
IT0903A,IT,,44.51611,10.73389,fold3_italy,pm25,14.786703769763927,15.541964152968712
IT0908A,IT,,46.47028,10.3725,fold3_italy,pm25,9.160227272948468,7.622129879825241
IT0912A,IT,,45.19389,9.16472,fold3_italy,pm25,19.316520448901514,13.394134792320035
IT0934A,IT,,41.13146,14.78938,fold3_italy,pm25,17.39031458788808,13.40038636335373
IT0940A,IT,,44.69083,10.66472,fold3_italy,pm25,15.572222170929953,12.995062661909804
IT0945A,IT,,43.87472,11.10528,fold3_italy,pm25,12.937676895498663,15.406021984721118
IT0950A,IT,,43.46111,11.88889,fold3_italy,pm25,13.014326660879654,13.68658477347041
IT0953A,IT,,41.93278,12.50695,fold3_italy,pm25,10.954706012555306,10.66107010830686
IT0956A,IT,,41.85778,12.56861,fold3_italy,pm25,13.26022747100741,15.124745122897028
IT0957A,IT,,41.93139,12.65917,fold3_italy,pm25,11.767732926372133,9.591153394031078
IT0963A,IT,,45.49917,12.26222,fold3_italy,pm25,21.819484203179492,13.756343644543746
IT0966A,IT,,46.06611,13.24056,fold3_italy,pm25,12.161473239328002,13.873297384161681
IT0983A,IT,,45.73583,7.32417,fold3_italy,pm25,8.886118891996313,11.314486229777286
IT0989A,IT,,42.5725,12.96195,fold3_italy,pm25,7.589887657988891,8.491469283150918
IT0992A,IT,,41.67,13.67445,fold3_italy,pm25,10.668907661175933,9.985162459766704
IT1011A,IT,,42.56,12.65083,fold3_italy,pm25,17.246537513692374,14.742182689225249
IT1016A,IT,,45.46972,9.19806,fold3_italy,pm25,21.131163757763165,13.21729592271073
IT1037A,IT,,46.06445,11.12667,fold3_italy,pm25,12.928480560358244,10.113250560257901
IT1043A,IT,,44.0625,12.55333,fold3_italy,pm25,16.030986203731953,13.903424015524294
IT1048A,IT,,44.21917,12.04889,fold3_italy,pm25,14.900552116342569,17.28932180510496
IT1065A,IT,,45.76083,11.73667,fold3_italy,pm25,14.415730299090583,13.1574046746903
IT1110A,IT,,43.73889,10.40167,fold3_italy,pm25,12.51977400089935,12.990605610867323
IT1128A,IT,,45.15508,7.65859,fold3_italy,pm25,17.022099532285953,15.852266775371591
IT1130A,IT,,45.14313,7.77813,fold3_italy,pm25,19.630372618893105,16.89711394551565
IT1143A,IT,,44.2725,8.43889,fold3_italy,pm25,8.62000001703219,10.37193509953513
IT1144A,IT,,44.29389,8.41139,fold3_italy,pm25,8.980169946919206,11.974825672220545
IT1145A,IT,,44.31268,8.47293,fold3_italy,pm25,12.38198789875769,12.60489801853884
IT1153A,IT,,45.13278,10.01667,fold3_italy,pm25,23.1617089010221,15.16897291581929
IT1159A,IT,,44.49972,11.32833,fold3_italy,pm25,14.347107602183982,15.43961642186857
IT1166A,IT,,46.40194,13.01111,fold3_italy,pm25,11.002890116843947,11.805699528156524
IT1170A,IT,,46.03505,13.22529,fold3_italy,pm25,12.954674383864049,11.337958098781968
IT1177A,IT,,45.56056,11.53972,fold3_italy,pm25,20.636871047300374,16.133087897516965
IT1179A,IT,,44.83972,11.96111,fold3_italy,pm25,12.213888789519487,11.825621480874956
IT1180A,IT,,43.10306,12.36611,fold3_italy,pm25,13.039215711883683,14.601302397875079
IT1182A,IT,,43.089445,12.441665,fold3_italy,pm25,11.633431074053746,15.517390893256387
IT1183A,IT,,41.49,13.83056,fold3_italy,pm25,20.14753624572393,18.32015874520751
IT1184A,IT,,41.53139,12.94611,fold3_italy,pm25,8.731356135431842,13.233606879502968
IT1186A,IT,,43.88389,10.245,fold3_italy,pm25,13.324022498903656,12.506259842705495
IT1187A,IT,,43.84083,10.57389,fold3_italy,pm25,18.761643898779333,15.770168944457284
IT1204A,IT,,44.42,12.22556,fold3_italy,pm25,13.82369924484936,15.265245561882345
IT1215A,IT,,45.07472,11.78333,fold3_italy,pm25,23.490303823428956,16.706227176868925
IT1222A,IT,,45.63028,12.59167,fold3_italy,pm25,20.378829798717845,17.039441574089885
IT1247A,IT,,45.558705,8.056395,fold3_italy,pm25,9.59405940659894,15.006800110823333
IT1264A,IT,,42.46667,14.21306,fold3_italy,pm25,13.311965808988393,17.31346578198497
IT1269A,IT,,39.07,9.01667,fold3_italy,pm25,10.27006556248809,6.8660278926013785
IT1286A,IT,,45.30528,9.48556,fold3_italy,pm25,13.467400744069714,16.597143404025946
IT1294A,IT,,45.52583,8.73667,fold3_italy,pm25,14.893328645041615,14.451584052394354
IT1328A,IT,,45.89056,12.30806,fold3_italy,pm25,16.733146292639066,17.49625140958306
IT1361A,IT,,43.83972,13.01861,fold3_italy,pm25,17.15732715836088,11.461221593764504
IT1388A,IT,,45.410835,10.69194,fold3_italy,pm25,18.435515166223126,11.47475074693123
IT1409A,IT,,43.71389,10.41056,fold3_italy,pm25,13.828651784577955,13.59198667903249
IT1423A,IT,,42.45667,14.23472,fold3_italy,pm25,12.748265953140905,9.697568964940137
IT1451A,IT,,44.66222,11.63944,fold3_italy,pm25,15.177842621072944,11.219221890695163
IT1453A,IT,,45.37194,11.84194,fold3_italy,pm25,22.315641963334503,15.187264458009627
IT1456A,IT,,44.11081,9.83211,fold3_italy,pm25,10.74462918559804,13.559130254303684
IT1457A,IT,,44.10165,9.8187,fold3_italy,pm25,9.379109160537885,12.87558210754713
IT1464A,IT,,45.4975,9.55639,fold3_italy,pm25,20.829544988852586,9.319166188527262
IT1475A,IT,,45.62421,13.78026,fold3_italy,pm25,11.061624598037644,10.826174930408111
IT1487A,IT,,41.07795,14.33122,fold3_italy,pm25,10.045619333178726,11.901094301069408
IT1488A,IT,,41.04592,14.37809,fold3_italy,pm25,15.442568687360216,12.53080747654469
IT1493A,IT,,40.86427,14.34108,fold3_italy,pm25,18.622209857963735,14.070621892374827
IT1497A,IT,,40.86369,14.25451,fold3_italy,pm25,11.667298784134141,10.3511276334692
IT1504A,IT,,40.68389,14.76972,fold3_italy,pm25,12.043944856098136,12.08294234575738
IT1510A,IT,,45.9303,8.5655,fold3_italy,pm25,10.162534432133718,13.000106798726357
IT1523A,IT,,44.9089,8.2055,fold3_italy,pm25,19.280701887179777,18.64920811923482
IT1529A,IT,,44.3818,7.5382,fold3_italy,pm25,11.121126778484836,13.574498216904214
IT1532A,IT,,45.7132,8.2835,fold3_italy,pm25,11.955089866436895,13.95481005081164
IT1533A,IT,,45.3284,8.4151,fold3_italy,pm25,16.533191236271705,15.474986401438114
IT1536A,IT,,44.116905,9.84336,fold3_italy,pm25,9.765158224201482,14.582004067661837
IT1544A,IT,,44.10666,9.8577,fold3_italy,pm25,13.73868280790715,11.953610092167185
IT1549A,IT,,44.51859,8.87383,fold3_italy,pm25,7.318944508968057,8.307598055989482
IT1553A,IT,,43.91611,11.00695,fold3_italy,pm25,16.497159286630556,14.034725961864613
IT1557A,IT,,43.52,10.32167,fold3_italy,pm25,7.670391004254705,13.018129333700202
IT1560A,IT,,43.55472,10.32972,fold3_italy,pm25,10.387005666683255,14.905499026761145
IT1575A,IT,,39.17722,8.43028,fold3_italy,pm25,4.85895494090943,5.2036668221413604
IT1576A,IT,,39.20334,8.38611,fold3_italy,pm25,2.9805102830272476,5.267543247638332
IT1578A,IT,,43.89333,12.91889,fold3_italy,pm25,13.288656284473715,12.077013863535111
IT1582A,IT,,45.1361,8.4452,fold3_italy,pm25,13.696818241995807,14.574087358642984
IT1588A,IT,,45.81694,8.82028,fold3_italy,pm25,13.1506982515351,10.992876472947025
IT1590A,IT,,45.6725,12.23861,fold3_italy,pm25,19.232352794452748,17.803557847526214
IT1593A,IT,,42.77861,11.11917,fold3_italy,pm25,9.546742206236138,14.141544920409759
IT1594A,IT,,46.14139,12.21694,fold3_italy,pm25,12.441666510552604,9.08500688435365
IT1596A,IT,,45.83695,12.51028,fold3_italy,pm25,18.41159459244235,14.251115783202337
IT1606A,IT,,41.11322,16.887999999999998,fold3_italy,pm25,11.181213865147885,11.188553774803623
IT1609A,IT,,40.52111,17.20417,fold3_italy,pm25,8.864117651079656,10.60855431947944
IT1611A,IT,,40.48861,17.22583,fold3_italy,pm25,10.651381193039812,9.391012619806826
IT1613A,IT,,40.49445,17.26361,fold3_italy,pm25,11.212034313223164,8.419373159061054
IT1618A,IT,,40.639075,17.947940000000003,fold3_italy,pm25,11.509850771737348,9.01112731195041
IT1619A,IT,,46.03083,11.90583,fold3_italy,pm25,17.11977730294851,7.759688230781071
IT1621A,IT,,41.12231,16.87256,fold3_italy,pm25,11.40361117330491,10.097943490250064
IT1650A,IT,,45.62694,9.02417,fold3_italy,pm25,19.020127113523177,17.052730367754442
IT1654A,IT,,43.87278,11.09194,fold3_italy,pm25,14.581460811621172,16.379204338219473
IT1681A,IT,,43.66028,11.90167,fold3_italy,pm25,5.052941086721481,6.2918523774588335
IT1692A,IT,,45.47833,9.23583,fold3_italy,pm25,17.176923092725897,15.25942676001632
IT1696A,IT,,46.43444,11.33944,fold3_italy,pm25,11.393929983303256,7.950624371144569
IT1698A,IT,,44.40492,8.96819,fold3_italy,pm25,15.072373846755436,10.057170427301989
IT1702A,IT,,40.65006,17.94258,fold3_italy,pm25,11.203089938764974,9.917015935552124
IT1728A,IT,,42.55222,12.65167,fold3_italy,pm25,16.40517207182939,13.357821453604712
IT1737A,IT,,45.51528,10.21944,fold3_italy,pm25,21.762572767284546,15.395681318960705
IT1739A,IT,,45.14222,10.04583,fold3_italy,pm25,20.596264730796396,15.456261951063153
IT1743A,IT,,45.58111,9.274445,fold3_italy,pm25,24.30817690099661,16.86840350285974
IT1771A,IT,,44.65061,10.90633,fold3_italy,pm25,18.823188098629622,13.719551979301496
IT1773A,IT,,43.46806,12.95222,fold3_italy,pm25,8.317373164316086,6.5540968520405904
IT1788A,IT,,45.4512,7.878,fold3_italy,pm25,19.027131857330094,15.254858881130954
IT1795A,IT,,43.285,13.42861,fold3_italy,pm25,9.114084088210362,10.415150528848441
IT1796A,IT,,43.33556,13.67472,fold3_italy,pm25,11.975235719115771,9.83816162650754
IT1798A,IT,,41.55417,14.67472,fold3_italy,pm25,10.376436750520691,11.31693986903549
IT1801A,IT,,41.99806,14.99333,fold3_italy,pm25,9.888571426132959,10.556796485143265
IT1817A,IT,,40.95667,17.29028,fold3_italy,pm25,9.790196084063302,8.654899330753441
IT1818A,IT,,40.82714,16.56017,fold3_italy,pm25,10.22097701403949,13.24838000917251
IT1822A,IT,,41.23153,16.30331,fold3_italy,pm25,12.814647990869531,13.967400904908377
IT1823A,IT,,40.95141,16.91985,fold3_italy,pm25,11.504913366627164,11.120659662304849
IT1826A,IT,,45.84944,9.39583,fold3_italy,pm25,11.124778786904516,13.782168230898609
IT1827A,IT,,43.611665,13.50861,fold3_italy,pm25,14.287353355244992,9.745275303323485
IT1830A,IT,,44.91932,8.622015000000001,fold3_italy,pm25,17.728155633872223,15.405338821231144
IT1836A,IT,,41.906375,12.447545,fold3_italy,pm25,11.89138886898044,13.510234435719477
IT1842A,IT,,42.90056,13.33667,fold3_italy,pm25,5.29819815462253,5.945392930739935
IT1843A,IT,,42.84861,13.61945,fold3_italy,pm25,9.82242424361578,15.243036592002742
IT1856A,IT,,42.36417,13.38195,fold3_italy,pm25,9.108882502113202,12.51589476264788
IT1860A,IT,,42.73972,12.735415,fold3_italy,pm25,8.494382030130545,9.9638694789598
IT1863A,IT,,41.75944,14.20889,fold3_italy,pm25,8.033333342012838,7.289368163856935
IT1865A,IT,,44.99694,11.07083,fold3_italy,pm25,19.282072730921264,15.02708245483564
IT1868A,IT,,45.16056,10.79556,fold3_italy,pm25,16.466449370406682,11.902615921760143
IT1871A,IT,,45.22667,11.66583,fold3_italy,pm25,21.802777496654922,16.127220347776152
IT1874A,IT,,45.28111,8.75472,fold3_italy,pm25,19.541931059501195,16.154427701237925
IT1876A,IT,,45.68333,9.46667,fold3_italy,pm25,12.485833435607004,14.463512075387552
IT1877A,IT,,45.0419,7.6259,fold3_italy,pm25,18.667366507617775,15.654858501054838
IT1878A,IT,,45.31889,8.4025,fold3_italy,pm25,14.742465699895344,14.828676578733953
IT1883A,IT,,44.31528,8.48556,fold3_italy,pm25,8.057058825108042,11.905279495627633
IT1894A,IT,,42.99222,13.78472,fold3_italy,pm25,7.459233445069993,7.131482059664914
IT1900A,IT,,42.95167,12.70764,fold3_italy,pm25,14.038356067733186,12.613592663033108
IT1902A,IT,,43.06694,12.46806,fold3_italy,pm25,12.073239328442773,8.077912159641683
IT1904A,IT,,44.76415,9.052865,fold3_italy,pm25,7.617563676670447,7.43582681365429
IT1906A,IT,,41.89389,12.47528,fold3_italy,pm25,13.372265835159439,12.150824066503546
IT1908A,IT,,44.09583,12.4025,fold3_italy,pm25,15.75433555719629,18.138982138004017
IT1911A,IT,,44.6575,10.28889,fold3_italy,pm25,9.834269655066285,11.552958381693601
IT1914A,IT,,44.87306,10.66389,fold3_italy,pm25,15.856353863646241,12.20467739246405
IT1915A,IT,,43.93278,12.6275,fold3_italy,pm25,10.807262534068778,10.103044033316143
IT1918A,IT,,44.825,11.64972,fold3_italy,pm25,16.590395400886393,14.069735852760633
IT1919A,IT,,44.74167,11.94222,fold3_italy,pm25,13.31195341025165,12.799610081855205
IT1921A,IT,,44.92784,11.17795,fold3_italy,pm25,18.10220984487605,14.46651723378973
IT1924A,IT,,44.98945,10.01917,fold3_italy,pm25,14.206703903944076,12.848590797266064
IT1927A,IT,,44.52649,11.98138,fold3_italy,pm25,15.747875623694437,12.095387269253207
IT1932A,IT,,40.36445,18.17306,fold3_italy,pm25,11.12082107196003,18.51284920358191
IT1936A,IT,,45.438335,12.20556,fold3_italy,pm25,19.35180072959862,12.975806027902387
IT1947A,IT,,39.06667,9.00889,fold3_italy,pm25,8.657322383928829,6.716823256489106
IT1948A,IT,,44.80806,8.31028,fold3_italy,pm25,13.55652157447378,10.885432014254093
IT1953A,IT,,40.16717,18.17483,fold3_italy,pm25,12.32318855102288,8.647596093111893
IT1962A,IT,,41.47889,14.03333,fold3_italy,pm25,23.70796481416292,12.223578659321037
IT1965A,IT,,45.3032,9.39848,fold3_italy,pm25,21.464772679008163,9.565045115277147
IT1967A,IT,,46.16861,9.88028,fold3_italy,pm25,15.872269248598561,8.337455200252132
IT1975A,IT,,45.03833,9.66917,fold3_italy,pm25,17.387186988694072,14.888754795103694
IT1977A,IT,,42.52667,14.14833,fold3_italy,pm25,12.758771919668886,8.863782485765594
IT1993A,IT,,39.26056,9.13639,fold3_italy,pm25,7.939778634738146,12.642323115704414
IT1996A,IT,,40.25639,8.77306,fold3_italy,pm25,3.2191103036173674,7.033643750592868
IT2003A,IT,,41.31671,16.28618,fold3_italy,pm25,10.333237789810394,11.87040556822199
IT2004A,IT,,43.10444,12.37472,fold3_italy,pm25,12.313019276305889,15.449020892241222
IT2009A,IT,,40.72445,8.57611,fold3_italy,pm25,5.2034188392574245,9.985520393307167
IT2010A,IT,,40.83139,8.40528,fold3_italy,pm25,7.187008978958243,7.301666603689397
IT2011A,IT,,39.8425,9.21639,fold3_italy,pm25,8.356190839146798,4.7529807985700305
IT2012A,IT,,41.87556,12.345,fold3_italy,pm25,10.713296489858264,10.993592213076399
IT2013A,IT,,41.63889,13.32333,fold3_italy,pm25,12.054006044747183,13.1108387531624
IT2019A,IT,,41.45452,15.54822,fold3_italy,pm25,10.746478861337955,14.903232420800071
IT2023A,IT,,42.73657,11.87643,fold3_italy,pm25,8.875623517849203,7.421934699506196
IT2032A,IT,,43.47278,11.14194,fold3_italy,pm25,10.765217346798154,16.921735518323754
IT2038A,IT,,44.05195,8.20694,fold3_italy,pm25,8.146827792727855,11.883681967164009
IT2039A,IT,,44.35173,9.22261,fold3_italy,pm25,11.213915492953744,12.121259805631212
IT2056A,IT,,39.23583,9.115,fold3_italy,pm25,13.134877560665487,7.387686453310291
IT2063A,IT,,45.14833,9.94028,fold3_italy,pm25,22.65819177997913,15.094284956669673
IT2064A,IT,,43.27389,12.61167,fold3_italy,pm25,9.260355023447083,7.301582917039369
IT2066A,IT,,43.35833,12.55722,fold3_italy,pm25,12.591176329614889,12.363624071060636
IT2067A,IT,,43.31833,12.61861,fold3_italy,pm25,12.255255125501398,11.582175692235177
IT2068A,IT,,42.74333,12.66639,fold3_italy,pm25,12.89221549627336,10.969751876663636
IT2073A,IT,,44.54028,10.79222,fold3_italy,pm25,15.616021900149596,13.481596677644973
IT2078A,IT,,38.87028,16.66917,fold3_italy,pm25,6.453625909677021,7.276008319287096
IT2097A,IT,,44.15,10.92611,fold3_italy,pm25,4.53055559890817,6.260820823706531
IT2100A,IT,,43.13308,12.205815,fold3_italy,pm25,13.674863362915383,11.838891898080053
IT2101A,IT,,45.0028,7.8375,fold3_italy,pm25,18.837911872224495,17.537975331363842
IT2104A,IT,,45.665155,8.16018,fold3_italy,pm25,8.038690431874064,8.771050906926845
IT2107A,IT,,44.38333,8.28389,fold3_italy,pm25,13.081315674656896,13.834305821541442
IT2108A,IT,,44.375,8.29861,fold3_italy,pm25,11.832011384720696,11.906715550396326
IT2109A,IT,,42.55192,12.41971,fold3_italy,pm25,9.497237562543885,10.398501898980184
IT2113A,IT,,42.737210000000005,12.136685,fold3_italy,pm25,8.847025490302343,13.122250533410948
IT2114A,IT,,43.3675,12.5469,fold3_italy,pm25,9.273255799126819,8.300283364574103
IT2116A,IT,,45.2948,8.0434,fold3_italy,pm25,18.517914500680906,15.322071506431566
IT2118A,IT,,44.4018,7.8146,fold3_italy,pm25,14.470254905061838,15.483776251882691
IT2121A,IT,,45.6894,8.4584,fold3_italy,pm25,13.332612622752444,11.980299181408096
IT2128A,IT,,46.1276,8.2921,fold3_italy,pm25,16.135057301853163,10.745212348507417
IT2129A,IT,,45.80518,13.52205,fold3_italy,pm25,11.565868212810544,15.346312430894724
IT2131A,IT,,45.73162,13.48636,fold3_italy,pm25,10.603550262569382,10.51685757526102
IT2134A,IT,,42.5342,12.5219,fold3_italy,pm25,14.38271588738323,12.886383699212665
IT2141A,IT,,41.695,15.3792,fold3_italy,pm25,9.38282547525007,12.599058957575528
IT2143A,IT,,40.96157,17.28435,fold3_italy,pm25,9.610481587097167,7.838140568807292
IT2144A,IT,,41.1079,16.7662,fold3_italy,pm25,11.727945871655669,11.512393539860325
IT2148A,IT,,40.64929,17.51271,fold3_italy,pm25,13.898299426386425,8.274819973278058
IT2151A,IT,,40.48967,18.04731,fold3_italy,pm25,10.881992168156694,8.01944544967695
IT2152A,IT,,45.821945,13.271395,fold3_italy,pm25,14.480337018266463,16.108388509642438
IT2155A,IT,,44.39703,8.20604,fold3_italy,pm25,9.107753375559703,8.08532499333113
IT2161A,IT,,41.77944,14.10361,fold3_italy,pm25,8.382596648789034,11.673668225073948
IT2166A,IT,,42.34611,14.13778,fold3_italy,pm25,14.40423745060744,14.479590758960766
IT2167A,IT,,42.42139,14.27917,fold3_italy,pm25,10.879714319127617,9.537187181256835
IT2168A,IT,,45.0249,7.6491,fold3_italy,pm25,15.759530854434246,13.606499808584717
IT2169A,IT,,45.84194,13.30194,fold3_italy,pm25,14.410764735203182,15.391649257715567
IT2170A,IT,,45.8108,13.2622,fold3_italy,pm25,14.49441337896562,12.635651373728205
IT2172A,IT,,42.0993,11.79834,fold3_italy,pm25,9.373371206443522,9.611108283815847
IT2174A,IT,,41.45113,12.89173,fold3_italy,pm25,12.791643677994077,14.626505725527732
IT2177A,IT,,42.94444,13.87944,fold3_italy,pm25,11.811730130879216,13.8193813056134
IT2201A,IT,,45.96261,12.65592,fold3_italy,pm25,14.263456228062237,17.215650307090336
IT2202A,IT,,40.28839,15.89143,fold3_italy,pm25,10.272578413571162,6.049161542786214
IT2203A,IT,,40.33486,15.9007,fold3_italy,pm25,9.368176455934057,6.825283573039133
IT2204A,IT,,40.32423,15.86736,fold3_italy,pm25,13.023791959243091,7.6575563035351015
IT2205A,IT,,40.31562,15.9548,fold3_italy,pm25,8.375616040967024,6.586300849653112
IT2209A,IT,,44.28561,11.8734,fold3_italy,pm25,13.338935559698795,15.12858905867748
IT2210A,IT,,40.83555,14.82459,fold3_italy,pm25,13.574201805822176,11.7835524720391
IT2212A,IT,,40.92431,14.48133,fold3_italy,pm25,23.159489408353302,14.319354553810504
IT2213A,IT,,40.71099,14.70244,fold3_italy,pm25,12.790493024774385,15.689289432635965
IT2214A,IT,,40.7404,14.64345,fold3_italy,pm25,14.258290052840557,16.331076081727094
IT2216A,IT,,40.91463,14.29866,fold3_italy,pm25,18.052134626096443,15.025196974064668
IT2218A,IT,,40.99052,14.42397,fold3_italy,pm25,15.891629237768377,13.21769602219854
IT2219A,IT,,40.94108,14.36981,fold3_italy,pm25,20.292081803612913,14.383035163150105
IT2221A,IT,,40.84495,14.20567,fold3_italy,pm25,10.856573287425745,13.166831298419703
IT2223A,IT,,40.8864,14.34998,fold3_italy,pm25,18.925196171647194,14.776687807286146
IT2226A,IT,,40.92087,14.38946,fold3_italy,pm25,17.166787443059775,13.473389512755613
IT2227A,IT,,40.91882,14.78553,fold3_italy,pm25,10.334293983652278,14.422282940995077
IT2228A,IT,,41.11575,14.77998,fold3_italy,pm25,15.027567664243689,11.900186317377422
IT2233A,IT,,45.73444,7.30433,fold3_italy,pm25,10.033057844187276,11.244124384691437
IT2241A,IT,,44.0311,10.13276,fold3_italy,pm25,11.834733868866424,15.51991794274242
IT2243A,IT,,45.43301,11.0301,fold3_italy,pm25,19.803371011206107,11.1937353692249
IT2247A,IT,,41.76823,12.23704,fold3_italy,pm25,9.923268869376006,9.09921305250231
IT2249A,IT,,42.15998,11.74271,fold3_italy,pm25,6.013829276676591,6.009648759638565
IT2251A,IT,,42.09884,11.81765,fold3_italy,pm25,8.134203029633701,8.731795350954238
IT2254A,IT,,42.16097,11.9,fold3_italy,pm25,8.66855539537427,5.874891145236926
IT2263A,IT,,45.62061,13.78378,fold3_italy,pm25,10.611111144626385,12.557029200587444
IT2268A,IT,,40.61107,14.97584,fold3_italy,pm25,9.513855422446213,11.347483250779534
IT2270A,IT,,40.81588,14.34927,fold3_italy,pm25,10.431241240095721,10.411705884514907
IT2273A,IT,,40.48701,15.52825,fold3_italy,pm25,9.299407250783862,12.104878836817823
IT2280A,IT,,45.64049,13.76608,fold3_italy,pm25,11.668604696654839,11.50408397491285
IT2282A,IT,,45.4397,8.6204,fold3_italy,pm25,15.330508753817993,16.227430006592606
IT2284A,IT,,45.7324,7.32189,fold3_italy,pm25,10.573298063243111,12.097590525124186
IT2286A,IT,,44.26179,8.44565,fold3_italy,pm25,8.76637928782057,9.735732768062494
IT2294A,IT,,44.7043,7.6853,fold3_italy,pm25,17.652542061545457,14.555739703244262
IT2298A,IT,,44.50842,8.70463,fold3_italy,pm25,10.504093575691696,9.24296527341429
IT2299A,IT,,44.39951,8.28096,fold3_italy,pm25,11.499999947961504,14.257798695856117
IT2300A,IT,,45.53861,10.23194,fold3_italy,pm25,17.770007772825576,15.129910514892545
IT2301A,IT,,45.50867,10.25637,fold3_italy,pm25,20.225706659089564,15.990770512462246
IT2302A,IT,,44.31906,9.32947,fold3_italy,pm25,6.01322312529088,10.055231239565225
IT2303A,IT,,44.25306,8.44256,fold3_italy,pm25,8.217664638672984,6.800660592668636
IT2321A,IT,,45.95746,12.50816,fold3_italy,pm25,17.492918294057283,17.462497918585136
IT2322A,IT,,42.5723,12.67886,fold3_italy,pm25,15.286549535088092,12.255572833869968
IT2323A,IT,,44.56784,8.94896,fold3_italy,pm25,14.192797896117462,11.589521092739524
IT2324A,IT,,45.93648,13.61613,fold3_italy,pm25,12.101408365469029,13.883498042537154
IT2325A,IT,,45.79561,13.14656,fold3_italy,pm25,13.465015596992476,11.86040342178408
IT2327A,IT,,44.43438,8.89251,fold3_italy,pm25,11.27196484094444,11.909422100349435
IT2336A,IT,,40.40444,16.1191,fold3_italy,pm25,4.6969132107689555,4.934315514378078
IT2339A,IT,,44.40444,8.96563,fold3_italy,pm25,11.9717781021803,10.29173516730107
AT0ENK1,AT,,48.39164,13.67086,fold4_alpine,pm25,7.574507124857111,9.21541348862402
AT0ILL1,AT,,47.77028,16.76639,fold4_alpine,pm25,8.997244512125375,9.213409687240594
AT0PIL1,AT,,48.7212,15.936,fold4_alpine,pm25,8.815364917089292,9.423174681949577
AT0ZOE2,AT,,47.83828,14.44091,fold4_alpine,pm25,3.5043852072443182,9.034883188890523
AT10001,AT,,47.84011,16.52617,fold4_alpine,pm25,11.496320992549053,9.643409567017098
AT10003,AT,,48.10915,17.07032,fold4_alpine,pm25,11.293543097782273,9.444092570824774
AT2KA21,AT,,46.62556,14.31806,fold4_alpine,pm25,10.75052478385302,9.193022745897654
AT2KA71,AT,,46.62662,14.29914,fold4_alpine,pm25,10.996662678207526,9.196915638065274
AT2WO15,AT,,46.83498,14.84346,fold4_alpine,pm25,10.993837976681135,9.322559156093106
AT30101,AT,,48.1199,14.8788,fold4_alpine,pm25,9.132815866412427,9.4368426480561
AT30104,AT,,48.19234,14.51954,fold4_alpine,pm25,10.54448740363794,9.400169307315812
AT30201,AT,,47.9592,16.20573,fold4_alpine,pm25,8.497121003990223,9.53400825419714
AT30301,AT,,48.1442,16.95787,fold4_alpine,pm25,10.340341472435203,9.482734915761084
AT30407,AT,,48.2307,16.6363,fold4_alpine,pm25,10.048441137839681,9.51770317308117
AT30599,AT,,48.30833,16.32803,fold4_alpine,pm25,10.65347520212819,9.600198117483858
AT30701,AT,,48.52832,15.94185,fold4_alpine,pm25,8.157288334854206,9.536765796801411
AT31406,AT,,48.08333,16.33722,fold4_alpine,pm25,9.254371710895445,9.497863352337394
AT31413,AT,,48.0843,16.329,fold4_alpine,pm25,9.556534339396507,9.499748174837288
AT31901,AT,,48.32945,16.0625,fold4_alpine,pm25,10.86219869954366,9.468445712852745
AT31902,AT,,48.34509,15.90706,fold4_alpine,pm25,9.882899210867706,9.443353556547397
AT31903,AT,,48.33097,15.8578,fold4_alpine,pm25,10.314057133797391,9.483353197029988
AT31905,AT,,48.32184,15.96462,fold4_alpine,pm25,10.091924191722324,9.454729673930347
AT32301,AT,,48.2116,15.6325,fold4_alpine,pm25,9.99911409494276,9.423260649394317
AT32701,AT,,48.14558,16.4759,fold4_alpine,pm25,9.676838064744697,9.438772448317453
AT4S108,AT,,48.53111,14.57472,fold4_alpine,pm25,6.232991835848359,9.105093218675856
AT4S125,AT,,47.71611,13.63222,fold4_alpine,pm25,5.920569484703196,9.634702939489966
AT4S156,AT,,48.25747,13.03923,fold4_alpine,pm25,8.987647579148291,9.443744180291318
AT4S173,AT,,48.27975,14.3665,fold4_alpine,pm25,9.948453877929422,9.378631298603805
AT4S184,AT,,48.30612,14.2975,fold4_alpine,pm25,10.111473780201807,9.401991855726141
AT4S217,AT,,48.20944,14.43694,fold4_alpine,pm25,11.0323698712072,9.43948444003323
AT4S235,AT,,47.81586,13.72074,fold4_alpine,pm25,4.101452499165903,8.148030424935916
AT4S404,AT,,48.22535,14.23755,fold4_alpine,pm25,10.817754187567761,9.407757177463617
AT4S406,AT,,48.1649,14.0366,fold4_alpine,pm25,10.062743952772395,9.399170702166785
AT4S407,AT,,48.0009,13.66761,fold4_alpine,pm25,9.383825382714587,9.358298167813452
AT4S409,AT,,48.04925,14.44236,fold4_alpine,pm25,8.422633509419034,9.451505503487477
AT4S415,AT,,48.32333,14.29778,fold4_alpine,pm25,8.653730372495218,9.477476412792825
AT4S416,AT,,48.27329,14.31479,fold4_alpine,pm25,10.81727602818063,9.376970174097808
AT4S431,AT,,48.30299,14.28217,fold4_alpine,pm25,12.750085225866318,9.386362197586225
AT4S432,AT,,47.97386,13.60892,fold4_alpine,pm25,9.319852844252717,9.253477952773636
AT51000,AT,,47.7974,13.05329,fold4_alpine,pm25,6.7874777545229605,9.331824853342628
AT51201,AT,,47.81575,13.02801,fold4_alpine,pm25,7.038211816156589,9.29976284427254
AT52000,AT,,47.68259,13.09995,fold4_alpine,pm25,8.422096335332386,9.452805170994694
AT52300,AT,,47.69135,13.10815,fold4_alpine,pm25,6.4760753915450335,9.448176316131702
AT55032,AT,,47.12566,13.80804,fold4_alpine,pm25,8.342083884527245,9.377177640148947
AT56072,AT,,47.32664,12.79512,fold4_alpine,pm25,6.774959103364405,9.505699087655922
AT60107,AT,,47.04472,15.15278,fold4_alpine,pm25,9.866308684458973,9.217691800813546
AT60138,AT,,47.094955,15.414645,fold4_alpine,pm25,11.902129879698785,9.42414775186428
AT60164,AT,,47.05561,15.4166,fold4_alpine,pm25,15.94474740000609,9.410797957729923
AT60170,AT,,47.04172,15.43308,fold4_alpine,pm25,15.797969082486137,9.39244347550612
AT60173,AT,,47.05008,15.42861,fold4_alpine,pm25,15.571122657355257,9.419144007866313
AT60176,AT,,47.42567,15.27053,fold4_alpine,pm25,9.992880352655476,9.263712680373786
AT60178,AT,,47.2157,15.62839,fold4_alpine,pm25,9.848966599105966,9.355270873950259
AT60197,AT,,46.77833,15.54056,fold4_alpine,pm25,13.468119086559474,9.531541099129655
AT72110,AT,,47.26262,11.39236,fold4_alpine,pm25,8.879469609313093,9.414548750255486
AT72519,AT,,47.42855,11.8718,fold4_alpine,pm25,9.323982924461646,9.50050887271865
AT72710,AT,,47.4476,10.74412,fold4_alpine,pm25,6.924706189574236,9.398731809351668
AT72821,AT,,47.34877,11.69203,fold4_alpine,pm25,8.839339278856434,9.675884151567178
AT72910,AT,,46.82773,12.76562,fold4_alpine,pm25,9.901263098321639,9.581363839508668
AT80706,AT,,47.41084,9.65278,fold4_alpine,pm25,7.943305316201962,9.360718139963284
AT80807,AT,,47.40945,9.7432,fold4_alpine,pm25,7.4331228618494105,9.569423217865241
AT900KE,AT,,48.15671,16.47605,fold4_alpine,pm25,10.40769961145042,9.425732899192088
AT90A23,AT,,48.20306,16.43455,fold4_alpine,pm25,10.548751098404272,9.347927670753254
AT90AKC,AT,,48.21911,16.34982,fold4_alpine,pm25,9.934565264296593,9.442574144222135
AT90FLO,AT,,48.26109,16.39695,fold4_alpine,pm25,9.828750482220379,9.411248098574072
AT90LOB,AT,,48.16207,16.52561,fold4_alpine,pm25,9.21262771269115,9.359378637376917
AT90TAB,AT,,48.21674,16.38092,fold4_alpine,pm25,10.116003612697451,9.385536241576146
AT9BELG,AT,,48.17435,16.36142,fold4_alpine,pm25,9.877831687334783,9.395231816966435
AT9KEND,AT,,48.205,16.30975,fold4_alpine,pm25,10.112767840325876,9.491376435360234
AT9LIES,AT,,48.14125,16.30008,fold4_alpine,pm25,10.071390618456023,9.443842843900677
AT9SCHA,AT,,48.23537,16.30156,fold4_alpine,pm25,9.552726333716956,9.47758221779638
AT9STAD,AT,,48.22636,16.45835,fold4_alpine,pm25,10.027519463875242,9.38862497383591
CH0002R,CH,,46.8131,6.94448,fold4_alpine,pm25,6.51310823969708,9.219475480683982
CH0005A,CH,,47.4029,8.6134,fold4_alpine,pm25,7.2025674317127795,9.532922699453005
CH0005R,CH,,47.0674,8.46333,fold4_alpine,pm25,4.673892905375784,8.715481534718707
CH0008A,CH,,47.5411,7.58328,fold4_alpine,pm25,7.432428901928573,9.380120426261962
CH0010A,CH,,47.3776,8.53041,fold4_alpine,pm25,8.060644035815653,9.477981879314527
CH0011A,CH,,46.0111,8.9571,fold4_alpine,pm25,9.302252480349596,9.423454492940236
CH0031A,CH,,46.951,7.44087,fold4_alpine,pm25,8.936186892063906,9.333485486090876
CH0033A,CH,,46.1603,8.93394,fold4_alpine,pm25,9.023804903127107,9.562026164014558
DEBW004,DE,Baden-Wuerttemberg,49.07655,8.40666,fold4_alpine,pm25,6.574683598812081,9.537838769424786
DEBW005,DE,Baden-Wuerttemberg,49.54408,8.46528,fold4_alpine,pm25,8.307678416942242,9.487493413238385
DEBW009,DE,Baden-Wuerttemberg,49.41953,8.6767,fold4_alpine,pm25,7.023157901050032,9.545602789611987
DEBW010,DE,Baden-Wuerttemberg,49.30073,8.7001,fold4_alpine,pm25,6.895681652832511,9.470424598798832
DEBW013,DE,Baden-Wuerttemberg,48.8088,9.22974,fold4_alpine,pm25,7.627999927575681,9.4703003143321
DEBW015,DE,Baden-Wuerttemberg,49.16551,9.22479,fold4_alpine,pm25,7.909295555379289,9.471962225990127
DEBW019,DE,Baden-Wuerttemberg,48.39684,9.97903,fold4_alpine,pm25,7.908036826884734,9.411004773087523
DEBW022,DE,Baden-Wuerttemberg,48.57818,7.80232,fold4_alpine,pm25,6.983011476411987,9.338539458970365
DEBW023,DE,Baden-Wuerttemberg,47.58815,7.63327,fold4_alpine,pm25,6.476100599420888,9.472777735645348
DEBW024,DE,Baden-Wuerttemberg,48.89923,9.17279,fold4_alpine,pm25,7.286274563278447,9.47666357258544
DEBW027,DE,Baden-Wuerttemberg,48.48889,9.20732,fold4_alpine,pm25,7.205758168467791,9.467707608035951
DEBW029,DE,Baden-Wuerttemberg,48.84792,10.09629,fold4_alpine,pm25,6.875229096951096,9.500073786391493
DEBW031,DE,Baden-Wuerttemberg,47.80989,7.76453,fold4_alpine,pm25,3.1259075106010807,9.189024073134938
DEBW033,DE,Baden-Wuerttemberg,48.88904,8.66554,fold4_alpine,pm25,6.669330584702454,9.571265063867793
DEBW038,DE,Baden-Wuerttemberg,47.66006,9.48568,fold4_alpine,pm25,6.94460664162137,9.276613911575627
DEBW039,DE,Baden-Wuerttemberg,48.04866,8.4636,fold4_alpine,pm25,5.465100342984948,9.320886609995641
DEBW042,DE,Baden-Wuerttemberg,48.67807,9.22777,fold4_alpine,pm25,7.559740106527915,9.443301355480427
DEBW046,DE,Baden-Wuerttemberg,48.08989,9.80033,fold4_alpine,pm25,7.383860270412435,9.35131904159675
DEBW052,DE,Baden-Wuerttemberg,47.66436,9.16929,fold4_alpine,pm25,6.344442446558084,9.356331962470323
DEBW059,DE,Baden-Wuerttemberg,49.63484,9.65792,fold4_alpine,pm25,6.8136754897723355,9.622968509472537
DEBW073,DE,Baden-Wuerttemberg,47.81902,7.56797,fold4_alpine,pm25,6.927798740003845,9.434903614803899
DEBW076,DE,Baden-Wuerttemberg,48.77307,8.22021,fold4_alpine,pm25,5.987719660592923,9.751805080912991
DEBW080,DE,Baden-Wuerttemberg,49.00796,8.38719,fold4_alpine,pm25,7.497496451606608,9.526828107834438
DEBW081,DE,Baden-Wuerttemberg,49.02859,8.35563,fold4_alpine,pm25,6.890638857308098,9.48792753870574
DEBW084,DE,Baden-Wuerttemberg,48.00151,7.83212,fold4_alpine,pm25,6.185054176309,9.423884032350117
DEBW087,DE,Baden-Wuerttemberg,48.34578,9.20764,fold4_alpine,pm25,4.2771317936236,9.166722227392846
DEBW098,DE,Baden-Wuerttemberg,49.49258,8.472175,fold4_alpine,pm25,8.903126508997733,9.390559318914422
DEBW099,DE,Baden-Wuerttemberg,48.78313,9.180745000000002,fold4_alpine,pm25,9.403177387957015,9.458387462414299
DEBW107,DE,Baden-Wuerttemberg,48.5077,9.05118,fold4_alpine,pm25,7.23243772978445,9.559199173436314
DEBW112,DE,Baden-Wuerttemberg,48.64561,8.90444,fold4_alpine,pm25,6.41998372681575,9.447765142332178
DEBW118,DE,Baden-Wuerttemberg,48.788175,9.1912,fold4_alpine,pm25,8.623715493527571,9.473215540944125
DEBW122,DE,Baden-Wuerttemberg,47.98837,7.859895,fold4_alpine,pm25,6.49081070009617,9.524583900619898
DEBW125,DE,Baden-Wuerttemberg,49.00375,8.52615,fold4_alpine,pm25,8.386906086033063,9.702765615597347
DEBW136,DE,Baden-Wuerttemberg,48.52023,9.05802,fold4_alpine,pm25,8.43886150583532,9.551277511700924
DEBW147,DE,Baden-Wuerttemberg,48.48934,9.210765,fold4_alpine,pm25,7.851096636921896,9.482340756860479
DEBW152,DE,Baden-Wuerttemberg,49.14602,9.22586,fold4_alpine,pm25,8.666554265550811,9.53157478646097
DEBW156,DE,Baden-Wuerttemberg,48.22916,8.39056,fold4_alpine,pm25,7.017162198069409,9.554413621721821
DEBY001,DE,Bayern,49.30489,10.5723,fold4_alpine,pm25,7.943262373329064,9.454988570040655
DEBY002,DE,Bayern,50.05819,12.18865,fold4_alpine,pm25,8.067795197819553,9.437251178169868
DEBY004,DE,Bayern,49.86942,9.17155,fold4_alpine,pm25,8.161889684461624,9.679126257187598
DEBY005,DE,Bayern,49.99152,9.11797,fold4_alpine,pm25,7.179422902761571,9.575861749794186
DEBY007,DE,Bayern,48.37658,10.88837,fold4_alpine,pm25,7.734651180147504,9.342969067907012
DEBY009,DE,Bayern,49.89833,10.88769,fold4_alpine,pm25,7.850393575398637,9.456147300055644
DEBY012,DE,Bayern,48.17717,12.82931,fold4_alpine,pm25,10.337521239403243,9.322397186131795
DEBY013,DE,Bayern,48.18284,12.78139,fold4_alpine,pm25,8.051838599328581,9.340820563585323
DEBY014,DE,,50.26058,10.95931,fold4_alpine,pm25,9.09435202806238,9.506400324351155
DEBY031,DE,Bayern,47.72514,10.30656,fold4_alpine,pm25,6.6744252090309475,9.392297364961987
DEBY035,DE,Bayern,47.55439,9.69002,fold4_alpine,pm25,7.422099499445923,9.170866873383527
DEBY037,DE,Bayern,48.13725,11.56493,fold4_alpine,pm25,8.788148116889404,9.344450007267344
DEBY039,DE,Bayern,48.15453,11.55467,fold4_alpine,pm25,6.6915921745348275,9.372535022134107
DEBY052,DE,Bayern,48.39708,10.00829,fold4_alpine,pm25,7.903199812863848,9.348252942856368
DEBY053,DE,Bayern,49.44591,11.08844,fold4_alpine,pm25,8.70661935121044,9.360697960927519
DEBY058,DE,Bayern,49.46223,11.02547,fold4_alpine,pm25,8.002076581973773,9.36663297781624
DEBY067,DE,Bayern,49.32196,12.12814,fold4_alpine,pm25,7.913213902970684,9.291063656513277
DEBY072,DE,Bayern,49.43847,12.54887,fold4_alpine,pm25,5.569772727496308,9.09283268711481
DEBY075,DE,Bayern,49.67895,12.15936,fold4_alpine,pm25,8.882944463437202,9.326043419952144
DEBY077,DE,Bayern,49.8047,9.95642,fold4_alpine,pm25,7.477658397733464,9.486308789688218
DEBY088,DE,Bayern,48.02166,12.53818,fold4_alpine,pm25,7.644853472423114,9.376684329644783
DEBY089,DE,Bayern,48.1732,11.64804,fold4_alpine,pm25,7.3908471202412604,9.362533608823869
DEBY099,DE,Bayern,48.32601,10.90305,fold4_alpine,pm25,6.95800204516974,9.312042245698978
DEBY109,DE,Bayern,47.96875,11.22017,fold4_alpine,pm25,5.620315028725121,9.213919874246852
DEBY115,DE,Bayern,48.14961,11.53651,fold4_alpine,pm25,8.61217381777073,9.383267615147155
DEBY118,DE,Bayern,48.57362,13.42204,fold4_alpine,pm25,10.975207023980103,9.440774160761832
DEBY121,DE,Bayern,47.64846,12.18833,fold4_alpine,pm25,8.467076997801623,9.437098503435175
DEBY124,DE,Bayern,49.44452,10.31658,fold4_alpine,pm25,7.551440828075594,9.46934589982562
DEBY187,DE,Bayern,48.95218,10.59772,fold4_alpine,pm25,8.1446353356069,9.387973217545122
DEBY198,DE,Bayern,48.74262,11.43464,fold4_alpine,pm25,9.485371478918525,9.395062108478756
DEBY200,DE,Bayern,48.57663,13.46936,fold4_alpine,pm25,9.470010728892698,9.400688120785093
DEHE001,DE,Hessen,49.8723,8.66462,fold4_alpine,pm25,8.140122265465124,9.438035253501345
DEHE005,DE,Hessen,50.10175,8.54252,fold4_alpine,pm25,8.561455695491635,9.4128603365414
DEHE008,DE,Hessen,50.12533,8.74634,fold4_alpine,pm25,8.453562431523055,9.41518160967686
DEHE011,DE,Hessen,50.13577,8.92157,fold4_alpine,pm25,8.312079470397027,9.481416268289408
DEHE013,DE,Hessen,51.31425,9.4834,fold4_alpine,pm25,8.493641872354353,9.397696141665275
DEHE018,DE,Hessen,50.01032,8.45153,fold4_alpine,pm25,8.374445847253176,9.521813729565801
DEHE020,DE,Hessen,50.56718,8.50062,fold4_alpine,pm25,8.141774896732562,9.503981610325887
DEHE022,DE,Hessen,50.05034,8.24495,fold4_alpine,pm25,8.230101123467168,9.394692544410226
DEHE024,DE,Hessen,51.29176,9.77459,fold4_alpine,pm25,6.331407054067234,9.303761419763493
DEHE028,DE,Hessen,49.65347,8.81725,fold4_alpine,pm25,6.511959403586216,9.273035380392312
DEHE030,DE,Hessen,50.80426,8.76932,fold4_alpine,pm25,8.290790069516309,9.585461405023606
DEHE032,DE,Hessen,50.97002,9.80026,fold4_alpine,pm25,8.430296208199893,9.533717622647295
DEHE037,DE,Hessen,50.07719,8.23032,fold4_alpine,pm25,8.190354849362697,9.415817629488908
DEHE040,DE,Hessen,49.86946,8.65375,fold4_alpine,pm25,8.191789379730626,9.43885843048975
DEHE041,DE,Hessen,50.12459,8.69191,fold4_alpine,pm25,9.562646513283523,9.357051836308381
DEHE043,DE,Hessen,49.82517,8.5168,fold4_alpine,pm25,8.201283446975596,9.531322488633903
DEHE044,DE,Hessen,50.38322,8.061,fold4_alpine,pm25,7.559092354861739,9.462306977401704
DEHE045,DE,Hessen,49.67251,9.00198,fold4_alpine,pm25,7.777409536127248,9.644566752111857
DEHE049,DE,Hessen,51.31208,9.49112,fold4_alpine,pm25,10.20940786873402,9.38270075029536
DEHE050,DE,Hessen,51.36076,9.27123,fold4_alpine,pm25,6.639977748442312,9.264105201327151
DEHE051,DE,Hessen,50.49771,9.93586,fold4_alpine,pm25,4.7164165561328275,8.97181257545006
DEHE052,DE,Hessen,50.22194,8.44608,fold4_alpine,pm25,4.925871728788249,9.04293716575985
DEHE059,DE,Hessen,50.55003,9.68485,fold4_alpine,pm25,8.570727165469837,9.399728208161724
DEHE060,DE,Hessen,51.15484,9.03175,fold4_alpine,pm25,6.085151862608293,9.307093055338813
DEHE061,DE,Hessen,50.58411,8.66858,fold4_alpine,pm25,8.908122443479627,9.387007498541452
DEHE062,DE,Hessen,50.80701,8.7694,fold4_alpine,pm25,8.183615987257316,9.567234340417013
DEHE063,DE,Hessen,49.64324,8.642,fold4_alpine,pm25,8.505879273106208,9.601455877772125
DEHE112,DE,Hessen,50.07212,8.22887,fold4_alpine,pm25,8.74471315228157,9.407874855729784
DEHE116,DE,Hessen,50.10149,8.78489,fold4_alpine,pm25,9.390254340430502,9.44194371856925
DEHE131,DE,Hessen,50.38643,8.05991,fold4_alpine,pm25,9.027467523083216,9.444992484943633
DEHE134,DE,Hessen,50.54638,9.68017,fold4_alpine,pm25,7.866858707696258,9.422957410688896
DEHE135,DE,Hessen,50.07546,8.57631,fold4_alpine,pm25,7.549984146433133,9.451369459768335
DENW002,DE,Nordrhein-Westfalen,51.64138,7.33141,fold4_alpine,pm25,10.26862840100646,9.608679932072857
DENW006,DE,Nordrhein-Westfalen,51.592205,7.5698,fold4_alpine,pm25,9.174033189486803,9.609341491161638
DENW008,DE,Nordrhein-Westfalen,51.53691,7.45746,fold4_alpine,pm25,9.58235868400827,9.527008372869004
DENW010,DE,Nordrhein-Westfalen,51.54749,7.69384,fold4_alpine,pm25,9.961584357880339,9.62194487029454
DENW021,DE,Nordrhein-Westfalen,51.525955,6.976895000000001,fold4_alpine,pm25,10.138840869107689,9.617297661994428
DENW022,DE,Nordrhein-Westfalen,51.53365,7.10179,fold4_alpine,pm25,9.28009793594857,9.65032045803199
DENW024,DE,Nordrhein-Westfalen,51.49653,6.98104,fold4_alpine,pm25,9.506048350511326,9.563305419974453
DENW029,DE,Nordrhein-Westfalen,51.40301,7.20857,fold4_alpine,pm25,8.108702639039686,9.674058194588493
DENW034,DE,Nordrhein-Westfalen,51.524025,6.74838,fold4_alpine,pm25,9.621978031844066,9.670342683342914
DENW038,DE,Nordrhein-Westfalen,51.45346,6.86508,fold4_alpine,pm25,8.765320815571952,9.65505519830293
DENW040,DE,Nordrhein-Westfalen,51.38526,6.763,fold4_alpine,pm25,9.966446658197482,9.61198175246503
DENW042,DE,Nordrhein-Westfalen,51.33767,6.64024,fold4_alpine,pm25,9.92607777382304,9.671118544840267
DENW043,DE,Nordrhein-Westfalen,51.45118,7.0306,fold4_alpine,pm25,10.135705635705692,9.533372625957297
DENW053,DE,Nordrhein-Westfalen,51.01934,6.88464,fold4_alpine,pm25,8.247356509999005,9.621996433302224
DENW058,DE,Nordrhein-Westfalen,50.87615,6.873805,fold4_alpine,pm25,8.455289783202776,9.580593624711174
DENW059,DE,Nordrhein-Westfalen,50.88982,6.98516,fold4_alpine,pm25,7.6465376284920055,9.497070455998964
DENW062,DE,Nordrhein-Westfalen,50.75364,7.08268,fold4_alpine,pm25,8.189095663214706,9.429984713231724
DENW065,DE,Nordrhein-Westfalen,50.93033,8.19192,fold4_alpine,pm25,5.092150404992907,9.249294471749865
DENW066,DE,Nordrhein-Westfalen,51.32693,6.19583,fold4_alpine,pm25,8.876556360424322,9.54809365120085
DENW067,DE,Nordrhein-Westfalen,52.02316,8.548375,fold4_alpine,pm25,8.181236105526775,9.571276382883845
DENW068,DE,Nordrhein-Westfalen,51.57066,8.14806,fold4_alpine,pm25,7.533472109528438,9.534828074901954
DENW071,DE,Nordrhein-Westfalen,51.24921,6.73238,fold4_alpine,pm25,9.07280979184146,9.583062855981058
DENW074,DE,Nordrhein-Westfalen,50.88348,6.46931,fold4_alpine,pm25,8.54355249353845,9.470232412951463
DENW078,DE,Nordrhein-Westfalen,51.30392,6.81997,fold4_alpine,pm25,8.717859408975949,9.648136809023638
DENW079,DE,Nordrhein-Westfalen,51.02888,7.00506,fold4_alpine,pm25,8.104807109307078,9.522229348640083
DENW081,DE,Nordrhein-Westfalen,51.86202,6.87451,fold4_alpine,pm25,9.592287207278913,9.571422108326017
DENW082,DE,Nordrhein-Westfalen,51.21311,6.78256,fold4_alpine,pm25,10.523052949965813,9.498986895948189
DENW094,DE,Nordrhein-Westfalen,50.754715,6.093875,fold4_alpine,pm25,6.998882645317614,9.526687632232933
DENW095,DE,Nordrhein-Westfalen,51.936545,7.61158,fold4_alpine,pm25,9.456502922031245,9.55974020131278
DENW096,DE,Nordrhein-Westfalen,51.15461,6.42561,fold4_alpine,pm25,7.634163225323167,9.570739682213409
DENW114,DE,Nordrhein-Westfalen,51.27765,7.23189,fold4_alpine,pm25,7.9927632148177485,9.596114614605547
DENW116,DE,Nordrhein-Westfalen,51.34256,6.67019,fold4_alpine,pm25,10.69599457392507,9.56490182193228
DENW133,DE,Nordrhein-Westfalen,51.36283,7.46353,fold4_alpine,pm25,9.972826496632795,9.594805488040455
DENW136,DE,Nordrhein-Westfalen,51.523555,7.48358,fold4_alpine,pm25,10.028004457533626,9.512679069429232
DENW179,DE,Nordrhein-Westfalen,51.44876,7.58229,fold4_alpine,pm25,7.803533262176657,9.626028696677727
DENW181,DE,Nordrhein-Westfalen,51.44301,8.36071,fold4_alpine,pm25,7.759261350852804,9.586278848076859
DENW182,DE,Nordrhein-Westfalen,50.92711,6.58221,fold4_alpine,pm25,9.067482395258631,9.404606922530599
DENW188,DE,Nordrhein-Westfalen,51.47498,6.86366,fold4_alpine,pm25,9.807844116044798,9.623985363698575
DENW189,DE,Nordrhein-Westfalen,51.26068,7.14739,fold4_alpine,pm25,10.448798627557023,9.610783013938612
DENW200,DE,Nordrhein-Westfalen,52.00562,8.55279,fold4_alpine,pm25,9.469138314288147,9.591848371595306
DENW207,DE,Nordrhein-Westfalen,50.77313,6.09577,fold4_alpine,pm25,7.657207946922144,9.479658463663718
DENW208,DE,Nordrhein-Westfalen,51.52789,7.0846,fold4_alpine,pm25,11.152023958791544,9.606104649103017
DENW211,DE,Nordrhein-Westfalen,50.96285,7.0046,fold4_alpine,pm25,9.456977744546826,9.430391416985074
DENW212,DE,Nordrhein-Westfalen,50.94737,6.9577,fold4_alpine,pm25,9.068364071809395,9.400703875578623
DENW247,DE,Nordrhein-Westfalen,51.40697,6.96564,fold4_alpine,pm25,7.65611040287153,9.600694947495287
DENW259,DE,Nordrhein-Westfalen,51.169435,6.439965,fold4_alpine,pm25,9.42213778530991,9.580902972205605
DENW260,DE,Nordrhein-Westfalen,51.953275000000005,7.619384999999999,fold4_alpine,pm25,9.643740493700674,9.538596651635634
DENW329,DE,Nordrhein-Westfalen,51.03383,6.45148,fold4_alpine,pm25,8.121837892273637,9.477940247120056
DENW337,DE,Nordrhein-Westfalen,51.0976,6.4695,fold4_alpine,pm25,8.880731365858574,9.514330286701878
DENW338,DE,Nordrhein-Westfalen,51.48549,6.73543,fold4_alpine,pm25,10.405334793115307,9.613903839251957
DENW355,DE,Nordrhein-Westfalen,51.03147,7.01093,fold4_alpine,pm25,8.403765556038465,9.50560755040569
DENW356,DE,Nordrhein-Westfalen,51.22761,7.64309,fold4_alpine,pm25,8.172205271306074,9.459429243234021
DENW405,DE,Nordrhein-Westfalen,51.67355,6.65512,fold4_alpine,pm25,8.69628453252928,9.67893219077664
DENW415,DE,Nordrhein-Westfalen,51.47844,6.84252,fold4_alpine,pm25,10.073467148867687,9.640904589714873
DENW430,DE,Nordrhein-Westfalen,51.20255,6.77635,fold4_alpine,pm25,9.474245893990291,9.51673973676078
DENW431,DE,Nordrhein-Westfalen,51.27743,6.74429,fold4_alpine,pm25,7.989786142960877,9.61437603968879
DERP003,DE,Rheinland-Pfalz,49.45538,8.42558,fold4_alpine,pm25,11.66762497148605,9.453134284078658
DERP009,DE,Rheinland-Pfalz,49.995,8.27397,fold4_alpine,pm25,8.817913651442598,9.43527214647351
DERP010,DE,Rheinland-Pfalz,50.00103,8.26113,fold4_alpine,pm25,10.399357685277307,9.395496194994045
DERP017,DE,Rheinland-Pfalz,49.27026,7.82641,fold4_alpine,pm25,4.8870149784782235,9.312119521965746
DERP019,DE,Rheinland-Pfalz,49.446,7.7673,fold4_alpine,pm25,8.093172873206786,9.537395141707238
DERP020,DE,Rheinland-Pfalz,49.75423,6.64672,fold4_alpine,pm25,7.761919632208902,9.487694989629233
DERP022,DE,Rheinland-Pfalz,49.84213,7.86621,fold4_alpine,pm25,8.260317684700231,9.570269689605839
DERP023,DE,Rheinland-Pfalz,49.62877,8.36478,fold4_alpine,pm25,10.732404694384059,9.477425239973375
DERP024,DE,Rheinland-Pfalz,50.3544,7.59658,fold4_alpine,pm25,9.035051214715589,9.496842175227162
DERP028,DE,Rheinland-Pfalz,50.4243,7.7299,fold4_alpine,pm25,5.644109809288217,9.287593026164188
DERP041,DE,Rheinland-Pfalz,49.4785,8.44385,fold4_alpine,pm25,9.698359350718732,9.393027686510282
DERP045,DE,Rheinland-Pfalz,50.35937,7.59224,fold4_alpine,pm25,8.701219906427335,9.464704212252373
DERP046,DE,Rheinland-Pfalz,50.4314,7.46081,fold4_alpine,pm25,8.654589831359228,9.409559005056023
DERP047,DE,Rheinland-Pfalz,49.78402,6.69026,fold4_alpine,pm25,9.41633571579207,9.527237700674776
DERP053,DE,Rheinland-Pfalz,49.3511,8.423,fold4_alpine,pm25,9.62000693880438,9.454273172764179
DESL003,DE,Saarland,49.35786,6.73354,fold4_alpine,pm25,9.315710240158742,9.458573016030826
DESL012,DE,Saarland,49.23346,6.9876,fold4_alpine,pm25,8.0783373072631,9.442864103107125
DEUB004,DE,Baden-Wuerttemberg,47.91325,7.90804,fold4_alpine,pm25,4.127725520795408,8.667968287529748
DK0012R,DK,,55.69411,12.08867,fold5_north,pm25,5.996220852594072,9.4572551720481
DK0030A,DK,,55.69833,12.55334,fold5_north,pm25,6.7203844202496725,9.48715660407076
DK0034A,DK,,55.6743,12.5711,fold5_north,pm25,9.67257528917897,9.493921256131204
DK0045A,DK,,55.70028,12.5614,fold5_north,pm25,6.667836615374111,9.48915770161103
DK0051A,DK,,56.15056,10.20084,fold5_north,pm25,7.097863829487653,9.411396323851932
DK0053A,DK,,57.04667,9.93085,fold5_north,pm25,5.898186851666885,9.544911579166095
DK0056A,DK,,56.15978,10.19362,fold5_north,pm25,6.25864269329163,9.463008557359775
DK0059A,DK,,57.04528,9.915,fold5_north,pm25,6.5203835779503585,9.553400593851354
DK0060A,DK,,55.6375,12.4617,fold5_north,pm25,6.400765138303088,9.588425556011181
EE0009R,EE,,59.49445,25.93057,fold5_north,pm25,4.179395660073366,9.507670492884461
EE0011R,EE,,58.37611,21.84501,fold5_north,pm25,4.27178775745809,9.319779910868993
EE0016A,EE,,58.70278,26.7589,fold5_north,pm25,3.735245754802542,9.491012900735745
EE0018A,EE,,59.41417,24.64946,fold5_north,pm25,3.4234637080244363,9.510608370301512
EE0019A,EE,,59.40973,27.27862,fold5_north,pm25,4.176502858846511,9.66046608896038
EE0021A,EE,,58.37056,26.73472,fold5_north,pm25,4.83351790450421,9.531556500693076
EE0022A,EE,,59.37616,28.17917,fold5_north,pm25,4.006849493876628,9.565641951240197
FI00027,FI,,64.99473,25.47926,fold5_north,pm25,4.373020269467252,9.413765388413553
FI00208,FI,,60.31439,24.68486,fold5_north,pm25,4.124022720156493,9.43413814816234
FI00280,FI,,61.05748,28.24585,fold5_north,pm25,4.925455710857658,9.497583493476645
FI00349,FI,,59.77923,21.37395,fold5_north,pm25,4.331311316223721,9.21752321096409
FI00356,FI,,67.96715,24.11233,fold5_north,pm25,1.766934171682823,9.283700293217604
FI00370,FI,,60.28995,25.03953,fold5_north,pm25,5.564238168212592,9.5737258311389
FI00397,FI,,63.67912,22.71837,fold5_north,pm25,5.1131706697778,9.411343532057636
FI00425,FI,,60.18739,24.9506,fold5_north,pm25,5.337644236234493,9.457898343319606
FI00427,FI,,68.00049,24.24566,fold5_north,pm25,1.9336790845880802,9.309393940690127
FI00564,FI,,60.16964,24.93924,fold5_north,pm25,6.4495194866378585,9.370732709920143
FI00721,FI,,61.49307,23.76938,fold5_north,pm25,4.117607440158635,9.317858749458479
FI00781,FI,,60.22393,25.10244,fold5_north,pm25,5.019756433626804,9.606732698404425
FI00801,FI,,61.4991,23.80221,fold5_north,pm25,4.193546838090941,9.377504033064826
FI00838,FI,,61.50854,23.67583,fold5_north,pm25,4.429029863289047,9.270767325082835
FI00841,FI,,60.22024,24.81133,fold5_north,pm25,5.8429133512040705,9.443782230802427
FI00889,FI,,60.99129,25.66579,fold5_north,pm25,4.734816826011507,9.36458749238646
FI00928,FI,,61.48226,21.81329,fold5_north,pm25,6.2439968575310925,9.403739913080218
FI00952,FI,,62.23817,25.74788,fold5_north,pm25,5.174940143301644,9.348398639403289
FI00955,FI,,62.89553,27.64725,fold5_north,pm25,5.044262998316447,9.404735216847362
FI00972,FI,,60.24903,24.06947,fold5_north,pm25,4.773639948511276,9.348937259273836
FI01004,FI,,60.53774,27.55872,fold5_north,pm25,4.39263181216384,9.472660483677872
IE001AP,IE,,53.33629,-6.30902,fold5_north,pm25,7.793698615218285,9.438640135336698
IE001CM,IE,,53.03612,-7.28867,fold5_north,pm25,8.148633800072442,9.392420000818401
IE001DP,IE,,55.3722,-7.3389,fold5_north,pm25,7.319827545591599,9.253898827964305
IE001LM,IE,,53.94455,-8.08649,fold5_north,pm25,6.0337912377824585,9.442683523294823
IE001WD,IE,,52.26381,-7.11791,fold5_north,pm25,8.284660854548324,9.345901941649686
IE0028A,IE,,53.35389,-6.27806,fold5_north,pm25,7.623032067034395,9.422412921275294
IE0029D,IE,,53.35241,-6.24899,fold5_north,pm25,8.060223994858767,9.41110751856822
IE002AP,IE,,53.36879,-6.17264,fold5_north,pm25,6.396317365138733,9.346773640122903
IE002BP,IE,,51.88409,-8.53304,fold5_north,pm25,6.51355925184801,9.35034111560067
IE002CM,IE,,54.00313,-6.39263,fold5_north,pm25,8.191977149901824,9.402868050375863
IE002LH,IE,,53.7322,-6.32,fold5_north,pm25,6.334722327238663,9.425734693424221
IE002SO,IE,,54.26733,-8.48043,fold5_north,pm25,7.858725765061059,9.36391819407872
IE0030D,IE,,53.34916,-6.45031,fold5_north,pm25,7.2945206254563555,9.464983024951223
IE0036A,IE,,53.336905,-6.359465,fold5_north,pm25,7.279831897265236,9.430926905322199
IE003AP,IE,,53.39025,-6.30527,fold5_north,pm25,7.027049265835548,9.463404200937134
IE003CP,IE,,52.83972,-6.93167,fold5_north,pm25,6.922388033743945,9.443310536171905
IE003DP,IE,,52.19333,-6.37667,fold5_north,pm25,8.683889396430612,9.246720339844792
IE003WW,IE,,53.14987,-6.07031,fold5_north,pm25,6.319125820110102,9.306755233830096
IE004AP,IE,,53.34188,-6.21408,fold5_north,pm25,7.103591135537034,9.335311248718698
IE004DP,IE,,52.4792,-8.15638,fold5_north,pm25,6.942241240188806,9.372362901016166
IE004KY,IE,,52.05828,-9.50488,fold5_north,pm25,7.009836227068517,9.246878758656505
IE005AP,IE,,53.34584,-6.2948,fold5_north,pm25,7.823224105922193,9.449303671101976
IE005CP,IE,,52.24706,-7.15163,fold5_north,pm25,7.955757578353365,9.315058167026484
IE005DP,IE,,51.855,-8.28778,fold5_north,pm25,6.746408866556575,9.19359498016812
IE005OY,IE,,53.3425,-7.0475,fold5_north,pm25,12.024309338213438,9.412658834496314
IE006AP,IE,,53.34502,-6.25431,fold5_north,pm25,7.881741562531784,9.429591151074495
IE006CP,IE,,54.95445,-7.73515,fold5_north,pm25,10.304815866302787,9.421555032946106
IE006KE,IE,,53.21809,-6.65909,fold5_north,pm25,7.151895053339235,9.413309854088748
IE007CP,IE,,52.65856,-8.6287,fold5_north,pm25,8.00535720006752,9.367626370976355
IE007DP,IE,,51.90467,-8.95293,fold5_north,pm25,8.002222259620478,9.292713753193436
IE007GY,IE,,53.274,-9.0485,fold5_north,pm25,7.701092976141832,9.245082529436722
IE007KE,IE,,53.3719,-6.4867,fold5_north,pm25,6.718579128072866,9.479799132798624
IE008CP,IE,,53.6556,-6.68933,fold5_north,pm25,7.859726050875262,9.429670893998685
IE0095A,IE,,53.358605,-6.357825,fold5_north,pm25,7.4570588938800375,9.496535840299874
IE0098A,IE,,53.34167,-6.28889,fold5_north,pm25,6.350270168836831,9.428588971963569
IE009CP,IE,,52.26726,-9.69792,fold5_north,pm25,11.032240441565753,9.309662746140345
IE0106A,IE,,53.36111,-6.225,fold5_north,pm25,7.636592189957708,9.42209053045118
IE0108A,IE,,52.63917,-8.95417,fold5_north,pm25,4.945000106999535,9.312387147221326
IE010LK,IE,,52.6613,-8.6316,fold5_north,pm25,6.8552485825355465,9.385994454792685
IE0110A,IE,,51.88194,-8.456900000000001,fold5_north,pm25,5.005571138774109,9.39898512430824
IE011CP,IE,,53.42478,-7.93766,fold5_north,pm25,8.822188430666259,9.439579176363896
IE0127A,IE,,53.31184,-6.23532,fold5_north,pm25,7.2223140056136925,9.4082231584941
IE012CK,IE,,52.13405,-8.64071,fold5_north,pm25,6.383519496344511,9.40779605251174
IE012CP,IE,,52.33742,-6.46162,fold5_north,pm25,8.814958476786575,9.269490234887611
IE0131A,IE,,53.3856,-6.370105000000001,fold5_north,pm25,7.275690559335788,9.50490758062713
IE0132A,IE,,53.28583,-6.131945,fold5_north,pm25,7.473770497998085,9.285700620271415
IE0136A,IE,,53.28034,-6.35877,fold5_north,pm25,6.214929523054116,9.438216931265172
IE0137A,IE,,52.8432,-8.9893,fold5_north,pm25,12.240896286361892,9.344807799363359
IE013CK,IE,,51.90168,-8.46206,fold5_north,pm25,7.783879800395597,9.40139201779674
IE0140A,IE,,53.4638,-6.2235,fold5_north,pm25,6.351506901084732,9.48124663573519
IE0142A,IE,,53.725570000000005,-7.79151,fold5_north,pm25,9.500277807874388,9.397608726433088
IE0145A,IE,,53.68741,-9.0128,fold5_north,pm25,5.361538478513999,9.29329473547627
IE016CK,IE,,51.83057,-8.32085,fold5_north,pm25,6.454246449257609,9.262885044605351
IE028D,IE,,53.35274,-6.20385,fold5_north,pm25,7.442191739202565,9.338655720533612
IS0002A,IS,,64.05887,-21.99073,fold5_north,pm25,3.9544927877630123,9.26476815398382
IS0006A,IS,,64.13886,-21.87341,fold5_north,pm25,4.026985258502949,9.33638792018392
IS0025A,IS,,64.37358,-21.75914,fold5_north,pm25,4.917546722954429,9.329829398082579
IS0037A,IS,,64.10495,-21.889,fold5_north,pm25,3.9943270767937262,9.459271485997531
IS0046A,IS,,64.04416,-21.98535,fold5_north,pm25,6.826563504282249,9.36862708609041
IS0061A,IS,,64.15335,-21.886,fold5_north,pm25,3.70824736514642,9.288637043910652
IS0063A,IS,,64.08564,-21.82489,fold5_north,pm25,2.7850421161207732,9.412895574096208
IS0064A,IS,,64.08799,-21.99609,fold5_north,pm25,3.5399474437372964,9.17402329941952
LT00002,LT,,54.68611,25.210835000000003,fold5_north,pm25,6.178846165835086,9.500293182372621
LT00003,LT,,54.71528,25.28944,fold5_north,pm25,10.847088534717091,9.482829474954093
LT00012,LT,,55.725,24.36557,fold5_north,pm25,10.487151659152543,9.6242690106505
LT00021,LT,,56.31944,22.87084,fold5_north,pm25,8.38150353984848,9.553746658584156
LT00022,LT,,55.93784,23.30803,fold5_north,pm25,10.588092241287729,9.563845943454439
LT00023,LT,,56.30972,22.33139,fold5_north,pm25,8.792462775373677,9.581578469302073
LT00041,LT,,54.89513,23.98622,fold5_north,pm25,13.315769738769074,9.513301402137177
LT00042,LT,,55.07222,24.28389,fold5_north,pm25,12.456960320549419,9.631606410463606
LT00043,LT,,55.28,23.95778,fold5_north,pm25,10.463832266306827,9.713369882550309
LT00044,LT,,54.88361,23.835835000000003,fold5_north,pm25,8.427517355279681,9.587674812645703
LT00053,LT,,56.00834,21.88695,fold5_north,pm25,7.248700718625442,9.499496977922819
LV0010R,LV,,56.16235,21.17333,fold5_north,pm25,7.578958743760406,9.547693787413609
LV0022A,LV,,57.404,21.59032,fold5_north,pm25,7.87187581080994,9.44681634763837
LV0026A,LV,,56.95485,24.10476,fold5_north,pm25,8.956401187678395,9.52946065658115
LV0029A,LV,,56.49628,21.01441,fold5_north,pm25,11.55262117444602,9.321733227370716
LV0031A,LV,,56.51101,27.33775,fold5_north,pm25,10.6777256105512,9.546810320560363
NO0011A,NO,,59.9331,10.725335,fold5_north,pm25,6.969200120977507,9.377571810936537
NO0057A,NO,,59.92815,10.847725,fold5_north,pm25,7.098080437479221,9.398492452254972
NO0059A,NO,,60.37579,5.341324999999999,fold5_north,pm25,5.9728620667452095,9.327244141619804
NO0060A,NO,,63.41845,10.39714,fold5_north,pm25,5.049377612650575,9.386138128372103
NO0061A,NO,,59.1593,9.63573,fold5_north,pm25,7.858726147555201,9.405100271878297
NO0063A,NO,,58.14888,7.99183,fold5_north,pm25,7.15199948163803,9.239530444086533
NO0065A,NO,,58.96152,5.7314,fold5_north,pm25,7.84325001045393,9.231160605126961
NO0071A,NO,,59.898625,10.814955,fold5_north,pm25,7.4495218075892815,9.381546458894471
NO0073A,NO,,59.63944,10.765935,fold5_north,pm25,7.062909279106641,9.42554029484394
NO0074A,NO,,61.11314,10.465635,fold5_north,pm25,6.6903555401797625,9.379451073329331
NO0075A,NO,,61.12113,10.46629,fold5_north,pm25,6.314441575188234,9.390280710441848
NO0076A,NO,,58.964195,5.727824999999999,fold5_north,pm25,7.37518425522656,9.241865242321076
NO0083A,NO,,59.919375,10.69645,fold5_north,pm25,8.55702547633439,9.348215163099518
NO0084A,NO,,59.245975,10.9474,fold5_north,pm25,9.943350984721572,9.4755318545862
NO0093A,NO,,59.911325,10.703935,fold5_north,pm25,7.912287006167302,9.275621240648974
NO0095A,NO,,59.9325,10.66987,fold5_north,pm25,7.1939889163553055,9.384832127324687
NO0103A,NO,,60.79089,10.6967,fold5_north,pm25,6.217575650541405,9.303077605076924
NO0108A,NO,,60.46267,5.33245,fold5_north,pm25,4.082618404914416,9.298921897774148
NO0109A,NO,,60.36114,5.23686,fold5_north,pm25,5.1414373962098345,9.249449730772218
NO0110A,NO,,59.27378,11.08919,fold5_north,pm25,9.101663785607977,9.43354904958641
NO0112A,NO,,59.43347,10.66176,fold5_north,pm25,8.662558729285697,9.320563207061968
NO0114A,NO,,59.91822,10.58393,fold5_north,pm25,8.42711457016766,9.398442820522728
NO0115A,NO,,59.0573,9.69557,fold5_north,pm25,7.299158482403761,9.21178389925758
NO0118A,NO,,59.13354,9.6219,fold5_north,pm25,10.500150179586365,9.313588439044635
NO0119A,NO,,60.88364,11.5593,fold5_north,pm25,7.522017626023471,9.363452425325224
NO0120A,NO,,60.39593,5.31267,fold5_north,pm25,5.453511811122855,9.23717285725425
NO0121A,NO,,60.29427,5.32462,fold5_north,pm25,5.1704660808981195,9.251304443222791
NO0122A,NO,,59.92556,10.85037,fold5_north,pm25,9.811242688504269,9.396430440261332
NO0123A,NO,,66.31219,14.14992,fold5_north,pm25,6.745874980400815,9.478728067540086
NO0125A,NO,,58.95188,5.72188,fold5_north,pm25,7.463683212382993,9.277501859334045
NO0126A,NO,,67.2755,14.41906,fold5_north,pm25,3.4492085077841814,9.332649184024893
NO0127A,NO,,68.79223,16.53742,fold5_north,pm25,4.678777152637412,9.3094954356413
NO0128A,NO,,59.26373,10.41117,fold5_north,pm25,6.017466389057627,9.382896300312998
NO0129A,NO,,59.92861,10.9532,fold5_north,pm25,9.371610373400019,9.36958754939336
NO0130A,NO,,60.88593,10.93785,fold5_north,pm25,10.311906877067624,9.33549004164915
NO0135A,NO,,59.74953,10.1653,fold5_north,pm25,9.406258471277836,9.471433603457386
NO0136A,NO,,59.75362,10.1444,fold5_north,pm25,8.526736052095162,9.43485287559542
NO0140A,NO,,59.91405,10.73598,fold5_north,pm25,8.308072854539992,9.311493616245633
NO0141A,NO,,58.97265,5.7265,fold5_north,pm25,6.416202131707681,9.264125829319068
NO0143A,NO,,59.91694,10.766,fold5_north,pm25,8.641520823704882,9.411056904121947
NO0148A,NO,,68.43541,17.42491,fold5_north,pm25,3.9079192826519162,9.369795159209712
NO0150A,NO,,59.92845,10.80186,fold5_north,pm25,12.185637539071625,9.415966283622396
NO0151A,NO,,60.79646,11.09676,fold5_north,pm25,10.455725649809155,9.32004878940113
NO0152A,NO,,59.90826,10.74947,fold5_north,pm25,11.270699895323258,9.317079308338649
SE0001A,SE,,55.60639,13.00196,fold5_north,pm25,7.042559655230562,9.435531377204782
SE0003A,SE,,59.31722,18.048920000000003,fold5_north,pm25,5.623008231828935,9.383466821953807
SE0004A,SE,,57.70902,11.97024,fold5_north,pm25,7.448901644318939,9.456723659504183
SE0005R,SE,,63.8455,15.31973,fold5_north,pm25,2.549657183180323,9.360301119548483
SE0022A,SE,,59.31601,18.05781,fold5_north,pm25,4.501581978414549,9.392733490472958
SE0058A,SE,,55.58475,13.00623,fold5_north,pm25,7.567034209006533,9.530107230932641
SE0059A,SE,,63.82886,20.25849,fold5_north,pm25,5.0737825760537625,9.360876531878723
SE0066A,SE,,59.83238,18.63131,fold5_north,pm25,3.36897134769342,9.325509688187356
SE0071A,SE,,59.4422,17.92332,fold5_north,pm25,4.522210259627198,9.465119845734515
SE0085A,SE,,56.04718,12.69163,fold5_north,pm25,7.4246644387858325,9.360753405244399
SE0095A,SE,,62.38856,17.30889,fold5_north,pm25,5.485787063003851,9.370010412465172
SE0117A,SE,,57.63693,18.30357,fold5_north,pm25,7.394794395621023,9.408688864626031
SE09569,SE,,62.38646,17.30323,fold5_north,pm25,4.962508204834731,9.36993197214687
SE156417,SE,,59.85709,17.64631,fold5_north,pm25,4.999725059370921,9.481287360045267
SE157992,SE,,59.3405,18.03702,fold5_north,pm25,5.404799044904284,9.386372601981224
SE159388,SE,,60.08583,17.50528,fold5_north,pm25,3.7811288653245008,9.438802875847886
SE159402,SE,,59.44592,17.95499,fold5_north,pm25,4.797464239855008,9.418925449397042
SE159404,SE,,59.86052,17.6376,fold5_north,pm25,3.884501513042696,9.487153948997566
SE165095,SE,,60.2814,15.9891,fold5_north,pm25,5.458501775087933,9.328999577087817
SE181002,SE,,56.87988,14.79927,fold5_north,pm25,6.882045494426324,9.412306885758547
SE181259,SE,,63.17391,14.64109,fold5_north,pm25,5.437972137366293,9.227968486261389
SE181993,SE,,56.66419,16.33362,fold5_north,pm25,6.812982384276474,9.313013553809519
SE274590,SE,,57.69371,11.95677,fold5_north,pm25,7.10065709393743,9.481883477827065
SE274652,SE,,59.43364,17.94974,fold5_north,pm25,4.788383442627049,9.423483012276016
SE301111,SE,,58.59152,16.17788,fold5_north,pm25,5.004811565911375,9.459588127766157
SE301113,SE,,58.59204,16.18933,fold5_north,pm25,4.458747957332821,9.469850361847364
SE301757,SE,,59.36426,17.97628,fold5_north,pm25,4.856340148333705,9.452124027472966
SE313381,SE,,57.63993,18.30972,fold5_north,pm25,5.912927452557222,9.436734890432335
SE338683,SE,,60.67617,17.13764,fold5_north,pm25,5.6617925037279555,9.43282546832166
SE338685,SE,,58.41239,15.63008,fold5_north,pm25,5.077570434100569,9.509112763768087
SE343956,SE,,59.37667,13.49034,fold5_north,pm25,5.666642347515626,9.346567109038924
SE344172,SE,,59.6077,16.53592,fold5_north,pm25,6.193639122736489,9.410605852108304
SE363072,SE,,59.23663,17.83619,fold5_north,pm25,4.90755067414831,9.371994213092929
SE363816,SE,,56.10229,13.42008,fold5_north,pm25,5.899247391791588,9.493554370772392
SE37479,SE,,59.489,17.91992,fold5_north,pm25,4.629284886353567,9.435073182359163
SE37658,SE,,63.8208,20.2893,fold5_north,pm25,3.9439917247674052,9.372384340784864
SE38350,SE,,55.70334,13.18028,fold5_north,pm25,6.281235318898432,9.61491886687523
SE429526,SE,,57.6281,18.32356,fold5_north,pm25,8.39069861602185,9.535730659105743
BA0029A,BA,,43.8675,18.42306,fold6_balkan_e,pm25,25.40410892360851,13.894224200026928
BA0032A,BA,,44.53472,18.66168,fold6_balkan_e,pm25,25.12989409745457,16.680053791245598
BA0043A,BA,,43.8301,18.3111,fold6_balkan_e,pm25,25.838499036326077,14.773627358251597
BA0045A,BA,,44.5332,18.5347,fold6_balkan_e,pm25,24.750340495106688,16.72301394139962
BA0047A,BA,,45.07,17.59,fold6_balkan_e,pm25,33.3939183402549,9.296945384622186
BA0058A,BA,,44.8077,15.8664,fold6_balkan_e,pm25,21.935364758187152,13.050939685921751
BA0061A,BA,,43.9,18.342,fold6_balkan_e,pm25,28.66676673426863,13.316637578856815
BA0062A,BA,,44.225,17.667,fold6_balkan_e,pm25,23.45514954361054,14.044062389140468
BA0065A,BA,,44.798,17.204,fold6_balkan_e,pm25,32.34282050422839,12.065061961333
BG0020A,BG,,43.0742,25.60488,fold6_balkan_e,pm25,14.27585150767539,15.805145076162981
BG0039A,BG,,42.4342,25.63152,fold6_balkan_e,pm25,17.023224435753086,15.16410356384006
BG0045A,BG,,43.85137,25.96409,fold6_balkan_e,pm25,14.649522596931329,13.772438310508974
BG0046A,BG,,42.57828,23.11398,fold6_balkan_e,pm25,16.81369009942619,13.187247110083481
BG0050A,BG,,42.68056,23.29679,fold6_balkan_e,pm25,12.652182467952064,18.266136059059207
BG0051A,BG,,42.14289,24.76524,fold6_balkan_e,pm25,16.667213509475275,14.645510342777701
BG0053R,BG,,41.69434,24.73808,fold6_balkan_e,pm25,6.927214554495106,6.2467189879858696
BG0070A,BG,,42.63719,23.24386,fold6_balkan_e,pm25,8.301227540396328,6.466420429446606
BG0075A,BG,,43.22439,27.91573,fold6_balkan_e,pm25,10.989943373096933,13.935199603115837
HR0005A,HR,,45.32079,14.48351,fold6_balkan_e,pm25,8.04281840690966,9.478003373383773
HR0010A,HR,,45.15947,17.9951,fold6_balkan_e,pm25,25.16595091010249,15.079336798179426
HR0011A,HR,,45.69803,18.83464,fold6_balkan_e,pm25,11.00764837083937,8.492450322076639
HR0012A,HR,,46.16906,15.66064,fold6_balkan_e,pm25,13.32741962408466,6.868301008394371
HR0013A,HR,,44.89933,15.60978,fold6_balkan_e,pm25,7.05675371820729,7.424022587091486
HR0015A,HR,,45.2912,13.74978,fold6_balkan_e,pm25,6.363283602802879,8.673575458047155
HR0017A,HR,,44.02109,15.51611,fold6_balkan_e,pm25,7.275879505462179,9.510546505905015
HR0021A,HR,,45.83437,15.97839,fold6_balkan_e,pm25,13.892975559435088,17.45514299026094
HR0022A,HR,,43.51065,16.44934,fold6_balkan_e,pm25,9.66675414397964,12.369541628862372
HR0023A,HR,,43.54812,16.43496,fold6_balkan_e,pm25,9.867615390995624,14.208092905301438
HR0031A,HR,,45.32079,14.48351,fold6_balkan_e,pm25,7.7128880711310455,9.478003373383773
HR0035A,HR,,45.48563,16.76852,fold6_balkan_e,pm25,22.805120358964277,16.68910758797583
HR0037A,HR,,46.16129,16.84325,fold6_balkan_e,pm25,18.574731729351953,19.16484624798368
HR0039A,HR,,45.55772,18.73086,fold6_balkan_e,pm25,15.6067631089297,16.89173925922577
HR0043A,HR,,43.50417,16.45333,fold6_balkan_e,pm25,8.39453595115751,11.60370997627767
HR0044A,HR,,43.50417,16.45333,fold6_balkan_e,pm25,8.436622929163603,11.60370997627767
HR0045A,HR,,42.64483,18.08517,fold6_balkan_e,pm25,7.234223011530504,11.487409992831523
HR0046A,HR,,45.71485,16.06829,fold6_balkan_e,pm25,20.775336171926128,18.920137361203725
HU0017A,HU,,47.86667,19.93333,fold6_balkan_e,pm25,9.408630948107982,7.404412524878965
HU0022A,HU,,47.43084,19.18417,fold6_balkan_e,pm25,7.407407457294433,17.17949567441317
HU0023A,HU,,47.51333,21.62445,fold6_balkan_e,pm25,19.983119314510006,15.7043331950472
HU0026A,HU,,48.24722,20.6164,fold6_balkan_e,pm25,18.286207052714666,15.931436755151509
HU0029A,HU,,46.08028,18.21112,fold6_balkan_e,pm25,11.609539539345384,14.635361747324684
HU0030A,HU,,46.07111,18.22529,fold6_balkan_e,pm25,14.346874874354443,16.745068331990662
HU0033A,HU,,46.97611,18.93611,fold6_balkan_e,pm25,13.174041416940561,13.192219386777188
HU0034A,HU,,47.09111,17.90112,fold6_balkan_e,pm25,12.377744757637993,16.87114394351595
HU0037A,HU,,47.10528,17.55667,fold6_balkan_e,pm25,13.456546104568448,15.363006048749385
HU0039A,HU,,47.79,18.74612,fold6_balkan_e,pm25,13.339080428635596,17.42330954106874
HU0044A,HU,,48.47389,21.21168,fold6_balkan_e,pm25,13.303921520298168,14.664411968952901
HU0056A,HU,,47.52278,19.06972,fold6_balkan_e,pm25,12.840700432665116,16.706938888782048
HU0057A,HU,,46.26661,20.15305,fold6_balkan_e,pm25,11.96590915503446,13.969331428555726
ME0008A,ME,,42.10383,19.09431,fold6_balkan_e,pm25,7.212567424053834,15.439986704362124
RO0065A,RO,,44.44727,26.03669,fold6_balkan_e,pm25,12.920710412339792,13.360551084563188
RO0069A,RO,,44.41949,26.03364,fold6_balkan_e,pm25,12.091497275469782,17.177667857954226
RO0070A,RO,,44.43504,26.0983,fold6_balkan_e,pm25,14.126876142174767,16.526632561698136
RO0071A,RO,,44.34922,26.03083,fold6_balkan_e,pm25,12.027076801883922,16.758840242596914
RO0072A,RO,,44.64903,26.14448,fold6_balkan_e,pm25,19.54626772659279,9.472157996891495
RO0074A,RO,,46.77503,23.59662,fold6_balkan_e,pm25,16.310990540801882,16.83519753815542
RO0077A,RO,,47.14501,23.87739,fold6_balkan_e,pm25,22.07308101758866,15.534349885091977
RO0079A,RO,,44.31914,23.79671,fold6_balkan_e,pm25,11.999939311128156,15.53249801374221
RO0084A,RO,,47.15095,27.58192,fold6_balkan_e,pm25,15.496289122909698,17.88553115383165
RO0087A,RO,,47.13574,27.69309,fold6_balkan_e,pm25,14.033911416753956,17.34663942697885
RO0092A,RO,,46.06428,23.56352,fold6_balkan_e,pm25,15.470745834473503,15.183913445012541
RO0111A,RO,,47.12737,24.49549,fold6_balkan_e,pm25,19.37979663532375,16.433424633705243
RO0112A,RO,,47.73992,26.65852,fold6_balkan_e,pm25,10.311338585439737,15.965128724014283
RO0119A,RO,,45.65222,25.58306,fold6_balkan_e,pm25,13.99091051405522,11.919080958596606
RO0126A,RO,,44.20176,27.32796,fold6_balkan_e,pm25,12.312348217008338,14.854939080576267
RO0142A,RO,,45.43154,28.05474,fold6_balkan_e,pm25,14.463021132395514,11.958690310724418
RO0154A,RO,,45.87141,22.90859,fold6_balkan_e,pm25,14.80392565898314,16.486270329728427
RO0159A,RO,,44.56497,27.36608,fold6_balkan_e,pm25,11.93189667236558,13.727902002876483
RO0176A,RO,,44.93924,26.02583,fold6_balkan_e,pm25,15.602637708265958,17.899442890083904
RO0205A,RO,,46.63214,27.73089,fold6_balkan_e,pm25,12.11239056381576,15.751751735853968
RO0211A,RO,,47.21564,27.76873,fold6_balkan_e,pm25,17.129916117701494,17.24743932427174
RO0219A,RO,,45.13399,24.67663,fold6_balkan_e,pm25,13.651892181624945,12.902761932587676
RO0220A,RO,,44.42884,24.36884,fold6_balkan_e,pm25,12.855100959729787,12.732909326935854
RO0222A,RO,,45.13581,25.74695,fold6_balkan_e,pm25,15.062404014637785,15.503378365113171
RO0223A,RO,,45.70226,25.44714,fold6_balkan_e,pm25,19.93567592901845,14.259924000979163
RO0226A,RO,,43.81685,28.56623,fold6_balkan_e,pm25,11.670426879935027,12.482624641250005
RO0227A,RO,,45.86476,25.78332,fold6_balkan_e,pm25,16.71161182376192,15.29807140486844
RO0229A,RO,,44.49181,26.03093,fold6_balkan_e,pm25,12.2365444803278,18.498089540585653
RO0230A,RO,,44.46039,25.98738,fold6_balkan_e,pm25,17.26365851322415,13.481985699523968
RO0231A,RO,,44.36974,25.9748,fold6_balkan_e,pm25,16.590664849386645,17.70641829380806
RO0233A,RO,,44.42548,26.091,fold6_balkan_e,pm25,15.217364983060149,17.850280984151183
RO0234A,RO,,44.45076,26.1303,fold6_balkan_e,pm25,15.895925407434435,15.631206564410402
RO0235A,RO,,44.44618,26.06627,fold6_balkan_e,pm25,15.142875360304101,16.40932073219894
RO0236A,RO,,44.46806,26.14091,fold6_balkan_e,pm25,18.036801013035838,15.096363327026747
RO0237A,RO,,44.43214,26.14021,fold6_balkan_e,pm25,24.046795240169363,16.264527577924436
RO0238A,RO,,44.41974,26.13615,fold6_balkan_e,pm25,25.182126800956453,17.095100157556484
RO0239A,RO,,44.43411,26.04233,fold6_balkan_e,pm25,10.494382840345404,17.26486747146688
RO0241A,RO,,44.39268,26.12042,fold6_balkan_e,pm25,17.147881487152862,16.61355348727146
RO0242A,RO,,44.38614,26.13041,fold6_balkan_e,pm25,16.652696873595644,17.429002239024058
RO0243A,RO,,44.41851,26.1492,fold6_balkan_e,pm25,13.985898831284848,15.70729378475479
RO0244A,RO,,44.47031,26.00246,fold6_balkan_e,pm25,20.45772807251426,15.436033724847054
RO0245A,RO,,44.4071,26.11314,fold6_balkan_e,pm25,15.121494276953214,17.139726415834243
RO0246A,RO,,44.30011,26.12012,fold6_balkan_e,pm25,17.591911265507793,16.16845805001427
RO0247A,RO,,44.49926,26.13543,fold6_balkan_e,pm25,15.653024832833221,16.692710656069863
RO0248A,RO,,44.48824,26.18419,fold6_balkan_e,pm25,19.520945167498088,16.62952798780937
RO0249A,RO,,44.38578,26.24713,fold6_balkan_e,pm25,17.192146091847718,14.976453525432238
RO0250A,RO,,44.55027,26.07054,fold6_balkan_e,pm25,16.459820164195456,18.81459611185407
RO0251A,RO,,44.56106,25.9471,fold6_balkan_e,pm25,14.743030633146441,17.130426464053446
RO0252A,RO,,45.29934,21.87213,fold6_balkan_e,pm25,10.685718449397022,12.685105781617366
RO0253A,RO,,44.91519,25.46655,fold6_balkan_e,pm25,12.824636575428364,15.993876103503318
RO0255A,RO,,45.05019,23.27398,fold6_balkan_e,pm25,24.74435653137269,18.67522837720362
RO0257A,RO,,47.19514,23.04705,fold6_balkan_e,pm25,14.814444075874814,13.912844722396365
RO0258A,RO,,45.69455,21.89308,fold6_balkan_e,pm25,13.282813680730063,17.39490233768023
RO0262A,RO,,44.55968,23.52724,fold6_balkan_e,pm25,18.547665114769455,16.802957080362415
RO0263A,RO,,47.93056,23.8889,fold6_balkan_e,pm25,30.5981176335788,14.032660639693754
RS0028A,RS,,44.79875,20.45018,fold6_balkan_e,pm25,21.317670374827475,15.457129003330431
RS0029A,RS,,45.26263,19.81902,fold6_balkan_e,pm25,17.35928234144612,17.27926955332326
RS0030A,RS,,43.31655,21.91355,fold6_balkan_e,pm25,36.00295118963324,19.578166958083543
RS0032A,RS,,44.82112,20.45911,fold6_balkan_e,pm25,21.611368136245915,15.748548172395902
RS0033A,RS,,43.32255,21.91903,fold6_balkan_e,pm25,25.38032092056719,17.693364944368767
RS0049A,RS,,45.20839,19.72171,fold6_balkan_e,pm25,17.98135121173732,15.7402032611213
RS0050A,RS,,44.66408,20.92673,fold6_balkan_e,pm25,22.32123192579292,19.374862783259903
RS0051A,RS,,44.65948,20.2045,fold6_balkan_e,pm25,26.657795800951455,19.888971175253193
RS0052A,RS,,44.00294,19.90517,fold6_balkan_e,pm25,30.482628212817936,13.43206417360816
RS0053A,RS,,43.91059,21.50839,fold6_balkan_e,pm25,21.599368241373757,18.826494822909783
RS0054A,RS,,43.85426,19.84318,fold6_balkan_e,pm25,30.516178674974487,15.596192312566181
RS0055A,RS,,43.1397,20.51635,fold6_balkan_e,pm25,41.31696448730704,15.64501313759093
SI0001A,SI,,46.23451,15.26248,fold6_balkan_e,pm25,14.892537458406577,14.773587146216151
SI0002A,SI,,46.55887,15.6513,fold6_balkan_e,pm25,11.700872209844595,14.07463251794032
SI0003A,SI,,46.06554,14.51272,fold6_balkan_e,pm25,14.033057876074249,12.620341996044113
SI0008R,SI,,45.561245,14.86043,fold6_balkan_e,pm25,6.753541106323683,7.356837081656182
SI0033A,SI,,46.65209,16.19132,fold6_balkan_e,pm25,15.149390568432962,16.765559524252872
SI0034A,SI,,45.95557,13.65239,fold6_balkan_e,pm25,11.598885813967389,14.219156216688257
SI0036A,SI,,46.13139,15.00084,fold6_balkan_e,pm25,15.314793902572822,11.038335997766215
SI0037A,SI,,46.14391,15.08329,fold6_balkan_e,pm25,11.933321622132855,11.793621279047391
SI0038A,SI,,45.54301,13.71352,fold6_balkan_e,pm25,10.29778843069891,12.21425765689734
SI0059A,SI,,46.56835,15.62612,fold6_balkan_e,pm25,11.103746353727693,10.038943501792547
SI0061A,SI,,45.80182,15.17726,fold6_balkan_e,pm25,13.658896733640036,10.811177082200482
SI0071A,SI,,46.65776,16.15923,fold6_balkan_e,pm25,17.821560410404192,18.780778772588697
SI0072A,SI,,46.07209,14.48712,fold6_balkan_e,pm25,14.674025881592028,11.595172676176885
SI0073A,SI,,46.24179,14.36224,fold6_balkan_e,pm25,13.687732584227648,10.862539392805203
SI0074A,SI,,46.15751,15.05395,fold6_balkan_e,pm25,13.30492659815537,11.201708661192225
SI0075A,SI,,46.03749,14.48927,fold6_balkan_e,pm25,14.811303598981986,9.3595347187896
SI0076A,SI,,46.23566,15.24624,fold6_balkan_e,pm25,15.600837145239188,12.3229717774827
SI0077A,SI,,46.4255,15.87651,fold6_balkan_e,pm25,14.214894612329262,15.893261179158584
XK0001A,XK,,42.51721,21.10923,fold6_balkan_e,pm25,12.796724126942399,10.277114420184116
XK0002A,XK,,42.39347,21.09264,fold6_balkan_e,pm25,17.80559249225216,13.060763267571057
XK0003A,XK,,42.62557,20.89621,fold6_balkan_e,pm25,10.351997886369817,20.132264391866762
XK0004A,XK,,42.8918,20.8689,fold6_balkan_e,pm25,13.891689219446684,18.040285243124362
XK0005A,XK,,42.6657,20.3051,fold6_balkan_e,pm25,13.063595606865528,17.708243656594387
XK0006A,XK,,42.2199,20.7279,fold6_balkan_e,pm25,10.07811270394093,18.348816111373587
XK0008A,XK,,42.154,21.296,fold6_balkan_e,pm25,10.689903185982265,18.578122199410235
XK0009A,XK,,42.4678,21.4604,fold6_balkan_e,pm25,16.43960095520802,22.989816670455806
XK0010A,XK,,42.6779,21.0528,fold6_balkan_e,pm25,9.81646417153904,15.741508079201212
XK0011A,XK,,42.6839,21.0733,fold6_balkan_e,pm25,15.10603913956908,18.72453179178782
XK0012A,XK,,42.6597,21.0833,fold6_balkan_e,pm25,11.39627706627303,15.311695119721065
GR0001A,GR,,39.36671,22.94292,fold7_balkan_s,pm25,14.525333881130782,13.154820794298514
GR0003A,GR,,37.98807,23.72762,fold7_balkan_s,pm25,17.41952134837502,11.721717427298172
GR0018A,GR,,40.63372,22.9451,fold7_balkan_s,pm25,16.205669159474454,11.756658313323024
GR0030A,GR,,37.943975,23.64637,fold7_balkan_s,pm25,10.998204230750543,10.496566830107339
GR0035A,GR,,38.06871,23.78294,fold7_balkan_s,pm25,13.971074182906104,11.285052644144647
GR0037A,GR,,38.14352,23.7582,fold7_balkan_s,pm25,11.739888413287956,9.380717783348127
GR0038A,GR,,38.05132,23.53843,fold7_balkan_s,pm25,14.871596933796647,10.507120971083419
GR0039A,GR,,37.99511,23.81942,fold7_balkan_s,pm25,9.97283664382494,10.13901553716353
GR0047A,GR,,40.58892,23.03169,fold7_balkan_s,pm25,8.603632375277545,12.651618358629284
GR0048A,GR,,38.24647,21.73451,fold7_balkan_s,pm25,14.591687419102541,10.116019458330085
GR0110R,GR,,38.3753,23.1103,fold7_balkan_s,pm25,15.43967087155218,9.878614114698571
GR0410A,GR,,39.67117,20.8466,fold7_balkan_s,pm25,24.392256803657084,14.840716757595198
GR0422A,GR,,39.56082,21.77015,fold7_balkan_s,pm25,18.636386881816776,18.978843219277497
GR0423A,GR,,39.36581,21.91922,fold7_balkan_s,pm25,17.32769194847354,17.78136788770647
GR0451A,GR,,40.29408,21.7909,fold7_balkan_s,pm25,10.378029369790525,11.886380972770784
GR0455A,GR,,40.0847,21.43868,fold7_balkan_s,pm25,12.315964913636925,14.34527103383709
GR0456A,GR,,40.5133,21.25326,fold7_balkan_s,pm25,12.860205107352956,9.802796110784511
MK0030A,MK,,42.00361,21.46362,fold7_balkan_s,pm25,22.218021831697325,21.100490142220075
MK0031A,MK,,41.97833,21.47,fold7_balkan_s,pm25,28.813795909392894,20.98722639693134
MK0034A,MK,,41.91389,22.41585,fold7_balkan_s,pm25,14.792895516441584,19.17111223777772
MK0037A,MK,,41.04,21.3564,fold7_balkan_s,pm25,20.384778759817905,15.426280721793987
MK0038A,MK,,41.03028,21.33667,fold7_balkan_s,pm25,27.331611123355966,19.9009306982761
MK0040A,MK,,41.70583,21.76529,fold7_balkan_s,pm25,19.908865599011936,12.291381051605809
MK0041A,MK,,41.99759,20.96518,fold7_balkan_s,pm25,30.066554615377285,21.855538709782902
MK0042A,MK,,41.53583,20.6989,fold7_balkan_s,pm25,8.492181517608252,7.6104958665408935
MK0044A,MK,,41.44056,22.00723,fold7_balkan_s,pm25,25.83215469320587,20.761552255008723
MK0045A,MK,,41.98744,21.6525,fold7_balkan_s,pm25,17.413740643570478,15.038299134649126
MK0047A,MK,,41.992,21.423,fold7_balkan_s,pm25,20.279018803849684,26.05916636282262
MK0048A,MK,,42.006,21.387,fold7_balkan_s,pm25,21.24905393896285,24.00026832763934
MK0049A,MK,,41.43913,22.64316,fold7_balkan_s,pm25,29.06426474072095,21.836130647400626
MK0050A,MK,,41.79974,20.90973,fold7_balkan_s,pm25,26.9080418629124,24.899017340073065
MK0054A,MK,,41.11422,20.80664,fold7_balkan_s,pm25,20.881436907263428,15.763161244019132
TR0002A,TR,,39.97203,32.58516,fold7_balkan_s,pm25,14.357953093772995,11.1999526206183
TR0010A,TR,,39.91832,32.8229,fold7_balkan_s,pm25,9.753939379567825,10.725453006693348
TR0011A,TR,,39.96773,32.79566,fold7_balkan_s,pm25,15.380139308395076,11.44522320776565
TR0015A,TR,,39.92727,32.85941,fold7_balkan_s,pm25,14.026154201903829,12.68127327081393
TR0022A,TR,,39.63388,27.89585,fold7_balkan_s,pm25,17.48124361476886,12.408864291983777
TR0023A,TR,,41.63053,32.33509,fold7_balkan_s,pm25,16.45612492718803,21.121249569906926
TR0026A,TR,,40.1411,29.97776,fold7_balkan_s,pm25,14.631985016722787,14.573027548979498
TR0030A,TR,,37.72302,30.29445,fold7_balkan_s,pm25,16.72025044406334,10.463657856266861
TR0031A,TR,,40.23443,29.03806,fold7_balkan_s,pm25,23.140364928085166,18.878058051402224
TR0032A,TR,,40.13694,26.40583,fold7_balkan_s,pm25,14.990787347281541,10.146358529582132
TR0033A,TR,,40.59972,33.61694,fold7_balkan_s,pm25,8.380197252538448,10.534913843437252
TR0038A,TR,,40.84555,31.14805,fold7_balkan_s,pm25,22.741875249696186,26.348804079523752
TR0039A,TR,,41.65921,26.58503,fold7_balkan_s,pm25,13.784042365503991,14.163488725943731
TR0049A,TR,,39.92611,44.05361,fold7_balkan_s,pm25,49.00577017408457,14.615297728137417
TR0052A,TR,,41.01472,28.95472,fold7_balkan_s,pm25,24.45384659217688,21.057771311967542
TR0053A,TR,,41.05767,28.94568,fold7_balkan_s,pm25,17.68060815716267,17.22829683570098
TR0054A,TR,,41.05388,29.01,fold7_balkan_s,pm25,16.192654877321385,16.853548525629517
TR0055A,TR,,41.03833,28.88805,fold7_balkan_s,pm25,19.37907130549448,21.241194458468453
TR0056A,TR,,40.99194,29.03361,fold7_balkan_s,pm25,18.69594385409245,18.13679563717125
TR0057A,TR,,40.89,29.2075,fold7_balkan_s,pm25,22.815242709467444,17.79893841744981
TR0059A,TR,,41.01361,29.16222,fold7_balkan_s,pm25,19.92299451209206,20.969229102062158
TR0060A,TR,,41.01527,29.025,fold7_balkan_s,pm25,11.7996941126079,17.320784109733385
TR0070A,TR,,38.20384,37.19834,fold7_balkan_s,pm25,21.929337871342472,10.522831991243962
TR0072A,TR,,37.11638,33.1325,fold7_balkan_s,pm25,13.291247302386186,6.081143098471544
TR0074A,TR,,41.3674,33.76499,fold7_balkan_s,pm25,22.96964752967815,11.915562159007543
TR0075A,TR,,38.74027,35.37527,fold7_balkan_s,pm25,12.696824624679753,10.78644876360749
TR0079A,TR,,39.84313,33.51817,fold7_balkan_s,pm25,11.19140623667932,11.427723118359351
TR0080A,TR,,41.72446,27.2145,fold7_balkan_s,pm25,7.384228622504429,15.163160173556602
TR0081A,TR,,39.14841,34.15925,fold7_balkan_s,pm25,7.524105257335837,10.002826249566109
TR0083A,TR,,40.76582,29.95125,fold7_balkan_s,pm25,22.89935007755479,21.853644350867388
TR0099A,TR,,40.76684,30.39385,fold7_balkan_s,pm25,21.627418325521308,24.232475397775517
TR010641,TR,,37.03993,35.26991,fold7_balkan_s,pm25,12.045434508328947,11.951033252088568
TR0106A,TR,,40.97645,27.51273,fold7_balkan_s,pm25,25.78852277485278,12.689202120137407
TR0114A,TR,,40.65333,29.26,fold7_balkan_s,pm25,20.773847675008632,21.09037172679377
TR0115A,TR,,39.81886,34.80572,fold7_balkan_s,pm25,11.230407021089864,9.872121950189905
TR050431,TR,,40.65722,35.83796,fold7_balkan_s,pm25,24.937864466271044,16.455266523638315
TR061141,TR,,39.93981,32.64003,fold7_balkan_s,pm25,8.12930511363827,11.35306954973365
TR061421,TR,,39.98161,32.74425,fold7_balkan_s,pm25,8.59645492108079,11.565291372918423
TR061622,TR,,39.98379,32.57651,fold7_balkan_s,pm25,7.378403000530183,10.46145346795871
TR061721,TR,,39.96458,32.90718,fold7_balkan_s,pm25,32.5628682355785,10.874241687697024
TR061842,TR,,39.86104,32.64059,fold7_balkan_s,pm25,7.516264851414897,10.4534658217677
TR061941,TR,,39.87109,32.85775,fold7_balkan_s,pm25,8.541923832288795,10.17317767341519
TR062041,TR,,39.99886,32.85617,fold7_balkan_s,pm25,9.296661526425023,10.47679604938081
TR062131,TR,,39.94008,32.84985,fold7_balkan_s,pm25,19.025229518834244,11.647809146863285
TR110241,TR,,39.90395,30.05295,fold7_balkan_s,pm25,25.598418842794445,14.515552315119866
TR140213,TR,,40.6039,31.25997,fold7_balkan_s,pm25,14.715317042042377,7.558357877000628
TR140331,TR,,40.73239,31.59952,fold7_balkan_s,pm25,22.390650055642297,17.549885105536234
TR140441,TR,,40.72622,31.60489,fold7_balkan_s,pm25,12.427931277247506,17.042505610964817
TR160512,TR,,40.19572,29.04588,fold7_balkan_s,pm25,23.353627157091783,13.858352737629607
TR160613,TR,,40.22337,28.87154,fold7_balkan_s,pm25,20.14324037711663,18.430384010292183
TR170313,TR,,40.40307,26.77063,fold7_balkan_s,pm25,14.597596766290271,9.226280652814072
TR190231,TR,,40.54655,34.96729,fold7_balkan_s,pm25,23.315239371085873,9.664677431039536
TR190321,TR,,40.53143,34.9443,fold7_balkan_s,pm25,19.157125987168936,9.94690917966406
TR220213,TR,,41.65914,26.53732,fold7_balkan_s,pm25,15.727980560395565,9.613272491096561
TR220341,TR,,40.85121,26.63529,fold7_balkan_s,pm25,24.310107338621187,10.748198103484174
TR240231,TR,,39.74644,39.49707,fold7_balkan_s,pm25,20.917655124231526,12.18776200522907
TR250531,TR,,39.90833,41.27323,fold7_balkan_s,pm25,18.853686328857847,12.711625350268582
TR260231,TR,,39.76635,30.52981,fold7_balkan_s,pm25,22.487468712041306,11.096632312605541
TR260322,TR,,39.71473,30.61751,fold7_balkan_s,pm25,7.499197257168015,9.877242586927927
TR260441,TR,,39.75777,30.56396,fold7_balkan_s,pm25,11.873491038781905,11.18008556175531
TR260541,TR,,39.76482,30.49723,fold7_balkan_s,pm25,6.492990346756496,10.860951081473061
TR280241,TR,,40.91444,38.39856,fold7_balkan_s,pm25,11.190424717272103,11.331472288995423
TR340341,TR,,41.09233,28.97478,fold7_balkan_s,pm25,17.760574794760068,19.81965557016414
TR340611,TR,,41.07318,28.25554,fold7_balkan_s,pm25,13.075636960542784,14.229526318868828
TR340841,TR,,41.10197,28.87202,fold7_balkan_s,pm25,20.422120293513853,20.34896886158234
TR341131,TR,,41.02442,29.09973,fold7_balkan_s,pm25,13.616425095676352,18.400931768541092
TR342141,TR,,41.08773,28.98277,fold7_balkan_s,pm25,21.17323339700086,19.690996587371185
TR342841,TR,,40.98729,28.72956,fold7_balkan_s,pm25,19.294763123388318,12.976838825169123
TR342931,TR,,41.0025,28.97528,fold7_balkan_s,pm25,16.796323520100547,12.691883918017233
TR343041,TR,,41.25112,29.03828,fold7_balkan_s,pm25,5.641350502550918,10.73186242379762
TR343131,TR,,41.10132,29.02449,fold7_balkan_s,pm25,13.741858340092723,15.626734430408066
TR343241,TR,,41.00382,29.02691,fold7_balkan_s,pm25,20.66514269493097,16.34923630682382
TR343611,TR,,41.2209,28.7075,fold7_balkan_s,pm25,18.623206818953175,12.83743850779788
TR343741,TR,,41.0327,28.8429,fold7_balkan_s,pm25,22.313415494666398,21.33197170946338
TR343941,TR,,40.8431,29.3026,fold7_balkan_s,pm25,17.870255736303765,19.827520260307836
TR360231,TR,,40.60096,43.09682,fold7_balkan_s,pm25,20.02907142310561,11.664288983858098
TR370213,TR,,41.68208,33.49359,fold7_balkan_s,pm25,6.368428704953418,5.640419755070705
TR410741,TR,,40.72597,29.79463,fold7_balkan_s,pm25,15.356423286328807,12.386558191316698
TR411021,TR,,40.74604,29.7888,fold7_balkan_s,pm25,19.773979071227664,13.938715196551899
TR411322,TR,,40.84579,29.42514,fold7_balkan_s,pm25,21.879588788266474,13.2198485651582
TR420831,TR,,37.88828,32.49365,fold7_balkan_s,pm25,21.56097044397736,12.548889152306524
TR421113,TR,,38.49413,32.45754,fold7_balkan_s,pm25,3.6682547239589924,6.715919137695781
TR421341,TR,,37.89979,32.52887,fold7_balkan_s,pm25,23.387735102792604,11.268948013044238
TR430131,TR,,39.42355,29.98881,fold7_balkan_s,pm25,20.925729422041975,11.89255166801553
TR430241,TR,,39.41196,30.00848,fold7_balkan_s,pm25,10.20657724887577,10.624833828181343
TR430341,TR,,39.42804,29.96971,fold7_balkan_s,pm25,14.795704004880546,13.499691507945407
TR430441,TR,,39.54215,29.49241,fold7_balkan_s,pm25,11.814256489238531,10.563845625915976
TR520341,TR,,40.97375,37.90752,fold7_balkan_s,pm25,14.871424622292574,16.719087273484035
TR540331,TR,,40.79072,30.39692,fold7_balkan_s,pm25,20.973193785595047,19.098337836348772
TR550241,TR,,41.32538,36.29659,fold7_balkan_s,pm25,8.659065391799082,16.406052934327256
TR550631,TR,,41.28746,36.32924,fold7_balkan_s,pm25,16.693801998215754,17.945781894942932
TR580141,TR,,39.74872,37.02565,fold7_balkan_s,pm25,13.83250879342365,12.637232859266097
TR580231,TR,,39.74729,37.01315,fold7_balkan_s,pm25,17.711965624459545,12.530658079985242
TR590341,TR,,41.31835,27.98018,fold7_balkan_s,pm25,27.171400099468016,14.110249132674383
TR590522,TR,,41.1807,27.81541,fold7_balkan_s,pm25,19.729384902768427,9.000198891664054
TR600331,TR,,40.31866,36.5521,fold7_balkan_s,pm25,20.329112595423243,14.448797966942395
TR610431,TR,,40.9945,39.66789,fold7_balkan_s,pm25,20.76957238890915,13.340429786291935
TR660241,TR,,39.80696,35.18138,fold7_balkan_s,pm25,14.159301824326649,10.05411067923861
TR670241,TR,,41.4212,32.08301,fold7_balkan_s,pm25,7.191308950126719,20.509811227468763
TR670322,TR,,41.48523,31.83805,fold7_balkan_s,pm25,13.212766317047064,13.46397979877948
TR670441,TR,,41.43507,31.74583,fold7_balkan_s,pm25,15.9391007112078,16.444689391189446
TR670831,TR,,41.45222,31.78719,fold7_balkan_s,pm25,14.411896902195323,19.705035428219908
TR680241,TR,,38.36448,34.02854,fold7_balkan_s,pm25,19.894203011088624,9.881791323806821
TR710231,TR,,39.84427,33.49998,fold7_balkan_s,pm25,10.11624439368054,10.07273158189925
TR760213,TR,,39.78684,44.62098,fold7_balkan_s,pm25,26.92462234854764,10.572753976084657
TR770212,TR,,40.70058,29.50785,fold7_balkan_s,pm25,14.612702082902812,18.410314315019008
TR770313,TR,,40.52935,28.78459,fold7_balkan_s,pm25,12.771232002017427,7.183627611793488
TR780121,TR,,41.22984,32.66219,fold7_balkan_s,pm25,15.61379576377587,18.494319990569878
TR780341,TR,,41.25291,32.67364,fold7_balkan_s,pm25,12.807148542118568,14.65403559785968
TR780521,TR,,41.19728,32.62352,fold7_balkan_s,pm25,9.449132586643557,19.68706638811486
TR800341,TR,,37.08572,36.25437,fold7_balkan_s,pm25,31.06982134747327,21.792770544567635
TR810231,TR,,40.83862,31.16274,fold7_balkan_s,pm25,31.81968761916665,30.437028246631893
CZ0AHOL,CZ,,50.10884,14.44365,fold8_poland,pm25,15.004410314562998,13.944810723453015
CZ0ALEG,CZ,,50.07239,14.43067,fold8_poland,pm25,15.343113274928479,11.762065729429704
CZ0ALIB,CZ,,50.0073,14.44593,fold8_poland,pm25,11.73638622208959,11.321308543970453
CZ0ARIE,CZ,,50.08148,14.44269,fold8_poland,pm25,12.78713494435812,11.433393393378532
CZ0ASTO,CZ,,50.04613,14.33141,fold8_poland,pm25,11.957103392888653,11.07282343097897
CZ0BBDN,CZ,,49.20272,16.61629,fold8_poland,pm25,12.297893420415761,13.895097517427345
CZ0BBMA,CZ,,49.21609,16.61384,fold8_poland,pm25,11.935304491605285,9.59810807653164
CZ0BBML,CZ,,49.16526,16.58081,fold8_poland,pm25,15.310325190523836,11.953365152173983
CZ0BBMS,CZ,,49.20816,16.64252,fold8_poland,pm25,15.283545674666234,11.318158357962545
CZ0BBNI,CZ,,49.21322,16.67796,fold8_poland,pm25,10.542855059089216,9.383202119754026
CZ0BBNY,CZ,,49.14897,16.69622,fold8_poland,pm25,11.955739169269462,10.198518133633275
CZ0BBOM,CZ,,49.17743,16.62227,fold8_poland,pm25,14.450723581668909,12.205706816024515
CZ0BHOD,CZ,,48.85728,17.13139,fold8_poland,pm25,13.339119498240295,18.106950704040262
CZ0BKUC,CZ,,48.88136,16.08582,fold8_poland,pm25,10.896719509771874,7.9429120991458655
CZ0BMIS,CZ,,48.79177,16.7245,fold8_poland,pm25,11.129374162967592,12.700312792924384
CZ0BZNO,CZ,,48.84296,16.06013,fold8_poland,pm25,12.951606306162079,13.820514653855849
CZ0CCBD,CZ,,48.98439,14.46568,fold8_poland,pm25,11.445093551963195,9.778721968105586
CZ0CCBT,CZ,,48.9659,14.50879,fold8_poland,pm25,11.98539200656249,11.010630943540988
CZ0CCHU,CZ,,49.06844,13.6148,fold8_poland,pm25,4.0118457003397054,4.747195978151769
CZ0EMTP,CZ,,49.759,16.66672,fold8_poland,pm25,14.488601006005318,11.855196223720808
CZ0EPAU,CZ,,50.02404,15.76355,fold8_poland,pm25,12.103331974643075,11.782518433160876
CZ0ESVR,CZ,,49.73509,16.0342,fold8_poland,pm25,6.720639562524883,5.741841985130186
CZ0HHKB,CZ,,50.19537,15.84638,fold8_poland,pm25,12.97142851712132,9.594225571718688
CZ0HJIC,CZ,,50.4395,15.35264,fold8_poland,pm25,11.183076935849106,12.092436480065322
CZ0JJIZ,CZ,,49.39244,15.59128,fold8_poland,pm25,13.266300218609985,10.566478402824307
CZ0JKOS,CZ,,49.5734,15.08028,fold8_poland,pm25,9.014365487198406,6.470711806218424
CZ0JKRI,CZ,,49.3836,16.09862,fold8_poland,pm25,8.35300857328888,7.238271862304221
CZ0JPEM,CZ,,49.435,15.20833,fold8_poland,pm25,9.034166827112175,7.3654433519025995
CZ0JZNZ,CZ,,49.56456,15.941,fold8_poland,pm25,9.256411365240108,8.702904369948817
CZ0KSOM,CZ,,50.17283,12.67282,fold8_poland,pm25,8.209089675283119,7.53458233619294
CZ0LFRT,CZ,,50.94065,15.06982,fold8_poland,pm25,8.36859506734618,7.332809571598541
CZ0LHVI,CZ,,50.85605,14.96416,fold8_poland,pm25,9.299677937778487,8.335632715629723
CZ0LLIL,CZ,,50.7551,15.06997,fold8_poland,pm25,10.795973419938331,8.222347338026347
CZ0LUHL,CZ,,50.86623,14.90245,fold8_poland,pm25,10.118938717793759,9.726224944909312
CZ0MBEL,CZ,,49.58708,17.80422,fold8_poland,pm25,14.584964935244539,9.118190567588902
CZ0MLOS,CZ,,49.74792,16.92578,fold8_poland,pm25,12.10221461373686,10.08162260501271
CZ0MNMA,CZ,,49.95573,17.00969,fold8_poland,pm25,11.786813115403357,9.540934782305003
CZ0MOLJ,CZ,,49.60164,17.23784,fold8_poland,pm25,15.656519622237683,11.957775535483858
CZ0MOLS,CZ,,49.59292,17.26617,fold8_poland,pm25,13.808618660039938,13.152008079108326
CZ0MPHR,CZ,,49.55189,17.73122,fold8_poland,pm25,14.55416581779781,12.743330670912513
CZ0MPRR,CZ,,49.45166,17.45416,fold8_poland,pm25,15.19223510091924,15.176596909070238
CZ0MSMS,CZ,,49.97158,16.97847,fold8_poland,pm25,12.316371068868255,8.722691810308577
CZ0MVBY,CZ,,49.59292,17.35736,fold8_poland,pm25,14.569099269491431,13.763156613559016
CZ0PKUJ,CZ,,49.722,13.61854,fold8_poland,pm25,10.494410792713277,8.265070968665182
CZ0PPLA,CZ,,49.73245,13.40228,fold8_poland,pm25,12.588752247130301,9.397311326597354
CZ0PPLE,CZ,,49.74733,13.38104,fold8_poland,pm25,11.625121425546048,10.179445383501937
CZ0PPLL,CZ,,49.77013,13.36822,fold8_poland,pm25,10.907096851234051,8.515836505859365
CZ0PPLV,CZ,,49.76862,13.42338,fold8_poland,pm25,8.140079925865141,8.522331087534885
CZ0SBER,CZ,,49.95793,14.0583,fold8_poland,pm25,13.38024886480407,13.161083633867712
CZ0SKHO,CZ,,49.95047,15.26036,fold8_poland,pm25,11.987552796900665,14.141159916001085
CZ0SKLM,CZ,,50.14386,14.10178,fold8_poland,pm25,12.018561928304166,14.1081613472836
CZ0SMBO,CZ,,50.42865,14.91386,fold8_poland,pm25,12.328464012881248,10.163400647885677
CZ0SROR,CZ,,50.30198,15.1783,fold8_poland,pm25,12.12828232993117,10.307330235231895
CZ0STCS,CZ,,49.9185,14.09449,fold8_poland,pm25,12.651457396189876,9.132371986403623
CZ0TBRS,CZ,,49.98748,17.46948,fold8_poland,pm25,10.81263729723953,9.173536933494255
CZ0TCTN,CZ,,49.74896,18.60973,fold8_poland,pm25,15.514699137584682,10.597730769455616
CZ0TFMI,CZ,,49.67179,18.35107,fold8_poland,pm25,14.946876815578497,8.124922979877077
CZ0THAR,CZ,,49.79098,18.40684,fold8_poland,pm25,16.9037830196438,9.568746132132343
CZ0TKAO,CZ,,49.85889,18.55778,fold8_poland,pm25,16.553023733722426,9.13180116551709
CZ0TKAR,CZ,,49.8638,18.55145,fold8_poland,pm25,16.60515188249849,11.03901854345104
CZ0TMMO,CZ,,50.01606,17.31472,fold8_poland,pm25,9.515519417106654,6.427236396941437
CZ0TNSV,CZ,,49.65307,18.43183,fold8_poland,pm25,13.936170529646937,9.210968401298096
CZ0TOCB,CZ,,49.83985,18.28998,fold8_poland,pm25,14.51018426064707,9.302487241043256
CZ0TOHU,CZ,,49.86772,18.28375,fold8_poland,pm25,18.51387345467674,7.726208461135198
CZ0TOMH,CZ,,49.82486,18.26365,fold8_poland,pm25,14.706457294579387,9.90578064357881
CZ0TOPD,CZ,,49.83547,18.16522,fold8_poland,pm25,14.775525344898405,8.971603809016468
CZ0TOPO,CZ,,49.8253,18.15928,fold8_poland,pm25,15.2974202413688,9.331786159978751
CZ0TOPR,CZ,,49.85626,18.26974,fold8_poland,pm25,18.38594077472633,12.299351479074955
CZ0TORE,CZ,,49.80706,18.33914,fold8_poland,pm25,15.110992301373798,7.442012837339301
CZ0TORO,CZ,,49.81856,18.34039,fold8_poland,pm25,16.35407422180003,8.620143839939303
CZ0TOSG,CZ,,49.5523,18.36111,fold8_poland,pm25,9.483195591935925,7.206698967003111
CZ0TOZR,CZ,,49.79604,18.24718,fold8_poland,pm25,16.148442850426278,8.520785758194902
CZ0TRYC,CZ,,49.87167,18.37725,fold8_poland,pm25,17.495282716955334,9.090444900268242
CZ0TSTD,CZ,,49.72094,18.08931,fold8_poland,pm25,15.360149890763823,8.896858570687398
CZ0TTRK,CZ,,49.67238,18.64304,fold8_poland,pm25,13.608130600983998,7.887124691615578
CZ0TTRO,CZ,,49.66811,18.6778,fold8_poland,pm25,14.267756447496405,10.161069116272792
CZ0TVER,CZ,,49.92468,18.42287,fold8_poland,pm25,15.535532939714685,12.230632312031124
CZ0TVPP,CZ,,50.12158,17.37542,fold8_poland,pm25,11.302584512490695,7.676822778257816
CZ0UDCM,CZ,,50.77415,14.21879,fold8_poland,pm25,15.360099172869662,10.024697163934544
CZ0UDOK,CZ,,50.45885,14.17016,fold8_poland,pm25,11.405479402092762,10.127240143986347
CZ0ULOM,CZ,,50.58577,13.67342,fold8_poland,pm25,12.565908154761807,10.8002464406483
CZ0UMOM,CZ,,50.51037,13.64527,fold8_poland,pm25,12.603928410831207,11.416848663305716
CZ0USTE,CZ,,50.45415,14.37416,fold8_poland,pm25,13.269111984870905,15.146888985206134
CZ0UTPM,CZ,,50.64528,13.85125,fold8_poland,pm25,13.278972302071647,9.267711157011876
CZ0UTUS,CZ,,50.37659,13.32762,fold8_poland,pm25,10.916686599616437,9.770557047649147
CZ0UULD,CZ,,50.68312,13.99787,fold8_poland,pm25,15.472863914847123,9.823019582975073
CZ0UULK,CZ,,50.68353,14.0412,fold8_poland,pm25,10.29395573480594,8.499441475140955
CZ0UVSL,CZ,,50.46484,13.24072,fold8_poland,pm25,8.454662707959915,7.319619954239084
CZ0ZROZ,CZ,,49.46011,18.13822,fold8_poland,pm25,15.115497011655512,8.54181373152705
CZ0ZTNV,CZ,,49.25939,17.41056,fold8_poland,pm25,11.06226159697568,7.973585093965935
CZ0ZVMZ,CZ,,49.47206,17.96698,fold8_poland,pm25,14.685231682875726,10.08107467723586
CZ0ZZLN,CZ,,49.2329,17.66718,fold8_poland,pm25,12.933951586786435,9.60874709580309
CZ0ZZZS,CZ,,49.22847,17.67508,fold8_poland,pm25,14.397020647587638,11.79299808802423
PL0005R,PL,,54.12528,22.03806,fold8_poland,pm25,9.726553669406929,6.114052456503272
PL0008A,PL,,50.26445,18.97445,fold8_poland,pm25,17.47620492373102,10.403959839047712
PL0012A,PL,,50.05472,19.92222,fold8_poland,pm25,18.570611484502013,9.613207572464178
PL0039A,PL,,50.06916,20.05361,fold8_poland,pm25,17.438298173000785,12.211865659199605
PL0047A,PL,,54.40081,18.657275,fold8_poland,pm25,12.08928319319326,8.910688836582999
PL0048A,PL,,54.560835,18.49333,fold8_poland,pm25,14.733484670947918,9.217282560121747
PL0052A,PL,,54.38028,18.62,fold8_poland,pm25,14.647049014130248,12.584444856792748
PL0064A,PL,,53.13417,18.0,fold8_poland,pm25,14.760357096350678,10.267804915253125
PL0071A,PL,,53.02861,18.66611,fold8_poland,pm25,12.8191666073979,8.61895378380231
PL0072A,PL,,53.017565,18.612795,fold8_poland,pm25,15.126127649769822,9.37476869209752
PL0077A,PL,,53.65,17.93333,fold8_poland,pm25,8.085875714816956,5.926765050352319
PL0079A,PL,,52.02917,23.14945,fold8_poland,pm25,16.285792515753194,8.681130559639712
PL0085A,PL,,51.27306,22.55167,fold8_poland,pm25,13.106590140175621,9.298491552537763
PL0091A,PL,,50.71665,23.290265,fold8_poland,pm25,16.42780656876108,11.961128665548546
PL0096A,PL,,51.75806,19.52972,fold8_poland,pm25,14.316109755370073,13.396730972635162
PL0100A,PL,,51.77639,19.45306,fold8_poland,pm25,14.480600993857031,9.622452317084797
PL0115A,PL,,51.85667,19.42111,fold8_poland,pm25,20.57468966585269,9.126888830843702
PL0126A,PL,,49.28944,19.95611,fold8_poland,pm25,14.288797653763444,7.088684150845004
PL0129A,PL,,52.40758,20.955925,fold8_poland,pm25,14.22131868735169,10.595358741663158
PL0134A,PL,,52.19173,20.83749,fold8_poland,pm25,14.07425424401754,15.436069301899805
PL0136A,PL,,52.55094,19.70977,fold8_poland,pm25,14.297265684368853,13.713015039918215
PL0138A,PL,,51.3991,21.14745,fold8_poland,pm25,16.94926682454477,12.431992796268636
PL0140A,PL,,52.21929,21.00472,fold8_poland,pm25,15.701932271717165,11.236889102376667
PL0141A,PL,,52.16077,21.03382,fold8_poland,pm25,12.551667153202635,11.375224095659398
PL0143A,PL,,52.29086,21.04246,fold8_poland,pm25,13.721497463615094,12.941987040059969
PL0144A,PL,,52.05381,20.42989,fold8_poland,pm25,15.27124596886859,11.713872897154324
PL0150A,PL,,53.21549,23.64215,fold8_poland,pm25,6.754494511590279,6.081765573968674
PL0175A,PL,,53.78778,20.48194,fold8_poland,pm25,14.781107545067327,10.560285296136117
PL0192A,PL,,50.768745,16.26968,fold8_poland,pm25,13.750872156734573,7.388460966268799
PL0194A,PL,,51.12939,17.02927,fold8_poland,pm25,15.633688044448052,12.856428185887342
PL0197A,PL,,51.08623,17.01269,fold8_poland,pm25,16.098735603306135,14.262552754763988
PL0198A,PL,,51.15068,15.00822,fold8_poland,pm25,14.58941185454125,16.048990420023806
PL0205A,PL,,52.65834,19.05944,fold8_poland,pm25,19.326327330394836,10.42825292060055
PL0209A,PL,,52.73821,15.22867,fold8_poland,pm25,14.106621570900963,13.811970295313753
PL0212A,PL,,51.79972,16.3175,fold8_poland,pm25,12.796076418472296,13.354547903411
PL0213A,PL,,51.9398,15.5189,fold8_poland,pm25,15.830073750523333,13.037205449178066
PL0218A,PL,,50.34961,18.23658,fold8_poland,pm25,14.576718807004825,9.456899342644935
PL0238A,PL,,50.27945,18.65583,fold8_poland,pm25,21.242207536589007,10.94609492081612
PL0243A,PL,,50.71111,19.45833,fold8_poland,pm25,13.992634624098157,6.913648254673674
PL0245A,PL,,52.42032,16.87729,fold8_poland,pm25,16.67246900259321,8.707308350919636
PL0248A,PL,,53.38098,14.66335,fold8_poland,pm25,11.090931120608053,11.156155887289753
PL0249A,PL,,53.43217,14.5539,fold8_poland,pm25,14.89361700674392,9.26669839644892
PL0252A,PL,,53.12116,17.987985000000002,fold8_poland,pm25,12.951365669515711,9.397957928306006
PL0276A,PL,,50.529905,22.112555,fold8_poland,pm25,16.593511355999897,11.31901823511481
PL0294A,PL,,49.6716,19.23445,fold8_poland,pm25,18.934439026220144,7.377472892046715
PL0295A,PL,,54.16806,19.41083,fold8_poland,pm25,12.826825533226577,13.767408526289872
PL0308A,PL,,52.28507,20.93302,fold8_poland,pm25,18.137861672579298,12.434931436307519
PL0398A,PL,,52.556250000000006,19.68769,fold8_poland,pm25,15.402209907564751,11.03256314943116
PL0413A,PL,,49.69017,21.7497,fold8_poland,pm25,10.441714686929725,12.15451226091404
PL0490A,PL,,51.1038,17.05704,fold8_poland,pm25,14.652311971544213,12.567424666065731
PL0491A,PL,,53.15139,18.13194,fold8_poland,pm25,12.679281645051837,8.644141463747536
PL0492A,PL,,52.74705,15.2463,fold8_poland,pm25,14.150819764961485,12.030584413667235
PL0493A,PL,,51.41532,21.1713,fold8_poland,pm25,17.2525864224497,12.449142102903831
PL0494A,PL,,50.67686,17.95028,fold8_poland,pm25,15.379768530156728,12.657456052594194
PL0495A,PL,,50.024375,22.01058,fold8_poland,pm25,14.625936741870769,8.895052785722005
PL0496A,PL,,53.12917,23.18139,fold8_poland,pm25,11.079378596941073,10.057671607566602
PL0497A,PL,,54.39847,18.61394,fold8_poland,pm25,11.377285316914772,12.144688690110646
PL0499A,PL,,49.80861,19.02695,fold8_poland,pm25,15.665745663517077,8.316214867812462
PL0500A,PL,,54.20705,16.1931,fold8_poland,pm25,9.722404367650615,9.273747333431208
PL0501A,PL,,50.01043,19.94904,fold8_poland,pm25,16.600824446615004,10.913910979876896
PL0502A,PL,,50.020225,21.004445,fold8_poland,pm25,15.997214672825896,11.468322579704687
PL0503A,PL,,51.74905,18.04839,fold8_poland,pm25,18.17833615424474,13.618182175204732
PL0504A,PL,,50.433505,16.653635,fold8_poland,pm25,16.96883925649477,11.384574134634668
PL0505A,PL,,51.3177,15.43174,fold8_poland,pm25,9.706798864870672,6.816580761779954
PL0507A,PL,,51.25943,22.56913,fold8_poland,pm25,17.83928168191105,10.064060689683785
PL0509A,PL,,51.40441,19.69696,fold8_poland,pm25,21.400824585812337,12.571030778900292
PL0517A,PL,,50.97218,18.20758,fold8_poland,pm25,14.465882215133453,12.544326699873768
PL0518A,PL,,49.744915,21.454975,fold8_poland,pm25,12.311460297887987,8.458053927301252
PL0523A,PL,,50.45366,20.71544,fold8_poland,pm25,15.864436374575865,9.201244567107464
PL0527A,PL,,49.92516,18.47611,fold8_poland,pm25,18.801644034786133,9.316441601324454
PL0534A,PL,,52.92619,14.86256,fold8_poland,pm25,15.524316772380919,13.430330846727488
PL0535A,PL,,53.7121,16.69226,fold8_poland,pm25,12.968681190330615,9.768348690396927
PL0539A,PL,,52.115750000000006,21.237255,fold8_poland,pm25,15.760662962395942,7.923474138146286
PL0542A,PL,,53.49194,18.7525,fold8_poland,pm25,15.182513652687842,10.995398856927554
PL0544A,PL,,51.06742,19.44871,fold8_poland,pm25,17.84470353180289,14.234597872659513
PL0549A,PL,,49.96901,20.43953,fold8_poland,pm25,17.493277456521202,11.728989574912692
PL0550A,PL,,49.619225,20.714285,fold8_poland,pm25,18.77091418982358,9.579913415261004
PL0552A,PL,,50.17583,19.47805,fold8_poland,pm25,15.62301348079582,7.648939164745978
PL0554A,PL,,50.01208,22.67477,fold8_poland,pm25,15.399013522574062,13.040152165063345
PL0558A,PL,,54.11979,17.972235,fold8_poland,pm25,13.297535295759433,7.604811700650618
PL0565A,PL,,50.42903,21.27661,fold8_poland,pm25,18.11729408103003,14.003331668272102
PL0566A,PL,,51.05061,21.08418,fold8_poland,pm25,16.616727418662865,11.763115772979111
PL0567A,PL,,50.24675,19.019865,fold8_poland,pm25,23.27731030658146,9.49503120005843
PL0585A,PL,,50.913415,15.765605,fold8_poland,pm25,14.342329174677287,7.972298044544364
PL0591A,PL,,51.64266,15.12781,fold8_poland,pm25,12.514452885914285,15.06571733337804
PL0594A,PL,,49.78434,22.75624,fold8_poland,pm25,16.913038427637954,8.457720794950962
PL0621A,PL,,50.05479,21.41626,fold8_poland,pm25,19.529979944635738,14.00466969478314
PL0624A,PL,,51.88492,17.79111,fold8_poland,pm25,18.19506846602393,10.793292980775561
PL0647A,PL,,50.01825,20.99258,fold8_poland,pm25,13.025482929575299,12.468899441111573
PL0653A,PL,,50.894385,20.657995,fold8_poland,pm25,15.399999811009236,11.60938135786406
PL0674A,PL,,50.66674,17.89914,fold8_poland,pm25,16.21689237781757,11.021690948538298
PL0677A,PL,,50.29913,21.44094,fold8_poland,pm25,17.69080052835732,12.495091928730334
PL0678A,PL,,49.54654,21.85101,fold8_poland,pm25,9.527782728892527,6.494950262968065
PL0681A,PL,,53.82839,22.34834,fold8_poland,pm25,11.95232240032307,10.770337046256667
PL0682A,PL,,53.69459,19.96904,fold8_poland,pm25,13.50501380188474,9.93615556575304
PL0683A,PL,,53.13668,17.59154,fold8_poland,pm25,15.776205931841016,16.106756673035726
PL0684A,PL,,50.02942,18.68953,fold8_poland,pm25,20.06340007513821,12.355760522027532
PL0690A,PL,,52.65156,19.05189,fold8_poland,pm25,14.692286668117655,8.728316111596161
PL0702A,PL,,54.17938,15.59635,fold8_poland,pm25,10.096203354298206,7.859579372393768
PL0705A,PL,,49.80208,19.04861,fold8_poland,pm25,19.60206824912601,9.36754327183471
PL0706A,PL,,54.1159,22.93846,fold8_poland,pm25,10.764132140369997,11.492633836928118
PL0709A,PL,,53.14412,23.21632,fold8_poland,pm25,12.722121268012032,10.3150243109917
PL0712A,PL,,52.60253,19.6451,fold8_poland,pm25,14.34319290609738,13.76698100303987
PL0717A,PL,,52.18847,21.17623,fold8_poland,pm25,15.204288683860119,10.327933994639322
PL0721A,PL,,53.63979,22.47027,fold8_poland,pm25,12.346623915950971,12.565141241853365
PL0736A,PL,,50.04068,22.00466,fold8_poland,pm25,19.607889176931756,14.717123061997176
PL0738A,PL,,51.2081,16.18378,fold8_poland,pm25,15.10169009208199,12.78398375528815
PL0739A,PL,,52.20774,20.90607,fold8_poland,pm25,12.802720700158154,12.315334409790696
PL0742A,PL,,49.93785,18.97559,fold8_poland,pm25,17.72107537608504,9.708967991528034
PL0744A,PL,,51.12215,23.47308,fold8_poland,pm25,14.58524586183103,9.28998103803095
PL0759A,PL,,50.09114,18.21626,fold8_poland,pm25,19.00778767217872,13.193984957985142
PL0763A,PL,,52.23191,19.35369,fold8_poland,pm25,18.61487588423705,11.863583965675414
PL0764A,PL,,51.58921,19.13143,fold8_poland,pm25,18.235657223556263,12.063456731560857
PL0767A,PL,,50.50933,18.28821,fold8_poland,pm25,13.553690471661314,9.948134326098423
PL0768A,PL,,53.85255,22.98469,fold8_poland,pm25,16.61278529361517,6.875313143782925
PL0769A,PL,,53.13529,23.16133,fold8_poland,pm25,15.211734147037923,11.933159686225661
PL0773A,PL,,49.95254,18.60795,fold8_poland,pm25,20.208371875014453,9.322499591689525
PL0783A,PL,,51.8091,15.70804,fold8_poland,pm25,17.446221315475825,11.600074523833662
PL0790A,PL,,54.43451,18.57884,fold8_poland,pm25,13.191765725685274,10.37862748685412
PL0800A,PL,,52.39088,16.99805,fold8_poland,pm25,15.793631560750546,8.616072951769231
PL0816A,PL,,53.40758,18.42875,fold8_poland,pm25,12.617063150858467,9.324572119863566
PL0817A,PL,,51.93103,22.37316,fold8_poland,pm25,15.533807662353508,13.372291027380074
PL0821A,PL,,52.08228,21.1246,fold8_poland,pm25,12.574297529368183,8.523523884823803
PL0822A,PL,,52.70359,21.0726,fold8_poland,pm25,14.789366591808083,15.92897271262341
PL0824A,PL,,50.02486,22.04794,fold8_poland,pm25,14.092531832073549,13.602679471710703
PL0825A,PL,,50.06038,21.98051,fold8_poland,pm25,12.549062334755325,10.697959163470518
PL0828A,PL,,50.77848,21.08122,fold8_poland,pm25,15.090654270086649,12.22707482131486
PL0836A,PL,,51.27428,15.9298,fold8_poland,pm25,19.49619375204612,15.238206540206429
PL0837A,PL,,50.43836,16.24376,fold8_poland,pm25,13.251986041143775,8.760355239967746
PL0839A,PL,,51.78425,14.9581,fold8_poland,pm25,11.894398032198737,13.033702307106761
PL0841A,PL,,53.1296,23.10805,fold8_poland,pm25,12.122634530487977,10.28783183749262
PL0842A,PL,,49.98179,21.93409,fold8_poland,pm25,14.268594374579047,12.91150016594814
PL0843A,PL,,54.1727,17.49299,fold8_poland,pm25,11.366245417669958,8.249465425907967
PL0844A,PL,,51.11584,20.89159,fold8_poland,pm25,20.033971932832564,11.465155673031388
PL0846A,PL,,53.23004,20.16867,fold8_poland,pm25,18.666426359177148,16.870109701741303
PL0848A,PL,,52.09044,16.63638,fold8_poland,pm25,17.005886839192545,10.532706339328294
PL0849A,PL,,54.37749,16.31073,fold8_poland,pm25,12.088531747379761,7.388797485258732
SK0001A,SK,,48.12471,17.1255,fold8_poland,pm25,12.357953432489662,13.571260375038506
SK0002A,SK,,48.15837,17.12892,fold8_poland,pm25,12.67410295247111,14.97276665195865
SK0004A,SK,,48.14467,17.11358,fold8_poland,pm25,11.896199489525948,15.403841449644847
SK0004R,SK,,49.15141,20.28949,fold8_poland,pm25,7.8694571058915175,5.922832845494381
SK0007R,SK,,47.95945,17.86014,fold8_poland,pm25,12.165418097870457,10.204761152217426
SK0008A,SK,,49.07901,19.30252,fold8_poland,pm25,15.091281484758436,12.138497880022312
SK0013A,SK,,48.66697,18.51408,fold8_poland,pm25,12.450982877208999,10.91264390036769
SK0018A,SK,,48.5921,21.17519,fold8_poland,pm25,20.537135979072108,14.183776121892205
SK0020A,SK,,49.21145,18.77122,fold8_poland,pm25,15.441944759862762,10.732224742474559
SK0021A,SK,,48.68061,17.36317,fold8_poland,pm25,11.751156559271106,15.323441002729922
SK0022A,SK,,48.58388,19.95164,fold8_poland,pm25,14.186938119824207,8.988185770040623
SK0025A,SK,,48.6312,20.24037,fold8_poland,pm25,19.496755762906634,9.94279044427418
SK0027A,SK,,48.73312,18.75638,fold8_poland,pm25,11.796917106518794,10.67255050248622
SK0030A,SK,,48.87403,21.83758,fold8_poland,pm25,15.260809279826052,15.762386173378276
SK0031A,SK,,48.88638,21.68762,fold8_poland,pm25,14.925310859126595,15.163687054889763
SK0037A,SK,,48.93093,21.91371,fold8_poland,pm25,16.600542545426684,12.507691397771707
SK0039A,SK,,49.05972,18.92136,fold8_poland,pm25,14.95046907675857,12.485105970159228
SK0045A,SK,,48.37123,17.58495,fold8_poland,pm25,12.885337015250942,17.092795365568318
SK0047A,SK,,48.89647,18.04125,fold8_poland,pm25,13.32458987025647,11.496204943751321
SK0048A,SK,,48.16796,17.10624,fold8_poland,pm25,11.481205504002133,14.059090768048817
SK0050A,SK,,48.7827,18.62813,fold8_poland,pm25,13.471800408351509,12.81187015300009
SK0061A,SK,,48.21127,17.15796,fold8_poland,pm25,11.027654326788637,17.4965921742863
SK0063A,SK,,48.28365,17.73516,fold8_poland,pm25,12.71772725074202,17.1321867550991
SK0064A,SK,,47.76412,18.13855,fold8_poland,pm25,13.92869893219817,14.830447387433876
SK0066A,SK,,49.11897,18.32527,fold8_poland,pm25,16.858429223899904,9.071458426924602
SK0067A,SK,,49.08389,19.61935,fold8_poland,pm25,13.166250493240408,11.767364836445278
SK0068A,SK,,48.22304,17.4044,fold8_poland,pm25,11.672879221957901,17.38259974516925
SK0069A,SK,,49.06147,20.28578,fold8_poland,pm25,11.39547983437106,12.074509637725917
SK0070A,SK,,48.15962,18.97844,fold8_poland,pm25,21.924930027882898,15.160139704222765
SK0071A,SK,,49.43538,18.88362,fold8_poland,pm25,15.533351745649798,8.741986950793539
SK0072A,SK,,48.33663,19.67589,fold8_poland,pm25,17.3721531794334,16.16815904958714
SK0073A,SK,,48.62834,21.7133,fold8_poland,pm25,15.439407705415485,18.4802768977197
SK0074A,SK,,49.30052,21.27787,fold8_poland,pm25,12.982375675508752,11.69462265863244
SK0075A,SK,,48.2833,17.2597,fold8_poland,pm25,13.84811321397092,17.42350460056311
SK0077A,SK,,48.45705,17.17158,fold8_poland,pm25,10.626856306555954,12.743810897225684
SK0078A,SK,,48.48312,18.71765,fold8_poland,pm25,19.69555739012005,12.745136789829116
SK0134A,SK,,48.28305,18.14064,fold8_poland,pm25,14.613970559871115,19.90849565214234
SK0214A,SK,,48.73516,19.15491,fold8_poland,pm25,15.009035073570168,11.146013881778476
SK0262A,SK,,48.5582,19.15686,fold8_poland,pm25,13.755942514352059,10.073182697275179
SK0263A,SK,,48.73326,19.11527,fold8_poland,pm25,10.66730803709529,8.608692376446234
SK0264A,SK,,48.69022,21.28544,fold8_poland,pm25,16.211809621417437,12.582047553207486
SK0265A,SK,,48.9156,20.87406,fold8_poland,pm25,18.31662848494767,6.898435453793972
SK0266A,SK,,48.99249,21.26679,fold8_poland,pm25,17.222645262301317,11.213124131030733
SK0267A,SK,,48.72627,21.25884,fold8_poland,pm25,15.701740523075609,15.677221770817914
SK0268A,SK,,48.59956,18.84246,fold8_poland,pm25,10.316752901747792,11.840960072223812
SK0269A,SK,,48.30946,18.07683,fold8_poland,pm25,12.896978020548701,16.570008134161835
SK0406A,SK,,48.9349,22.27367,fold8_poland,pm25,10.691129273203492,6.458071901796833
