fold,pollutant,pred,true
fold1_iberia,pm25,9.458151062887323,6.530256366232403
fold1_iberia,pm25,8.727619982438869,8.071823264460816
fold1_iberia,pm25,8.776353243168936,4.417391318618013
fold1_iberia,pm25,8.874990312984446,7.158415876598452
fold1_iberia,pm25,8.29035533885081,10.040000014453216
fold1_iberia,pm25,9.081838456681517,5.696531842252295
fold1_iberia,pm25,8.486411093792237,4.3672315250432225
fold1_iberia,pm25,9.170452519030325,5.8712575110205405
fold1_iberia,pm25,8.60852371298418,4.023121501116322
fold1_iberia,pm25,11.247398898990653,10.130840937907037
fold1_iberia,pm25,9.004308261319636,5.256614548775839
fold1_iberia,pm25,9.83900570954405,8.298363298146112
fold1_iberia,pm25,10.505703818954345,10.008487268841325
fold1_iberia,pm25,10.812656224804863,12.94871783711748
fold1_iberia,pm25,9.73003364711885,5.398169641216599
fold1_iberia,pm25,9.343421736027526,5.916481643054129
fold1_iberia,pm25,8.926931789667204,6.52102528622488
fold1_iberia,pm25,9.216498152435104,10.512157534846605
fold1_iberia,pm25,11.570940247811585,15.405521632784298
fold1_iberia,pm25,10.921159349952458,11.892463791941587
fold1_iberia,pm25,9.680626183934347,5.959809528510402
fold1_iberia,pm25,10.820519047674514,13.150285697975646
fold1_iberia,pm25,10.620142916071439,9.175135973132459
fold1_iberia,pm25,10.50628318721383,8.109898865264121
fold1_iberia,pm25,10.08542423745862,8.192192052679257
fold1_iberia,pm25,11.177547490658233,8.940944547428451
fold1_iberia,pm25,9.578174694221358,8.20312505271428
fold1_iberia,pm25,9.366453340272384,7.303960394674267
fold1_iberia,pm25,9.892937570865305,19.329134658816113
fold1_iberia,pm25,10.89990193434915,8.576424077409605
fold1_iberia,pm25,9.82672430116747,8.785918061174941
fold1_iberia,pm25,11.209687409276382,10.665358254658987
fold1_iberia,pm25,10.95271180762618,8.68306848743313
fold1_iberia,pm25,10.760911901685176,6.784844630938749
fold1_iberia,pm25,9.923277511605082,12.097776674247218
fold1_iberia,pm25,10.04610306405084,5.567315644665385
fold1_iberia,pm25,8.616573802316172,6.017180035190314
fold1_iberia,pm25,10.581558878409098,7.801763030946598
fold1_iberia,pm25,9.97812482340254,6.0658521910871865
fold1_iberia,pm25,10.865843497098211,8.093924086210137
fold1_iberia,pm25,9.693650026736746,5.215800136516873
fold1_iberia,pm25,9.816198199551858,13.570283249466547
fold1_iberia,pm25,10.854398626774811,11.435747830049504
fold1_iberia,pm25,10.380172435176307,11.984618333290731
fold1_iberia,pm25,10.537365402828808,11.409027235382782
fold1_iberia,pm25,9.839360811211687,10.805862507880235
fold1_iberia,pm25,10.142132967853309,8.474836549719367
fold1_iberia,pm25,9.95729527583964,9.898928349928132
fold1_iberia,pm25,10.19346953133245,3.0341174204892103
fold1_iberia,pm25,10.167456331608253,10.114006523986866
fold1_iberia,pm25,11.438140670794006,8.873626372989628
fold1_iberia,pm25,9.287606917847732,8.167237724739227
fold1_iberia,pm25,11.088041849464839,10.492013799918723
fold1_iberia,pm25,10.515531468238152,10.756183441831421
fold1_iberia,pm25,10.055067151880378,5.794429048147379
fold1_iberia,pm25,9.645872621513993,4.855218261426523
fold1_iberia,pm25,10.903610962756805,12.25619831349858
fold1_iberia,pm25,8.701598140554937,4.402880562135376
fold1_iberia,pm25,10.252558782058216,9.15110136893987
fold1_iberia,pm25,9.307656516202227,4.7080466358137665
fold1_iberia,pm25,11.03040787279726,7.874765710382125
fold1_iberia,pm25,10.055725600955675,6.9114566197884955
fold1_iberia,pm25,10.151870246877266,7.607374993513215
fold1_iberia,pm25,9.787363997504661,7.75415365517221
fold1_iberia,pm25,9.475075181087954,9.859648461540276
fold1_iberia,pm25,9.893525776223795,7.631824710100107
fold1_iberia,pm25,10.974564526905269,7.2187517595934985
fold1_iberia,pm25,10.518001855936166,9.22740949133015
fold1_iberia,pm25,10.74534913857313,7.380952347602587
fold1_iberia,pm25,9.29442473293074,5.453125090024019
fold1_iberia,pm25,9.437261483130325,2.8609027868113803
fold1_iberia,pm25,9.920644019308316,7.750161310642815
fold1_iberia,pm25,11.059005592137673,9.909021401922011
fold1_iberia,pm25,10.399199301996415,10.757897654907135
fold1_iberia,pm25,11.60107281337695,9.902090251394762
fold1_iberia,pm25,8.827277811320347,5.960138548062197
fold1_iberia,pm25,9.757245543356959,6.15625012297231
fold1_iberia,pm25,9.62133538618678,8.061870901913409
fold1_iberia,pm25,9.730243736432657,8.119774960654016
fold1_iberia,pm25,9.068256280888624,4.899206690482932
fold1_iberia,pm25,9.918746383305578,8.417333282818454
fold1_iberia,pm25,11.510085502606804,10.716965582529896
fold1_iberia,pm25,9.132660910549664,6.721333309993165
fold1_iberia,pm25,10.070593899163129,12.210210144205412
fold1_iberia,pm25,10.768019828097419,9.299984435143358
fold1_iberia,pm25,10.457778387817298,7.105268967943791
fold1_iberia,pm25,10.466267782982731,9.098077914448018
fold1_iberia,pm25,9.799319514431236,10.23529411650054
fold1_iberia,pm25,10.201469552454958,9.948967727043868
fold1_iberia,pm25,9.783380084272784,7.322373196143515
fold1_iberia,pm25,9.12447116473263,5.325514618501087
fold1_iberia,pm25,10.08306901274687,4.78825227776776
fold1_iberia,pm25,9.042072867409974,4.367222579137016
fold1_iberia,pm25,11.11470506691321,9.344019138423663
fold1_iberia,pm25,10.410333853022953,9.265213469273217
fold1_iberia,pm25,9.737266679505327,6.271419985316003
fold1_iberia,pm25,10.260536754265333,3.961545488682641
fold1_iberia,pm25,9.311300140345892,4.680959744805045
fold1_iberia,pm25,10.865041968048061,6.4341408455049445
fold1_iberia,pm25,11.134328797630781,8.218993786397165
fold1_iberia,pm25,10.152620480319287,7.980431343615831
fold1_iberia,pm25,9.54907069918989,12.96491214093892
fold1_iberia,pm25,9.886720394758491,5.832287721946095
fold1_iberia,pm25,10.531876933834837,10.157492099132574
fold1_iberia,pm25,9.464803066119998,6.929201252143844
fold1_iberia,pm25,10.219297296410062,5.7009645306696495
fold1_iberia,pm25,9.68783575936564,10.084868779486882
fold1_iberia,pm25,9.286245072632802,10.589062498171323
fold1_iberia,pm25,8.700272320856493,5.829406229229343
fold1_iberia,pm25,10.62224856863367,12.293874502763828
fold1_iberia,pm25,10.375698131006436,11.418997847538835
fold1_iberia,pm25,9.261031198164508,6.958881629269014
fold1_iberia,pm25,9.89973167418936,9.286558942767329
fold1_iberia,pm25,9.762835235930103,9.85375058646851
fold1_iberia,pm25,10.054290933164138,9.398244973407953
fold1_iberia,pm25,9.379604055966071,8.535911618597192
fold1_iberia,pm25,10.442189669291935,8.390527769281263
fold1_iberia,pm25,10.404776464885899,7.662378198192254
fold1_iberia,pm25,10.217155446158912,10.100682586100282
fold1_iberia,pm25,10.35374477458792,7.150181785931127
fold1_iberia,pm25,10.2523911814121,11.143809312735597
fold1_iberia,pm25,10.426439127105965,6.163653825163707
fold1_iberia,pm25,9.357144046285333,5.861955851496839
fold1_iberia,pm25,10.693083719070689,9.824067097810936
fold1_iberia,pm25,10.42133734005993,11.614986564685884
fold1_iberia,pm25,9.701497880260185,7.275447648732719
fold1_iberia,pm25,9.387450164880534,10.73216197263007
fold1_iberia,pm25,9.709345623442804,4.484416881188437
fold1_iberia,pm25,11.046055893233074,11.094605276807307
fold1_iberia,pm25,11.073875474737072,12.002623872293134
fold1_iberia,pm25,10.457139561898535,7.182156020008739
fold1_iberia,pm25,9.676271015611125,7.572048609779942
fold1_iberia,pm25,9.981779700631407,6.530567047346362
fold1_iberia,pm25,9.594140541575861,3.416148819223245
fold1_iberia,pm25,9.633525736690476,10.487578430249073
fold1_iberia,pm25,10.266185399031556,14.691642511021605
fold1_iberia,pm25,10.8972975269828,7.0149217669518
fold1_iberia,pm25,10.089700073360214,9.670808205254948
fold1_iberia,pm25,10.933361346376639,8.165796360535513
fold1_iberia,pm25,11.32553885315132,9.617840038473876
fold1_iberia,pm25,10.600605185813045,8.727459530539633
fold1_iberia,pm25,11.221361544126287,9.778761788033195
fold1_iberia,pm25,10.514205920566228,7.740149504864644
fold1_iberia,pm25,9.431266528876964,11.8506009436771
fold1_iberia,pm25,10.172216167694204,6.917122492483103
fold1_iberia,pm25,9.780831396172404,9.912051821867642
fold1_iberia,pm25,10.720270266435517,8.915640877198753
fold1_iberia,pm25,8.52335278485047,4.252388421651859
fold1_iberia,pm25,9.850341713564196,5.993628080439341
fold1_iberia,pm25,10.829719227117067,8.339673584987763
fold1_iberia,pm25,9.08741002320245,5.992546841107729
fold1_iberia,pm25,9.621958996157685,10.010988996596785
fold1_iberia,pm25,9.62989336339893,9.07336495864436
fold1_iberia,pm25,10.10768648952229,6.01534471035145
fold1_iberia,pm25,10.959684281885048,5.045021034203335
fold1_iberia,pm25,9.61469270782851,6.949857846636022
fold1_iberia,pm25,8.414831270323559,7.176829289190811
fold1_iberia,pm25,9.278452607338613,4.686879627690086
fold1_iberia,pm25,10.289959687822016,4.935266277178545
fold1_iberia,pm25,9.461076057551113,7.061112489297227
fold1_iberia,pm25,8.729910542581635,6.877799093569652
fold1_iberia,pm25,10.537284830646875,6.76455412968285
fold1_iberia,pm25,10.157575700504447,12.123422574902742
fold1_iberia,pm25,10.387580213845878,7.744261021058589
fold1_iberia,pm25,8.861702282406517,5.8845573433115765
fold1_iberia,pm25,8.049352430261463,9.460487885615624
fold1_iberia,pm25,9.628843748368666,7.284057822697483
fold1_iberia,pm25,10.13310165551262,6.83072954645839
fold1_iberia,pm25,9.140472294752401,7.720495001500726
fold1_iberia,pm25,10.237881094227316,8.054469181496527
fold1_iberia,pm25,10.035599701638791,9.27636026631895
fold1_iberia,pm25,10.0259537443758,7.758425375407905
fold1_iberia,pm25,9.913538949423712,8.014237972390974
fold1_iberia,pm25,10.27726008156213,10.589258869746788
fold1_iberia,pm25,11.069827346858665,7.544022516716291
fold1_iberia,pm25,9.828624433329562,11.063039706459167
fold1_iberia,pm25,9.649959973118952,6.206057368080659
fold1_iberia,pm25,9.851053883063516,7.9165770870535646
fold1_iberia,pm25,9.464482141686863,7.589406357390217
fold1_iberia,pm25,9.511524267127873,3.7396504822767107
fold1_iberia,pm25,9.31623300214538,6.32181810341449
fold1_iberia,pm25,11.232135168776328,10.091323184812337
fold1_iberia,pm25,10.871573014279173,11.240044256656303
fold1_iberia,pm25,9.764671196114351,7.199413550444164
fold1_iberia,pm25,10.486097848048738,13.265648331134274
fold1_iberia,pm25,8.57758244247992,10.027908223532037
fold1_iberia,pm25,9.158173765719019,6.096600096633081
fold1_iberia,pm25,8.987227273514828,6.927659611266621
fold1_iberia,pm25,9.175624056125045,3.5767952890286137
fold1_iberia,pm25,9.912095697693115,7.557289439346347
fold1_iberia,pm25,10.08681918255923,7.866525164129232
fold1_iberia,pm25,10.435892736785755,8.393114535467301
fold1_iberia,pm25,10.220158005788669,7.8375588455250265
fold1_iberia,pm25,9.633156049241,4.812159027276209
fold1_iberia,pm25,10.438790629692754,7.361763758774926
fold1_iberia,pm25,8.952348880055586,4.993758697450927
fold1_iberia,pm25,8.2035567021391,5.20491609108474
fold1_iberia,pm25,10.281746881778083,5.33186327680298
fold1_iberia,pm25,9.760344007314044,6.422683635761547
fold1_iberia,pm25,9.556342082361427,4.359435417215897
fold1_iberia,pm25,8.30725233010611,11.807548910255212
fold1_iberia,pm25,9.332551178869695,5.242150255422512
fold1_iberia,pm25,8.954546174887925,2.905324613727519
fold1_iberia,pm25,10.315765796948874,7.417541805252378
fold2_france,pm25,11.939300843634676,8.681218967625524
fold2_france,pm25,11.849497519479547,9.23870702518904
fold2_france,pm25,11.498739107930373,9.544191826475656
fold2_france,pm25,11.802445853145777,9.093057368081583
fold2_france,pm25,11.429690904716884,8.540394621077771
fold2_france,pm25,11.26741474784866,10.089626346184744
fold2_france,pm25,11.194472419477163,9.121648300208289
fold2_france,pm25,11.841264785566473,7.925452740014508
fold2_france,pm25,11.101554447971951,8.550181011120209
fold2_france,pm25,11.286274186916978,9.716976185889289
fold2_france,pm25,10.905369440860072,10.362883675676853
fold2_france,pm25,11.276758685696253,9.44199219256014
fold2_france,pm25,11.600432770371865,8.832178221683272
fold2_france,pm25,11.314820940048255,8.387775009161594
fold2_france,pm25,11.709228604029361,8.718736582250397
fold2_france,pm25,11.709228604029361,9.297160770580465
fold2_france,pm25,11.128776290741275,7.395462916378566
fold2_france,pm25,11.657850115832659,10.081397854483152
fold2_france,pm25,10.309203918786231,6.078395706517003
fold2_france,pm25,11.238511287396515,5.472364709443087
fold2_france,pm25,11.10859847613849,9.874458269552688
fold2_france,pm25,11.659947272000528,9.776273139970106
fold2_france,pm25,11.48677835433852,7.751952981511212
fold2_france,pm25,11.741074570560588,9.354446901310014
fold2_france,pm25,10.784748433973915,8.987792081568355
fold2_france,pm25,11.615890743006583,8.97601143218753
fold2_france,pm25,9.855683787648957,8.190187697439237
fold2_france,pm25,10.672034202782356,8.429980594416621
fold2_france,pm25,11.360438411010868,6.9422980394769125
fold2_france,pm25,11.29930696218052,8.690706594375259
fold2_france,pm25,11.081828481125694,9.092285164641915
fold2_france,pm25,11.605253657642978,7.327775563137867
fold2_france,pm25,10.824004578271568,7.933713387455249
fold2_france,pm25,10.4924415694761,7.838308128306364
fold2_france,pm25,9.872729848951701,4.923455478259972
fold2_france,pm25,11.013618100300338,8.123414922229635
fold2_france,pm25,10.02909221132541,6.631973477337158
fold2_france,pm25,9.246705727059819,3.3652248368452082
fold2_france,pm25,9.751112673082103,4.924294627905882
fold2_france,pm25,9.833768817777937,4.143971024987189
fold2_france,pm25,9.9241816295534,2.609301432841523
fold2_france,pm25,9.65405815831949,3.654865514550707
fold2_france,pm25,9.826430570615134,4.016446355392655
fold2_france,pm25,11.964243117239507,8.451866303667142
fold2_france,pm25,10.785152344343707,6.980590918335161
fold2_france,pm25,11.082153318581902,9.426401518093044
fold2_france,pm25,11.073450063386236,6.957012898232245
fold2_france,pm25,10.641355200591526,6.585255068013179
fold2_france,pm25,10.95058008361169,6.280439497309828
fold2_france,pm25,11.11553882744216,6.704482769835082
fold2_france,pm25,11.068824181703576,6.34492369520978
fold2_france,pm25,10.758168577727995,6.461000183010563
fold2_france,pm25,10.961950735228816,5.629607810433233
fold2_france,pm25,11.157420395533904,6.327620416320524
fold2_france,pm25,10.893509124733386,6.551092596329384
fold2_france,pm25,11.139514448389358,7.373234775784306
fold2_france,pm25,10.766833053174516,6.426505149915568
fold2_france,pm25,10.726784195861748,6.18020585506062
fold2_france,pm25,11.14627706180645,7.087843613251765
fold2_france,pm25,10.129453738633183,6.989307107928124
fold2_france,pm25,10.05167393824063,6.067437368925028
fold2_france,pm25,11.576368934852807,8.944574130144371
fold2_france,pm25,11.812680222698784,8.758883365115025
fold2_france,pm25,10.885919449756496,8.980095241283035
fold2_france,pm25,11.377835392568242,10.761876108084804
fold2_france,pm25,11.350123718481873,9.296151007742766
fold2_france,pm25,12.267071485324177,9.290511590431977
fold2_france,pm25,12.15861396618335,9.687418952847194
fold2_france,pm25,12.266480921930345,9.696551312153156
fold2_france,pm25,11.697329836236444,9.166773433850796
fold2_france,pm25,12.11621500681871,10.32151777264339
fold2_france,pm25,11.309769321324701,9.054353178390395
fold2_france,pm25,12.031010394002843,8.686574666848562
fold2_france,pm25,11.728183444670229,8.69922157806989
fold2_france,pm25,11.418597729645896,8.134662110833498
fold2_france,pm25,11.66318716481182,8.77512263653735
fold2_france,pm25,11.51861406102958,7.967311351001277
fold2_france,pm25,11.92581041486487,9.2942703569418
fold2_france,pm25,12.028810406779732,8.814964720245056
fold2_france,pm25,11.202145464685252,8.01300075130031
fold2_france,pm25,10.668350253083444,7.0054319443038455
fold2_france,pm25,11.47457229345183,7.56422255648442
fold2_france,pm25,9.428519660531416,8.056584813943903
fold2_france,pm25,9.677708886779364,7.4243643072779015
fold2_france,pm25,10.109518602594607,9.086471873266877
fold2_france,pm25,9.380849585949797,9.129427244835503
fold2_france,pm25,10.3495084462545,10.32360438125004
fold2_france,pm25,10.302883022934466,7.959308588244449
fold2_france,pm25,10.470424311790756,9.832107392041495
fold2_france,pm25,10.148831191567709,10.527139487186142
fold2_france,pm25,10.115939435948595,8.975504514155425
fold2_france,pm25,10.702860076477174,17.13611070062599
fold2_france,pm25,8.616320292268961,7.138020498306734
fold2_france,pm25,10.473212908101845,7.574232103567809
fold2_france,pm25,9.847658978748017,10.736700386933785
fold2_france,pm25,10.868384808324612,8.585518403021394
fold2_france,pm25,10.202872443807523,8.270200613371317
fold2_france,pm25,10.919546157638974,7.821899060808854
fold2_france,pm25,11.49789385944843,7.588164566185945
fold2_france,pm25,9.939865769555396,9.330763679621743
fold2_france,pm25,10.209528637453673,12.858914628117242
fold2_france,pm25,12.208844650325144,9.257534669433365
fold2_france,pm25,11.086497522242496,7.560457822987597
fold2_france,pm25,11.679647354611431,7.76172780097457
fold2_france,pm25,11.481852515173927,9.16150924822851
fold2_france,pm25,11.195168787125898,8.524690072129568
fold2_france,pm25,10.134131918349805,6.430593947872424
fold2_france,pm25,11.042223283195229,9.695216921479103
fold2_france,pm25,11.649496402812344,13.713617805028894
fold2_france,pm25,10.038700006380044,6.843961384283358
fold2_france,pm25,10.846018850114334,9.579883252377204
fold2_france,pm25,10.461418167125762,7.963950093005388
fold2_france,pm25,11.69420095265251,8.234287861900746
fold2_france,pm25,11.743711225757782,7.812827973950747
fold2_france,pm25,10.886056865022944,8.899413607149905
fold2_france,pm25,11.067319624518818,11.75976227678969
fold2_france,pm25,10.332189090114843,7.392428204004658
fold2_france,pm25,10.002506542219647,5.676530276546926
fold2_france,pm25,12.335670203857463,10.549255395798443
fold2_france,pm25,9.974040768821554,9.133703926275569
fold2_france,pm25,10.95507113317986,8.456207771936349
fold2_france,pm25,10.387350384070608,8.833063498746355
fold2_france,pm25,10.778143991940702,9.616519561178135
fold2_france,pm25,11.81714900100486,9.485899211731466
fold2_france,pm25,11.125412753888511,9.344725963994346
fold2_france,pm25,9.660294918294383,8.230834401926774
fold2_france,pm25,11.663004478411045,6.535996960873175
fold2_france,pm25,9.746272677974206,5.815687610555163
fold2_france,pm25,8.49630472306068,3.6470476226959043
fold2_france,pm25,10.437141999443442,6.326298465829615
fold2_france,pm25,10.035203493666534,5.19842291103148
fold2_france,pm25,10.342496934225895,7.757608303057989
fold2_france,pm25,11.144043286711693,7.281395717777254
fold2_france,pm25,12.076906806386837,7.106229780236673
fold2_france,pm25,11.23849553844345,9.295299311659063
fold2_france,pm25,10.33378354780882,7.427470477555433
fold2_france,pm25,10.9047108608915,8.666280968710725
fold2_france,pm25,11.222894347507795,8.113508156041801
fold2_france,pm25,10.68155502711619,7.631736538391463
fold2_france,pm25,11.620611392842132,6.069542556636321
fold2_france,pm25,10.648927549195037,7.080836832210875
fold2_france,pm25,10.731265622931721,7.448560489740685
fold2_france,pm25,9.310099590917389,6.346574636346246
fold2_france,pm25,10.662716727986226,7.12623230919062
fold2_france,pm25,10.781931070561656,7.6096388373462345
fold2_france,pm25,11.297918457210626,10.14575936869044
fold2_france,pm25,11.309711363376852,9.359292461384673
fold2_france,pm25,10.85071945468976,9.94670504938316
fold2_france,pm25,10.805043403241058,9.799518115321037
fold2_france,pm25,10.370951175330172,8.011840894936205
fold2_france,pm25,11.04790520876404,9.970275100148088
fold2_france,pm25,11.965516826921956,8.204649584191198
fold2_france,pm25,8.779696727253121,5.1656718903839645
fold2_france,pm25,11.808327878982444,7.623981213702583
fold2_france,pm25,11.716129674086293,7.650222801727416
fold2_france,pm25,10.331112740408912,7.267641321894044
fold2_france,pm25,11.289995730423824,8.956675088307886
fold2_france,pm25,10.613294623112134,8.541423405859913
fold2_france,pm25,11.23817094632341,8.525019334128869
fold2_france,pm25,11.928668892981893,10.26355455407556
fold2_france,pm25,10.683054001532419,6.237625787019803
fold2_france,pm25,9.934117518070837,6.2539476972375345
fold2_france,pm25,11.048154804787334,7.615330753750817
fold2_france,pm25,10.378764891222808,9.139415309351229
fold2_france,pm25,10.814549614769751,6.559738769925558
fold2_france,pm25,10.828076705602697,5.932301463678254
fold2_france,pm25,10.370391148818273,6.945662126674691
fold2_france,pm25,11.213335399719348,9.964060261619611
fold2_france,pm25,10.76275979770769,9.050380631171752
fold2_france,pm25,10.511358926214118,9.475824814101486
fold2_france,pm25,10.942677963043733,9.608914103723952
fold2_france,pm25,10.702314539623803,8.626749702397833
fold2_france,pm25,8.38372296305339,4.233480994458836
fold2_france,pm25,9.945181540061748,8.793301270511106
fold2_france,pm25,10.587355726247575,9.086063303858316
fold2_france,pm25,10.913464716678751,8.85446745053312
fold2_france,pm25,10.544183949570714,8.147181918446895
fold2_france,pm25,10.175518018611616,8.02009685987545
fold2_france,pm25,10.123094876942991,8.300293710591626
fold2_france,pm25,10.595108365044094,10.100717196702506
fold2_france,pm25,10.414363645922702,10.072995762026803
fold2_france,pm25,10.863999894931693,7.684085586980451
fold2_france,pm25,9.968774560321789,7.9625627655281495
fold2_france,pm25,10.84173419392543,7.838276913137058
fold2_france,pm25,9.949778618739735,5.374295742038963
fold2_france,pm25,9.654194696186677,7.685838011659237
fold2_france,pm25,10.598635610374906,7.826339605989437
fold2_france,pm25,9.955736680553644,8.138652164669393
fold2_france,pm25,10.506128362362041,8.185233044217208
fold2_france,pm25,9.835646289054049,6.87409297198675
fold2_france,pm25,10.172259914523782,6.587389345000413
fold2_france,pm25,10.80141960203702,7.979990852078311
fold2_france,pm25,10.784024790439759,11.031941507497258
fold2_france,pm25,11.308624986389807,10.001421876947987
fold2_france,pm25,10.418679834927918,8.645068518795446
fold2_france,pm25,11.268157837760278,9.518655025522255
fold2_france,pm25,11.399069353247429,9.03593087037775
fold2_france,pm25,10.33653878340122,6.888485700609801
fold2_france,pm25,9.612686582502793,6.821870621922006
fold2_france,pm25,10.09263767723839,7.9018417825862866
fold2_france,pm25,10.725459471483317,6.474146187143952
fold2_france,pm25,9.312245830293827,5.691962436930794
fold2_france,pm25,9.93775818820259,6.741750019000514
fold2_france,pm25,9.776867819200008,7.252752734269335
fold2_france,pm25,9.570504169833004,7.218863592996013
fold2_france,pm25,9.560998787260182,6.8312296845838265
fold2_france,pm25,10.7935975076582,7.488143634053966
fold2_france,pm25,10.638789278432396,7.52142480980775
fold2_france,pm25,10.421360843858075,7.427740949036542
fold2_france,pm25,10.516373008915659,7.6736932919099825
fold2_france,pm25,9.53521687639763,6.656989551264422
fold2_france,pm25,11.162298352474217,7.465773977515258
fold2_france,pm25,9.442969759455064,6.985586326323832
fold2_france,pm25,9.936505589697838,6.410487876469815
fold2_france,pm25,10.657435156590273,7.269209942804799
fold2_france,pm25,11.001688520879828,7.59298810868466
fold2_france,pm25,10.759731599308408,8.00982209197401
fold2_france,pm25,11.294578507992515,8.41917267547751
fold2_france,pm25,9.762438999281217,7.401277261518876
fold2_france,pm25,10.64977790800507,8.60112855310823
fold2_france,pm25,10.749386268590987,6.9021548870177565
fold2_france,pm25,11.139765734243422,8.9118780086599
fold2_france,pm25,10.462098826714108,7.581698994315906
fold2_france,pm25,9.842082776092761,10.832026619890101
fold2_france,pm25,11.38513408757057,10.468571513818695
fold2_france,pm25,10.51160346101475,9.352591702633534
fold2_france,pm25,11.732519289519567,9.20358237892118
fold2_france,pm25,10.95908272241436,9.07153219942114
fold2_france,pm25,8.26679680716855,4.267820986197137
fold2_france,pm25,10.140779917081776,9.024317643275454
fold2_france,pm25,11.01121819743182,7.283720050481068
fold2_france,pm25,10.35196704315313,8.172874345210012
fold2_france,pm25,10.12266779064102,7.789198993233508
fold2_france,pm25,10.63733305577858,10.122211800815514
fold2_france,pm25,10.48875365079616,8.496652588300934
fold2_france,pm25,9.117542520718384,8.02266859533563
fold2_france,pm25,10.78080156524308,6.22320765713673
fold2_france,pm25,9.1751992447191,4.310619982602562
fold2_france,pm25,10.424638308810932,5.713191510415144
fold2_france,pm25,10.704979667865848,7.309749448501333
fold2_france,pm25,10.699398575391271,6.769093495801
fold2_france,pm25,10.210241506531876,8.044117118352538
fold2_france,pm25,10.184947642114578,9.634576895244152
fold2_france,pm25,10.846027671101707,7.548919323193749
fold2_france,pm25,10.232955896243336,7.48974820252401
fold2_france,pm25,11.184665201395042,8.526686999619894
fold2_france,pm25,11.612824584375282,8.148365146253433
fold2_france,pm25,12.19879484989483,8.8662721348641
fold2_france,pm25,10.50071787561162,8.308861195807467
fold2_france,pm25,10.031158556365213,8.241098423006637
fold2_france,pm25,10.136849682469274,8.144191056396556
fold2_france,pm25,12.332222815854044,8.141282124318144
fold2_france,pm25,10.858869900011024,8.637969113405479
fold2_france,pm25,11.741857385886597,8.158656956986452
fold2_france,pm25,11.481053681942516,8.590347236962641
fold2_france,pm25,10.276847748567363,7.532962584513047
fold2_france,pm25,11.82043434801708,13.424702422834025
fold2_france,pm25,10.12825668015911,7.772314155675745
fold2_france,pm25,10.840740792735152,5.501036301395401
fold2_france,pm25,11.641606724460505,7.765772593807177
fold2_france,pm25,11.553442512216773,8.76193159143174
fold2_france,pm25,10.429366939084593,8.402649503557335
fold2_france,pm25,10.740186351728322,7.272356333383542
fold2_france,pm25,10.832987408071451,7.072099476990036
fold2_france,pm25,10.319831822555464,6.1794725953804654
fold2_france,pm25,10.49691781592627,7.636141194503361
fold2_france,pm25,10.431936771364164,8.422609584961272
fold2_france,pm25,11.23105917288034,7.942851382137108
fold2_france,pm25,11.112432499224461,8.10998523130425
fold2_france,pm25,9.990541768640936,8.403892297846046
fold2_france,pm25,9.52560259591205,12.790952864712859
fold2_france,pm25,10.98370569773201,7.551971723242332
fold2_france,pm25,9.998681580188546,7.106089639423487
fold2_france,pm25,10.25930591756952,6.860842403866658
fold2_france,pm25,10.17688770228999,6.940730103363329
fold2_france,pm25,10.580738795988527,7.113430881423211
fold2_france,pm25,9.510144159691876,5.477569168816276
fold2_france,pm25,10.304141333969673,7.263272301343682
fold2_france,pm25,10.036844689341978,7.026274705942764
fold2_france,pm25,10.57987679706844,6.335219563563803
fold2_france,pm25,10.737376652770957,6.967611891056271
fold2_france,pm25,9.939829167551705,7.016916758715654
fold2_france,pm25,10.251000630043736,6.642016580434183
fold2_france,pm25,10.220820149416467,6.916817298000477
fold2_france,pm25,10.164025717748155,6.871569840688618
fold2_france,pm25,10.79304865220859,8.717967869090495
fold2_france,pm25,9.83404228459442,9.756946980576823
fold2_france,pm25,10.16041973213071,6.717572993147447
fold2_france,pm25,12.025650915806542,9.726118435058856
fold2_france,pm25,11.301832542406059,11.075164179818916
fold2_france,pm25,8.65168725359391,4.823279539545052
fold2_france,pm25,10.47782624397319,9.140261573034246
fold2_france,pm25,10.782516391021659,7.3870169356424045
fold2_france,pm25,10.41520931868189,8.136610729591455
fold2_france,pm25,7.720929065822522,4.116579833966344
fold2_france,pm25,9.70553555635173,9.351613543808556
fold2_france,pm25,10.811634581904135,7.94317723726002
fold2_france,pm25,11.586740373628752,8.275912104187139
fold2_france,pm25,10.569388748519533,13.472348034486588
fold2_france,pm25,10.018125573094833,6.279723464485264
fold2_france,pm25,9.788507675499522,9.000102117133622
fold2_france,pm25,10.363113060841057,7.7695874293080145
fold2_france,pm25,11.003471552997354,5.541840526679922
fold2_france,pm25,10.418954363096272,7.090162245793838
fold2_france,pm25,10.126269976224355,7.395095788517756
fold2_france,pm25,10.872579800491529,7.4399538202757665
fold2_france,pm25,11.336631605701797,7.622684921037588
fold2_france,pm25,9.685297729915607,7.1169769001938725
fold2_france,pm25,10.819318656995089,7.782848077592046
fold2_france,pm25,11.599560825441014,8.874215255580875
fold2_france,pm25,11.46853399419241,8.465266607780501
fold2_france,pm25,11.58785014929372,8.72754469827297
fold2_france,pm25,11.32463911198722,8.557732758098407
fold2_france,pm25,11.748748844330294,10.081590347204482
fold2_france,pm25,11.074810603768519,8.785189981618071
fold2_france,pm25,11.42524122417785,7.444362718629213
fold2_france,pm25,11.23213809841198,7.717752589037203
fold2_france,pm25,11.52398488904089,10.815766852103698
fold2_france,pm25,11.202595101188882,8.41421743330379
fold2_france,pm25,11.65154644961278,9.877986207094107
fold2_france,pm25,10.968147675154498,9.803150636364496
fold2_france,pm25,12.534552672591879,7.860678121676701
fold2_france,pm25,12.09548393854496,7.980246833267761
fold2_france,pm25,10.964481613915014,7.5877702797748405
fold2_france,pm25,12.019637440072701,9.284814178749178
fold2_france,pm25,12.228759285209408,9.699842716917674
fold2_france,pm25,11.619896802345403,8.530044947749882
fold2_france,pm25,12.222918379818177,9.474510461369134
fold2_france,pm25,12.035074430644885,8.631057403176998
fold2_france,pm25,11.430289390206317,8.690705172054086
fold2_france,pm25,12.46880738135443,8.796633685781954
fold2_france,pm25,11.96334235811326,8.36980859320834
fold2_france,pm25,12.440239662533333,8.790007040945085
fold2_france,pm25,11.571589716057375,7.974487937017544
fold2_france,pm25,11.051665322579803,8.988457339846402
fold2_france,pm25,10.350928654549431,7.346521810337464
fold2_france,pm25,11.806599579925951,8.151879171980937
fold2_france,pm25,11.233083765706361,8.554342443596648
fold2_france,pm25,10.543045577789664,6.507200933065013
fold2_france,pm25,10.832811559607674,8.561081448888341
fold2_france,pm25,11.38544925990423,9.615849128766893
fold2_france,pm25,11.66355715927089,11.07864242757696
fold2_france,pm25,10.970985666210652,12.613149608253952
fold2_france,pm25,11.045793869359123,9.366706091839454
fold2_france,pm25,10.723976348456393,10.245165156866973
fold2_france,pm25,11.18344906435247,9.550613556698604
fold2_france,pm25,10.675157317891458,9.44318560791434
fold2_france,pm25,12.012368619045343,8.196569176077194
fold2_france,pm25,10.955345087230684,8.153389332320303
fold2_france,pm25,11.160962720987873,7.501200351597693
fold2_france,pm25,11.044126887319939,8.004537026205094
fold2_france,pm25,11.715035333695052,10.652229821038881
fold2_france,pm25,11.35062569689727,8.551209342041181
fold2_france,pm25,10.713234671198745,7.005647682438537
fold2_france,pm25,10.439547840174479,6.532214948790511
fold2_france,pm25,11.124751904294026,8.025880155437333
fold2_france,pm25,10.130671387060536,7.169024332051167
fold2_france,pm25,10.94342947711591,7.656129681233795
fold2_france,pm25,11.62176284921749,8.504342631657147
fold2_france,pm25,11.541081088055195,9.845802310631392
fold2_france,pm25,11.358238434471229,10.147642222909507
fold2_france,pm25,11.575622964521358,10.206921126194585
fold3_italy,pm25,9.47184373338888,20.76945164397376
fold3_italy,pm25,11.296114896399361,13.254144808935342
fold3_italy,pm25,9.624449620293124,16.804055005678315
fold3_italy,pm25,11.603553548821115,20.068181830333298
fold3_italy,pm25,13.452989664271074,20.406086573740428
fold3_italy,pm25,13.360905643368508,20.636416014059186
fold3_italy,pm25,10.395736741710435,10.814289853865501
fold3_italy,pm25,10.750750186370539,13.080903508415595
fold3_italy,pm25,10.877006855503547,15.202751931844894
fold3_italy,pm25,12.337953280672593,16.59610003493267
fold3_italy,pm25,10.838912871796385,18.655501854775498
fold3_italy,pm25,11.060924930571328,14.049649276756586
fold3_italy,pm25,12.113854214923656,17.526404570229552
fold3_italy,pm25,12.410557350795605,14.776433344872718
fold3_italy,pm25,11.379419621823033,16.700828851336496
fold3_italy,pm25,12.768392510085421,20.518105376963742
fold3_italy,pm25,11.779943283078392,16.561452308222112
fold3_italy,pm25,11.974608684720819,13.166384330975434
fold3_italy,pm25,10.55252354208435,24.716712810302113
fold3_italy,pm25,10.62221241706736,10.097513310966017
fold3_italy,pm25,10.260215555972366,5.804062372259872
fold3_italy,pm25,13.346145052364578,13.92550155450613
fold3_italy,pm25,10.620253617369421,11.396396369326531
fold3_italy,pm25,11.782703081383705,8.557660373117365
fold3_italy,pm25,10.481705430136081,9.546723844088167
fold3_italy,pm25,8.720080949600497,16.428851819292067
fold3_italy,pm25,9.677699036040064,8.847262260448739
fold3_italy,pm25,10.482870285032094,9.303116241753923
fold3_italy,pm25,12.068766236388347,17.28575435849311
fold3_italy,pm25,12.793357466290615,14.191549339115527
fold3_italy,pm25,13.474555825147233,14.704862889665694
fold3_italy,pm25,9.81104244099005,14.786703630722526
fold3_italy,pm25,11.18542773932538,9.160227282015633
fold3_italy,pm25,12.385662274318431,19.316519838422444
fold3_italy,pm25,9.844712925320994,17.390314430501128
fold3_italy,pm25,10.111964411356624,15.57222234884464
fold3_italy,pm25,13.771512108905222,12.937676903813163
fold3_italy,pm25,10.634610721340774,13.014326736032137
fold3_italy,pm25,9.978556742525294,10.954706091521663
fold3_italy,pm25,12.53335853990013,13.260227552776817
fold3_italy,pm25,9.26237892575973,11.767732860145033
fold3_italy,pm25,12.747223304795599,21.8194847192117
fold3_italy,pm25,10.991068178255173,12.161473169622733
fold3_italy,pm25,11.298937385106441,8.886118901230637
fold3_italy,pm25,8.494703413778607,7.589887772088025
fold3_italy,pm25,8.59281412402613,10.668907645242967
fold3_italy,pm25,12.577566022229867,17.24653780349413
fold3_italy,pm25,12.321890595007746,21.131163477855598
fold3_italy,pm25,10.837288780466476,12.928480559348992
fold3_italy,pm25,12.75661705972909,16.030985583306492
fold3_italy,pm25,13.703163861586264,14.90055260935363
fold3_italy,pm25,11.781184248787829,14.415730487756864
fold3_italy,pm25,10.301024879829068,12.51977400472521
fold3_italy,pm25,11.814087018221196,17.022099208130477
fold3_italy,pm25,11.771147026621165,19.630372300868206
fold3_italy,pm25,10.0822994246336,8.62000003547439
fold3_italy,pm25,10.050527242382794,8.98016997094259
fold3_italy,pm25,12.296490610056983,12.381988109347581
fold3_italy,pm25,11.950703139431699,23.16170748236109
fold3_italy,pm25,14.14157915256708,14.347107564995637
fold3_italy,pm25,9.717468569993343,11.002890224567684
fold3_italy,pm25,9.85844044610349,12.954674080280023
fold3_italy,pm25,13.121411120261092,20.636871133788677
fold3_italy,pm25,9.5451761219018,12.213889013715916
fold3_italy,pm25,10.910868293637828,13.039215670921248
fold3_italy,pm25,11.278515841026438,11.633431144194207
fold3_italy,pm25,10.933981408051066,20.147536699890615
fold3_italy,pm25,9.414254398503463,8.731356151261142
fold3_italy,pm25,12.305547419371045,13.324022463220112
fold3_italy,pm25,9.862127403834123,18.761644139610198
fold3_italy,pm25,10.938078535893567,13.823699532405064
fold3_italy,pm25,12.654625716236168,23.490303504888374
fold3_italy,pm25,9.893112679483117,20.378830551740624
fold3_italy,pm25,12.799252650594951,9.594059405488657
fold3_italy,pm25,12.17159768298412,13.311965655786159
fold3_italy,pm25,7.8417503142090395,10.270065587363996
fold3_italy,pm25,11.243541283129058,13.46740053796708
fold3_italy,pm25,12.303225850820736,14.893328670625595
fold3_italy,pm25,11.698353853316723,16.733145659157756
fold3_italy,pm25,12.899747863520034,17.157326964701095
fold3_italy,pm25,10.947250176493759,18.435515293306082
fold3_italy,pm25,13.16400726173981,13.828651823343026
fold3_italy,pm25,9.277536682441571,12.748265831612047
fold3_italy,pm25,9.868667142477078,15.177842451436652
fold3_italy,pm25,11.625960309778833,22.315642079557307
fold3_italy,pm25,10.706308160944321,10.744629188172963
fold3_italy,pm25,12.52354201963889,9.379109159444308
fold3_italy,pm25,9.887877352637753,20.829544943882134
fold3_italy,pm25,9.191141967718012,11.061624622003036
fold3_italy,pm25,10.015151939829293,10.045619327992156
fold3_italy,pm25,11.112997134211376,15.442569082633502
fold3_italy,pm25,11.698508651363644,18.62220982407337
fold3_italy,pm25,10.319656038231278,11.667298852762153
fold3_italy,pm25,11.395355887114352,12.04394490767477
fold3_italy,pm25,11.05564122166302,10.162534424524903
fold3_italy,pm25,10.405273705421303,19.280701444910413
fold3_italy,pm25,12.702032927556555,11.121126712425669
fold3_italy,pm25,12.827819749821938,11.955089743384082
fold3_italy,pm25,11.737857828714228,16.533191826666034
fold3_italy,pm25,12.391124287048209,9.765158228837734
fold3_italy,pm25,9.046813134916205,13.738682756564764
fold3_italy,pm25,10.664019542831833,7.318944455821174
fold3_italy,pm25,10.255980764852287,16.49715927249225
fold3_italy,pm25,12.725200358919851,7.6703910735539385
fold3_italy,pm25,13.891174435224372,10.38700566818782
fold3_italy,pm25,8.096970717982744,4.858955002203069
fold3_italy,pm25,8.55897736791805,2.9805103536544726
fold3_italy,pm25,10.919661262900112,13.288656023707759
fold3_italy,pm25,10.784514890389698,13.696818230393813
fold3_italy,pm25,10.501340368309965,13.150698279851058
fold3_italy,pm25,12.209584058176683,19.232352594771953
fold3_italy,pm25,9.561878566707222,9.546742212440924
fold3_italy,pm25,9.469796539806401,12.441666599070759
fold3_italy,pm25,11.38525508144245,18.411594493092117
fold3_italy,pm25,10.481006388972933,11.181213881901787
fold3_italy,pm25,9.010864227367692,8.86411765442859
fold3_italy,pm25,10.187681397147058,10.651381201183016
fold3_italy,pm25,8.772529013088189,11.212034346518433
fold3_italy,pm25,8.712409537099292,11.50985071827037
fold3_italy,pm25,8.15433404015298,17.11977692313679
fold3_italy,pm25,9.041329693760808,11.403611099013192
fold3_italy,pm25,13.28486392664187,19.020127107210318
fold3_italy,pm25,13.996007838121086,14.581460755325422
fold3_italy,pm25,6.687758767736543,5.052941113515977
fold3_italy,pm25,12.692636555634424,17.176923459411253
fold3_italy,pm25,9.304452541171033,11.393929998320576
fold3_italy,pm25,10.34714708843942,15.072373999033413
fold3_italy,pm25,8.590940341057268,11.203089950523449
fold3_italy,pm25,11.413970285806991,16.405172238295783
fold3_italy,pm25,12.434376470352525,21.762572949803968
fold3_italy,pm25,10.517282798575584,20.596264747998816
fold3_italy,pm25,14.783995285838184,24.308176325781183
fold3_italy,pm25,11.99268528213266,18.823188032339903
fold3_italy,pm25,6.684788773669807,8.317373139717255
fold3_italy,pm25,11.090347234141642,19.027132050958883
fold3_italy,pm25,9.798852156799574,9.11408411892414
fold3_italy,pm25,8.2029031215198,11.975235676050477
fold3_italy,pm25,9.367354934474411,10.376436762416771
fold3_italy,pm25,11.15883939414796,9.888571422881517
fold3_italy,pm25,8.364521801401605,9.790196079422664
fold3_italy,pm25,9.155592973455674,10.220977037502019
fold3_italy,pm25,9.746734990110776,12.814647839337656
fold3_italy,pm25,9.159541392775377,11.504913288586478
fold3_italy,pm25,12.565810715088377,11.124778729094285
fold3_italy,pm25,10.768682936351293,14.287353325535005
fold3_italy,pm25,10.812835815747246,17.728155166254833
fold3_italy,pm25,11.430755380209112,11.891388975275223
fold3_italy,pm25,7.344546110339751,5.298198310578513
fold3_italy,pm25,10.611598426818636,9.822424241243828
fold3_italy,pm25,11.524748087020956,9.108882498654404
fold3_italy,pm25,9.838153037078987,8.49438207347212
fold3_italy,pm25,7.323463099382863,8.033333343974855
fold3_italy,pm25,10.39208562900323,19.282073189963132
fold3_italy,pm25,11.17803274261798,16.466449159364043
fold3_italy,pm25,12.644867100837164,21.802777982768497
fold3_italy,pm25,11.391033093422593,19.541930996016497
fold3_italy,pm25,10.82941571925639,12.485833476756788
fold3_italy,pm25,11.7172555580452,18.66736636072556
fold3_italy,pm25,11.79085312583274,14.742465643620001
fold3_italy,pm25,10.185827305568644,8.057058849006301
fold3_italy,pm25,7.058485244827516,7.4592334769203426
fold3_italy,pm25,10.28754045231432,14.038356307112863
fold3_italy,pm25,9.00892283242395,12.073239561460452
fold3_italy,pm25,8.068278896946685,7.617563673680139
fold3_italy,pm25,12.255833444471342,13.372266007697077
fold3_italy,pm25,11.950541283472397,15.754334859339876
fold3_italy,pm25,7.901936741917755,9.834269669446645
fold3_italy,pm25,9.788854131702802,15.856353281174334
fold3_italy,pm25,9.37011777832251,10.807262622134537
fold3_italy,pm25,10.902505011320114,16.590395569581517
fold3_italy,pm25,10.105260757769583,13.31195322174902
fold3_italy,pm25,10.051751759382222,18.102209937039987
fold3_italy,pm25,10.062556096839456,14.206703809546067
fold3_italy,pm25,9.754641204202214,15.74787533298645
fold3_italy,pm25,9.752335600013575,11.120821145421484
fold3_italy,pm25,11.217521441251789,19.351800236736512
fold3_italy,pm25,9.043025842731902,8.65732242241411
fold3_italy,pm25,8.418029792868541,13.556521636779838
fold3_italy,pm25,9.26420689118661,12.323188332770252
fold3_italy,pm25,9.859211637520657,23.707964554951356
fold3_italy,pm25,9.983762709882226,21.464772882910854
fold3_italy,pm25,10.6389790792443,15.872268700980856
fold3_italy,pm25,10.639860088474599,17.387186950023935
fold3_italy,pm25,8.60897953417356,12.758771928658213
fold3_italy,pm25,10.161850176797305,7.939778651712854
fold3_italy,pm25,8.36449651808401,3.2191102609029376
fold3_italy,pm25,9.611892927686405,10.333237790734607
fold3_italy,pm25,11.37187409519127,12.313019508539433
fold3_italy,pm25,10.281094647543512,5.203418887554969
fold3_italy,pm25,10.475716005817759,7.187009084725854
fold3_italy,pm25,6.137264337396171,8.35619080099256
fold3_italy,pm25,9.91178668281444,10.713296502959055
fold3_italy,pm25,9.644223547342218,12.05400629325925
fold3_italy,pm25,11.191198997611957,10.746478902599554
fold3_italy,pm25,8.590656149365001,8.875623485225514
fold3_italy,pm25,10.95812106680467,10.765217366591767
fold3_italy,pm25,11.287043683255947,8.146827783900134
fold3_italy,pm25,11.06609732133992,11.213915499970096
fold3_italy,pm25,8.67574281379841,13.134877557818681
fold3_italy,pm25,9.894463625086098,22.658191676891715
fold3_italy,pm25,7.888042714794573,9.260355020262518
fold3_italy,pm25,10.67832214859103,12.591176348556894
fold3_italy,pm25,9.565763917234044,12.255255356197427
fold3_italy,pm25,9.164915001892243,12.892215415428314
fold3_italy,pm25,13.330455472547017,15.616022163768347
fold3_italy,pm25,8.790871498824188,6.45362602759997
fold3_italy,pm25,6.752577084043363,4.530555542284465
fold3_italy,pm25,9.892264483949162,13.674863339347134
fold3_italy,pm25,11.934536905101096,18.83791170863322
fold3_italy,pm25,9.418559194947273,8.038690465488303
fold3_italy,pm25,10.763781935359615,13.081315879817378
fold3_italy,pm25,10.3614937480087,11.832011397411472
fold3_italy,pm25,8.955404223919906,9.497237576447572
fold3_italy,pm25,9.098286562738688,8.847025483185936
fold3_italy,pm25,8.635114328667362,9.27325579940623
fold3_italy,pm25,11.123950935533356,18.51791432492465
fold3_italy,pm25,10.770097224890703,14.4702548163327
fold3_italy,pm25,11.570280796103491,13.332612491212432
fold3_italy,pm25,10.278763502893893,16.13505754342623
fold3_italy,pm25,11.755178698347533,11.565868238436726
fold3_italy,pm25,9.855160543030234,10.60355030532878
fold3_italy,pm25,11.211004151640283,14.38271622695965
fold3_italy,pm25,9.742249061135329,9.38282549756553
fold3_italy,pm25,8.215557172253895,9.610481585354712
fold3_italy,pm25,8.589472007073027,11.727945915690375
fold3_italy,pm25,8.006153681079887,13.898299566005607
fold3_italy,pm25,8.568234354383222,10.881992303281276
fold3_italy,pm25,10.131477928908202,14.48033709080546
fold3_italy,pm25,8.209913475641002,9.107753406793545
fold3_italy,pm25,10.225780126157817,8.382596656637435
fold3_italy,pm25,11.033443154313197,14.404237445291868
fold3_italy,pm25,9.871568864858432,10.879714320993214
fold3_italy,pm25,11.99055309051032,15.759531047958468
fold3_italy,pm25,10.79022109225885,14.41076499691523
fold3_italy,pm25,10.671464049461557,14.494413308519798
fold3_italy,pm25,9.70187705656948,9.373371228967612
fold3_italy,pm25,10.761148551600511,12.791643803979861
fold3_italy,pm25,12.132161474849267,11.811730218827106
fold3_italy,pm25,11.759717638797143,14.263455941764613
fold3_italy,pm25,8.046011286060832,10.27257839736093
fold3_italy,pm25,8.626051639862286,9.368176458735388
fold3_italy,pm25,7.607122974977703,13.023791959925749
fold3_italy,pm25,8.191495860138613,8.375616066619399
fold3_italy,pm25,12.646082045557234,13.338935437780702
fold3_italy,pm25,9.62150222838137,13.57420187481335
fold3_italy,pm25,10.608644581494069,23.159488881702266
fold3_italy,pm25,11.082640847252785,12.790492861601905
fold3_italy,pm25,13.383400945457133,14.258290228322638
fold3_italy,pm25,13.990709929516338,18.052134732625113
fold3_italy,pm25,11.346423481785951,15.891629416623154
fold3_italy,pm25,14.163668163736574,20.292081445574567
fold3_italy,pm25,12.461118145380256,10.856573247327061
fold3_italy,pm25,11.66807262518265,18.925196628808145
fold3_italy,pm25,9.435701309516096,17.16678746677556
fold3_italy,pm25,10.82579044240011,10.334293975344911
fold3_italy,pm25,9.002985061912106,15.027567546120938
fold3_italy,pm25,12.037311317783182,10.033057858375152
fold3_italy,pm25,12.432893150710862,11.834733957108018
fold3_italy,pm25,10.708319229036405,19.80337110953117
fold3_italy,pm25,9.659178139140046,9.92326886253897
fold3_italy,pm25,7.905774461937051,6.013829232621787
fold3_italy,pm25,10.444844942130617,8.134203088416877
fold3_italy,pm25,7.385383312402281,8.66855538616082
fold3_italy,pm25,10.37512255489529,10.611111109580253
fold3_italy,pm25,10.510152823377451,9.51385542722222
fold3_italy,pm25,11.799331784636736,10.43124126359346
fold3_italy,pm25,8.719988300802527,9.299407226016063
fold3_italy,pm25,10.106664748657215,11.668604699176974
fold3_italy,pm25,12.591472985300188,15.330508674599642
fold3_italy,pm25,10.681951532368869,10.573298100983953
fold3_italy,pm25,8.753612463255969,8.766379310280579
fold3_italy,pm25,10.36023976360501,17.652542040315172
fold3_italy,pm25,9.094992550750092,10.504093589982144
fold3_italy,pm25,12.132865656076735,11.500000056818426
fold3_italy,pm25,12.09422675651213,17.770007649338602
fold3_italy,pm25,11.886062437472463,20.225706552623855
fold3_italy,pm25,11.123077172165672,6.013223227765933
fold3_italy,pm25,8.247930011791716,8.217664630762705
fold3_italy,pm25,10.422262347047186,17.492917920731237
fold3_italy,pm25,9.869794134500685,15.286549811690723
fold3_italy,pm25,11.038947961417666,14.192797631390462
fold3_italy,pm25,10.434678305866477,12.101408513647778
fold3_italy,pm25,9.731028239003313,13.465015587976882
fold3_italy,pm25,10.07239972961377,11.271964868923103
fold3_italy,pm25,6.267133978512528,4.696913282202003
fold3_italy,pm25,10.800111055758343,11.971778156107428
fold4_alpine,pm25,8.026195407115102,7.574507307837969
fold4_alpine,pm25,10.095816104465387,8.997244444251548
fold4_alpine,pm25,9.58828706150275,8.815364855136544
fold4_alpine,pm25,7.805516717155744,3.504385178722772
fold4_alpine,pm25,10.828952432957506,11.496320932598763
fold4_alpine,pm25,9.58205584325303,11.29354313418353
fold4_alpine,pm25,11.10297561231877,10.750524794603258
fold4_alpine,pm25,11.285642559261014,10.996662744603729
fold4_alpine,pm25,10.784305688558756,10.993838014748356
fold4_alpine,pm25,10.650757241189352,9.132815889844247
fold4_alpine,pm25,10.048757380091248,10.54448739657405
fold4_alpine,pm25,10.227567405346248,8.497120996474848
fold4_alpine,pm25,10.164791716232763,10.340341472852687
fold4_alpine,pm25,9.829852128564402,10.048441135914327
fold4_alpine,pm25,10.515873289936904,10.653475183965696
fold4_alpine,pm25,10.740206255704498,8.157288348985777
fold4_alpine,pm25,10.456782492355716,9.254371726163669
fold4_alpine,pm25,10.736825085271425,9.556534327797827
fold4_alpine,pm25,11.007272115971034,10.862198673687404
fold4_alpine,pm25,9.97648650560931,9.882899223290522
fold4_alpine,pm25,10.071311291334089,10.314057133816705
fold4_alpine,pm25,10.115091040472363,10.091924189732376
fold4_alpine,pm25,11.203224269494253,9.99911411079765
fold4_alpine,pm25,11.327207634607156,9.676838044237892
fold4_alpine,pm25,8.027859563264666,6.232991769753086
fold4_alpine,pm25,9.116520737671319,5.920569683421115
fold4_alpine,pm25,10.178469878024805,8.987647562478003
fold4_alpine,pm25,9.196394221548346,9.948453894015824
fold4_alpine,pm25,10.89837309917865,10.111473765837905
fold4_alpine,pm25,9.207477888530056,11.032369892890566
fold4_alpine,pm25,5.742924902619543,4.101452661840478
fold4_alpine,pm25,10.325586193072407,10.817754203240684
fold4_alpine,pm25,10.208616769655956,10.062743951283812
fold4_alpine,pm25,10.014350338278318,9.383825385532726
fold4_alpine,pm25,10.222505265839464,8.422633518322606
fold4_alpine,pm25,9.501796248514562,8.653730329169424
fold4_alpine,pm25,10.186889364416999,10.817276013277917
fold4_alpine,pm25,9.901334910021712,12.750085145726663
fold4_alpine,pm25,9.793962742274095,9.319852859121927
fold4_alpine,pm25,10.438100256902974,6.787477688664374
fold4_alpine,pm25,10.86253353138549,7.038211848638385
fold4_alpine,pm25,10.041073451586177,8.422096365718188
fold4_alpine,pm25,9.185968399498492,6.476075392803918
fold4_alpine,pm25,10.130415139350625,8.342083854869637
fold4_alpine,pm25,8.91584256830641,6.774959067885624
fold4_alpine,pm25,10.912658142850066,9.866308693175961
fold4_alpine,pm25,10.498690992191806,11.90212985817196
fold4_alpine,pm25,10.089958604179634,15.944747241460652
fold4_alpine,pm25,10.143563762837356,15.797969196196783
fold4_alpine,pm25,10.495079713468455,15.571122416127723
fold4_alpine,pm25,9.082164807624325,9.99288035415894
fold4_alpine,pm25,10.811421028514781,9.84896658833075
fold4_alpine,pm25,10.551750426946228,13.468119116182125
fold4_alpine,pm25,10.866242292722708,8.879469582775059
fold4_alpine,pm25,8.44411693500781,9.323982918973647
fold4_alpine,pm25,8.351661069263677,6.924706152808779
fold4_alpine,pm25,8.726306095846848,8.839339374683654
fold4_alpine,pm25,9.992213553300486,9.9012630752677
fold4_alpine,pm25,9.269526793575109,7.943305312449299
fold4_alpine,pm25,10.368223593615932,7.4331229134277015
fold4_alpine,pm25,10.013234230306097,10.407699615597938
fold4_alpine,pm25,10.305661039511818,10.548751087758639
fold4_alpine,pm25,11.57237552808314,9.934565267470594
fold4_alpine,pm25,11.477234149422545,9.828750485206127
fold4_alpine,pm25,10.239125314096754,9.21262775176084
fold4_alpine,pm25,11.28109670513864,10.116003620755546
fold4_alpine,pm25,11.112372218852727,9.877831679283783
fold4_alpine,pm25,11.441993190560046,10.112767839811367
fold4_alpine,pm25,10.40713894307369,10.071390625282108
fold4_alpine,pm25,10.206329267569028,9.552726347150417
fold4_alpine,pm25,11.157518266182137,10.027519483335753
fold4_alpine,pm25,8.64307917827909,6.513108386028289
fold4_alpine,pm25,9.805766743031631,7.202567340852312
fold4_alpine,pm25,7.050029582047003,4.673892989561294
fold4_alpine,pm25,9.331106199557595,7.432428837939554
fold4_alpine,pm25,10.593871864115409,8.060643969068332
fold4_alpine,pm25,11.10865062956975,9.302252479329661
fold4_alpine,pm25,10.656110656514207,8.936186927534711
fold4_alpine,pm25,8.677493430977844,9.02380493074613
fold4_alpine,pm25,9.893140752521486,6.574683639253115
fold4_alpine,pm25,11.098933038609953,8.30767843278184
fold4_alpine,pm25,10.369293308585734,7.023158044931026
fold4_alpine,pm25,9.332430389633465,6.895681681012885
fold4_alpine,pm25,10.225710724391655,7.627999975007739
fold4_alpine,pm25,10.197706960169063,7.909295579171041
fold4_alpine,pm25,10.516328672419306,7.9080366943468805
fold4_alpine,pm25,10.086633267759249,6.983011503781772
fold4_alpine,pm25,9.740878132460344,6.476100685427667
fold4_alpine,pm25,9.679949403875776,7.286274532448818
fold4_alpine,pm25,9.993751601963426,7.2057580582279295
fold4_alpine,pm25,10.373083593992442,6.875229087026901
fold4_alpine,pm25,8.177484682945828,3.125907555510988
fold4_alpine,pm25,9.765586104431705,6.66933057699471
fold4_alpine,pm25,10.267625810499663,6.944606552498565
fold4_alpine,pm25,10.437995138804991,5.465100404099924
fold4_alpine,pm25,10.201425784259344,7.559740104690134
fold4_alpine,pm25,10.040144161393416,7.383860270346711
fold4_alpine,pm25,9.41608211143228,6.344442529459195
fold4_alpine,pm25,10.404366121435524,6.813675519780945
fold4_alpine,pm25,9.694886252228725,6.927798768362414
fold4_alpine,pm25,10.058355931220444,5.987719535909648
fold4_alpine,pm25,10.804053981695693,7.497496482626559
fold4_alpine,pm25,10.74724425310531,6.890638757813837
fold4_alpine,pm25,10.949356633472684,6.1850542722165045
fold4_alpine,pm25,8.227077249619283,4.277131842979269
fold4_alpine,pm25,10.842669413380653,8.903126557655273
fold4_alpine,pm25,10.05501597181964,9.403177421668353
fold4_alpine,pm25,9.831602902151747,7.23243783679128
fold4_alpine,pm25,9.709818892657164,6.419983672546592
fold4_alpine,pm25,10.020280941374851,8.623715406876553
fold4_alpine,pm25,10.652220709888924,6.490810653115074
fold4_alpine,pm25,9.810382695515594,8.38690611171925
fold4_alpine,pm25,10.052082838842688,8.438861537852521
fold4_alpine,pm25,10.68927096764651,7.8510967694037
fold4_alpine,pm25,9.623159803082235,8.666554352800171
fold4_alpine,pm25,9.667149576745535,7.0171621765590775
fold4_alpine,pm25,10.103749912895143,7.943262440640483
fold4_alpine,pm25,9.817657729080441,8.067795114101875
fold4_alpine,pm25,9.7886408310473,8.161889676925279
fold4_alpine,pm25,9.64863196837195,7.179422819353234
fold4_alpine,pm25,10.432662214062807,7.734651252384574
fold4_alpine,pm25,11.626986176143559,7.850393473482496
fold4_alpine,pm25,10.040098822402165,10.337521239296219
fold4_alpine,pm25,9.287237354522809,8.051838645093188
fold4_alpine,pm25,10.120353590235085,9.094352134461674
fold4_alpine,pm25,11.234919047744768,6.674425138615287
fold4_alpine,pm25,9.670232380654511,7.422099356441439
fold4_alpine,pm25,10.32061769171597,8.788148102295992
fold4_alpine,pm25,10.7849517083579,6.691592179438429
fold4_alpine,pm25,10.487697715932564,7.903199714091363
fold4_alpine,pm25,11.071225238782349,8.706619375057446
fold4_alpine,pm25,10.691867520638734,8.002076527514072
fold4_alpine,pm25,9.199907888659874,7.913213796860178
fold4_alpine,pm25,7.825069619804824,5.5697727436642035
fold4_alpine,pm25,10.592006122144529,8.882944436781028
fold4_alpine,pm25,9.893485079986963,7.477658546063349
fold4_alpine,pm25,9.621997520917834,7.644853431576602
fold4_alpine,pm25,9.984429271360233,7.3908471677368075
fold4_alpine,pm25,9.88560970158709,6.958002120177122
fold4_alpine,pm25,8.237250375985605,5.620315009502738
fold4_alpine,pm25,10.661139729661231,8.6121738453201
fold4_alpine,pm25,9.985299172997786,10.975207063261708
fold4_alpine,pm25,8.377513759278878,8.467077090373051
fold4_alpine,pm25,9.38199248281911,7.551440793754756
fold4_alpine,pm25,9.636327776038828,8.144635477088766
fold4_alpine,pm25,10.47263113275159,9.48537146591181
fold4_alpine,pm25,9.433707757915064,9.470010741214196
fold4_alpine,pm25,11.055036229877341,8.140122251026991
fold4_alpine,pm25,11.169874777752408,8.56145568592931
fold4_alpine,pm25,11.581205528557465,8.4535625215023
fold4_alpine,pm25,11.377099047377294,8.312079407354148
fold4_alpine,pm25,10.217938952826502,8.493641919065174
fold4_alpine,pm25,10.754607674073457,8.374445918789343
fold4_alpine,pm25,10.160508090170532,8.141774918434573
fold4_alpine,pm25,10.087469975189004,8.230101037092847
fold4_alpine,pm25,8.095595197606164,6.331407317575418
fold4_alpine,pm25,8.158922373077514,6.511959220220221
fold4_alpine,pm25,10.509389091006582,8.290790142681521
fold4_alpine,pm25,9.65645320692594,8.430296267919935
fold4_alpine,pm25,11.051678764872653,8.190354965915708
fold4_alpine,pm25,11.008366234284333,8.191789431676604
fold4_alpine,pm25,11.332131661030262,9.562646503111708
fold4_alpine,pm25,10.309990737603194,8.201283405646096
fold4_alpine,pm25,10.136945615340547,7.5590924305848
fold4_alpine,pm25,10.401567291048854,7.77740968675541
fold4_alpine,pm25,9.983878792564497,10.209407870078197
fold4_alpine,pm25,7.880747521107909,6.6399777836052225
fold4_alpine,pm25,7.412877664537522,4.716416472484586
fold4_alpine,pm25,7.027630623078436,4.925871668090994
fold4_alpine,pm25,10.555823948536409,8.57072707801394
fold4_alpine,pm25,8.266533937007411,6.085151868559375
fold4_alpine,pm25,10.72432207312043,8.908122501473748
fold4_alpine,pm25,10.47555674650803,8.183615874692737
fold4_alpine,pm25,10.87429190897845,8.50587919671419
fold4_alpine,pm25,10.3842979333423,8.744713096734651
fold4_alpine,pm25,10.709830388771667,9.390254316656298
fold4_alpine,pm25,10.371887295872456,9.02746750228963
fold4_alpine,pm25,10.957191031661068,7.866858757466241
fold4_alpine,pm25,10.291255878159149,7.5499841297557335
fold4_alpine,pm25,10.008166460135703,10.268628401249481
fold4_alpine,pm25,9.72089476843883,9.174033132055191
fold4_alpine,pm25,10.397587842641075,9.58084421684474
fold4_alpine,pm25,9.714426861319978,9.961584339600941
fold4_alpine,pm25,11.296659260989985,10.13884086646213
fold4_alpine,pm25,10.678231156477338,9.280097916426474
fold4_alpine,pm25,11.365358792764363,9.490077990760023
fold4_alpine,pm25,10.231395307749215,8.108702760322547
fold4_alpine,pm25,11.80645755560645,9.621978013730944
fold4_alpine,pm25,11.141482962528958,8.75261854196729
fold4_alpine,pm25,11.422399147645358,9.96644663709139
fold4_alpine,pm25,11.20047710329169,9.926077791229952
fold4_alpine,pm25,10.46805583084399,10.139589777858864
fold4_alpine,pm25,10.300364531177072,8.243931117657072
fold4_alpine,pm25,10.362803563381396,8.455289833340744
fold4_alpine,pm25,10.480302274910683,7.646537650841569
fold4_alpine,pm25,10.376715113757982,8.189095766707702
fold4_alpine,pm25,7.974903851085946,5.092150240464792
fold4_alpine,pm25,9.760190072774977,8.8765564119713
fold4_alpine,pm25,10.073312500552273,8.162559555538714
fold4_alpine,pm25,10.181384213538491,7.533472012020394
fold4_alpine,pm25,11.016405541707357,9.085050960392401
fold4_alpine,pm25,9.873938385529113,8.543552487684275
fold4_alpine,pm25,10.570377837660644,8.717859414736411
fold4_alpine,pm25,10.692037596894721,8.104807106290147
fold4_alpine,pm25,10.222983624807398,9.592287230583803
fold4_alpine,pm25,11.458495652891298,10.523052947773229
fold4_alpine,pm25,9.808801038498524,6.99888275140156
fold4_alpine,pm25,10.130731078390639,9.463747301106016
fold4_alpine,pm25,10.115827823348676,7.6341632966556245
fold4_alpine,pm25,10.258844249628638,7.986587075710276
fold4_alpine,pm25,11.336535736379608,10.695994554486996
fold4_alpine,pm25,10.307899315348832,9.972826495474816
fold4_alpine,pm25,11.017167917612461,10.028004475695267
fold4_alpine,pm25,10.089703609525298,7.803533131062831
fold4_alpine,pm25,9.468274507755517,7.759261377666264
fold4_alpine,pm25,9.776805970920817,9.067482432519258
fold4_alpine,pm25,11.546548765300187,9.807844100040946
fold4_alpine,pm25,10.340953570940762,10.448798623306606
fold4_alpine,pm25,9.82852566636045,9.469138282952441
fold4_alpine,pm25,10.835917252490509,7.657207939264724
fold4_alpine,pm25,10.644632261427521,11.152023957165557
fold4_alpine,pm25,11.115111944074293,9.456977702322678
fold4_alpine,pm25,10.929212803599617,9.068363998993494
fold4_alpine,pm25,10.213994185827254,7.65611044324294
fold4_alpine,pm25,10.598969211332472,9.422137804831523
fold4_alpine,pm25,10.029935022647852,9.643740487032304
fold4_alpine,pm25,9.630308764478588,8.12183793355526
fold4_alpine,pm25,10.11179922712412,8.880731366509663
fold4_alpine,pm25,12.133710510782615,10.405334798181334
fold4_alpine,pm25,10.701248444425547,8.403765566069335
fold4_alpine,pm25,9.180796462312651,8.172205389579304
fold4_alpine,pm25,10.196624024463167,8.696284620987814
fold4_alpine,pm25,12.210808520269415,10.073467153667767
fold4_alpine,pm25,11.30187438527893,9.474245886724782
fold4_alpine,pm25,10.60954364281487,7.9897861896528894
fold4_alpine,pm25,10.786513225872145,11.667625048895266
fold4_alpine,pm25,10.755383181500635,8.817913669337976
fold4_alpine,pm25,11.299859301376774,10.39935768855516
fold4_alpine,pm25,7.7433052259120405,4.887015224217673
fold4_alpine,pm25,9.877500286777824,8.093172855776618
fold4_alpine,pm25,10.385357661453533,7.7619197558558755
fold4_alpine,pm25,10.87219740396096,8.260317659183057
fold4_alpine,pm25,11.07879542205509,10.732404673759136
fold4_alpine,pm25,10.189758143971822,9.035051215753935
fold4_alpine,pm25,8.104785784066541,5.64410974293405
fold4_alpine,pm25,11.575281486589336,9.698359297435358
fold4_alpine,pm25,10.367404251810822,8.701219954650627
fold4_alpine,pm25,10.954076148728584,8.654589860896396
fold4_alpine,pm25,9.55192334007721,9.416335708356044
fold4_alpine,pm25,10.5672135651356,9.62000694790492
fold4_alpine,pm25,9.99900105741325,9.315710227111932
fold4_alpine,pm25,10.309139454808001,8.078337413712875
fold4_alpine,pm25,7.193489642144671,4.127725630018256
fold5_north,pm25,10.2920707688401,5.996220915889461
fold5_north,pm25,12.062997582038008,6.7203845514812794
fold5_north,pm25,11.382607983315719,9.67257529892664
fold5_north,pm25,10.372255005656797,6.667836528648104
fold5_north,pm25,12.190248057733523,7.097863861626431
fold5_north,pm25,11.811702123720165,5.898186826729305
fold5_north,pm25,10.707594185541081,6.258642512871807
fold5_north,pm25,11.280119177459133,6.52038347553239
fold5_north,pm25,10.207966031697781,6.400765281395967
fold5_north,pm25,9.587839955904462,4.179395754214347
fold5_north,pm25,12.056729501683883,4.271787661664294
fold5_north,pm25,9.019215831964084,3.7352459744582287
fold5_north,pm25,10.259469548604962,3.4234635230101813
fold5_north,pm25,10.537949654054362,4.17650255231653
fold5_north,pm25,11.941007072290779,4.83351798007532
fold5_north,pm25,11.251629482210399,4.006849151339746
fold5_north,pm25,10.30658110519197,4.373020386531539
fold5_north,pm25,9.117311546747322,4.124022524681779
fold5_north,pm25,10.948954539864802,4.925455597082087
fold5_north,pm25,10.938033275283678,4.331311095883062
fold5_north,pm25,8.954945673780593,1.7669340706646222
fold5_north,pm25,10.913753258780542,5.564238269742364
fold5_north,pm25,10.960513174275825,5.113170656243902
fold5_north,pm25,11.384433783313751,5.337644010457993
fold5_north,pm25,8.104482290265386,1.9336789920264743
fold5_north,pm25,10.755490120398857,6.449519530214874
fold5_north,pm25,9.925292298242768,4.117607258165724
fold5_north,pm25,10.724944301969972,5.019756366290893
fold5_north,pm25,10.275294726468818,4.193546903410691
fold5_north,pm25,10.513892713164115,4.429029865978687
fold5_north,pm25,10.698471268995831,5.8429134395926825
fold5_north,pm25,10.71872406637108,4.7348166399567635
fold5_north,pm25,10.496747877442749,6.243997011508489
fold5_north,pm25,10.434918282489962,5.174940253730256
fold5_north,pm25,10.56956475449023,5.044262880150508
fold5_north,pm25,10.348354789877936,4.773639913134004
fold5_north,pm25,10.705670162719441,4.392631889347104
fold5_north,pm25,10.230561376902722,7.793698669452288
fold5_north,pm25,9.914605420054162,8.1486339039698
fold5_north,pm25,9.72194066745928,7.319827649776676
fold5_north,pm25,9.879281141173015,6.033791223998965
fold5_north,pm25,10.124976934092123,8.284660678226075
fold5_north,pm25,10.471289345084955,7.62303209603102
fold5_north,pm25,10.403920620326561,8.060224082234487
fold5_north,pm25,9.875321888557167,6.396317205956133
fold5_north,pm25,9.81759966597553,6.51355916355876
fold5_north,pm25,10.234417663701114,8.191977165013691
fold5_north,pm25,9.928922731345569,6.334722295599175
fold5_north,pm25,10.217463540165108,7.858725685514135
fold5_north,pm25,9.868821223866632,7.294520603698605
fold5_north,pm25,9.83296191146115,7.279831905716718
fold5_north,pm25,10.014802711892923,7.027049100484961
fold5_north,pm25,9.988227894865332,6.922388084399516
fold5_north,pm25,9.933567569525048,8.683889428084838
fold5_north,pm25,9.954099359681774,6.319125820570986
fold5_north,pm25,10.604272180630575,7.103591155923287
fold5_north,pm25,9.750717569532034,6.942241250118646
fold5_north,pm25,10.384510798580017,7.009836097464693
fold5_north,pm25,10.377060993614679,7.823224099550827
fold5_north,pm25,9.416164566088769,7.955757490736111
fold5_north,pm25,9.541739650619915,6.746408944694067
fold5_north,pm25,9.900190157067152,12.024309384132442
fold5_north,pm25,10.404584224794066,7.881741627175525
fold5_north,pm25,9.501619886679812,10.304815851962177
fold5_north,pm25,10.227359046390834,7.151894974228163
fold5_north,pm25,10.301884160250523,8.005357204439175
fold5_north,pm25,9.654973384190747,8.002222270433704
fold5_north,pm25,10.367058564937281,7.701092844145557
fold5_north,pm25,9.443423962904612,6.718579262979889
fold5_north,pm25,9.963963969658517,7.859725969261778
fold5_north,pm25,9.628476665649822,7.457058896753568
fold5_north,pm25,10.674418111817927,6.350270414193619
fold5_north,pm25,10.150504334803669,11.032240422992025
fold5_north,pm25,10.346281921957418,7.636592191105384
fold5_north,pm25,9.554811685753357,4.944999952515177
fold5_north,pm25,10.499058523273387,6.855248770047916
fold5_north,pm25,9.890793049729867,5.005571100748165
fold5_north,pm25,10.777499517799704,8.822188498308849
fold5_north,pm25,10.027738612221684,7.222314131770462
fold5_north,pm25,9.936762847607,6.383519674456181
fold5_north,pm25,10.744518003590171,8.814958451971789
fold5_north,pm25,9.649137053779983,7.27569057629345
fold5_north,pm25,10.4058517818522,7.473770466485293
fold5_north,pm25,9.515318880576803,6.214929433441704
fold5_north,pm25,10.415066446607133,12.240896330714873
fold5_north,pm25,10.624357416061024,7.7838798747332385
fold5_north,pm25,9.860222255018392,6.351506834811435
fold5_north,pm25,9.82477379814674,9.500277821677246
fold5_north,pm25,10.393362892969954,5.361538463449587
fold5_north,pm25,9.875487471607807,6.454246483145714
fold5_north,pm25,10.474698549715788,7.442191772602519
fold5_north,pm25,9.315343621326848,3.9544929415657335
fold5_north,pm25,9.62524694646017,4.026985264743595
fold5_north,pm25,9.599182904906625,4.917546864949851
fold5_north,pm25,9.571436101781252,3.994327149846714
fold5_north,pm25,9.766448294690518,6.82656341759799
fold5_north,pm25,9.219226271636334,3.7082476385143717
fold5_north,pm25,8.45388443774172,2.7850420628328076
fold5_north,pm25,8.975614612625913,3.539947353528909
fold5_north,pm25,10.475994294828155,6.1788461507043095
fold5_north,pm25,11.200510046604407,10.847088530903669
fold5_north,pm25,12.049292008280519,10.487151665198052
fold5_north,pm25,9.705139218391823,8.381503569162636
fold5_north,pm25,11.103722390027661,10.588092240193543
fold5_north,pm25,10.79079937769929,8.792462796807913
fold5_north,pm25,10.73977486456116,13.315769751419241
fold5_north,pm25,10.4060057483333,12.45696037234311
fold5_north,pm25,10.542245137492525,10.463832272477934
fold5_north,pm25,10.34853047653866,8.42751728990429
fold5_north,pm25,9.758448673910259,7.248700614499231
fold5_north,pm25,10.331997484116707,7.578958678490787
fold5_north,pm25,11.042915827874397,7.871875704074561
fold5_north,pm25,11.587316840441472,8.956401196317966
fold5_north,pm25,12.297138708454852,11.55262118495859
fold5_north,pm25,11.406676926338589,10.67772561117557
fold5_north,pm25,10.748587425584057,6.969200414617762
fold5_north,pm25,9.851707077881295,7.098080469173689
fold5_north,pm25,10.40324221614258,5.972862177719387
fold5_north,pm25,10.516617529646897,5.049377729604398
fold5_north,pm25,9.93817098682923,7.858726068007488
fold5_north,pm25,11.035922010952751,7.151999576359203
fold5_north,pm25,10.655578646347006,7.843249962846055
fold5_north,pm25,10.097167504785697,7.449521825946178
fold5_north,pm25,9.487667355136036,7.062909210886507
fold5_north,pm25,10.091592080988892,6.690355732417687
fold5_north,pm25,10.618141202334991,6.314441585274681
fold5_north,pm25,10.887185691369458,7.375184245972691
fold5_north,pm25,10.879366565673381,8.557025349927514
fold5_north,pm25,9.536740683984872,9.943350974833594
fold5_north,pm25,10.537286726970454,7.912287008147318
fold5_north,pm25,10.171552244080038,7.193988925061373
fold5_north,pm25,10.708352511665774,6.217575555449996
fold5_north,pm25,9.668106435719615,4.082618296088997
fold5_north,pm25,10.53749697044752,5.141437324332457
fold5_north,pm25,10.051362166516881,9.101663825601943
fold5_north,pm25,10.768127152929749,8.662558804658048
fold5_north,pm25,9.417860871286576,8.427114505623386
fold5_north,pm25,10.104497640411202,7.299158451095033
fold5_north,pm25,9.905581400141148,10.500150182857238
fold5_north,pm25,9.680076895381617,7.522017677858128
fold5_north,pm25,11.329830738080082,5.453511870545328
fold5_north,pm25,10.39746316742993,5.170466200424679
fold5_north,pm25,9.877401611329415,9.811242650059672
fold5_north,pm25,10.268358097167335,6.7458750596296
fold5_north,pm25,9.591638025019316,7.463683201635321
fold5_north,pm25,9.248749346889909,3.449208604010121
fold5_north,pm25,9.439533600753238,4.678777083301906
fold5_north,pm25,10.904363922343906,6.017466408825228
fold5_north,pm25,10.077095166163863,9.371610307624843
fold5_north,pm25,9.864764255171277,10.311906879503319
fold5_north,pm25,10.498765188601928,9.406258448354743
fold5_north,pm25,10.780521090600041,8.526735988291826
fold5_north,pm25,9.874965197491788,8.308072831704912
fold5_north,pm25,11.299116443117915,6.4162019310893275
fold5_north,pm25,10.603136870144983,8.641520731793118
fold5_north,pm25,10.077644194229517,3.9079191494131122
fold5_north,pm25,10.145140697120357,12.185637400019246
fold5_north,pm25,10.602106579262902,10.455725656731037
fold5_north,pm25,9.942525382754322,11.270699929441369
fold5_north,pm25,10.821442743241777,7.0425594575949
fold5_north,pm25,11.106932136494267,5.623008212980768
fold5_north,pm25,10.342878850338055,7.44890148267577
fold5_north,pm25,9.3751663796433,2.5773291712938335
fold5_north,pm25,11.454139358439953,4.501582268981287
fold5_north,pm25,11.838999612427347,7.56703435248195
fold5_north,pm25,11.6638474923387,5.073782643282152
fold5_north,pm25,10.1738122643489,3.3689716046921006
fold5_north,pm25,10.221637201976364,4.52221006882006
fold5_north,pm25,11.799050272858144,7.424664508095803
fold5_north,pm25,10.4145756550843,5.4857870562333275
fold5_north,pm25,11.410995002301169,7.394794525932769
fold5_north,pm25,11.17375663875948,4.9625082552791655
fold5_north,pm25,11.479242561408993,4.999725033400242
fold5_north,pm25,11.030104366251521,5.404798940429099
fold5_north,pm25,9.98636603566381,3.7811289927788225
fold5_north,pm25,9.917804976965838,4.797464155203206
fold5_north,pm25,11.934943679768958,3.8845014285980484
fold5_north,pm25,10.72714651730981,5.458501824302143
fold5_north,pm25,11.394377039696584,6.882045627477325
fold5_north,pm25,11.043439539174027,5.4379722285190315
fold5_north,pm25,11.238661212490653,6.812982325655794
fold5_north,pm25,11.084633766024577,7.100657120345571
fold5_north,pm25,10.839514521571283,4.788383376785333
fold5_north,pm25,11.14012064055111,5.004811529452549
fold5_north,pm25,11.922401794499285,4.458747898744068
fold5_north,pm25,11.236374648491548,4.856339940871281
fold5_north,pm25,11.931606511332497,5.912927397217009
fold5_north,pm25,11.945523861511907,5.6617924047460315
fold5_north,pm25,10.727923907495454,5.077570493589485
fold5_north,pm25,11.134149303085147,5.66664223847475
fold5_north,pm25,11.586737307089162,6.193639077123009
fold5_north,pm25,10.063892133695463,4.907550597527009
fold5_north,pm25,10.444901175532053,5.899247364669162
fold5_north,pm25,10.769341505720966,4.629284918953478
fold5_north,pm25,11.562094346372481,3.943991515802864
fold5_north,pm25,10.78987406282128,6.281235397014638
fold5_north,pm25,10.901711168427575,8.390698626455347
fold6_balkan_e,pm25,10.558056263589219,25.40410708268338
fold6_balkan_e,pm25,10.462791413104336,25.12989386087452
fold6_balkan_e,pm25,10.326315821703009,25.8384987582833
fold6_balkan_e,pm25,11.604158931794942,24.75033895604187
fold6_balkan_e,pm25,7.594237502280275,33.39391880004659
fold6_balkan_e,pm25,9.010920726643242,21.93536510525005
fold6_balkan_e,pm25,9.101886733154064,28.66676793019944
fold6_balkan_e,pm25,9.319909993663257,23.4551493875614
fold6_balkan_e,pm25,9.698966385790982,32.34282025892823
fold6_balkan_e,pm25,10.450599294089663,14.275851470737436
fold6_balkan_e,pm25,10.746279537077347,17.023224206478744
fold6_balkan_e,pm25,11.89935905196118,14.649522115958474
fold6_balkan_e,pm25,9.948708197408537,16.81369041221365
fold6_balkan_e,pm25,12.697578662389382,12.652182421729421
fold6_balkan_e,pm25,12.280790705549512,16.66721280509745
fold6_balkan_e,pm25,5.0922859890690795,6.927214565276464
fold6_balkan_e,pm25,6.467392950479555,8.301227540513112
fold6_balkan_e,pm25,11.388932708050945,10.989943279863342
fold6_balkan_e,pm25,8.738591409067949,8.042818434738312
fold6_balkan_e,pm25,10.241106844173785,25.165951057504756
fold6_balkan_e,pm25,7.670521998245839,11.007648341396944
fold6_balkan_e,pm25,7.32887682444159,13.327419482068073
fold6_balkan_e,pm25,7.82367476488352,7.056753807547301
fold6_balkan_e,pm25,8.327504956862649,6.363283605570991
fold6_balkan_e,pm25,8.867364718475073,7.2758794947066505
fold6_balkan_e,pm25,11.208484996594931,13.892975389999979
fold6_balkan_e,pm25,11.220279450197618,9.666754143628378
fold6_balkan_e,pm25,10.383598881553032,9.867615395456923
fold6_balkan_e,pm25,8.738591409067949,7.712887911853017
fold6_balkan_e,pm25,9.386725634703458,22.805118844493325
fold6_balkan_e,pm25,10.466239952072907,18.574731642813386
fold6_balkan_e,pm25,10.455881065294477,15.606763353141673
fold6_balkan_e,pm25,9.982830119788328,8.394536024983578
fold6_balkan_e,pm25,9.982830119788328,8.436622930765767
fold6_balkan_e,pm25,8.572233918910996,7.234223115608463
fold6_balkan_e,pm25,10.995974216085756,20.775335673256848
fold6_balkan_e,pm25,6.969487499461027,9.40863094709448
fold6_balkan_e,pm25,10.906901428656653,7.407407400896534
fold6_balkan_e,pm25,10.114729928557985,19.98311939545085
fold6_balkan_e,pm25,10.308442818088125,18.286206575042076
fold6_balkan_e,pm25,10.547905931675782,11.60953947654955
fold6_balkan_e,pm25,12.125257626665492,14.346874840945546
fold6_balkan_e,pm25,10.709318148544854,13.174041151809705
fold6_balkan_e,pm25,11.009953672668628,12.377744698487875
fold6_balkan_e,pm25,10.511028085648123,13.456545859279437
fold6_balkan_e,pm25,10.648558147380522,13.339080326568364
fold6_balkan_e,pm25,10.414189356153562,13.303921456939523
fold6_balkan_e,pm25,11.605451226778577,12.84070023543476
fold6_balkan_e,pm25,10.213186437794734,11.965908997043393
fold6_balkan_e,pm25,8.372497628484878,7.212567506905817
fold6_balkan_e,pm25,10.135731333210948,12.92071050371848
fold6_balkan_e,pm25,12.433269529490191,12.091497344267207
fold6_balkan_e,pm25,12.201379549720702,14.126876054542915
fold6_balkan_e,pm25,11.428204066500852,12.02707680727891
fold6_balkan_e,pm25,8.760085842485807,19.546267528703083
fold6_balkan_e,pm25,11.100974839006687,16.31099085411825
fold6_balkan_e,pm25,10.280364327356347,22.07308167539382
fold6_balkan_e,pm25,11.192256969962466,11.99993920650589
fold6_balkan_e,pm25,10.789847828964408,15.496289316955435
fold6_balkan_e,pm25,11.022804814684164,14.033911169630557
fold6_balkan_e,pm25,10.05364622939886,15.470745506895694
fold6_balkan_e,pm25,9.902817680363038,19.37979677889314
fold6_balkan_e,pm25,10.949698174211239,10.311338559090762
fold6_balkan_e,pm25,10.417969286089708,13.99091037693586
fold6_balkan_e,pm25,10.942197744622378,12.312348080209944
fold6_balkan_e,pm25,9.802609811970092,14.463021042002486
fold6_balkan_e,pm25,10.55188660022487,14.803926094835262
fold6_balkan_e,pm25,11.182809811868843,11.931896485188142
fold6_balkan_e,pm25,10.806319342351252,15.602637634661967
fold6_balkan_e,pm25,9.466664860675188,12.112390526444067
fold6_balkan_e,pm25,10.547231701710565,17.129915641959514
fold6_balkan_e,pm25,8.711962321040891,13.651892201764932
fold6_balkan_e,pm25,11.041059923617807,12.855100980727789
fold6_balkan_e,pm25,10.357810176450506,15.062404294735254
fold6_balkan_e,pm25,10.463381031480983,19.935675672836258
fold6_balkan_e,pm25,10.54157050177623,11.670426941170266
fold6_balkan_e,pm25,10.725482944921707,16.7116115291539
fold6_balkan_e,pm25,12.89841112115577,12.236544504592638
fold6_balkan_e,pm25,11.259820672836716,17.26365881096018
fold6_balkan_e,pm25,12.023975311847849,16.5906651472643
fold6_balkan_e,pm25,12.512301197101012,15.217365291574255
fold6_balkan_e,pm25,11.333496721223863,15.895925012099564
fold6_balkan_e,pm25,11.367332692662183,15.142874975482805
fold6_balkan_e,pm25,11.38662691875429,18.036801290914514
fold6_balkan_e,pm25,11.728331605963872,24.046794195569426
fold6_balkan_e,pm25,11.182478563051069,25.182128647976523
fold6_balkan_e,pm25,11.296882159334677,10.494382835733846
fold6_balkan_e,pm25,10.658536696740272,17.147881258538565
fold6_balkan_e,pm25,11.411632752010414,16.652697337831185
fold6_balkan_e,pm25,11.353599095991136,13.985898658361977
fold6_balkan_e,pm25,11.242928874684933,20.457728382031483
fold6_balkan_e,pm25,11.049161526675569,15.121494435830071
fold6_balkan_e,pm25,10.121781477240942,17.59191201189677
fold6_balkan_e,pm25,13.283306443291991,15.653025089273036
fold6_balkan_e,pm25,13.005052915013579,19.520945612127896
fold6_balkan_e,pm25,11.808171842068163,17.192145472297323
fold6_balkan_e,pm25,12.794088532423816,16.45982017741218
fold6_balkan_e,pm25,10.990285123448787,14.743030443682121
fold6_balkan_e,pm25,9.426712561943528,10.685718370140657
fold6_balkan_e,pm25,10.217152831307837,12.824636784104413
fold6_balkan_e,pm25,11.761673263613247,24.74435606583163
fold6_balkan_e,pm25,10.141232779905605,14.814443913688816
fold6_balkan_e,pm25,10.587159448589636,13.282813823661415
fold6_balkan_e,pm25,10.658546392934156,18.54766515947018
fold6_balkan_e,pm25,9.36166796150315,30.598116628471278
fold6_balkan_e,pm25,11.79574118438606,21.317670856924686
fold6_balkan_e,pm25,11.577174708776218,17.359282216938105
fold6_balkan_e,pm25,11.554995633514377,36.00295039780898
fold6_balkan_e,pm25,11.884241569959183,21.61136748418162
fold6_balkan_e,pm25,10.252505668703336,25.380321478563314
fold6_balkan_e,pm25,9.918761653505438,17.981351194704807
fold6_balkan_e,pm25,13.211042272070971,22.3212328168165
fold6_balkan_e,pm25,11.793786004000308,26.657797089971126
fold6_balkan_e,pm25,8.774289086214402,30.482628128995792
fold6_balkan_e,pm25,10.628854501117788,21.59936792077512
fold6_balkan_e,pm25,9.808050014584413,30.51617831351928
fold6_balkan_e,pm25,11.047023645935562,41.31696677615907
fold6_balkan_e,pm25,10.66142721720013,14.892537178620428
fold6_balkan_e,pm25,9.357406831152375,11.700872281120363
fold6_balkan_e,pm25,10.171101312923879,14.033057743397165
fold6_balkan_e,pm25,6.3821846907031325,6.753541158980338
fold6_balkan_e,pm25,10.859109469091173,15.149390557085846
fold6_balkan_e,pm25,10.466346316770107,11.598885818410734
fold6_balkan_e,pm25,9.161281147778013,15.314793611580807
fold6_balkan_e,pm25,9.380633687909421,11.933321642698038
fold6_balkan_e,pm25,9.44968638413455,10.297788446287527
fold6_balkan_e,pm25,8.356318400085573,11.103746373494184
fold6_balkan_e,pm25,9.400715772883503,13.658896769805667
fold6_balkan_e,pm25,10.760464373173365,17.821560543196703
fold6_balkan_e,pm25,10.280833419437185,14.674025987617334
fold6_balkan_e,pm25,10.491297496742444,13.687732546274733
fold6_balkan_e,pm25,10.447667894601768,13.304926518485578
fold6_balkan_e,pm25,9.4940331861831,14.81130358329625
fold6_balkan_e,pm25,9.706783284214454,15.600837252920577
fold6_balkan_e,pm25,11.430652458940527,14.214894802263963
fold6_balkan_e,pm25,7.596356549851097,12.796723983938229
fold6_balkan_e,pm25,8.876755339787294,17.805592419878778
fold6_balkan_e,pm25,10.335920338105662,10.351997860658438
fold6_balkan_e,pm25,10.852044336672748,13.89168942926038
fold6_balkan_e,pm25,11.237272633583222,13.063595581747204
fold6_balkan_e,pm25,11.543755304410913,10.078112706222813
fold6_balkan_e,pm25,10.92905568412956,10.689903178551605
fold6_balkan_e,pm25,11.171275536810661,16.43960131582475
fold6_balkan_e,pm25,10.67150932000256,9.816464170702243
fold6_balkan_e,pm25,10.856520352860224,15.106039625594896
fold6_balkan_e,pm25,10.7480670885683,11.396277077970874
fold7_balkan_s,pm25,8.894984651380542,14.525333677749781
fold7_balkan_s,pm25,9.45050348056745,17.41952079085054
fold7_balkan_s,pm25,10.178403439482237,16.20566949239386
fold7_balkan_s,pm25,8.882020151398722,10.998204193879767
fold7_balkan_s,pm25,8.748499033801558,13.971074312398182
fold7_balkan_s,pm25,8.056538890030899,11.739888383189108
fold7_balkan_s,pm25,8.825999610248148,14.871596861657997
fold7_balkan_s,pm25,9.208458135447021,9.972836647466234
fold7_balkan_s,pm25,9.540129832343391,8.603632395694452
fold7_balkan_s,pm25,8.16241715555558,14.591687357236037
fold7_balkan_s,pm25,8.65683590303831,15.439671187352836
fold7_balkan_s,pm25,9.171314895207853,24.39225650688712
fold7_balkan_s,pm25,9.717793286299186,18.636387088415436
fold7_balkan_s,pm25,9.902370786114084,17.327691874114556
fold7_balkan_s,pm25,10.300448639612778,10.37802933769086
fold7_balkan_s,pm25,9.461204277926708,12.315964909859536
fold7_balkan_s,pm25,9.69461899360398,12.860205076461899
fold7_balkan_s,pm25,11.801356031478687,22.218021921225077
fold7_balkan_s,pm25,12.187448022820051,28.813796325873458
fold7_balkan_s,pm25,10.656471147116868,14.79289514712821
fold7_balkan_s,pm25,10.885733634845174,20.384778541871217
fold7_balkan_s,pm25,12.137007909157814,27.331611012346613
fold7_balkan_s,pm25,10.359632211325655,19.908865270068258
fold7_balkan_s,pm25,10.749730871828607,30.06655383825288
fold7_balkan_s,pm25,8.589832094601654,8.492181426732074
fold7_balkan_s,pm25,11.250317195847995,25.83215639057186
fold7_balkan_s,pm25,11.954472121350703,17.413740383821395
fold7_balkan_s,pm25,12.382502967314638,20.279019061458225
fold7_balkan_s,pm25,11.82578656745176,21.249053988036767
fold7_balkan_s,pm25,11.20955337630592,29.064266417155775
fold7_balkan_s,pm25,10.692965973565329,26.908042345678492
fold7_balkan_s,pm25,11.124573044514941,20.881436323285666
fold7_balkan_s,pm25,10.28693675173276,14.357953038161298
fold7_balkan_s,pm25,10.633760491938931,9.753939375733319
fold7_balkan_s,pm25,11.321484578586299,15.38013967473018
fold7_balkan_s,pm25,10.771670143270056,14.026153890247183
fold7_balkan_s,pm25,11.421805127443585,17.481243290042354
fold7_balkan_s,pm25,12.245304034991257,16.456124337744633
fold7_balkan_s,pm25,10.785787355157296,14.631985022877695
fold7_balkan_s,pm25,9.581497888215727,16.720250032868076
fold7_balkan_s,pm25,12.342319481141011,23.140364071412627
fold7_balkan_s,pm25,10.389487512767282,14.990787708719704
fold7_balkan_s,pm25,10.060785241312027,8.380197257503292
fold7_balkan_s,pm25,12.797897438085368,22.741876959412192
fold7_balkan_s,pm25,10.781269785627915,13.784042287634332
fold7_balkan_s,pm25,12.156592778468847,49.00577243630522
fold7_balkan_s,pm25,12.949500925074357,24.453845510415356
fold7_balkan_s,pm25,12.934737007186587,17.680607877546162
fold7_balkan_s,pm25,11.96598092475897,16.192655088188715
fold7_balkan_s,pm25,13.200828533933947,19.37907137092959
fold7_balkan_s,pm25,13.761865455236244,18.695943731892736
fold7_balkan_s,pm25,13.052263620214198,22.815242871744577
fold7_balkan_s,pm25,13.163424064095766,19.922994429144836
fold7_balkan_s,pm25,12.179461544695133,11.79969416786848
fold7_balkan_s,pm25,8.742507856894209,21.929337717959264
fold7_balkan_s,pm25,6.015279286943984,13.291247450559695
fold7_balkan_s,pm25,9.113262106332556,22.96964645356769
fold7_balkan_s,pm25,9.222602177047078,12.696824573246744
fold7_balkan_s,pm25,9.133203089942015,11.191406286113587
fold7_balkan_s,pm25,10.530986950875304,7.384228540045299
fold7_balkan_s,pm25,8.508921807651914,7.524105260026959
fold7_balkan_s,pm25,12.203810458263833,22.89935037976753
fold7_balkan_s,pm25,13.474292655485376,21.627418810097733
fold7_balkan_s,pm25,9.872178240140718,12.045434441546957
fold7_balkan_s,pm25,10.87140548754851,25.788524192576688
fold7_balkan_s,pm25,13.509923542551627,20.773847541553508
fold7_balkan_s,pm25,8.5281182342113,11.230406980661298
fold7_balkan_s,pm25,11.535983752315044,24.937862579194594
fold7_balkan_s,pm25,10.1187004440722,8.12930512396758
fold7_balkan_s,pm25,8.398566431581454,8.596454995695177
fold7_balkan_s,pm25,9.878751798770764,7.378402857266347
fold7_balkan_s,pm25,10.305229971325192,32.562867386758
fold7_balkan_s,pm25,9.808869426088336,7.516264890140021
fold7_balkan_s,pm25,9.899721782122631,8.541923782139113
fold7_balkan_s,pm25,10.411335198975472,9.296661534003468
fold7_balkan_s,pm25,9.767652407482007,19.02522996306369
fold7_balkan_s,pm25,10.25818694948872,25.598417487908495
fold7_balkan_s,pm25,7.49449825118121,14.715317061674433
fold7_balkan_s,pm25,11.47396590516779,22.39064997985209
fold7_balkan_s,pm25,11.029759661371498,12.42793125412564
fold7_balkan_s,pm25,12.686438261451448,23.353626678288038
fold7_balkan_s,pm25,10.519869374646289,20.143240707450115
fold7_balkan_s,pm25,8.540002170948368,14.597597113698367
fold7_balkan_s,pm25,8.961226829472889,23.31523858837464
fold7_balkan_s,pm25,10.074484724057351,19.15712617550811
fold7_balkan_s,pm25,8.978122276131787,15.727981277419152
fold7_balkan_s,pm25,9.906509757710108,24.310106511733192
fold7_balkan_s,pm25,9.477220304784606,20.91765471798283
fold7_balkan_s,pm25,9.333550793799802,18.853686344744983
fold7_balkan_s,pm25,10.019276255838856,22.4874680374441
fold7_balkan_s,pm25,9.486959949491451,7.499197257068628
fold7_balkan_s,pm25,10.277466129749898,11.87349105578149
fold7_balkan_s,pm25,11.393940142355182,6.492990423251618
fold7_balkan_s,pm25,9.322343119313098,11.190424680471754
fold7_balkan_s,pm25,12.922770894721747,17.76057472847713
fold7_balkan_s,pm25,12.100799456877775,13.075637250465238
fold7_balkan_s,pm25,12.223743047589508,20.422120147478502
fold7_balkan_s,pm25,12.700522326891171,13.61642494286427
fold7_balkan_s,pm25,12.219200526310273,21.173233202475323
fold7_balkan_s,pm25,11.41605590708627,19.294762803721728
fold7_balkan_s,pm25,11.460075108033712,16.796323286812314
fold7_balkan_s,pm25,10.0213471281484,5.641350454094315
fold7_balkan_s,pm25,12.010569809026649,13.741858415754468
fold7_balkan_s,pm25,12.669907203025975,20.665142083087723
fold7_balkan_s,pm25,10.003823360982281,18.623206793364865
fold7_balkan_s,pm25,13.403967479460235,22.313415025667858
fold7_balkan_s,pm25,12.814206779177702,17.870255246583174
fold7_balkan_s,pm25,9.934630538252101,20.029071738362912
fold7_balkan_s,pm25,5.669960497798076,6.36842874929486
fold7_balkan_s,pm25,10.79300465676128,15.35642337081737
fold7_balkan_s,pm25,11.81338631425679,19.77397889927912
fold7_balkan_s,pm25,11.75439588630154,21.879589054598117
fold7_balkan_s,pm25,9.841709322617703,21.560971180987387
fold7_balkan_s,pm25,7.709901276080258,3.668254928536021
fold7_balkan_s,pm25,9.454031015187025,23.387735152527565
fold7_balkan_s,pm25,10.787074519562514,20.92572962280737
fold7_balkan_s,pm25,11.642658026450297,10.206577239934417
fold7_balkan_s,pm25,10.418586200821,14.795703490878505
fold7_balkan_s,pm25,9.846054354927574,11.814256516256275
fold7_balkan_s,pm25,11.38905037215334,14.871424559026762
fold7_balkan_s,pm25,13.346108648021223,20.973193590787574
fold7_balkan_s,pm25,11.870582763075474,8.659065406358927
fold7_balkan_s,pm25,11.396794754549347,16.693802132283256
fold7_balkan_s,pm25,9.718381854470568,13.832508582212533
fold7_balkan_s,pm25,9.667344111473765,17.71196546011762
fold7_balkan_s,pm25,11.941809080117286,27.1714002440301
fold7_balkan_s,pm25,9.165664306397812,19.729384131204608
fold7_balkan_s,pm25,10.712161050280013,20.3291122588674
fold7_balkan_s,pm25,10.424293442928521,20.76957247558688
fold7_balkan_s,pm25,10.012268194746929,14.159301889782771
fold7_balkan_s,pm25,10.422709387261312,7.19130900423151
fold7_balkan_s,pm25,11.489509600526812,13.212766294745897
fold7_balkan_s,pm25,11.040017965593666,15.93910062464303
fold7_balkan_s,pm25,11.196186843148423,14.411896881863937
fold7_balkan_s,pm25,8.163186225386458,19.8942024645068
fold7_balkan_s,pm25,8.502841653695103,10.116244378897319
fold7_balkan_s,pm25,7.802839418383079,26.92462197764402
fold7_balkan_s,pm25,13.077769867112682,14.612702366881228
fold7_balkan_s,pm25,7.648005631664332,12.771231853996275
fold7_balkan_s,pm25,13.713197176277246,15.613796226979726
fold7_balkan_s,pm25,12.224032277489288,12.80714873313062
fold7_balkan_s,pm25,12.440851598226553,9.449132576006821
fold7_balkan_s,pm25,10.961444173368994,31.06982271546352
fold7_balkan_s,pm25,12.387587021975351,31.81969039281329
fold8_poland,pm25,9.550919167227708,15.00441055959481
fold8_poland,pm25,9.490493978368836,15.343113585083247
fold8_poland,pm25,9.376197765168092,11.736386209746412
fold8_poland,pm25,9.475207265019007,12.78713495338258
fold8_poland,pm25,9.403490400296311,11.95710328924225
fold8_poland,pm25,9.44746226643598,12.297893362173111
fold8_poland,pm25,9.393010169583016,11.935304605051625
fold8_poland,pm25,9.369772123607776,15.310325273270513
fold8_poland,pm25,9.514360052172623,15.2835454237343
fold8_poland,pm25,9.347891956521568,10.542855090105158
fold8_poland,pm25,9.487752577068132,11.95573898092766
fold8_poland,pm25,9.49498729083058,14.450723774095513
fold8_poland,pm25,9.39324764702712,13.339119461929352
fold8_poland,pm25,9.626528423375438,10.896719502465313
fold8_poland,pm25,9.51844372963718,11.12937425578233
fold8_poland,pm25,9.457024699702558,12.951606072943134
fold8_poland,pm25,9.452831547492778,11.445093670851724
fold8_poland,pm25,9.539916760919361,11.985391908067944
fold8_poland,pm25,9.118647579348494,4.011845789430337
fold8_poland,pm25,9.413609334824512,14.488601230939254
fold8_poland,pm25,9.383966661901072,12.103332139843287
fold8_poland,pm25,9.189557648345028,6.720639608507754
fold8_poland,pm25,9.3830298199454,12.971428429276237
fold8_poland,pm25,9.384755612712587,11.18307696392622
fold8_poland,pm25,9.464282298247438,13.266300211738285
fold8_poland,pm25,9.431038743626868,9.014365473482778
fold8_poland,pm25,9.246186857173756,8.353008594943239
fold8_poland,pm25,9.160684250089425,9.034166821256893
fold8_poland,pm25,9.31413349687981,9.256411370759862
fold8_poland,pm25,9.34022185568314,8.209089739186307
fold8_poland,pm25,9.325444358859556,8.36859499960142
fold8_poland,pm25,9.468954684845244,9.299677936781507
fold8_poland,pm25,9.39137024911775,10.79597346570352
fold8_poland,pm25,9.400900872111619,10.118938732115298
fold8_poland,pm25,9.451507167045486,14.584965121931315
fold8_poland,pm25,9.477962959626527,12.102214513353353
fold8_poland,pm25,9.745328884559893,11.786813197633963
fold8_poland,pm25,9.437077065492076,15.656520073315434
fold8_poland,pm25,9.4054842833843,13.80861835798254
fold8_poland,pm25,9.44163756196648,14.554165599347481
fold8_poland,pm25,9.45575559974973,15.192235158632393
fold8_poland,pm25,9.404349471144316,12.316371292346231
fold8_poland,pm25,9.406975450672364,14.56909958747461
fold8_poland,pm25,9.491550159427678,10.494410854849836
fold8_poland,pm25,9.438992107582031,12.588752221715795
fold8_poland,pm25,9.512822130852877,11.625121404667338
fold8_poland,pm25,9.393653102688965,10.907096826608761
fold8_poland,pm25,9.731477494952218,8.140079888946415
fold8_poland,pm25,9.584167727071017,13.380248917776633
fold8_poland,pm25,9.358170247959938,11.987552882818457
fold8_poland,pm25,9.391987513588848,12.018561826078246
fold8_poland,pm25,9.336618709048446,12.328464083461634
fold8_poland,pm25,9.457752978435169,12.128282487211507
fold8_poland,pm25,9.601389968594345,12.651457324556715
fold8_poland,pm25,9.347875090872297,10.81263739626904
fold8_poland,pm25,9.402024383017277,15.51469915682023
fold8_poland,pm25,9.34539087262729,14.946876887289195
fold8_poland,pm25,9.371831237873552,16.90378221832846
fold8_poland,pm25,9.32727565441308,16.553023291917437
fold8_poland,pm25,9.325733600293395,16.605151683073338
fold8_poland,pm25,9.406665916196763,9.515519417032825
fold8_poland,pm25,9.41042318618134,13.936170570406075
fold8_poland,pm25,9.403885826808855,14.510184340469516
fold8_poland,pm25,9.444686347647275,18.51387368017628
fold8_poland,pm25,9.391344609838036,14.706457117904879
fold8_poland,pm25,9.303317213476438,14.775525642213681
fold8_poland,pm25,9.3500584573844,15.297420012016165
fold8_poland,pm25,9.482782014271846,18.385941014896094
fold8_poland,pm25,9.289860769563395,15.110992086626778
fold8_poland,pm25,9.427899521708019,16.354073533484215
fold8_poland,pm25,9.47392581811429,9.48319559266705
fold8_poland,pm25,9.331139726733868,16.148443117832763
fold8_poland,pm25,9.300744563956627,17.495282038384335
fold8_poland,pm25,9.521520238353329,15.360150233765122
fold8_poland,pm25,9.591144012657237,13.608130659780084
fold8_poland,pm25,9.43617422084852,14.267756438731631
fold8_poland,pm25,9.689195587380162,15.535532429608683
fold8_poland,pm25,9.442445086353663,11.302584540516007
fold8_poland,pm25,9.5175524695591,15.360099489411219
fold8_poland,pm25,9.639308626305747,11.405479524433908
fold8_poland,pm25,9.697345433000773,12.565908083774989
fold8_poland,pm25,9.478698630959927,12.603928376086952
fold8_poland,pm25,9.509798502281674,13.269111705463747
fold8_poland,pm25,9.307009418521373,13.278972293995352
fold8_poland,pm25,9.511495461267305,10.916686714085838
fold8_poland,pm25,9.348378193559927,15.472864045967947
fold8_poland,pm25,9.34265039548766,10.293955734052119
fold8_poland,pm25,9.35107790404004,8.454662769394572
fold8_poland,pm25,9.404702952508165,15.115496769310706
fold8_poland,pm25,9.749945579759334,11.062261589014414
fold8_poland,pm25,9.468176302695182,14.685231607507331
fold8_poland,pm25,9.36978255689552,12.933951645368023
fold8_poland,pm25,9.42326947747152,14.397020809116405
fold8_poland,pm25,9.618970669712624,9.726553676011392
fold8_poland,pm25,9.418147486265026,17.476205295938527
fold8_poland,pm25,9.663573327456302,18.570612140659126
fold8_poland,pm25,9.635016912216159,17.438297993861863
fold8_poland,pm25,9.42626329555151,12.089283006866856
fold8_poland,pm25,9.277920303441622,14.733484699711559
fold8_poland,pm25,9.400628463030468,14.647049015535872
fold8_poland,pm25,9.374121707886106,14.760357224558083
fold8_poland,pm25,9.217194709667282,12.81916654219388
fold8_poland,pm25,9.298557917141036,15.126128195852823
fold8_poland,pm25,9.67270420998289,8.0858756919835
fold8_poland,pm25,9.347784375340723,16.285792151672855
fold8_poland,pm25,9.078021971774424,13.1065901377855
fold8_poland,pm25,9.29979643979129,16.42780652484911
fold8_poland,pm25,9.284869292518012,14.316109489911355
fold8_poland,pm25,9.396550611169575,14.480601222746861
fold8_poland,pm25,9.261488990926777,20.574689883074896
fold8_poland,pm25,9.317077328116682,14.288797765251504
fold8_poland,pm25,9.508398166881703,14.221318356249267
fold8_poland,pm25,9.398114054611877,14.07425434920778
fold8_poland,pm25,9.220487919050546,14.297265716472102
fold8_poland,pm25,9.38776935462291,16.949267561121943
fold8_poland,pm25,9.373916565254877,15.701931747729741
fold8_poland,pm25,9.376196612802058,12.551667226451936
fold8_poland,pm25,9.26683676667059,13.721497188427573
fold8_poland,pm25,9.21697557877876,15.27124651142346
fold8_poland,pm25,9.595724350689043,6.7544943767940815
fold8_poland,pm25,9.366560651215568,14.781107654770809
fold8_poland,pm25,9.526269028090475,13.750872078968115
fold8_poland,pm25,9.443277284715279,15.63368807007312
fold8_poland,pm25,9.39260027806034,16.098735304358378
fold8_poland,pm25,9.433922024467364,14.589411683842403
fold8_poland,pm25,9.310089602835124,19.3263278331464
fold8_poland,pm25,9.337312437851681,14.106621567335159
fold8_poland,pm25,9.255496462033864,12.796076396673895
fold8_poland,pm25,9.270884829125597,15.830073934741373
fold8_poland,pm25,9.492871694172717,14.576718514864638
fold8_poland,pm25,9.329883193324497,21.24220735730165
fold8_poland,pm25,9.686463689956398,13.992634463825695
fold8_poland,pm25,9.255944781643429,16.672469020285714
fold8_poland,pm25,9.32695011100943,11.090931112323966
fold8_poland,pm25,9.298947673974888,14.89361667813387
fold8_poland,pm25,9.24417721551517,12.951365650343066
fold8_poland,pm25,9.226050607152825,16.59351117718356
fold8_poland,pm25,9.551393746859011,18.93443872272402
fold8_poland,pm25,9.443138956443207,12.826825428969638
fold8_poland,pm25,9.286430870599098,18.137861770124385
fold8_poland,pm25,9.16288811510552,15.402209608667274
fold8_poland,pm25,9.438331327678961,10.441714704768197
fold8_poland,pm25,9.344428167284558,14.652312029816017
fold8_poland,pm25,9.288903145277317,12.679281809597688
fold8_poland,pm25,9.12957909923554,14.150819851309754
fold8_poland,pm25,9.2417545244103,17.25258577897126
fold8_poland,pm25,9.246717762271755,15.379768630387714
fold8_poland,pm25,9.31111305314902,14.625936474831015
fold8_poland,pm25,9.371088321971571,11.0793785201889
fold8_poland,pm25,9.280192824962246,11.377285365742363
fold8_poland,pm25,9.470137440029369,15.66574600039159
fold8_poland,pm25,9.35536450088008,9.722404376875817
fold8_poland,pm25,9.520316531470543,16.600824601567236
fold8_poland,pm25,9.340412722546398,15.997214430455578
fold8_poland,pm25,9.24736301710077,18.17833641890161
fold8_poland,pm25,9.459143941758295,16.9688386426926
fold8_poland,pm25,9.619350353748919,9.706798867789614
fold8_poland,pm25,9.262371721893217,17.839281655495903
fold8_poland,pm25,9.21914361479532,21.400824415923545
fold8_poland,pm25,9.228643155830413,14.46588235489034
fold8_poland,pm25,9.41208457191064,12.311460219515016
fold8_poland,pm25,9.185937778626421,15.864437034886459
fold8_poland,pm25,9.342068606519183,18.801643715505804
fold8_poland,pm25,9.372311708966183,15.524316926082065
fold8_poland,pm25,9.304948528291122,12.968681369576789
fold8_poland,pm25,9.602899417274983,15.760663379560265
fold8_poland,pm25,9.321965240113256,15.182513417388105
fold8_poland,pm25,9.351205168377419,17.844703527032802
fold8_poland,pm25,9.380228732244472,17.49327756662967
fold8_poland,pm25,9.471239740106842,18.77091458644139
fold8_poland,pm25,9.382900846296506,15.62301367432921
fold8_poland,pm25,9.34864185763262,15.39901317142303
fold8_poland,pm25,9.311624324575732,13.2975355647969
fold8_poland,pm25,9.249145528483137,18.117293905324992
fold8_poland,pm25,9.263656673806384,16.616727160436746
fold8_poland,pm25,9.400033852068646,23.277310318223176
fold8_poland,pm25,9.339277389971475,14.342329061778416
fold8_poland,pm25,9.288195037481717,12.514452604742361
fold8_poland,pm25,9.406515330124103,16.913038907997358
fold8_poland,pm25,9.439980233556867,19.52997971912335
fold8_poland,pm25,9.184542341813263,18.19506887675779
fold8_poland,pm25,9.428226580082976,13.025482753127031
fold8_poland,pm25,9.315113215353271,15.39999997438189
fold8_poland,pm25,9.365152792776108,16.21689186394064
fold8_poland,pm25,9.476291957256066,17.690800363103346
fold8_poland,pm25,9.560849295231895,9.527782729051056
fold8_poland,pm25,9.361757104324353,11.95232231011523
fold8_poland,pm25,9.303070301425093,13.505014092459401
fold8_poland,pm25,9.381936375494078,15.77620536178158
fold8_poland,pm25,9.274624819485151,20.063400975033986
fold8_poland,pm25,9.278226027152858,14.692286421834758
fold8_poland,pm25,9.549016253148691,10.096203367324062
fold8_poland,pm25,9.444475547832095,19.602068694636152
fold8_poland,pm25,9.341239709385547,10.764132109862341
fold8_poland,pm25,9.425145985331365,12.722121137022512
fold8_poland,pm25,9.370055953096514,14.343192867729456
fold8_poland,pm25,9.556111701505824,15.204288653907108
fold8_poland,pm25,9.271722479448796,12.346624079413976
fold8_poland,pm25,9.405631885926054,19.60788957506259
fold8_poland,pm25,9.398854669563987,15.101689777642239
fold8_poland,pm25,9.490378463311597,12.802720452982067
fold8_poland,pm25,9.498848607492198,17.721075220310574
fold8_poland,pm25,9.255074068304824,14.58524581266126
fold8_poland,pm25,9.4853738784472,19.007787829948654
fold8_poland,pm25,9.199746239937129,18.614876234047504
fold8_poland,pm25,9.18275080752262,18.235657795646325
fold8_poland,pm25,9.351796414771337,13.553690260808953
fold8_poland,pm25,9.591927291410821,16.612784721463264
fold8_poland,pm25,9.365964150891475,15.211734013768597
fold8_poland,pm25,9.33479171320791,20.208372384742514
fold8_poland,pm25,9.314865364394079,17.446220696270224
fold8_poland,pm25,9.5610508280477,13.191765683477202
fold8_poland,pm25,9.189062851988435,15.793630975547524
fold8_poland,pm25,9.277245490651225,12.61706302477167
fold8_poland,pm25,9.312387492165692,15.533807881453905
fold8_poland,pm25,9.444020936423446,12.574297550413112
fold8_poland,pm25,9.330659676747231,14.789366358162475
fold8_poland,pm25,9.300674683154888,14.092531871758274
fold8_poland,pm25,9.224872925189171,12.549062365356065
fold8_poland,pm25,9.28080336762935,15.090654531464184
fold8_poland,pm25,9.417470892737336,19.496194318916086
fold8_poland,pm25,9.502808524337292,13.2519862149447
fold8_poland,pm25,9.195612047616041,11.894398048407606
fold8_poland,pm25,9.222288145682535,12.122634602653179
fold8_poland,pm25,9.312026592714425,14.268594428845017
fold8_poland,pm25,9.262215128145142,11.366245372222357
fold8_poland,pm25,9.460132301545032,20.033972198311027
fold8_poland,pm25,9.338346195510077,18.666426232515164
fold8_poland,pm25,9.251122852866684,17.005886845098715
fold8_poland,pm25,9.719223409461387,12.088531802968415
fold8_poland,pm25,9.26422069057061,12.357953676905394
fold8_poland,pm25,9.333033332405215,12.674102742016691
fold8_poland,pm25,9.34932259908698,11.896199509864763
fold8_poland,pm25,9.431956506785129,7.869457125817475
fold8_poland,pm25,9.468208823464717,12.165418201198934
fold8_poland,pm25,9.48017658139316,15.091281281992611
fold8_poland,pm25,9.608228667242729,12.450982868980306
fold8_poland,pm25,9.670862684352013,20.53713493068957
fold8_poland,pm25,9.418923775570176,15.441944971986702
fold8_poland,pm25,9.249289927295585,11.751156554488482
fold8_poland,pm25,9.570619999862807,14.186938102133531
fold8_poland,pm25,9.540971143587932,19.496755600602814
fold8_poland,pm25,9.40539085100889,11.79691704926917
fold8_poland,pm25,9.43332411730847,15.260809180777638
fold8_poland,pm25,9.343420484923891,14.92531142823815
fold8_poland,pm25,9.404437992424905,16.60054255331454
fold8_poland,pm25,9.518964314805945,14.950469454764345
fold8_poland,pm25,9.25330610857053,12.885337098366493
fold8_poland,pm25,9.546977232519748,13.324589944232843
fold8_poland,pm25,9.187108020959597,11.481205376527774
fold8_poland,pm25,9.45728994415796,13.471800347348335
fold8_poland,pm25,9.383154805221094,11.027654364246528
fold8_poland,pm25,9.281949098983196,12.717727162067002
fold8_poland,pm25,9.449025029624236,13.928698728195336
fold8_poland,pm25,9.513348196212602,16.858429549193563
fold8_poland,pm25,9.37057536720114,13.16625027115304
fold8_poland,pm25,9.233835704725024,11.67287922298324
fold8_poland,pm25,9.325499495436647,11.39547982159127
fold8_poland,pm25,9.504823389586758,21.92492951000513
fold8_poland,pm25,9.42426470633759,15.533351726903357
fold8_poland,pm25,9.429526625308059,17.37215317681531
fold8_poland,pm25,9.443118413962335,15.43940740369909
fold8_poland,pm25,9.503688199970355,12.982375514315336
fold8_poland,pm25,9.352594370101725,13.848113211133725
fold8_poland,pm25,9.317108291672284,10.626856310464625
fold8_poland,pm25,9.422636970465245,19.695557150640123
fold8_poland,pm25,9.334569006421729,14.613970566930433
fold8_poland,pm25,9.460600575534873,15.009034583485601
fold8_poland,pm25,9.444578569506694,13.755942557456764
fold8_poland,pm25,9.51155078604812,10.667308067493364
fold8_poland,pm25,9.507281785374554,16.211809006912283
fold8_poland,pm25,9.601557835109347,18.3166291324764
fold8_poland,pm25,9.470436372165041,17.22264527012872
fold8_poland,pm25,9.535513542243779,15.701740722443049
fold8_poland,pm25,9.286797930691815,10.316752905090869
fold8_poland,pm25,9.37283964969127,12.896977754529054
fold8_poland,pm25,9.426269312130465,10.691129270655393
